[2025-12-26 12:02:11] ? BookingExpirationService started
[2025-12-26 12:26:05] ? BookingExpirationService started
[2025-12-26 12:28:52] ✅ Sinh QR code: QR639023489318302551_0_454_0 -> qr_QR639023489318302551_0_454_0.png
[2025-12-26 12:28:52] ✅ Sinh QR code: QR639023489318318320_0_455_1 -> qr_QR639023489318318320_0_455_1.png
[2025-12-26 12:28:52] ✅ Sinh QR code: QR639023489318318320_0_456_2 -> qr_QR639023489318318320_0_456_2.png
[2025-12-26 12:28:52] ✅ Sinh QR code: QR639023489318318320_0_457_3 -> qr_QR639023489318318320_0_457_3.png
[2025-12-26 12:28:52] ✅ Sinh QR code: QR639023489318318320_0_458_4 -> qr_QR639023489318318320_0_458_4.png
[2025-12-26 12:28:52] ✅ Sinh QR code: QR639023489318318320_0_459_5 -> qr_QR639023489318318320_0_459_5.png
[2025-12-26 12:28:52] ✅ Sinh QR code: QR639023489318318320_0_460_6 -> qr_QR639023489318318320_0_460_6.png
[2025-12-26 12:28:52] ✅ Sinh QR code: QR639023489318318320_0_461_7 -> qr_QR639023489318318320_0_461_7.png
[2025-12-26 12:28:52] ✅ Sinh QR code: QR639023489318318320_0_462_8 -> qr_QR639023489318318320_0_462_8.png
[2025-12-26 12:28:52] ✅ Sinh QR code: QR639023489318318320_0_463_9 -> qr_QR639023489318318320_0_463_9.png
[2025-12-26 12:28:52] ✅ Sinh QR code: QR639023489318318320_0_466_10 -> qr_QR639023489318318320_0_466_10.png
[2025-12-26 12:28:52] ✅ Sinh QR code: QR639023489318318320_0_467_11 -> qr_QR639023489318318320_0_467_11.png
[2025-12-26 12:28:52] ✅ Sinh QR code: QR639023489318318320_0_468_12 -> qr_QR639023489318318320_0_468_12.png
[2025-12-26 12:28:52] ✅ Sinh QR code: QR639023489318318320_0_469_13 -> qr_QR639023489318318320_0_469_13.png
[2025-12-26 12:28:52] ✅ Sinh QR code: QR639023489318318320_0_470_14 -> qr_QR639023489318318320_0_470_14.png
[2025-12-26 12:28:52] ✅ Sinh QR code: QR639023489318318320_0_471_15 -> qr_QR639023489318318320_0_471_15.png
[2025-12-26 12:28:52] ✅ Sinh QR code: QR639023489318318320_0_474_16 -> qr_QR639023489318318320_0_474_16.png
[2025-12-26 12:28:52] ✅ Sinh QR code: QR639023489318328381_0_476_17 -> qr_QR639023489318328381_0_476_17.png
[2025-12-26 12:28:52] ✅ Sinh QR code: QR639023489318328381_0_477_18 -> qr_QR639023489318328381_0_477_18.png
[2025-12-26 12:28:52] ✅ Sinh QR code: QR639023489318328381_0_478_19 -> qr_QR639023489318328381_0_478_19.png
[2025-12-26 12:28:52] ✅ Sinh QR code: QR639023489318328381_0_479_20 -> qr_QR639023489318328381_0_479_20.png
[2025-12-26 12:28:52] ✅ Sinh QR code: QR639023489318328381_0_480_21 -> qr_QR639023489318328381_0_480_21.png
[2025-12-26 12:28:52] ✅ Sinh QR code: QR639023489318328381_0_481_22 -> qr_QR639023489318328381_0_481_22.png
[2025-12-26 12:28:52] ✅ Sinh QR code: QR639023489318328381_0_483_23 -> qr_QR639023489318328381_0_483_23.png
[2025-12-26 12:28:52] ✅ Sinh QR code: QR639023489318328381_0_484_24 -> qr_QR639023489318328381_0_484_24.png
[2025-12-26 12:28:52] ✅ Sinh QR code: QR639023489318328381_0_486_25 -> qr_QR639023489318328381_0_486_25.png
[2025-12-26 12:28:52] ✅ Sinh QR code: QR639023489318328381_0_487_26 -> qr_QR639023489318328381_0_487_26.png
[2025-12-26 12:28:52] ✅ Sinh QR code: QR639023489318328381_0_488_27 -> qr_QR639023489318328381_0_488_27.png
[2025-12-26 12:28:52] ✅ Sinh QR code: QR639023489318328381_0_489_28 -> qr_QR639023489318328381_0_489_28.png
[2025-12-26 12:28:52] ✅ Sinh QR code: QR639023489318328381_0_490_29 -> qr_QR639023489318328381_0_490_29.png
[2025-12-26 12:28:52] ✅ Sinh QR code: QR639023489318328381_0_491_30 -> qr_QR639023489318328381_0_491_30.png
[2025-12-26 12:28:52] ✅ Sinh QR code: QR639023489318328381_0_493_31 -> qr_QR639023489318328381_0_493_31.png
[2025-12-26 12:28:52] ✅ Sinh QR code: QR639023489318328381_0_504_32 -> qr_QR639023489318328381_0_504_32.png
[2025-12-26 12:28:52] ✅ Sinh QR code: QR639023489318328381_0_506_33 -> qr_QR639023489318328381_0_506_33.png
[2025-12-26 12:28:52] ✅ Sinh QR code: QR639023489318328381_0_507_34 -> qr_QR639023489318328381_0_507_34.png
[2025-12-26 12:28:52] ✅ Sinh QR code: QR639023489318328381_0_508_35 -> qr_QR639023489318328381_0_508_35.png
[2025-12-26 12:28:52] ✅ Sinh QR code: QR639023489318328381_0_509_36 -> qr_QR639023489318328381_0_509_36.png
[2025-12-26 12:28:52] ✅ Sinh QR code: QR639023489318328381_0_510_37 -> qr_QR639023489318328381_0_510_37.png
[2025-12-26 12:28:52] ✅ Sinh QR code: QR639023489318328381_0_511_38 -> qr_QR639023489318328381_0_511_38.png
[2025-12-26 12:28:52] ✅ Sinh QR code: QR639023489318328381_0_513_39 -> qr_QR639023489318328381_0_513_39.png
[2025-12-26 12:28:52] ✅ Sinh QR code: QR639023489318328381_0_514_40 -> qr_QR639023489318328381_0_514_40.png
[2025-12-26 12:28:52] ✅ Sinh QR code: QR639023489318328381_0_516_41 -> qr_QR639023489318328381_0_516_41.png
[2025-12-26 12:28:52] ✅ Sinh QR code: QR639023489318328381_0_517_42 -> qr_QR639023489318328381_0_517_42.png
[2025-12-26 12:28:52] ✅ Sinh QR code: QR639023489318328381_0_518_43 -> qr_QR639023489318328381_0_518_43.png
[2025-12-26 12:28:52] ✅ Sinh QR code: QR639023489318328381_0_519_44 -> qr_QR639023489318328381_0_519_44.png
[2025-12-26 12:28:52] ✅ Sinh QR code: QR639023489318328381_0_520_45 -> qr_QR639023489318328381_0_520_45.png
[2025-12-26 12:28:52] ✅ Sinh QR code: QR639023489318328381_0_521_46 -> qr_QR639023489318328381_0_521_46.png
[2025-12-26 12:28:52] ✅ Sinh QR code: QR639023489318328381_0_523_47 -> qr_QR639023489318328381_0_523_47.png
[2025-12-26 12:28:52] ✅ Sinh QR code: QR639023489318328381_0_534_48 -> qr_QR639023489318328381_0_534_48.png
[2025-12-26 12:28:52] ✅ Sinh QR code: QR639023489318328381_0_535_49 -> qr_QR639023489318328381_0_535_49.png
[2025-12-26 12:28:52] ✅ Sinh QR code: QR639023489318328381_0_536_50 -> qr_QR639023489318328381_0_536_50.png
[2025-12-26 12:28:52] ✅ Sinh QR code: QR639023489318328381_0_537_51 -> qr_QR639023489318328381_0_537_51.png
[2025-12-26 12:28:52] ✅ Sinh QR code: QR639023489318328381_0_538_52 -> qr_QR639023489318328381_0_538_52.png
[2025-12-26 12:28:52] ✅ Sinh QR code: QR639023489318328381_0_539_53 -> qr_QR639023489318328381_0_539_53.png
[2025-12-26 12:28:52] ✅ Sinh QR code: QR639023489318328381_0_540_54 -> qr_QR639023489318328381_0_540_54.png
[2025-12-26 12:28:52] ✅ Sinh QR code: QR639023489318328381_0_541_55 -> qr_QR639023489318328381_0_541_55.png
[2025-12-26 12:28:52] ✅ Sinh QR code: QR639023489318328381_0_542_56 -> qr_QR639023489318328381_0_542_56.png
[2025-12-26 12:28:52] ✅ Sinh QR code: QR639023489318328381_0_543_57 -> qr_QR639023489318328381_0_543_57.png
[2025-12-26 12:28:52] ✅ Sinh QR code: QR639023489318328381_0_544_58 -> qr_QR639023489318328381_0_544_58.png
[2025-12-26 12:28:52] ✅ Sinh QR code: QR639023489318328381_0_545_59 -> qr_QR639023489318328381_0_545_59.png
[2025-12-26 12:28:52] ✅ Sinh QR code: QR639023489318328381_0_546_60 -> qr_QR639023489318328381_0_546_60.png
[2025-12-26 12:28:52] ✅ Sinh QR code: QR639023489318328381_0_547_61 -> qr_QR639023489318328381_0_547_61.png
[2025-12-26 12:28:52] ✅ Sinh QR code: QR639023489318328381_0_548_62 -> qr_QR639023489318328381_0_548_62.png
[2025-12-26 12:28:52] ✅ Sinh QR code: QR639023489318328381_0_549_63 -> qr_QR639023489318328381_0_549_63.png
[2025-12-26 12:28:52] ✅ Sinh QR code: QR639023489318328381_0_550_64 -> qr_QR639023489318328381_0_550_64.png
[2025-12-26 12:28:52] ✅ Sinh QR code: QR639023489318328381_0_551_65 -> qr_QR639023489318328381_0_551_65.png
[2025-12-26 12:28:52] ✅ Sinh QR code: QR639023489318328381_0_552_66 -> qr_QR639023489318328381_0_552_66.png
[2025-12-26 12:28:52] ✅ Sinh QR code: QR639023489318328381_0_553_67 -> qr_QR639023489318328381_0_553_67.png
[2025-12-26 12:29:56] ✅ QR Code URL (new format) generated: https://img.vietqr.io/image/VCB-1031419192-compact2.png?amount=0&addInfo=VeInception
[2025-12-26 12:30:12] ✅ Admin ViewInvoice: Booking ID 1237
[2025-12-26 12:30:12] ✅ Sinh QR code: bebbc005-e2e5-4af6-88f5-cb5cfd7424b7 -> qr_bebbc005-e2e5-4af6-88f5-cb5cfd7424b7.png
[2025-12-26 12:30:12] ✅ Sinh QR code: d04399b9-ce29-48b7-a6ab-8a3f83eb6402 -> qr_d04399b9-ce29-48b7-a6ab-8a3f83eb6402.png
[2025-12-26 12:30:33] ✅ QR Code URL (new format) generated: https://img.vietqr.io/image/VCB-1031419192-compact2.png?amount=0&addInfo=VeInception
[2025-12-26 12:30:42] ✅ Admin ViewInvoice: Booking ID 1238
[2025-12-26 12:30:42] ✅ Sinh QR code: 8611d26c-a21e-40c0-9d30-758294f2f35b -> qr_8611d26c-a21e-40c0-9d30-758294f2f35b.png
[2025-12-26 12:30:42] ✅ Sinh QR code: f6270694-7ea3-4832-970f-d103c2adc931 -> qr_f6270694-7ea3-4832-970f-d103c2adc931.png
[2025-12-26 12:40:32] ? BookingExpirationService started
[2025-12-26 12:48:34] ? BookingExpirationService started
[2025-12-26 12:49:00] TicketVerification - Today: 2025-12-26, Now: 2025-12-26 12:49:00
[2025-12-26 12:49:00] Staff 5 - RapId: 1
[2025-12-26 12:49:00] Total showtimes TODAY: 3
[2025-12-26 12:49:00] Staff showtimes (after cinema filter): 2
[2025-12-26 12:49:00] All showtimes fetched: 2
[2025-12-26 12:49:00] Showtime 37 - Avengers: Endgame at 18:00: AllowedRange=17:30-19:00, IsValid=False
[2025-12-26 12:49:00] Showtime 1125 - Inception at 12:00: AllowedRange=11:30-13:00, IsValid=True
[2025-12-26 12:49:00] Valid showtimes after time filter: 1
[2025-12-26 12:49:00] Returning 1 showtimes to view
[2025-12-26 12:49:31] TicketVerification - Today: 2025-12-26, Now: 2025-12-26 12:49:31
[2025-12-26 12:49:31] Staff 5 - RapId: 1
[2025-12-26 12:49:31] Total showtimes TODAY: 3
[2025-12-26 12:49:31] Staff showtimes (after cinema filter): 2
[2025-12-26 12:49:31] All showtimes fetched: 2
[2025-12-26 12:49:31] Showtime 37 - Avengers: Endgame at 18:00: AllowedRange=17:30-19:00, IsValid=False
[2025-12-26 12:49:31] Showtime 1125 - Inception at 12:00: AllowedRange=11:30-13:00, IsValid=True
[2025-12-26 12:49:31] Valid showtimes after time filter: 1
[2025-12-26 12:49:31] Returning 1 showtimes to view
[2025-12-26 12:50:02] TicketVerification - Today: 2025-12-26, Now: 2025-12-26 12:50:02
[2025-12-26 12:50:02] Staff 5 - RapId: 1
[2025-12-26 12:50:02] Total showtimes TODAY: 3
[2025-12-26 12:50:02] Staff showtimes (after cinema filter): 2
[2025-12-26 12:50:02] All showtimes fetched: 2
[2025-12-26 12:50:02] Showtime 37 - Avengers: Endgame at 18:00: AllowedRange=17:30-19:00, IsValid=False
[2025-12-26 12:50:02] Showtime 1125 - Inception at 12:00: AllowedRange=11:30-13:00, IsValid=True
[2025-12-26 12:50:02] Valid showtimes after time filter: 1
[2025-12-26 12:50:02] Returning 1 showtimes to view
[2025-12-26 12:53:17] ? BookingExpirationService started
[2025-12-26 12:53:39] TicketVerification - Today: 2025-12-26, Now: 2025-12-26 12:53:39
[2025-12-26 12:53:39] Staff 5 - RapId: 1
[2025-12-26 12:53:39] Total showtimes TODAY: 3
[2025-12-26 12:53:39] Staff showtimes (after cinema filter): 2
[2025-12-26 12:53:39] All showtimes fetched: 2
[2025-12-26 12:53:39] Showtime 37 - Avengers: Endgame at 18:00: AllowedRange=17:30-19:00, IsValid=False
[2025-12-26 12:53:39] Showtime 1125 - Inception at 12:00: AllowedRange=11:30-13:00, IsValid=True
[2025-12-26 12:53:39] Valid showtimes after time filter: 1
[2025-12-26 12:53:39] Returning 1 showtimes to view
[2025-12-26 12:53:58] TicketVerification - Today: 2025-12-26, Now: 2025-12-26 12:53:58
[2025-12-26 12:53:58] Staff 5 - RapId: 1
[2025-12-26 12:53:58] Total showtimes TODAY: 3
[2025-12-26 12:53:58] Staff showtimes (after cinema filter): 2
[2025-12-26 12:53:58] All showtimes fetched: 2
[2025-12-26 12:53:58] Showtime 37 - Avengers: Endgame at 18:00: AllowedRange=17:30-19:00, IsValid=False
[2025-12-26 12:53:58] Showtime 1125 - Inception at 12:00: AllowedRange=11:30-13:00, IsValid=True
[2025-12-26 12:53:58] Valid showtimes after time filter: 1
[2025-12-26 12:53:58] Returning 1 showtimes to view
[2025-12-26 12:54:01] ✅ QR Code URL (new format) generated: https://img.vietqr.io/image/VCB-1031419192-compact2.png?amount=0&addInfo=VeInception
[2025-12-26 12:54:08] ✅ Admin ViewInvoice: Booking ID 1239
[2025-12-26 12:54:08] ✅ Sinh QR code: 6e12256a-cf54-455d-9707-659d70a87477 -> qr_6e12256a-cf54-455d-9707-659d70a87477.png
[2025-12-26 12:54:11] TicketVerification - Today: 2025-12-26, Now: 2025-12-26 12:54:11
[2025-12-26 12:54:11] Staff 5 - RapId: 1
[2025-12-26 12:54:11] Total showtimes TODAY: 3
[2025-12-26 12:54:11] Staff showtimes (after cinema filter): 2
[2025-12-26 12:54:11] All showtimes fetched: 2
[2025-12-26 12:54:11] Showtime 37 - Avengers: Endgame at 18:00: AllowedRange=17:30-19:00, IsValid=False
[2025-12-26 12:54:11] Showtime 1125 - Inception at 12:00: AllowedRange=11:30-13:00, IsValid=True
[2025-12-26 12:54:11] Valid showtimes after time filter: 1
[2025-12-26 12:54:11] Returning 1 showtimes to view
[2025-12-26 12:54:16] ✅ Soát vé: 6e12256a-cf54-455d-9707-659d70a87477 | Rạp: DAV Cinemax Trung Tâm | Ngày: 26-12-2025 | Thời gian: 12:54
[2025-12-26 13:01:34] ? BookingExpirationService started
[2025-12-26 13:02:11] TicketVerification - Today: 2025-12-26, Now: 2025-12-26 13:02:11
[2025-12-26 13:02:11] Staff 5 - RapId: 1
[2025-12-26 13:02:11] Total showtimes TODAY: 3
[2025-12-26 13:02:11] Staff showtimes (after cinema filter): 2
[2025-12-26 13:02:11] All showtimes fetched: 2
[2025-12-26 13:02:11] Showtime 37 - Avengers: Endgame at 18:00: AllowedRange=17:30-19:00, IsValid=False
[2025-12-26 13:02:11] Showtime 1125 - Inception at 12:00: AllowedRange=11:30-13:00, IsValid=False
[2025-12-26 13:02:11] Valid showtimes after time filter: 0
[2025-12-26 13:02:11] Returning 0 showtimes to view
[2025-12-26 13:02:43] TicketVerification - Today: 2025-12-26, Now: 2025-12-26 13:02:43
[2025-12-26 13:02:43] Staff 5 - RapId: 1
[2025-12-26 13:02:43] Total showtimes TODAY: 3
[2025-12-26 13:02:43] Staff showtimes (after cinema filter): 2
[2025-12-26 13:02:43] All showtimes fetched: 2
[2025-12-26 13:02:43] Showtime 37 - Avengers: Endgame at 18:00: AllowedRange=17:30-19:00, IsValid=False
[2025-12-26 13:02:43] Showtime 1125 - Inception at 12:00: AllowedRange=11:30-13:00, IsValid=False
[2025-12-26 13:02:43] Valid showtimes after time filter: 0
[2025-12-26 13:02:43] Returning 0 showtimes to view
[2025-12-26 13:03:01] TicketVerification - Today: 2025-12-26, Now: 2025-12-26 13:03:01
[2025-12-26 13:03:01] Staff 5 - RapId: 1
[2025-12-26 13:03:01] Total showtimes TODAY: 3
[2025-12-26 13:03:01] Staff showtimes (after cinema filter): 2
[2025-12-26 13:03:01] All showtimes fetched: 2
[2025-12-26 13:03:01] Showtime 37 - Avengers: Endgame at 18:00: AllowedRange=17:30-19:00, IsValid=False
[2025-12-26 13:03:01] Showtime 1125 - Inception at 12:00: AllowedRange=11:30-13:00, IsValid=False
[2025-12-26 13:03:01] Valid showtimes after time filter: 0
[2025-12-26 13:03:01] Returning 0 showtimes to view
[2025-12-26 13:03:43] ✅ QR Code URL (new format) generated: https://img.vietqr.io/image/VCB-1031419192-compact2.png?amount=0&addInfo=VeCoco
[2025-12-26 13:04:28] TicketVerification - Today: 2025-12-26, Now: 2025-12-26 13:04:28
[2025-12-26 13:04:28] Staff 5 - RapId: 1
[2025-12-26 13:04:28] Total showtimes TODAY: 3
[2025-12-26 13:04:28] Staff showtimes (after cinema filter): 2
[2025-12-26 13:04:28] All showtimes fetched: 2
[2025-12-26 13:04:28] Showtime 37 - Avengers: Endgame at 18:00: AllowedRange=17:30-19:00, IsValid=False
[2025-12-26 13:04:28] Showtime 1125 - Inception at 12:00: AllowedRange=11:30-13:00, IsValid=False
[2025-12-26 13:04:28] Valid showtimes after time filter: 0
[2025-12-26 13:04:28] Returning 0 showtimes to view
[2025-12-26 13:04:31] TicketVerification - Today: 2025-12-26, Now: 2025-12-26 13:04:31
[2025-12-26 13:04:31] Staff 5 - RapId: 1
[2025-12-26 13:04:31] Total showtimes TODAY: 3
[2025-12-26 13:04:31] Staff showtimes (after cinema filter): 2
[2025-12-26 13:04:31] All showtimes fetched: 2
[2025-12-26 13:04:31] Showtime 37 - Avengers: Endgame at 18:00: AllowedRange=17:30-19:00, IsValid=False
[2025-12-26 13:04:31] Showtime 1125 - Inception at 12:00: AllowedRange=11:30-13:00, IsValid=False
[2025-12-26 13:04:31] Valid showtimes after time filter: 0
[2025-12-26 13:04:31] Returning 0 showtimes to view
[2025-12-26 13:04:44] TicketVerification - Today: 2025-12-26, Now: 2025-12-26 13:04:44
[2025-12-26 13:04:44] Staff 5 - RapId: 1
[2025-12-26 13:04:44] Total showtimes TODAY: 3
[2025-12-26 13:04:44] Staff showtimes (after cinema filter): 2
[2025-12-26 13:04:44] All showtimes fetched: 2
[2025-12-26 13:04:44] Showtime 37 - Avengers: Endgame at 18:00: AllowedRange=17:30-19:00, IsValid=False
[2025-12-26 13:04:44] Showtime 1125 - Inception at 12:00: AllowedRange=11:30-13:00, IsValid=False
[2025-12-26 13:04:44] Valid showtimes after time filter: 0
[2025-12-26 13:04:44] Returning 0 showtimes to view
[2025-12-26 13:04:47] TicketVerification - Today: 2025-12-26, Now: 2025-12-26 13:04:47
[2025-12-26 13:04:47] Staff 5 - RapId: 1
[2025-12-26 13:04:47] Total showtimes TODAY: 3
[2025-12-26 13:04:47] Staff showtimes (after cinema filter): 2
[2025-12-26 13:04:47] All showtimes fetched: 2
[2025-12-26 13:04:47] Showtime 37 - Avengers: Endgame at 18:00: AllowedRange=17:30-19:00, IsValid=False
[2025-12-26 13:04:47] Showtime 1125 - Inception at 12:00: AllowedRange=11:30-13:00, IsValid=False
[2025-12-26 13:04:47] Valid showtimes after time filter: 0
[2025-12-26 13:04:47] Returning 0 showtimes to view
[2025-12-26 13:11:04] TicketVerification - Today: 2025-12-26, Now: 2025-12-26 13:11:04
[2025-12-26 13:11:04] Staff 5 - RapId: 1
[2025-12-26 13:11:04] Total showtimes TODAY: 3
[2025-12-26 13:11:04] Staff showtimes (after cinema filter): 2
[2025-12-26 13:11:04] All showtimes fetched: 2
[2025-12-26 13:11:04] Showtime 37 - Avengers: Endgame at 18:00: AllowedRange=17:30-19:00, IsValid=False
[2025-12-26 13:11:04] Showtime 1125 - Inception at 12:00: AllowedRange=11:30-13:00, IsValid=False
[2025-12-26 13:11:04] Valid showtimes after time filter: 0
[2025-12-26 13:11:04] Returning 0 showtimes to view
[2025-12-26 13:12:41] TicketVerification - Today: 2025-12-26, Now: 2025-12-26 13:12:41
[2025-12-26 13:12:41] Staff 5 - RapId: 1
[2025-12-26 13:12:41] Total showtimes TODAY: 3
[2025-12-26 13:12:41] Staff showtimes (after cinema filter): 2
[2025-12-26 13:12:41] All showtimes fetched: 2
[2025-12-26 13:12:41] Showtime 37 - Avengers: Endgame at 18:00: AllowedRange=17:30-19:00, IsValid=False
[2025-12-26 13:12:41] Showtime 1125 - Inception at 12:00: AllowedRange=11:30-13:00, IsValid=False
[2025-12-26 13:12:41] Valid showtimes after time filter: 0
[2025-12-26 13:12:41] Returning 0 showtimes to view
[2025-12-26 13:15:39] TicketVerification - Today: 2025-12-26, Now: 2025-12-26 13:15:39
[2025-12-26 13:15:39] Staff 5 - RapId: 1
[2025-12-26 13:15:39] Total showtimes TODAY: 3
[2025-12-26 13:15:39] Staff showtimes (after cinema filter): 2
[2025-12-26 13:15:39] All showtimes fetched: 2
[2025-12-26 13:15:39] Showtime 37 - Avengers: Endgame at 18:00: AllowedRange=17:30-19:00, IsValid=False
[2025-12-26 13:15:39] Showtime 1125 - Inception at 12:00: AllowedRange=11:30-13:00, IsValid=False
[2025-12-26 13:15:39] Valid showtimes after time filter: 0
[2025-12-26 13:15:39] Returning 0 showtimes to view
[2025-12-26 13:36:54] ? BookingExpirationService started
[2025-12-26 13:58:05] ? BookingExpirationService started
[2025-12-26 14:06:15] TicketVerification - Today: 2025-12-26, Now: 2025-12-26 14:06:15
[2025-12-26 14:06:15] Staff 5 - RapId: 1
[2025-12-26 14:06:15] Total showtimes TODAY: 3
[2025-12-26 14:06:15] Staff showtimes (after cinema filter): 2
[2025-12-26 14:06:15] All showtimes fetched: 2
[2025-12-26 14:06:15] Showtime 37 - Avengers: Endgame at 18:00: AllowedRange=17:30-19:00, IsValid=False
[2025-12-26 14:06:15] Showtime 1125 - Inception at 12:00: AllowedRange=11:30-13:00, IsValid=False
[2025-12-26 14:06:15] Valid showtimes after time filter: 0
[2025-12-26 14:06:15] Returning 0 showtimes to view
[2025-12-26 14:06:45] TicketVerification - Today: 2025-12-26, Now: 2025-12-26 14:06:45
[2025-12-26 14:06:45] Staff 5 - RapId: 1
[2025-12-26 14:06:45] Total showtimes TODAY: 3
[2025-12-26 14:06:45] Staff showtimes (after cinema filter): 2
[2025-12-26 14:06:45] All showtimes fetched: 2
[2025-12-26 14:06:45] Showtime 37 - Avengers: Endgame at 18:00: AllowedRange=17:30-19:00, IsValid=False
[2025-12-26 14:06:45] Showtime 1125 - Inception at 12:00: AllowedRange=11:30-13:00, IsValid=False
[2025-12-26 14:06:45] Valid showtimes after time filter: 0
[2025-12-26 14:06:45] Returning 0 showtimes to view
[2025-12-26 14:07:16] TicketVerification - Today: 2025-12-26, Now: 2025-12-26 14:07:16
[2025-12-26 14:07:16] Staff 5 - RapId: 1
[2025-12-26 14:07:16] Total showtimes TODAY: 3
[2025-12-26 14:07:16] Staff showtimes (after cinema filter): 2
[2025-12-26 14:07:16] All showtimes fetched: 2
[2025-12-26 14:07:16] Showtime 37 - Avengers: Endgame at 18:00: AllowedRange=17:30-19:00, IsValid=False
[2025-12-26 14:07:16] Showtime 1125 - Inception at 12:00: AllowedRange=11:30-13:00, IsValid=False
[2025-12-26 14:07:16] Valid showtimes after time filter: 0
[2025-12-26 14:07:16] Returning 0 showtimes to view
[2025-12-26 14:07:39] TicketVerification - Today: 2025-12-26, Now: 2025-12-26 14:07:39
[2025-12-26 14:07:39] Staff 5 - RapId: 1
[2025-12-26 14:07:39] Total showtimes TODAY: 3
[2025-12-26 14:07:39] Staff showtimes (after cinema filter): 2
[2025-12-26 14:07:39] All showtimes fetched: 2
[2025-12-26 14:07:39] Showtime 37 - Avengers: Endgame at 18:00: AllowedRange=17:30-19:00, IsValid=False
[2025-12-26 14:07:39] Showtime 1125 - Inception at 12:00: AllowedRange=11:30-13:00, IsValid=False
[2025-12-26 14:07:39] Valid showtimes after time filter: 0
[2025-12-26 14:07:39] Returning 0 showtimes to view
[2025-12-26 14:10:30] ? BookingExpirationService started
[2025-12-26 14:19:13] ? BookingExpirationService started
[2025-12-26 14:21:11] TicketVerification - Today: 2025-12-26, Now: 2025-12-26 14:21:11
[2025-12-26 14:21:11] Staff 5 - RapId: 1
[2025-12-26 14:21:11] Total showtimes TODAY: 3
[2025-12-26 14:21:11] Staff showtimes (after cinema filter): 2
[2025-12-26 14:21:11] All showtimes fetched: 2
[2025-12-26 14:21:11] Showtime 37 - Avengers: Endgame at 18:00: AllowedRange=17:30-19:00, IsValid=False
[2025-12-26 14:21:11] Showtime 1125 - Inception at 12:00: AllowedRange=11:30-13:00, IsValid=False
[2025-12-26 14:21:11] Valid showtimes after time filter: 0
[2025-12-26 14:21:11] Returning 0 showtimes to view
[2025-12-26 14:21:13] TicketVerification - Today: 2025-12-26, Now: 2025-12-26 14:21:13
[2025-12-26 14:21:13] Staff 5 - RapId: 1
[2025-12-26 14:21:13] Total showtimes TODAY: 3
[2025-12-26 14:21:13] Staff showtimes (after cinema filter): 2
[2025-12-26 14:21:13] All showtimes fetched: 2
[2025-12-26 14:21:13] Showtime 37 - Avengers: Endgame at 18:00: AllowedRange=17:30-19:00, IsValid=False
[2025-12-26 14:21:13] Showtime 1125 - Inception at 12:00: AllowedRange=11:30-13:00, IsValid=False
[2025-12-26 14:21:13] Valid showtimes after time filter: 0
[2025-12-26 14:21:13] Returning 0 showtimes to view
[2025-12-26 14:29:29] ? BookingExpirationService started
[2025-12-26 14:33:45] ? BookingExpirationService started
[2025-12-26 14:34:28] TicketVerification - Today: 2025-12-26, Now: 2025-12-26 14:34:28
[2025-12-26 14:34:28] Staff 5 - RapId: 1
[2025-12-26 14:34:28] Total showtimes TODAY: 3
[2025-12-26 14:34:28] Staff showtimes (after cinema filter): 2
[2025-12-26 14:34:28] All showtimes fetched: 2
[2025-12-26 14:34:28] Showtime 37 - Avengers: Endgame at 18:00: AllowedRange=17:30-19:00, IsValid=False
[2025-12-26 14:34:28] Showtime 1125 - Inception at 12:00: AllowedRange=11:30-13:00, IsValid=False
[2025-12-26 14:34:28] Valid showtimes after time filter: 0
[2025-12-26 14:34:28] Returning 0 showtimes to view
[2025-12-26 14:35:19] ✅ Sinh QR code: QR639023565192183952_0_454_0 -> qr_QR639023565192183952_0_454_0.png
[2025-12-26 14:35:19] ✅ Sinh QR code: QR639023565192204692_0_455_1 -> qr_QR639023565192204692_0_455_1.png
[2025-12-26 14:35:19] ✅ Sinh QR code: QR639023565192204692_0_456_2 -> qr_QR639023565192204692_0_456_2.png
[2025-12-26 14:35:19] ✅ Sinh QR code: QR639023565192204692_0_457_3 -> qr_QR639023565192204692_0_457_3.png
[2025-12-26 14:35:19] ✅ Sinh QR code: QR639023565192204692_0_458_4 -> qr_QR639023565192204692_0_458_4.png
[2025-12-26 14:35:19] ✅ Sinh QR code: QR639023565192204692_0_459_5 -> qr_QR639023565192204692_0_459_5.png
[2025-12-26 14:35:19] ✅ Sinh QR code: QR639023565192204692_0_460_6 -> qr_QR639023565192204692_0_460_6.png
[2025-12-26 14:35:19] ✅ Sinh QR code: QR639023565192204692_0_461_7 -> qr_QR639023565192204692_0_461_7.png
[2025-12-26 14:35:19] ✅ Sinh QR code: QR639023565192204692_0_462_8 -> qr_QR639023565192204692_0_462_8.png
[2025-12-26 14:35:19] ✅ Sinh QR code: QR639023565192204692_0_463_9 -> qr_QR639023565192204692_0_463_9.png
[2025-12-26 14:35:19] ✅ Sinh QR code: QR639023565192204692_0_466_10 -> qr_QR639023565192204692_0_466_10.png
[2025-12-26 14:35:19] ✅ Sinh QR code: QR639023565192204692_0_467_11 -> qr_QR639023565192204692_0_467_11.png
[2025-12-26 14:35:19] ✅ Sinh QR code: QR639023565192204692_0_468_12 -> qr_QR639023565192204692_0_468_12.png
[2025-12-26 14:35:19] ✅ Sinh QR code: QR639023565192204692_0_469_13 -> qr_QR639023565192204692_0_469_13.png
[2025-12-26 14:35:19] ✅ Sinh QR code: QR639023565192204692_0_470_14 -> qr_QR639023565192204692_0_470_14.png
[2025-12-26 14:35:19] ✅ Sinh QR code: QR639023565192204692_0_471_15 -> qr_QR639023565192204692_0_471_15.png
[2025-12-26 14:35:19] ✅ Sinh QR code: QR639023565192204692_0_474_16 -> qr_QR639023565192204692_0_474_16.png
[2025-12-26 14:35:19] ✅ Sinh QR code: QR639023565192204692_0_476_17 -> qr_QR639023565192204692_0_476_17.png
[2025-12-26 14:35:19] ✅ Sinh QR code: QR639023565192204692_0_477_18 -> qr_QR639023565192204692_0_477_18.png
[2025-12-26 14:35:19] ✅ Sinh QR code: QR639023565192204692_0_478_19 -> qr_QR639023565192204692_0_478_19.png
[2025-12-26 14:35:19] ✅ Sinh QR code: QR639023565192204692_0_479_20 -> qr_QR639023565192204692_0_479_20.png
[2025-12-26 14:35:19] ✅ Sinh QR code: QR639023565192204692_0_480_21 -> qr_QR639023565192204692_0_480_21.png
[2025-12-26 14:35:19] ✅ Sinh QR code: QR639023565192204692_0_481_22 -> qr_QR639023565192204692_0_481_22.png
[2025-12-26 14:35:19] ✅ Sinh QR code: QR639023565192204692_0_483_23 -> qr_QR639023565192204692_0_483_23.png
[2025-12-26 14:35:19] ✅ Sinh QR code: QR639023565192204692_0_484_24 -> qr_QR639023565192204692_0_484_24.png
[2025-12-26 14:35:19] ✅ Sinh QR code: QR639023565192204692_0_486_25 -> qr_QR639023565192204692_0_486_25.png
[2025-12-26 14:35:19] ✅ Sinh QR code: QR639023565192204692_0_487_26 -> qr_QR639023565192204692_0_487_26.png
[2025-12-26 14:35:19] ✅ Sinh QR code: QR639023565192204692_0_488_27 -> qr_QR639023565192204692_0_488_27.png
[2025-12-26 14:35:19] ✅ Sinh QR code: QR639023565192204692_0_489_28 -> qr_QR639023565192204692_0_489_28.png
[2025-12-26 14:35:19] ✅ Sinh QR code: QR639023565192204692_0_490_29 -> qr_QR639023565192204692_0_490_29.png
[2025-12-26 14:35:19] ✅ Sinh QR code: QR639023565192204692_0_491_30 -> qr_QR639023565192204692_0_491_30.png
[2025-12-26 14:35:19] ✅ Sinh QR code: QR639023565192204692_0_493_31 -> qr_QR639023565192204692_0_493_31.png
[2025-12-26 14:35:19] ✅ Sinh QR code: QR639023565192204692_0_504_32 -> qr_QR639023565192204692_0_504_32.png
[2025-12-26 14:35:19] ✅ Sinh QR code: QR639023565192204692_0_506_33 -> qr_QR639023565192204692_0_506_33.png
[2025-12-26 14:35:19] ✅ Sinh QR code: QR639023565192204692_0_507_34 -> qr_QR639023565192204692_0_507_34.png
[2025-12-26 14:35:19] ✅ Sinh QR code: QR639023565192204692_0_508_35 -> qr_QR639023565192204692_0_508_35.png
[2025-12-26 14:35:19] ✅ Sinh QR code: QR639023565192204692_0_509_36 -> qr_QR639023565192204692_0_509_36.png
[2025-12-26 14:35:19] ✅ Sinh QR code: QR639023565192204692_0_510_37 -> qr_QR639023565192204692_0_510_37.png
[2025-12-26 14:35:19] ✅ Sinh QR code: QR639023565192204692_0_511_38 -> qr_QR639023565192204692_0_511_38.png
[2025-12-26 14:35:19] ✅ Sinh QR code: QR639023565192204692_0_513_39 -> qr_QR639023565192204692_0_513_39.png
[2025-12-26 14:35:19] ✅ Sinh QR code: QR639023565192204692_0_514_40 -> qr_QR639023565192204692_0_514_40.png
[2025-12-26 14:35:19] ✅ Sinh QR code: QR639023565192204692_0_516_41 -> qr_QR639023565192204692_0_516_41.png
[2025-12-26 14:35:19] ✅ Sinh QR code: QR639023565192204692_0_517_42 -> qr_QR639023565192204692_0_517_42.png
[2025-12-26 14:35:19] ✅ Sinh QR code: QR639023565192204692_0_518_43 -> qr_QR639023565192204692_0_518_43.png
[2025-12-26 14:35:19] ✅ Sinh QR code: QR639023565192204692_0_519_44 -> qr_QR639023565192204692_0_519_44.png
[2025-12-26 14:35:19] ✅ Sinh QR code: QR639023565192204692_0_520_45 -> qr_QR639023565192204692_0_520_45.png
[2025-12-26 14:35:19] ✅ Sinh QR code: QR639023565192204692_0_521_46 -> qr_QR639023565192204692_0_521_46.png
[2025-12-26 14:35:19] ✅ Sinh QR code: QR639023565192204692_0_523_47 -> qr_QR639023565192204692_0_523_47.png
[2025-12-26 14:35:19] ✅ Sinh QR code: QR639023565192204692_0_534_48 -> qr_QR639023565192204692_0_534_48.png
[2025-12-26 14:35:19] ✅ Sinh QR code: QR639023565192204692_0_535_49 -> qr_QR639023565192204692_0_535_49.png
[2025-12-26 14:35:19] ✅ Sinh QR code: QR639023565192204692_0_536_50 -> qr_QR639023565192204692_0_536_50.png
[2025-12-26 14:35:19] ✅ Sinh QR code: QR639023565192204692_0_537_51 -> qr_QR639023565192204692_0_537_51.png
[2025-12-26 14:35:19] ✅ Sinh QR code: QR639023565192204692_0_538_52 -> qr_QR639023565192204692_0_538_52.png
[2025-12-26 14:35:19] ✅ Sinh QR code: QR639023565192204692_0_539_53 -> qr_QR639023565192204692_0_539_53.png
[2025-12-26 14:35:19] ✅ Sinh QR code: QR639023565192204692_0_540_54 -> qr_QR639023565192204692_0_540_54.png
[2025-12-26 14:35:19] ✅ Sinh QR code: QR639023565192204692_0_541_55 -> qr_QR639023565192204692_0_541_55.png
[2025-12-26 14:35:19] ✅ Sinh QR code: QR639023565192204692_0_542_56 -> qr_QR639023565192204692_0_542_56.png
[2025-12-26 14:35:19] ✅ Sinh QR code: QR639023565192204692_0_543_57 -> qr_QR639023565192204692_0_543_57.png
[2025-12-26 14:35:19] ✅ Sinh QR code: QR639023565192204692_0_544_58 -> qr_QR639023565192204692_0_544_58.png
[2025-12-26 14:35:19] ✅ Sinh QR code: QR639023565192204692_0_545_59 -> qr_QR639023565192204692_0_545_59.png
[2025-12-26 14:35:19] ✅ Sinh QR code: QR639023565192204692_0_546_60 -> qr_QR639023565192204692_0_546_60.png
[2025-12-26 14:35:19] ✅ Sinh QR code: QR639023565192204692_0_547_61 -> qr_QR639023565192204692_0_547_61.png
[2025-12-26 14:35:19] ✅ Sinh QR code: QR639023565192204692_0_548_62 -> qr_QR639023565192204692_0_548_62.png
[2025-12-26 14:35:19] ✅ Sinh QR code: QR639023565192204692_0_549_63 -> qr_QR639023565192204692_0_549_63.png
[2025-12-26 14:35:19] ✅ Sinh QR code: QR639023565192204692_0_550_64 -> qr_QR639023565192204692_0_550_64.png
[2025-12-26 14:35:19] ✅ Sinh QR code: QR639023565192204692_0_551_65 -> qr_QR639023565192204692_0_551_65.png
[2025-12-26 14:35:19] ✅ Sinh QR code: QR639023565192204692_0_552_66 -> qr_QR639023565192204692_0_552_66.png
[2025-12-26 14:35:19] ✅ Sinh QR code: QR639023565192204692_0_553_67 -> qr_QR639023565192204692_0_553_67.png
[2025-12-26 14:35:34] TicketVerification - Today: 2025-12-26, Now: 2025-12-26 14:35:34
[2025-12-26 14:35:34] Staff 5 - RapId: 1
[2025-12-26 14:35:34] Total showtimes TODAY: 4
[2025-12-26 14:35:34] Staff showtimes (after cinema filter): 3
[2025-12-26 14:35:34] All showtimes fetched: 3
[2025-12-26 14:35:34] Showtime 37 - Avengers: Endgame at 18:00: AllowedRange=17:30-19:00, IsValid=False
[2025-12-26 14:35:34] Showtime 1125 - Inception at 12:00: AllowedRange=11:30-13:00, IsValid=False
[2025-12-26 14:35:34] Showtime 1126 - Inception at 15:00: AllowedRange=14:30-16:00, IsValid=True
[2025-12-26 14:35:34] Valid showtimes after time filter: 1
[2025-12-26 14:35:34] Returning 1 showtimes to view
[2025-12-26 14:37:26] ✅ Sinh QR code: QR639023566465755745_0_2_0 -> qr_QR639023566465755745_0_2_0.png
[2025-12-26 14:37:26] ✅ Sinh QR code: QR639023566465755745_0_3_1 -> qr_QR639023566465755745_0_3_1.png
[2025-12-26 14:37:26] ✅ Sinh QR code: QR639023566465755745_0_4_2 -> qr_QR639023566465755745_0_4_2.png
[2025-12-26 14:37:26] ✅ Sinh QR code: QR639023566465755745_0_5_3 -> qr_QR639023566465755745_0_5_3.png
[2025-12-26 14:37:26] ✅ Sinh QR code: QR639023566465755745_0_6_4 -> qr_QR639023566465755745_0_6_4.png
[2025-12-26 14:37:26] ✅ Sinh QR code: QR639023566465755745_0_7_5 -> qr_QR639023566465755745_0_7_5.png
[2025-12-26 14:37:26] ✅ Sinh QR code: QR639023566465755745_0_8_6 -> qr_QR639023566465755745_0_8_6.png
[2025-12-26 14:37:26] ✅ Sinh QR code: QR639023566465755745_0_9_7 -> qr_QR639023566465755745_0_9_7.png
[2025-12-26 14:37:26] ✅ Sinh QR code: QR639023566465755745_0_10_8 -> qr_QR639023566465755745_0_10_8.png
[2025-12-26 14:37:26] ✅ Sinh QR code: QR639023566465755745_0_11_9 -> qr_QR639023566465755745_0_11_9.png
[2025-12-26 14:37:26] ✅ Sinh QR code: QR639023566465755745_0_12_10 -> qr_QR639023566465755745_0_12_10.png
[2025-12-26 14:37:26] ✅ Sinh QR code: QR639023566465755745_0_13_11 -> qr_QR639023566465755745_0_13_11.png
[2025-12-26 14:37:26] ✅ Sinh QR code: QR639023566465755745_0_14_12 -> qr_QR639023566465755745_0_14_12.png
[2025-12-26 14:37:26] ✅ Sinh QR code: QR639023566465755745_0_15_13 -> qr_QR639023566465755745_0_15_13.png
[2025-12-26 14:37:26] ✅ Sinh QR code: QR639023566465755745_0_16_14 -> qr_QR639023566465755745_0_16_14.png
[2025-12-26 14:37:26] ✅ Sinh QR code: QR639023566465755745_0_17_15 -> qr_QR639023566465755745_0_17_15.png
[2025-12-26 14:37:26] ✅ Sinh QR code: QR639023566465755745_0_18_16 -> qr_QR639023566465755745_0_18_16.png
[2025-12-26 14:37:26] ✅ Sinh QR code: QR639023566465755745_0_19_17 -> qr_QR639023566465755745_0_19_17.png
[2025-12-26 14:37:26] ✅ Sinh QR code: QR639023566465755745_0_20_18 -> qr_QR639023566465755745_0_20_18.png
[2025-12-26 14:37:26] ✅ Sinh QR code: QR639023566465755745_0_21_19 -> qr_QR639023566465755745_0_21_19.png
[2025-12-26 14:37:26] ✅ Sinh QR code: QR639023566465755745_0_22_20 -> qr_QR639023566465755745_0_22_20.png
[2025-12-26 14:37:26] ✅ Sinh QR code: QR639023566465755745_0_23_21 -> qr_QR639023566465755745_0_23_21.png
[2025-12-26 14:37:26] ✅ Sinh QR code: QR639023566465755745_0_24_22 -> qr_QR639023566465755745_0_24_22.png
[2025-12-26 14:37:26] ✅ Sinh QR code: QR639023566465755745_0_25_23 -> qr_QR639023566465755745_0_25_23.png
[2025-12-26 14:37:26] ✅ Sinh QR code: QR639023566465755745_0_26_24 -> qr_QR639023566465755745_0_26_24.png
[2025-12-26 14:37:26] ✅ Sinh QR code: QR639023566465755745_0_27_25 -> qr_QR639023566465755745_0_27_25.png
[2025-12-26 14:37:26] ✅ Sinh QR code: QR639023566465755745_0_28_26 -> qr_QR639023566465755745_0_28_26.png
[2025-12-26 14:37:26] ✅ Sinh QR code: QR639023566465755745_0_29_27 -> qr_QR639023566465755745_0_29_27.png
[2025-12-26 14:37:26] ✅ Sinh QR code: QR639023566465755745_0_30_28 -> qr_QR639023566465755745_0_30_28.png
[2025-12-26 14:37:26] ✅ Sinh QR code: QR639023566465755745_0_31_29 -> qr_QR639023566465755745_0_31_29.png
[2025-12-26 14:37:26] ✅ Sinh QR code: QR639023566465755745_0_32_30 -> qr_QR639023566465755745_0_32_30.png
[2025-12-26 14:37:26] ✅ Sinh QR code: QR639023566465755745_0_33_31 -> qr_QR639023566465755745_0_33_31.png
[2025-12-26 14:37:26] ✅ Sinh QR code: QR639023566465755745_0_34_32 -> qr_QR639023566465755745_0_34_32.png
[2025-12-26 14:37:26] ✅ Sinh QR code: QR639023566465755745_0_35_33 -> qr_QR639023566465755745_0_35_33.png
[2025-12-26 14:37:26] ✅ Sinh QR code: QR639023566465755745_0_36_34 -> qr_QR639023566465755745_0_36_34.png
[2025-12-26 14:37:26] ✅ Sinh QR code: QR639023566465755745_0_37_35 -> qr_QR639023566465755745_0_37_35.png
[2025-12-26 14:37:26] ✅ Sinh QR code: QR639023566465755745_0_38_36 -> qr_QR639023566465755745_0_38_36.png
[2025-12-26 14:37:26] ✅ Sinh QR code: QR639023566465755745_0_39_37 -> qr_QR639023566465755745_0_39_37.png
[2025-12-26 14:37:26] ✅ Sinh QR code: QR639023566465755745_0_40_38 -> qr_QR639023566465755745_0_40_38.png
[2025-12-26 14:37:26] ✅ Sinh QR code: QR639023566465755745_0_41_39 -> qr_QR639023566465755745_0_41_39.png
[2025-12-26 14:37:26] ✅ Sinh QR code: QR639023566465755745_0_42_40 -> qr_QR639023566465755745_0_42_40.png
[2025-12-26 14:37:26] ✅ Sinh QR code: QR639023566465755745_0_43_41 -> qr_QR639023566465755745_0_43_41.png
[2025-12-26 14:37:26] ✅ Sinh QR code: QR639023566465755745_0_44_42 -> qr_QR639023566465755745_0_44_42.png
[2025-12-26 14:37:26] ✅ Sinh QR code: QR639023566465755745_0_45_43 -> qr_QR639023566465755745_0_45_43.png
[2025-12-26 14:37:26] ✅ Sinh QR code: QR639023566465755745_0_46_44 -> qr_QR639023566465755745_0_46_44.png
[2025-12-26 14:37:26] ✅ Sinh QR code: QR639023566465755745_0_47_45 -> qr_QR639023566465755745_0_47_45.png
[2025-12-26 14:37:26] ✅ Sinh QR code: QR639023566465755745_0_48_46 -> qr_QR639023566465755745_0_48_46.png
[2025-12-26 14:37:26] ✅ Sinh QR code: QR639023566465755745_0_49_47 -> qr_QR639023566465755745_0_49_47.png
[2025-12-26 14:37:26] ✅ Sinh QR code: QR639023566465755745_0_50_48 -> qr_QR639023566465755745_0_50_48.png
[2025-12-26 14:37:26] ✅ Sinh QR code: QR639023566465755745_0_51_49 -> qr_QR639023566465755745_0_51_49.png
[2025-12-26 14:37:26] ✅ Sinh QR code: QR639023566465755745_0_52_50 -> qr_QR639023566465755745_0_52_50.png
[2025-12-26 14:37:26] ✅ Sinh QR code: QR639023566465755745_0_53_51 -> qr_QR639023566465755745_0_53_51.png
[2025-12-26 14:37:26] ✅ Sinh QR code: QR639023566465755745_0_54_52 -> qr_QR639023566465755745_0_54_52.png
[2025-12-26 14:37:26] ✅ Sinh QR code: QR639023566465755745_0_55_53 -> qr_QR639023566465755745_0_55_53.png
[2025-12-26 14:37:26] ✅ Sinh QR code: QR639023566465755745_0_56_54 -> qr_QR639023566465755745_0_56_54.png
[2025-12-26 14:37:26] ✅ Sinh QR code: QR639023566465755745_0_57_55 -> qr_QR639023566465755745_0_57_55.png
[2025-12-26 14:37:26] ✅ Sinh QR code: QR639023566465755745_0_58_56 -> qr_QR639023566465755745_0_58_56.png
[2025-12-26 14:37:26] ✅ Sinh QR code: QR639023566465755745_0_59_57 -> qr_QR639023566465755745_0_59_57.png
[2025-12-26 14:37:26] ✅ Sinh QR code: QR639023566465755745_0_60_58 -> qr_QR639023566465755745_0_60_58.png
[2025-12-26 14:37:26] ✅ Sinh QR code: QR639023566465755745_0_61_59 -> qr_QR639023566465755745_0_61_59.png
[2025-12-26 14:37:26] ✅ Sinh QR code: QR639023566465755745_0_62_60 -> qr_QR639023566465755745_0_62_60.png
[2025-12-26 14:37:26] ✅ Sinh QR code: QR639023566465755745_0_63_61 -> qr_QR639023566465755745_0_63_61.png
[2025-12-26 14:37:26] ✅ Sinh QR code: QR639023566465755745_0_64_62 -> qr_QR639023566465755745_0_64_62.png
[2025-12-26 14:37:26] ✅ Sinh QR code: QR639023566465755745_0_65_63 -> qr_QR639023566465755745_0_65_63.png
[2025-12-26 14:37:26] ✅ Sinh QR code: QR639023566465755745_0_66_64 -> qr_QR639023566465755745_0_66_64.png
[2025-12-26 14:37:26] ✅ Sinh QR code: QR639023566465755745_0_67_65 -> qr_QR639023566465755745_0_67_65.png
[2025-12-26 14:37:26] ✅ Sinh QR code: QR639023566465755745_0_68_66 -> qr_QR639023566465755745_0_68_66.png
[2025-12-26 14:37:26] ✅ Sinh QR code: QR639023566465755745_0_69_67 -> qr_QR639023566465755745_0_69_67.png
[2025-12-26 14:37:26] ✅ Sinh QR code: QR639023566465755745_0_70_68 -> qr_QR639023566465755745_0_70_68.png
[2025-12-26 14:37:26] ✅ Sinh QR code: QR639023566465755745_0_71_69 -> qr_QR639023566465755745_0_71_69.png
[2025-12-26 14:37:26] ✅ Sinh QR code: QR639023566465755745_0_72_70 -> qr_QR639023566465755745_0_72_70.png
[2025-12-26 14:37:26] ✅ Sinh QR code: QR639023566465755745_0_73_71 -> qr_QR639023566465755745_0_73_71.png
[2025-12-26 14:37:26] ✅ Sinh QR code: QR639023566465755745_0_74_72 -> qr_QR639023566465755745_0_74_72.png
[2025-12-26 14:37:26] ✅ Sinh QR code: QR639023566465755745_0_75_73 -> qr_QR639023566465755745_0_75_73.png
[2025-12-26 14:37:26] ✅ Sinh QR code: QR639023566465755745_0_76_74 -> qr_QR639023566465755745_0_76_74.png
[2025-12-26 14:37:26] ✅ Sinh QR code: QR639023566465755745_0_77_75 -> qr_QR639023566465755745_0_77_75.png
[2025-12-26 14:37:27] ✅ Sinh QR code: QR639023566465755745_0_78_76 -> qr_QR639023566465755745_0_78_76.png
[2025-12-26 14:37:27] ✅ Sinh QR code: QR639023566465755745_0_79_77 -> qr_QR639023566465755745_0_79_77.png
[2025-12-26 14:37:27] ✅ Sinh QR code: QR639023566465755745_0_80_78 -> qr_QR639023566465755745_0_80_78.png
[2025-12-26 14:37:27] ✅ Sinh QR code: QR639023566465755745_0_81_79 -> qr_QR639023566465755745_0_81_79.png
[2025-12-26 14:37:27] ✅ Sinh QR code: QR639023566465755745_0_82_80 -> qr_QR639023566465755745_0_82_80.png
[2025-12-26 14:37:27] ✅ Sinh QR code: QR639023566465755745_0_83_81 -> qr_QR639023566465755745_0_83_81.png
[2025-12-26 14:37:27] ✅ Sinh QR code: QR639023566465755745_0_84_82 -> qr_QR639023566465755745_0_84_82.png
[2025-12-26 14:37:27] ✅ Sinh QR code: QR639023566465755745_0_85_83 -> qr_QR639023566465755745_0_85_83.png
[2025-12-26 14:37:27] ✅ Sinh QR code: QR639023566465755745_0_86_84 -> qr_QR639023566465755745_0_86_84.png
[2025-12-26 14:37:27] ✅ Sinh QR code: QR639023566465755745_0_87_85 -> qr_QR639023566465755745_0_87_85.png
[2025-12-26 14:37:27] ✅ Sinh QR code: QR639023566465755745_0_88_86 -> qr_QR639023566465755745_0_88_86.png
[2025-12-26 14:37:27] ✅ Sinh QR code: QR639023566465755745_0_89_87 -> qr_QR639023566465755745_0_89_87.png
[2025-12-26 14:37:27] ✅ Sinh QR code: QR639023566465755745_0_90_88 -> qr_QR639023566465755745_0_90_88.png
[2025-12-26 14:37:27] ✅ Sinh QR code: QR639023566465755745_0_91_89 -> qr_QR639023566465755745_0_91_89.png
[2025-12-26 14:37:27] ✅ Sinh QR code: QR639023566465755745_0_92_90 -> qr_QR639023566465755745_0_92_90.png
[2025-12-26 14:37:27] ✅ Sinh QR code: QR639023566465755745_0_93_91 -> qr_QR639023566465755745_0_93_91.png
[2025-12-26 14:37:27] ✅ Sinh QR code: QR639023566465755745_0_94_92 -> qr_QR639023566465755745_0_94_92.png
[2025-12-26 14:37:27] ✅ Sinh QR code: QR639023566465755745_0_95_93 -> qr_QR639023566465755745_0_95_93.png
[2025-12-26 14:37:27] ✅ Sinh QR code: QR639023566465755745_0_96_94 -> qr_QR639023566465755745_0_96_94.png
[2025-12-26 14:37:27] ✅ Sinh QR code: QR639023566465755745_0_97_95 -> qr_QR639023566465755745_0_97_95.png
[2025-12-26 14:37:27] ✅ Sinh QR code: QR639023566465755745_0_98_96 -> qr_QR639023566465755745_0_98_96.png
[2025-12-26 14:37:27] ✅ Sinh QR code: QR639023566465755745_0_99_97 -> qr_QR639023566465755745_0_99_97.png
[2025-12-26 14:37:27] ✅ Sinh QR code: QR639023566465755745_0_100_98 -> qr_QR639023566465755745_0_100_98.png
[2025-12-26 14:37:27] ✅ Sinh QR code: QR639023566465755745_0_101_99 -> qr_QR639023566465755745_0_101_99.png
[2025-12-26 14:38:04] ✅ Sinh QR code: QR639023566841204877_0_102_0 -> qr_QR639023566841204877_0_102_0.png
[2025-12-26 14:38:04] ✅ Sinh QR code: QR639023566841204877_0_104_1 -> qr_QR639023566841204877_0_104_1.png
[2025-12-26 14:38:04] ✅ Sinh QR code: QR639023566841204877_0_105_2 -> qr_QR639023566841204877_0_105_2.png
[2025-12-26 14:38:04] ✅ Sinh QR code: QR639023566841204877_0_106_3 -> qr_QR639023566841204877_0_106_3.png
[2025-12-26 14:38:04] ✅ Sinh QR code: QR639023566841204877_0_107_4 -> qr_QR639023566841204877_0_107_4.png
[2025-12-26 14:38:04] ✅ Sinh QR code: QR639023566841204877_0_108_5 -> qr_QR639023566841204877_0_108_5.png
[2025-12-26 14:38:04] ✅ Sinh QR code: QR639023566841204877_0_109_6 -> qr_QR639023566841204877_0_109_6.png
[2025-12-26 14:38:04] ✅ Sinh QR code: QR639023566841204877_0_111_7 -> qr_QR639023566841204877_0_111_7.png
[2025-12-26 14:38:04] ✅ Sinh QR code: QR639023566841204877_0_112_8 -> qr_QR639023566841204877_0_112_8.png
[2025-12-26 14:38:04] ✅ Sinh QR code: QR639023566841204877_0_114_9 -> qr_QR639023566841204877_0_114_9.png
[2025-12-26 14:38:04] ✅ Sinh QR code: QR639023566841204877_0_115_10 -> qr_QR639023566841204877_0_115_10.png
[2025-12-26 14:38:04] ✅ Sinh QR code: QR639023566841204877_0_116_11 -> qr_QR639023566841204877_0_116_11.png
[2025-12-26 14:38:04] ✅ Sinh QR code: QR639023566841204877_0_117_12 -> qr_QR639023566841204877_0_117_12.png
[2025-12-26 14:38:04] ✅ Sinh QR code: QR639023566841204877_0_118_13 -> qr_QR639023566841204877_0_118_13.png
[2025-12-26 14:38:04] ✅ Sinh QR code: QR639023566841204877_0_119_14 -> qr_QR639023566841204877_0_119_14.png
[2025-12-26 14:38:04] ✅ Sinh QR code: QR639023566841204877_0_121_15 -> qr_QR639023566841204877_0_121_15.png
[2025-12-26 14:38:04] ✅ Sinh QR code: QR639023566841204877_0_122_16 -> qr_QR639023566841204877_0_122_16.png
[2025-12-26 14:38:04] ✅ Sinh QR code: QR639023566841204877_0_124_17 -> qr_QR639023566841204877_0_124_17.png
[2025-12-26 14:38:04] ✅ Sinh QR code: QR639023566841204877_0_125_18 -> qr_QR639023566841204877_0_125_18.png
[2025-12-26 14:38:04] ✅ Sinh QR code: QR639023566841204877_0_126_19 -> qr_QR639023566841204877_0_126_19.png
[2025-12-26 14:38:04] ✅ Sinh QR code: QR639023566841204877_0_127_20 -> qr_QR639023566841204877_0_127_20.png
[2025-12-26 14:38:04] ✅ Sinh QR code: QR639023566841204877_0_128_21 -> qr_QR639023566841204877_0_128_21.png
[2025-12-26 14:38:04] ✅ Sinh QR code: QR639023566841204877_0_129_22 -> qr_QR639023566841204877_0_129_22.png
[2025-12-26 14:38:04] ✅ Sinh QR code: QR639023566841204877_0_131_23 -> qr_QR639023566841204877_0_131_23.png
[2025-12-26 14:38:04] ✅ Sinh QR code: QR639023566841204877_0_132_24 -> qr_QR639023566841204877_0_132_24.png
[2025-12-26 14:38:04] ✅ Sinh QR code: QR639023566841204877_0_134_25 -> qr_QR639023566841204877_0_134_25.png
[2025-12-26 14:38:04] ✅ Sinh QR code: QR639023566841204877_0_135_26 -> qr_QR639023566841204877_0_135_26.png
[2025-12-26 14:38:04] ✅ Sinh QR code: QR639023566841204877_0_136_27 -> qr_QR639023566841204877_0_136_27.png
[2025-12-26 14:38:04] ✅ Sinh QR code: QR639023566841204877_0_137_28 -> qr_QR639023566841204877_0_137_28.png
[2025-12-26 14:38:04] ✅ Sinh QR code: QR639023566841204877_0_138_29 -> qr_QR639023566841204877_0_138_29.png
[2025-12-26 14:38:04] ✅ Sinh QR code: QR639023566841204877_0_139_30 -> qr_QR639023566841204877_0_139_30.png
[2025-12-26 14:38:04] ✅ Sinh QR code: QR639023566841204877_0_141_31 -> qr_QR639023566841204877_0_141_31.png
[2025-12-26 14:38:04] ✅ Sinh QR code: QR639023566841204877_0_142_32 -> qr_QR639023566841204877_0_142_32.png
[2025-12-26 14:38:04] ✅ Sinh QR code: QR639023566841204877_0_151_33 -> qr_QR639023566841204877_0_151_33.png
[2025-12-26 14:38:04] ✅ Sinh QR code: QR639023566841204877_0_152_34 -> qr_QR639023566841204877_0_152_34.png
[2025-12-26 14:38:04] ✅ Sinh QR code: QR639023566841204877_0_154_35 -> qr_QR639023566841204877_0_154_35.png
[2025-12-26 14:38:04] ✅ Sinh QR code: QR639023566841204877_0_155_36 -> qr_QR639023566841204877_0_155_36.png
[2025-12-26 14:38:04] ✅ Sinh QR code: QR639023566841204877_0_156_37 -> qr_QR639023566841204877_0_156_37.png
[2025-12-26 14:38:04] ✅ Sinh QR code: QR639023566841204877_0_157_38 -> qr_QR639023566841204877_0_157_38.png
[2025-12-26 14:38:04] ✅ Sinh QR code: QR639023566841204877_0_158_39 -> qr_QR639023566841204877_0_158_39.png
[2025-12-26 14:38:04] ✅ Sinh QR code: QR639023566841204877_0_159_40 -> qr_QR639023566841204877_0_159_40.png
[2025-12-26 14:38:04] ✅ Sinh QR code: QR639023566841204877_0_161_41 -> qr_QR639023566841204877_0_161_41.png
[2025-12-26 14:38:04] ✅ Sinh QR code: QR639023566841204877_0_162_42 -> qr_QR639023566841204877_0_162_42.png
[2025-12-26 14:38:04] ✅ Sinh QR code: QR639023566841204877_0_164_43 -> qr_QR639023566841204877_0_164_43.png
[2025-12-26 14:38:04] ✅ Sinh QR code: QR639023566841204877_0_165_44 -> qr_QR639023566841204877_0_165_44.png
[2025-12-26 14:38:04] ✅ Sinh QR code: QR639023566841204877_0_166_45 -> qr_QR639023566841204877_0_166_45.png
[2025-12-26 14:38:04] ✅ Sinh QR code: QR639023566841204877_0_167_46 -> qr_QR639023566841204877_0_167_46.png
[2025-12-26 14:38:04] ✅ Sinh QR code: QR639023566841204877_0_168_47 -> qr_QR639023566841204877_0_168_47.png
[2025-12-26 14:38:04] ✅ Sinh QR code: QR639023566841204877_0_169_48 -> qr_QR639023566841204877_0_169_48.png
[2025-12-26 14:38:04] ✅ Sinh QR code: QR639023566841204877_0_171_49 -> qr_QR639023566841204877_0_171_49.png
[2025-12-26 14:38:04] ✅ Sinh QR code: QR639023566841204877_0_172_50 -> qr_QR639023566841204877_0_172_50.png
[2025-12-26 14:38:04] ✅ Sinh QR code: QR639023566841204877_0_174_51 -> qr_QR639023566841204877_0_174_51.png
[2025-12-26 14:38:04] ✅ Sinh QR code: QR639023566841204877_0_175_52 -> qr_QR639023566841204877_0_175_52.png
[2025-12-26 14:38:04] ✅ Sinh QR code: QR639023566841204877_0_176_53 -> qr_QR639023566841204877_0_176_53.png
[2025-12-26 14:38:04] ✅ Sinh QR code: QR639023566841204877_0_177_54 -> qr_QR639023566841204877_0_177_54.png
[2025-12-26 14:38:04] ✅ Sinh QR code: QR639023566841204877_0_178_55 -> qr_QR639023566841204877_0_178_55.png
[2025-12-26 14:38:04] ✅ Sinh QR code: QR639023566841204877_0_179_56 -> qr_QR639023566841204877_0_179_56.png
[2025-12-26 14:38:04] ✅ Sinh QR code: QR639023566841204877_0_181_57 -> qr_QR639023566841204877_0_181_57.png
[2025-12-26 14:38:04] ✅ Sinh QR code: QR639023566841204877_0_182_58 -> qr_QR639023566841204877_0_182_58.png
[2025-12-26 14:38:04] ✅ Sinh QR code: QR639023566841204877_0_183_59 -> qr_QR639023566841204877_0_183_59.png
[2025-12-26 14:38:04] ✅ Sinh QR code: QR639023566841204877_0_184_60 -> qr_QR639023566841204877_0_184_60.png
[2025-12-26 14:38:04] ✅ Sinh QR code: QR639023566841204877_0_185_61 -> qr_QR639023566841204877_0_185_61.png
[2025-12-26 14:38:04] ✅ Sinh QR code: QR639023566841204877_0_186_62 -> qr_QR639023566841204877_0_186_62.png
[2025-12-26 14:38:04] ✅ Sinh QR code: QR639023566841204877_0_187_63 -> qr_QR639023566841204877_0_187_63.png
[2025-12-26 14:38:04] ✅ Sinh QR code: QR639023566841204877_0_188_64 -> qr_QR639023566841204877_0_188_64.png
[2025-12-26 14:38:04] ✅ Sinh QR code: QR639023566841204877_0_189_65 -> qr_QR639023566841204877_0_189_65.png
[2025-12-26 14:38:04] ✅ Sinh QR code: QR639023566841204877_0_190_66 -> qr_QR639023566841204877_0_190_66.png
[2025-12-26 14:38:04] ✅ Sinh QR code: QR639023566841204877_0_191_67 -> qr_QR639023566841204877_0_191_67.png
[2025-12-26 14:38:04] ✅ Sinh QR code: QR639023566841204877_0_192_68 -> qr_QR639023566841204877_0_192_68.png
[2025-12-26 14:38:04] ✅ Sinh QR code: QR639023566841204877_0_193_69 -> qr_QR639023566841204877_0_193_69.png
[2025-12-26 14:38:04] ✅ Sinh QR code: QR639023566841204877_0_194_70 -> qr_QR639023566841204877_0_194_70.png
[2025-12-26 14:38:04] ✅ Sinh QR code: QR639023566841204877_0_195_71 -> qr_QR639023566841204877_0_195_71.png
[2025-12-26 14:38:04] ✅ Sinh QR code: QR639023566841204877_0_196_72 -> qr_QR639023566841204877_0_196_72.png
[2025-12-26 14:38:04] ✅ Sinh QR code: QR639023566841204877_0_197_73 -> qr_QR639023566841204877_0_197_73.png
[2025-12-26 14:38:04] ✅ Sinh QR code: QR639023566841204877_0_198_74 -> qr_QR639023566841204877_0_198_74.png
[2025-12-26 14:38:04] ✅ Sinh QR code: QR639023566841204877_0_199_75 -> qr_QR639023566841204877_0_199_75.png
[2025-12-26 14:38:04] ✅ Sinh QR code: QR639023566841204877_0_200_76 -> qr_QR639023566841204877_0_200_76.png
[2025-12-26 14:38:04] ✅ Sinh QR code: QR639023566841204877_0_201_77 -> qr_QR639023566841204877_0_201_77.png
[2025-12-26 14:38:24] TicketVerification - Today: 2025-12-26, Now: 2025-12-26 14:38:24
[2025-12-26 14:38:24] Staff 5 - RapId: 1
[2025-12-26 14:38:24] Total showtimes TODAY: 6
[2025-12-26 14:38:24] Staff showtimes (after cinema filter): 5
[2025-12-26 14:38:24] All showtimes fetched: 5
[2025-12-26 14:38:24] Showtime 37 - Avengers: Endgame at 18:00: AllowedRange=17:30-19:00, IsValid=False
[2025-12-26 14:38:24] Showtime 1125 - Inception at 12:00: AllowedRange=11:30-13:00, IsValid=False
[2025-12-26 14:38:24] Showtime 1126 - Inception at 15:00: AllowedRange=14:30-16:00, IsValid=True
[2025-12-26 14:38:24] Showtime 1127 - The Dark Knight at 15:00: AllowedRange=14:30-16:00, IsValid=True
[2025-12-26 14:38:24] Showtime 1128 - Interstellar at 15:00: AllowedRange=14:30-16:00, IsValid=True
[2025-12-26 14:38:24] Valid showtimes after time filter: 3
[2025-12-26 14:38:24] Returning 3 showtimes to view
[2025-12-26 14:39:56] ✅ QR Code URL (new format) generated: https://img.vietqr.io/image/VCB-1031419192-compact2.png?amount=0&addInfo=VeInception
[2025-12-26 14:40:02] ✅ QR Code URL (new format) generated: https://img.vietqr.io/image/VCB-1031419192-compact2.png?amount=0&addInfo=VeInception
[2025-12-26 14:40:10] ✅ Admin ViewInvoice: Booking ID 1240
[2025-12-26 14:40:10] ✅ Sinh QR code: a10f757d-7596-4a81-bd21-f8e6333a2ae7 -> qr_a10f757d-7596-4a81-bd21-f8e6333a2ae7.png
[2025-12-26 14:40:10] ✅ Sinh QR code: 5656b187-e8c5-42b8-8a7c-1747ca089e40 -> qr_5656b187-e8c5-42b8-8a7c-1747ca089e40.png
[2025-12-26 14:40:46] TicketVerification - Today: 2025-12-26, Now: 2025-12-26 14:40:46
[2025-12-26 14:40:46] Staff 5 - RapId: 1
[2025-12-26 14:40:46] Total showtimes TODAY: 6
[2025-12-26 14:40:46] Staff showtimes (after cinema filter): 5
[2025-12-26 14:40:46] All showtimes fetched: 5
[2025-12-26 14:40:46] Showtime 37 - Avengers: Endgame at 18:00: AllowedRange=17:30-19:00, IsValid=False
[2025-12-26 14:40:46] Showtime 1125 - Inception at 12:00: AllowedRange=11:30-13:00, IsValid=False
[2025-12-26 14:40:46] Showtime 1126 - Inception at 15:00: AllowedRange=14:30-16:00, IsValid=True
[2025-12-26 14:40:46] Showtime 1127 - The Dark Knight at 15:00: AllowedRange=14:30-16:00, IsValid=True
[2025-12-26 14:40:46] Showtime 1128 - Interstellar at 15:00: AllowedRange=14:30-16:00, IsValid=True
[2025-12-26 14:40:46] Valid showtimes after time filter: 3
[2025-12-26 14:40:46] Returning 3 showtimes to view
[2025-12-26 14:40:49] TicketVerification - Today: 2025-12-26, Now: 2025-12-26 14:40:49
[2025-12-26 14:40:49] Staff 5 - RapId: 1
[2025-12-26 14:40:49] Total showtimes TODAY: 6
[2025-12-26 14:40:50] Staff showtimes (after cinema filter): 5
[2025-12-26 14:40:50] All showtimes fetched: 5
[2025-12-26 14:40:50] Showtime 37 - Avengers: Endgame at 18:00: AllowedRange=17:30-19:00, IsValid=False
[2025-12-26 14:40:50] Showtime 1125 - Inception at 12:00: AllowedRange=11:30-13:00, IsValid=False
[2025-12-26 14:40:50] Showtime 1126 - Inception at 15:00: AllowedRange=14:30-16:00, IsValid=True
[2025-12-26 14:40:50] Showtime 1127 - The Dark Knight at 15:00: AllowedRange=14:30-16:00, IsValid=True
[2025-12-26 14:40:50] Showtime 1128 - Interstellar at 15:00: AllowedRange=14:30-16:00, IsValid=True
[2025-12-26 14:40:50] Valid showtimes after time filter: 3
[2025-12-26 14:40:50] Returning 3 showtimes to view
[2025-12-26 14:41:20] TicketVerification - Today: 2025-12-26, Now: 2025-12-26 14:41:20
[2025-12-26 14:41:20] Staff 5 - RapId: 1
[2025-12-26 14:41:20] Total showtimes TODAY: 6
[2025-12-26 14:41:20] Staff showtimes (after cinema filter): 5
[2025-12-26 14:41:20] All showtimes fetched: 5
[2025-12-26 14:41:20] Showtime 37 - Avengers: Endgame at 18:00: AllowedRange=17:30-19:00, IsValid=False
[2025-12-26 14:41:20] Showtime 1125 - Inception at 12:00: AllowedRange=11:30-13:00, IsValid=False
[2025-12-26 14:41:20] Showtime 1126 - Inception at 15:00: AllowedRange=14:30-16:00, IsValid=True
[2025-12-26 14:41:20] Showtime 1127 - The Dark Knight at 15:00: AllowedRange=14:30-16:00, IsValid=True
[2025-12-26 14:41:20] Showtime 1128 - Interstellar at 15:00: AllowedRange=14:30-16:00, IsValid=True
[2025-12-26 14:41:20] Valid showtimes after time filter: 3
[2025-12-26 14:41:20] Returning 3 showtimes to view
[2025-12-26 14:41:31] ✅ Soát vé: a10f757d-7596-4a81-bd21-f8e6333a2ae7 | Phim: Inception | Rạp: DAV Cinemax Trung Tâm | Ngày: 26-12-2025 | Thời gian: 14:41
[2025-12-26 14:42:09] TicketVerification - Today: 2025-12-26, Now: 2025-12-26 14:42:09
[2025-12-26 14:42:09] Staff 5 - RapId: 1
[2025-12-26 14:42:09] Total showtimes TODAY: 6
[2025-12-26 14:42:09] Staff showtimes (after cinema filter): 5
[2025-12-26 14:42:09] All showtimes fetched: 5
[2025-12-26 14:42:09] Showtime 37 - Avengers: Endgame at 18:00: AllowedRange=17:30-19:00, IsValid=False
[2025-12-26 14:42:09] Showtime 1125 - Inception at 12:00: AllowedRange=11:30-13:00, IsValid=False
[2025-12-26 14:42:09] Showtime 1126 - Inception at 15:00: AllowedRange=14:30-16:00, IsValid=True
[2025-12-26 14:42:09] Showtime 1127 - The Dark Knight at 15:00: AllowedRange=14:30-16:00, IsValid=True
[2025-12-26 14:42:09] Showtime 1128 - Interstellar at 15:00: AllowedRange=14:30-16:00, IsValid=True
[2025-12-26 14:42:09] Valid showtimes after time filter: 3
[2025-12-26 14:42:09] Returning 3 showtimes to view
[2025-12-26 14:42:52] TicketVerification - Today: 2025-12-26, Now: 2025-12-26 14:42:52
[2025-12-26 14:42:52] Staff 5 - RapId: 1
[2025-12-26 14:42:53] Total showtimes TODAY: 6
[2025-12-26 14:42:53] Staff showtimes (after cinema filter): 5
[2025-12-26 14:42:53] All showtimes fetched: 5
[2025-12-26 14:42:53] Showtime 37 - Avengers: Endgame at 18:00: AllowedRange=17:30-19:00, IsValid=False
[2025-12-26 14:42:53] Showtime 1125 - Inception at 12:00: AllowedRange=11:30-13:00, IsValid=False
[2025-12-26 14:42:53] Showtime 1126 - Inception at 15:00: AllowedRange=14:30-16:00, IsValid=True
[2025-12-26 14:42:53] Showtime 1127 - The Dark Knight at 15:00: AllowedRange=14:30-16:00, IsValid=True
[2025-12-26 14:42:53] Showtime 1128 - Interstellar at 15:00: AllowedRange=14:30-16:00, IsValid=True
[2025-12-26 14:42:53] Valid showtimes after time filter: 3
[2025-12-26 14:42:53] Returning 3 showtimes to view
[2025-12-26 14:43:08] TicketVerification - Today: 2025-12-26, Now: 2025-12-26 14:43:08
[2025-12-26 14:43:08] Staff 5 - RapId: 1
[2025-12-26 14:43:08] Total showtimes TODAY: 6
[2025-12-26 14:43:08] Staff showtimes (after cinema filter): 5
[2025-12-26 14:43:08] All showtimes fetched: 5
[2025-12-26 14:43:08] Showtime 37 - Avengers: Endgame at 18:00: AllowedRange=17:30-19:00, IsValid=False
[2025-12-26 14:43:08] Showtime 1125 - Inception at 12:00: AllowedRange=11:30-13:00, IsValid=False
[2025-12-26 14:43:08] Showtime 1126 - Inception at 15:00: AllowedRange=14:30-16:00, IsValid=True
[2025-12-26 14:43:08] Showtime 1127 - The Dark Knight at 15:00: AllowedRange=14:30-16:00, IsValid=True
[2025-12-26 14:43:08] Showtime 1128 - Interstellar at 15:00: AllowedRange=14:30-16:00, IsValid=True
[2025-12-26 14:43:08] Valid showtimes after time filter: 3
[2025-12-26 14:43:08] Returning 3 showtimes to view
[2025-12-26 14:43:24] ✅ Soát vé: 5656b187-e8c5-42b8-8a7c-1747ca089e40 | Phim: Inception | Rạp: DAV Cinemax Trung Tâm | Ngày: 26-12-2025 | Thời gian: 14:43
[2025-12-26 14:43:52] TicketVerification - Today: 2025-12-26, Now: 2025-12-26 14:43:52
[2025-12-26 14:43:52] Staff 5 - RapId: 1
[2025-12-26 14:43:52] Total showtimes TODAY: 6
[2025-12-26 14:43:52] Staff showtimes (after cinema filter): 5
[2025-12-26 14:43:52] All showtimes fetched: 5
[2025-12-26 14:43:52] Showtime 37 - Avengers: Endgame at 18:00: AllowedRange=17:30-19:00, IsValid=False
[2025-12-26 14:43:52] Showtime 1125 - Inception at 12:00: AllowedRange=11:30-13:00, IsValid=False
[2025-12-26 14:43:52] Showtime 1126 - Inception at 15:00: AllowedRange=14:30-16:00, IsValid=True
[2025-12-26 14:43:52] Showtime 1127 - The Dark Knight at 15:00: AllowedRange=14:30-16:00, IsValid=True
[2025-12-26 14:43:52] Showtime 1128 - Interstellar at 15:00: AllowedRange=14:30-16:00, IsValid=True
[2025-12-26 14:43:52] Valid showtimes after time filter: 3
[2025-12-26 14:43:52] Returning 3 showtimes to view
[2025-12-26 14:44:01] ✅ QR Code URL (new format) generated: https://img.vietqr.io/image/VCB-1031419192-compact2.png?amount=0&addInfo=VeAvengers
[2025-12-26 14:44:14] ✅ Admin ViewInvoice: Booking ID 1241
[2025-12-26 14:44:14] ✅ Sinh QR code: 61d4e89d-871f-46ae-8d48-c1816d74c2b6 -> qr_61d4e89d-871f-46ae-8d48-c1816d74c2b6.png
[2025-12-26 14:44:14] ✅ Sinh QR code: 6cc8be9c-4dfa-46a9-813a-2906cc5e2796 -> qr_6cc8be9c-4dfa-46a9-813a-2906cc5e2796.png
[2025-12-26 14:44:41] TicketVerification - Today: 2025-12-26, Now: 2025-12-26 14:44:41
[2025-12-26 14:44:41] Staff 5 - RapId: 1
[2025-12-26 14:44:41] Total showtimes TODAY: 6
[2025-12-26 14:44:41] Staff showtimes (after cinema filter): 5
[2025-12-26 14:44:41] All showtimes fetched: 5
[2025-12-26 14:44:41] Showtime 37 - Avengers: Endgame at 18:00: AllowedRange=17:30-19:00, IsValid=False
[2025-12-26 14:44:41] Showtime 1125 - Inception at 12:00: AllowedRange=11:30-13:00, IsValid=False
[2025-12-26 14:44:41] Showtime 1126 - Inception at 15:00: AllowedRange=14:30-16:00, IsValid=True
[2025-12-26 14:44:41] Showtime 1127 - The Dark Knight at 15:00: AllowedRange=14:30-16:00, IsValid=True
[2025-12-26 14:44:41] Showtime 1128 - Interstellar at 15:00: AllowedRange=14:30-16:00, IsValid=True
[2025-12-26 14:44:41] Valid showtimes after time filter: 3
[2025-12-26 14:44:41] Returning 3 showtimes to view
[2025-12-26 14:45:40] TicketVerification - Today: 2025-12-26, Now: 2025-12-26 14:45:40
[2025-12-26 14:45:40] Staff 5 - RapId: 1
[2025-12-26 14:45:40] Total showtimes TODAY: 6
[2025-12-26 14:45:40] Staff showtimes (after cinema filter): 5
[2025-12-26 14:45:40] All showtimes fetched: 5
[2025-12-26 14:45:40] Showtime 37 - Avengers: Endgame at 18:00: AllowedRange=17:30-19:00, IsValid=False
[2025-12-26 14:45:40] Showtime 1125 - Inception at 12:00: AllowedRange=11:30-13:00, IsValid=False
[2025-12-26 14:45:40] Showtime 1126 - Inception at 15:00: AllowedRange=14:30-16:00, IsValid=True
[2025-12-26 14:45:40] Showtime 1127 - The Dark Knight at 15:00: AllowedRange=14:30-16:00, IsValid=True
[2025-12-26 14:45:40] Showtime 1128 - Interstellar at 15:00: AllowedRange=14:30-16:00, IsValid=True
[2025-12-26 14:45:40] Valid showtimes after time filter: 3
[2025-12-26 14:45:40] Returning 3 showtimes to view
[2025-12-26 14:47:37] ✅ Sinh QR code: QR639023572571020204_0_2_0 -> qr_QR639023572571020204_0_2_0.png
[2025-12-26 14:47:37] ✅ Sinh QR code: QR639023572571020204_0_3_1 -> qr_QR639023572571020204_0_3_1.png
[2025-12-26 14:47:37] ✅ Sinh QR code: QR639023572571020204_0_4_2 -> qr_QR639023572571020204_0_4_2.png
[2025-12-26 14:47:37] ✅ Sinh QR code: QR639023572571020204_0_5_3 -> qr_QR639023572571020204_0_5_3.png
[2025-12-26 14:47:37] ✅ Sinh QR code: QR639023572571020204_0_6_4 -> qr_QR639023572571020204_0_6_4.png
[2025-12-26 14:47:37] ✅ Sinh QR code: QR639023572571020204_0_7_5 -> qr_QR639023572571020204_0_7_5.png
[2025-12-26 14:47:37] ✅ Sinh QR code: QR639023572571020204_0_8_6 -> qr_QR639023572571020204_0_8_6.png
[2025-12-26 14:47:37] ✅ Sinh QR code: QR639023572571020204_0_9_7 -> qr_QR639023572571020204_0_9_7.png
[2025-12-26 14:47:37] ✅ Sinh QR code: QR639023572571020204_0_10_8 -> qr_QR639023572571020204_0_10_8.png
[2025-12-26 14:47:37] ✅ Sinh QR code: QR639023572571020204_0_11_9 -> qr_QR639023572571020204_0_11_9.png
[2025-12-26 14:47:37] ✅ Sinh QR code: QR639023572571020204_0_12_10 -> qr_QR639023572571020204_0_12_10.png
[2025-12-26 14:47:37] ✅ Sinh QR code: QR639023572571020204_0_13_11 -> qr_QR639023572571020204_0_13_11.png
[2025-12-26 14:47:37] ✅ Sinh QR code: QR639023572571020204_0_14_12 -> qr_QR639023572571020204_0_14_12.png
[2025-12-26 14:47:37] ✅ Sinh QR code: QR639023572571020204_0_15_13 -> qr_QR639023572571020204_0_15_13.png
[2025-12-26 14:47:37] ✅ Sinh QR code: QR639023572571020204_0_16_14 -> qr_QR639023572571020204_0_16_14.png
[2025-12-26 14:47:37] ✅ Sinh QR code: QR639023572571020204_0_17_15 -> qr_QR639023572571020204_0_17_15.png
[2025-12-26 14:47:37] ✅ Sinh QR code: QR639023572571020204_0_18_16 -> qr_QR639023572571020204_0_18_16.png
[2025-12-26 14:47:37] ✅ Sinh QR code: QR639023572571020204_0_19_17 -> qr_QR639023572571020204_0_19_17.png
[2025-12-26 14:47:37] ✅ Sinh QR code: QR639023572571020204_0_20_18 -> qr_QR639023572571020204_0_20_18.png
[2025-12-26 14:47:37] ✅ Sinh QR code: QR639023572571020204_0_21_19 -> qr_QR639023572571020204_0_21_19.png
[2025-12-26 14:47:37] ✅ Sinh QR code: QR639023572571020204_0_22_20 -> qr_QR639023572571020204_0_22_20.png
[2025-12-26 14:47:37] ✅ Sinh QR code: QR639023572571020204_0_23_21 -> qr_QR639023572571020204_0_23_21.png
[2025-12-26 14:47:37] ✅ Sinh QR code: QR639023572571020204_0_24_22 -> qr_QR639023572571020204_0_24_22.png
[2025-12-26 14:47:37] ✅ Sinh QR code: QR639023572571020204_0_25_23 -> qr_QR639023572571020204_0_25_23.png
[2025-12-26 14:47:37] ✅ Sinh QR code: QR639023572571020204_0_26_24 -> qr_QR639023572571020204_0_26_24.png
[2025-12-26 14:47:37] ✅ Sinh QR code: QR639023572571020204_0_27_25 -> qr_QR639023572571020204_0_27_25.png
[2025-12-26 14:47:37] ✅ Sinh QR code: QR639023572571020204_0_28_26 -> qr_QR639023572571020204_0_28_26.png
[2025-12-26 14:47:37] ✅ Sinh QR code: QR639023572571020204_0_29_27 -> qr_QR639023572571020204_0_29_27.png
[2025-12-26 14:47:37] ✅ Sinh QR code: QR639023572571020204_0_30_28 -> qr_QR639023572571020204_0_30_28.png
[2025-12-26 14:47:37] ✅ Sinh QR code: QR639023572571020204_0_31_29 -> qr_QR639023572571020204_0_31_29.png
[2025-12-26 14:47:37] ✅ Sinh QR code: QR639023572571020204_0_32_30 -> qr_QR639023572571020204_0_32_30.png
[2025-12-26 14:47:37] ✅ Sinh QR code: QR639023572571020204_0_33_31 -> qr_QR639023572571020204_0_33_31.png
[2025-12-26 14:47:37] ✅ Sinh QR code: QR639023572571020204_0_34_32 -> qr_QR639023572571020204_0_34_32.png
[2025-12-26 14:47:37] ✅ Sinh QR code: QR639023572571020204_0_35_33 -> qr_QR639023572571020204_0_35_33.png
[2025-12-26 14:47:37] ✅ Sinh QR code: QR639023572571020204_0_36_34 -> qr_QR639023572571020204_0_36_34.png
[2025-12-26 14:47:37] ✅ Sinh QR code: QR639023572571020204_0_37_35 -> qr_QR639023572571020204_0_37_35.png
[2025-12-26 14:47:37] ✅ Sinh QR code: QR639023572571020204_0_38_36 -> qr_QR639023572571020204_0_38_36.png
[2025-12-26 14:47:37] ✅ Sinh QR code: QR639023572571020204_0_39_37 -> qr_QR639023572571020204_0_39_37.png
[2025-12-26 14:47:37] ✅ Sinh QR code: QR639023572571020204_0_40_38 -> qr_QR639023572571020204_0_40_38.png
[2025-12-26 14:47:37] ✅ Sinh QR code: QR639023572571020204_0_41_39 -> qr_QR639023572571020204_0_41_39.png
[2025-12-26 14:47:37] ✅ Sinh QR code: QR639023572571020204_0_42_40 -> qr_QR639023572571020204_0_42_40.png
[2025-12-26 14:47:37] ✅ Sinh QR code: QR639023572571020204_0_43_41 -> qr_QR639023572571020204_0_43_41.png
[2025-12-26 14:47:37] ✅ Sinh QR code: QR639023572571020204_0_44_42 -> qr_QR639023572571020204_0_44_42.png
[2025-12-26 14:47:37] ✅ Sinh QR code: QR639023572571020204_0_45_43 -> qr_QR639023572571020204_0_45_43.png
[2025-12-26 14:47:37] ✅ Sinh QR code: QR639023572571020204_0_46_44 -> qr_QR639023572571020204_0_46_44.png
[2025-12-26 14:47:37] ✅ Sinh QR code: QR639023572571020204_0_47_45 -> qr_QR639023572571020204_0_47_45.png
[2025-12-26 14:47:37] ✅ Sinh QR code: QR639023572571020204_0_48_46 -> qr_QR639023572571020204_0_48_46.png
[2025-12-26 14:47:37] ✅ Sinh QR code: QR639023572571020204_0_49_47 -> qr_QR639023572571020204_0_49_47.png
[2025-12-26 14:47:37] ✅ Sinh QR code: QR639023572571020204_0_50_48 -> qr_QR639023572571020204_0_50_48.png
[2025-12-26 14:47:37] ✅ Sinh QR code: QR639023572571020204_0_51_49 -> qr_QR639023572571020204_0_51_49.png
[2025-12-26 14:47:37] ✅ Sinh QR code: QR639023572571020204_0_52_50 -> qr_QR639023572571020204_0_52_50.png
[2025-12-26 14:47:37] ✅ Sinh QR code: QR639023572571020204_0_53_51 -> qr_QR639023572571020204_0_53_51.png
[2025-12-26 14:47:37] ✅ Sinh QR code: QR639023572571020204_0_54_52 -> qr_QR639023572571020204_0_54_52.png
[2025-12-26 14:47:37] ✅ Sinh QR code: QR639023572571020204_0_55_53 -> qr_QR639023572571020204_0_55_53.png
[2025-12-26 14:47:37] ✅ Sinh QR code: QR639023572571020204_0_56_54 -> qr_QR639023572571020204_0_56_54.png
[2025-12-26 14:47:37] ✅ Sinh QR code: QR639023572571020204_0_57_55 -> qr_QR639023572571020204_0_57_55.png
[2025-12-26 14:47:37] ✅ Sinh QR code: QR639023572571020204_0_58_56 -> qr_QR639023572571020204_0_58_56.png
[2025-12-26 14:47:37] ✅ Sinh QR code: QR639023572571020204_0_59_57 -> qr_QR639023572571020204_0_59_57.png
[2025-12-26 14:47:37] ✅ Sinh QR code: QR639023572571020204_0_60_58 -> qr_QR639023572571020204_0_60_58.png
[2025-12-26 14:47:37] ✅ Sinh QR code: QR639023572571020204_0_61_59 -> qr_QR639023572571020204_0_61_59.png
[2025-12-26 14:47:37] ✅ Sinh QR code: QR639023572571020204_0_62_60 -> qr_QR639023572571020204_0_62_60.png
[2025-12-26 14:47:37] ✅ Sinh QR code: QR639023572571020204_0_63_61 -> qr_QR639023572571020204_0_63_61.png
[2025-12-26 14:47:37] ✅ Sinh QR code: QR639023572571020204_0_64_62 -> qr_QR639023572571020204_0_64_62.png
[2025-12-26 14:47:37] ✅ Sinh QR code: QR639023572571020204_0_65_63 -> qr_QR639023572571020204_0_65_63.png
[2025-12-26 14:47:37] ✅ Sinh QR code: QR639023572571020204_0_66_64 -> qr_QR639023572571020204_0_66_64.png
[2025-12-26 14:47:37] ✅ Sinh QR code: QR639023572571020204_0_67_65 -> qr_QR639023572571020204_0_67_65.png
[2025-12-26 14:47:37] ✅ Sinh QR code: QR639023572571020204_0_68_66 -> qr_QR639023572571020204_0_68_66.png
[2025-12-26 14:47:37] ✅ Sinh QR code: QR639023572571020204_0_69_67 -> qr_QR639023572571020204_0_69_67.png
[2025-12-26 14:47:37] ✅ Sinh QR code: QR639023572571020204_0_70_68 -> qr_QR639023572571020204_0_70_68.png
[2025-12-26 14:47:37] ✅ Sinh QR code: QR639023572571020204_0_71_69 -> qr_QR639023572571020204_0_71_69.png
[2025-12-26 14:47:37] ✅ Sinh QR code: QR639023572571020204_0_72_70 -> qr_QR639023572571020204_0_72_70.png
[2025-12-26 14:47:37] ✅ Sinh QR code: QR639023572571020204_0_73_71 -> qr_QR639023572571020204_0_73_71.png
[2025-12-26 14:47:37] ✅ Sinh QR code: QR639023572571020204_0_74_72 -> qr_QR639023572571020204_0_74_72.png
[2025-12-26 14:47:37] ✅ Sinh QR code: QR639023572571020204_0_75_73 -> qr_QR639023572571020204_0_75_73.png
[2025-12-26 14:47:37] ✅ Sinh QR code: QR639023572571020204_0_76_74 -> qr_QR639023572571020204_0_76_74.png
[2025-12-26 14:47:37] ✅ Sinh QR code: QR639023572571020204_0_77_75 -> qr_QR639023572571020204_0_77_75.png
[2025-12-26 14:47:37] ✅ Sinh QR code: QR639023572571020204_0_78_76 -> qr_QR639023572571020204_0_78_76.png
[2025-12-26 14:47:37] ✅ Sinh QR code: QR639023572571020204_0_79_77 -> qr_QR639023572571020204_0_79_77.png
[2025-12-26 14:47:37] ✅ Sinh QR code: QR639023572571020204_0_80_78 -> qr_QR639023572571020204_0_80_78.png
[2025-12-26 14:47:37] ✅ Sinh QR code: QR639023572571020204_0_81_79 -> qr_QR639023572571020204_0_81_79.png
[2025-12-26 14:47:37] ✅ Sinh QR code: QR639023572571020204_0_82_80 -> qr_QR639023572571020204_0_82_80.png
[2025-12-26 14:47:37] ✅ Sinh QR code: QR639023572571020204_0_83_81 -> qr_QR639023572571020204_0_83_81.png
[2025-12-26 14:47:37] ✅ Sinh QR code: QR639023572571020204_0_84_82 -> qr_QR639023572571020204_0_84_82.png
[2025-12-26 14:47:37] ✅ Sinh QR code: QR639023572571020204_0_85_83 -> qr_QR639023572571020204_0_85_83.png
[2025-12-26 14:47:37] ✅ Sinh QR code: QR639023572571020204_0_86_84 -> qr_QR639023572571020204_0_86_84.png
[2025-12-26 14:47:37] ✅ Sinh QR code: QR639023572571020204_0_87_85 -> qr_QR639023572571020204_0_87_85.png
[2025-12-26 14:47:37] ✅ Sinh QR code: QR639023572571020204_0_88_86 -> qr_QR639023572571020204_0_88_86.png
[2025-12-26 14:47:37] ✅ Sinh QR code: QR639023572571020204_0_89_87 -> qr_QR639023572571020204_0_89_87.png
[2025-12-26 14:47:37] ✅ Sinh QR code: QR639023572571020204_0_90_88 -> qr_QR639023572571020204_0_90_88.png
[2025-12-26 14:47:37] ✅ Sinh QR code: QR639023572571020204_0_91_89 -> qr_QR639023572571020204_0_91_89.png
[2025-12-26 14:47:37] ✅ Sinh QR code: QR639023572571020204_0_92_90 -> qr_QR639023572571020204_0_92_90.png
[2025-12-26 14:47:37] ✅ Sinh QR code: QR639023572571020204_0_93_91 -> qr_QR639023572571020204_0_93_91.png
[2025-12-26 14:47:37] ✅ Sinh QR code: QR639023572571020204_0_94_92 -> qr_QR639023572571020204_0_94_92.png
[2025-12-26 14:47:37] ✅ Sinh QR code: QR639023572571020204_0_95_93 -> qr_QR639023572571020204_0_95_93.png
[2025-12-26 14:47:37] ✅ Sinh QR code: QR639023572571020204_0_96_94 -> qr_QR639023572571020204_0_96_94.png
[2025-12-26 14:47:37] ✅ Sinh QR code: QR639023572571020204_0_97_95 -> qr_QR639023572571020204_0_97_95.png
[2025-12-26 14:47:37] ✅ Sinh QR code: QR639023572571020204_0_98_96 -> qr_QR639023572571020204_0_98_96.png
[2025-12-26 14:47:37] ✅ Sinh QR code: QR639023572571020204_0_99_97 -> qr_QR639023572571020204_0_99_97.png
[2025-12-26 14:47:37] ✅ Sinh QR code: QR639023572571020204_0_100_98 -> qr_QR639023572571020204_0_100_98.png
[2025-12-26 14:47:37] ✅ Sinh QR code: QR639023572571020204_0_101_99 -> qr_QR639023572571020204_0_101_99.png
[2025-12-26 14:47:58] TicketVerification - Today: 2025-12-26, Now: 2025-12-26 14:47:58
[2025-12-26 14:47:58] Staff 5 - RapId: 1
[2025-12-26 14:47:58] Total showtimes TODAY: 7
[2025-12-26 14:47:58] Staff showtimes (after cinema filter): 6
[2025-12-26 14:47:58] All showtimes fetched: 6
[2025-12-26 14:47:58] Showtime 37 - Avengers: Endgame at 18:00: AllowedRange=17:30-19:00, IsValid=False
[2025-12-26 14:47:58] Showtime 1125 - Inception at 12:00: AllowedRange=11:30-13:00, IsValid=False
[2025-12-26 14:47:58] Showtime 1126 - Inception at 15:00: AllowedRange=14:30-16:00, IsValid=True
[2025-12-26 14:47:58] Showtime 1127 - The Dark Knight at 15:00: AllowedRange=14:30-16:00, IsValid=True
[2025-12-26 14:47:58] Showtime 1128 - Interstellar at 15:00: AllowedRange=14:30-16:00, IsValid=True
[2025-12-26 14:47:58] Showtime 1129 - Inception at 18:00: AllowedRange=17:30-19:00, IsValid=False
[2025-12-26 14:47:58] Valid showtimes after time filter: 3
[2025-12-26 14:47:58] Returning 3 showtimes to view
[2025-12-26 14:48:20] ✅ QR Code URL (new format) generated: https://img.vietqr.io/image/VCB-1031419192-compact2.png?amount=0&addInfo=VeInception
[2025-12-26 14:48:29] ✅ Admin ViewInvoice: Booking ID 1242
[2025-12-26 14:48:29] ✅ Sinh QR code: 233e3c1a-63b1-429c-af83-4a736533cca1 -> qr_233e3c1a-63b1-429c-af83-4a736533cca1.png
[2025-12-26 14:48:29] ✅ Sinh QR code: 786160e9-72b5-4950-8062-5935722aed86 -> qr_786160e9-72b5-4950-8062-5935722aed86.png
[2025-12-26 14:48:50] TicketVerification - Today: 2025-12-26, Now: 2025-12-26 14:48:50
[2025-12-26 14:48:50] Staff 5 - RapId: 1
[2025-12-26 14:48:50] Total showtimes TODAY: 7
[2025-12-26 14:48:50] Staff showtimes (after cinema filter): 6
[2025-12-26 14:48:50] All showtimes fetched: 6
[2025-12-26 14:48:50] Showtime 37 - Avengers: Endgame at 18:00: AllowedRange=17:30-19:00, IsValid=False
[2025-12-26 14:48:50] Showtime 1125 - Inception at 12:00: AllowedRange=11:30-13:00, IsValid=False
[2025-12-26 14:48:50] Showtime 1126 - Inception at 15:00: AllowedRange=14:30-16:00, IsValid=True
[2025-12-26 14:48:50] Showtime 1127 - The Dark Knight at 15:00: AllowedRange=14:30-16:00, IsValid=True
[2025-12-26 14:48:50] Showtime 1128 - Interstellar at 15:00: AllowedRange=14:30-16:00, IsValid=True
[2025-12-26 14:48:50] Showtime 1129 - Inception at 18:00: AllowedRange=17:30-19:00, IsValid=False
[2025-12-26 14:48:50] Valid showtimes after time filter: 3
[2025-12-26 14:48:50] Returning 3 showtimes to view
[2025-12-26 14:49:15] TicketVerification - Today: 2025-12-26, Now: 2025-12-26 14:49:15
[2025-12-26 14:49:15] Staff 5 - RapId: 1
[2025-12-26 14:49:15] Total showtimes TODAY: 7
[2025-12-26 14:49:15] Staff showtimes (after cinema filter): 6
[2025-12-26 14:49:15] All showtimes fetched: 6
[2025-12-26 14:49:15] Showtime 37 - Avengers: Endgame at 18:00: AllowedRange=17:30-19:00, IsValid=False
[2025-12-26 14:49:15] Showtime 1125 - Inception at 12:00: AllowedRange=11:30-13:00, IsValid=False
[2025-12-26 14:49:15] Showtime 1126 - Inception at 15:00: AllowedRange=14:30-16:00, IsValid=True
[2025-12-26 14:49:15] Showtime 1127 - The Dark Knight at 15:00: AllowedRange=14:30-16:00, IsValid=True
[2025-12-26 14:49:15] Showtime 1128 - Interstellar at 15:00: AllowedRange=14:30-16:00, IsValid=True
[2025-12-26 14:49:15] Showtime 1129 - Inception at 18:00: AllowedRange=17:30-19:00, IsValid=False
[2025-12-26 14:49:15] Valid showtimes after time filter: 3
[2025-12-26 14:49:15] Returning 3 showtimes to view
[2025-12-26 14:50:00] TicketVerification - Today: 2025-12-26, Now: 2025-12-26 14:50:00
[2025-12-26 14:50:00] Staff 5 - RapId: 1
[2025-12-26 14:50:00] Total showtimes TODAY: 7
[2025-12-26 14:50:00] Staff showtimes (after cinema filter): 6
[2025-12-26 14:50:00] All showtimes fetched: 6
[2025-12-26 14:50:00] Showtime 37 - Avengers: Endgame at 18:00: AllowedRange=17:30-19:00, IsValid=False
[2025-12-26 14:50:00] Showtime 1125 - Inception at 12:00: AllowedRange=11:30-13:00, IsValid=False
[2025-12-26 14:50:00] Showtime 1126 - Inception at 15:00: AllowedRange=14:30-16:00, IsValid=True
[2025-12-26 14:50:00] Showtime 1127 - The Dark Knight at 15:00: AllowedRange=14:30-16:00, IsValid=True
[2025-12-26 14:50:00] Showtime 1128 - Interstellar at 15:00: AllowedRange=14:30-16:00, IsValid=True
[2025-12-26 14:50:00] Showtime 1129 - Inception at 18:00: AllowedRange=17:30-19:00, IsValid=False
[2025-12-26 14:50:00] Valid showtimes after time filter: 3
[2025-12-26 14:50:00] Returning 3 showtimes to view
[2025-12-26 14:50:30] TicketVerification - Today: 2025-12-26, Now: 2025-12-26 14:50:30
[2025-12-26 14:50:30] Staff 5 - RapId: 1
[2025-12-26 14:50:30] Total showtimes TODAY: 7
[2025-12-26 14:50:30] Staff showtimes (after cinema filter): 6
[2025-12-26 14:50:30] All showtimes fetched: 6
[2025-12-26 14:50:30] Showtime 37 - Avengers: Endgame at 18:00: AllowedRange=17:30-19:00, IsValid=False
[2025-12-26 14:50:30] Showtime 1125 - Inception at 12:00: AllowedRange=11:30-13:00, IsValid=False
[2025-12-26 14:50:30] Showtime 1126 - Inception at 15:00: AllowedRange=14:30-16:00, IsValid=True
[2025-12-26 14:50:30] Showtime 1127 - The Dark Knight at 15:00: AllowedRange=14:30-16:00, IsValid=True
[2025-12-26 14:50:30] Showtime 1128 - Interstellar at 15:00: AllowedRange=14:30-16:00, IsValid=True
[2025-12-26 14:50:30] Showtime 1129 - Inception at 18:00: AllowedRange=17:30-19:00, IsValid=False
[2025-12-26 14:50:30] Valid showtimes after time filter: 3
[2025-12-26 14:50:30] Returning 3 showtimes to view
[2025-12-26 14:50:42] TicketVerification - Today: 2025-12-26, Now: 2025-12-26 14:50:42
[2025-12-26 14:50:42] Staff 5 - RapId: 1
[2025-12-26 14:50:42] Total showtimes TODAY: 7
[2025-12-26 14:50:42] Staff showtimes (after cinema filter): 6
[2025-12-26 14:50:42] All showtimes fetched: 6
[2025-12-26 14:50:42] Showtime 37 - Avengers: Endgame at 18:00: AllowedRange=17:30-19:00, IsValid=False
[2025-12-26 14:50:42] Showtime 1125 - Inception at 12:00: AllowedRange=11:30-13:00, IsValid=False
[2025-12-26 14:50:42] Showtime 1126 - Inception at 15:00: AllowedRange=14:30-16:00, IsValid=True
[2025-12-26 14:50:42] Showtime 1127 - The Dark Knight at 15:00: AllowedRange=14:30-16:00, IsValid=True
[2025-12-26 14:50:42] Showtime 1128 - Interstellar at 15:00: AllowedRange=14:30-16:00, IsValid=True
[2025-12-26 14:50:42] Showtime 1129 - Inception at 18:00: AllowedRange=17:30-19:00, IsValid=False
[2025-12-26 14:50:42] Valid showtimes after time filter: 3
[2025-12-26 14:50:42] Returning 3 showtimes to view
[2025-12-26 14:50:48] TicketVerification - Today: 2025-12-26, Now: 2025-12-26 14:50:48
[2025-12-26 14:50:48] Staff 5 - RapId: 1
[2025-12-26 14:50:48] Total showtimes TODAY: 7
[2025-12-26 14:50:48] Staff showtimes (after cinema filter): 6
[2025-12-26 14:50:48] All showtimes fetched: 6
[2025-12-26 14:50:48] Showtime 37 - Avengers: Endgame at 18:00: AllowedRange=17:30-19:00, IsValid=False
[2025-12-26 14:50:48] Showtime 1125 - Inception at 12:00: AllowedRange=11:30-13:00, IsValid=False
[2025-12-26 14:50:48] Showtime 1126 - Inception at 15:00: AllowedRange=14:30-16:00, IsValid=True
[2025-12-26 14:50:48] Showtime 1127 - The Dark Knight at 15:00: AllowedRange=14:30-16:00, IsValid=True
[2025-12-26 14:50:48] Showtime 1128 - Interstellar at 15:00: AllowedRange=14:30-16:00, IsValid=True
[2025-12-26 14:50:48] Showtime 1129 - Inception at 18:00: AllowedRange=17:30-19:00, IsValid=False
[2025-12-26 14:50:48] Valid showtimes after time filter: 3
[2025-12-26 14:50:48] Returning 3 showtimes to view
[2025-12-26 14:50:50] TicketVerification - Today: 2025-12-26, Now: 2025-12-26 14:50:50
[2025-12-26 14:50:50] Staff 5 - RapId: 1
[2025-12-26 14:50:50] Total showtimes TODAY: 7
[2025-12-26 14:50:50] Staff showtimes (after cinema filter): 6
[2025-12-26 14:50:50] All showtimes fetched: 6
[2025-12-26 14:50:50] Showtime 37 - Avengers: Endgame at 18:00: AllowedRange=17:30-19:00, IsValid=False
[2025-12-26 14:50:50] Showtime 1125 - Inception at 12:00: AllowedRange=11:30-13:00, IsValid=False
[2025-12-26 14:50:50] Showtime 1126 - Inception at 15:00: AllowedRange=14:30-16:00, IsValid=True
[2025-12-26 14:50:50] Showtime 1127 - The Dark Knight at 15:00: AllowedRange=14:30-16:00, IsValid=True
[2025-12-26 14:50:50] Showtime 1128 - Interstellar at 15:00: AllowedRange=14:30-16:00, IsValid=True
[2025-12-26 14:50:50] Showtime 1129 - Inception at 18:00: AllowedRange=17:30-19:00, IsValid=False
[2025-12-26 14:50:50] Valid showtimes after time filter: 3
[2025-12-26 14:50:50] Returning 3 showtimes to view
[2025-12-26 14:50:55] ✅ QR Code URL (new format) generated: https://img.vietqr.io/image/VCB-1031419192-compact2.png?amount=0&addInfo=VeInception
[2025-12-26 14:56:28] ? BookingExpirationService started
[2025-12-26 14:57:02] ✅ QR Code URL (new format) generated: https://img.vietqr.io/image/VCB-1031419192-compact2.png?amount=0&addInfo=VeInception
[2025-12-26 15:03:54] ✅ QR Code URL (new format) generated: https://img.vietqr.io/image/VCB-1031419192-compact2.png?amount=0&addInfo=VeInception
[2025-12-26 15:05:02] ✅ QR Code URL (new format) generated: https://img.vietqr.io/image/VCB-1031419192-compact2.png?amount=0&addInfo=VeInception
[2025-12-26 15:05:13] ✅ QR Code URL (new format) generated: https://img.vietqr.io/image/VCB-1031419192-compact2.png?amount=0&addInfo=VeInception
[2025-12-26 15:05:28] ✅ QR Code URL (new format) generated: https://img.vietqr.io/image/VCB-1031419192-compact2.png?amount=0&addInfo=VeInception
[2025-12-26 15:05:36] ✅ QR Code URL (new format) generated: https://img.vietqr.io/image/VCB-1031419192-compact2.png?amount=0&addInfo=VeInception
[2025-12-26 15:06:48] ✅ Staff Applied Promo KM004: Discount 54750
[2025-12-26 15:06:50] ✅ Admin ViewInvoice: Booking ID 1243
[2025-12-26 15:06:50] ✅ Sinh QR code: 3d27737e-c679-4b59-b1ac-0c9827c2c2c0 -> qr_3d27737e-c679-4b59-b1ac-0c9827c2c2c0.png
[2025-12-26 15:06:50] ✅ Sinh QR code: 1d2ce9b9-f6e9-4f58-bac5-c71a70e3dc4e -> qr_1d2ce9b9-f6e9-4f58-bac5-c71a70e3dc4e.png
[2025-12-26 15:06:50] ✅ Sinh QR code: 2735490f-e066-4cbe-954c-306aff1060dd -> qr_2735490f-e066-4cbe-954c-306aff1060dd.png
[2025-12-26 15:07:03] TicketVerification - Today: 2025-12-26, Now: 2025-12-26 15:07:03
[2025-12-26 15:07:03] Staff 5 - RapId: 1
[2025-12-26 15:07:03] Total showtimes TODAY: 7
[2025-12-26 15:07:03] Staff showtimes (after cinema filter): 6
[2025-12-26 15:07:03] All showtimes fetched: 6
[2025-12-26 15:07:03] Showtime 37 - Avengers: Endgame at 18:00: AllowedRange=17:30-19:00, IsValid=False
[2025-12-26 15:07:03] Showtime 1125 - Inception at 12:00: AllowedRange=11:30-13:00, IsValid=False
[2025-12-26 15:07:03] Showtime 1126 - Inception at 15:00: AllowedRange=14:30-16:00, IsValid=True
[2025-12-26 15:07:03] Showtime 1127 - The Dark Knight at 15:00: AllowedRange=14:30-16:00, IsValid=True
[2025-12-26 15:07:03] Showtime 1128 - Interstellar at 15:00: AllowedRange=14:30-16:00, IsValid=True
[2025-12-26 15:07:03] Showtime 1129 - Inception at 18:00: AllowedRange=17:30-19:00, IsValid=False
[2025-12-26 15:07:03] Valid showtimes after time filter: 3
[2025-12-26 15:07:03] Returning 3 showtimes to view
[2025-12-26 15:07:34] TicketVerification - Today: 2025-12-26, Now: 2025-12-26 15:07:34
[2025-12-26 15:07:34] Staff 5 - RapId: 1
[2025-12-26 15:07:34] Total showtimes TODAY: 7
[2025-12-26 15:07:34] Staff showtimes (after cinema filter): 6
[2025-12-26 15:07:34] All showtimes fetched: 6
[2025-12-26 15:07:34] Showtime 37 - Avengers: Endgame at 18:00: AllowedRange=17:30-19:00, IsValid=False
[2025-12-26 15:07:34] Showtime 1125 - Inception at 12:00: AllowedRange=11:30-13:00, IsValid=False
[2025-12-26 15:07:34] Showtime 1126 - Inception at 15:00: AllowedRange=14:30-16:00, IsValid=True
[2025-12-26 15:07:34] Showtime 1127 - The Dark Knight at 15:00: AllowedRange=14:30-16:00, IsValid=True
[2025-12-26 15:07:34] Showtime 1128 - Interstellar at 15:00: AllowedRange=14:30-16:00, IsValid=True
[2025-12-26 15:07:34] Showtime 1129 - Inception at 18:00: AllowedRange=17:30-19:00, IsValid=False
[2025-12-26 15:07:34] Valid showtimes after time filter: 3
[2025-12-26 15:07:34] Returning 3 showtimes to view
[2025-12-26 15:07:39] TicketVerification - Today: 2025-12-26, Now: 2025-12-26 15:07:39
[2025-12-26 15:07:39] Staff 5 - RapId: 1
[2025-12-26 15:07:39] Total showtimes TODAY: 7
[2025-12-26 15:07:39] Staff showtimes (after cinema filter): 6
[2025-12-26 15:07:39] All showtimes fetched: 6
[2025-12-26 15:07:39] Showtime 37 - Avengers: Endgame at 18:00: AllowedRange=17:30-19:00, IsValid=False
[2025-12-26 15:07:39] Showtime 1125 - Inception at 12:00: AllowedRange=11:30-13:00, IsValid=False
[2025-12-26 15:07:39] Showtime 1126 - Inception at 15:00: AllowedRange=14:30-16:00, IsValid=True
[2025-12-26 15:07:39] Showtime 1127 - The Dark Knight at 15:00: AllowedRange=14:30-16:00, IsValid=True
[2025-12-26 15:07:39] Showtime 1128 - Interstellar at 15:00: AllowedRange=14:30-16:00, IsValid=True
[2025-12-26 15:07:39] Showtime 1129 - Inception at 18:00: AllowedRange=17:30-19:00, IsValid=False
[2025-12-26 15:07:39] Valid showtimes after time filter: 3
[2025-12-26 15:07:39] Returning 3 showtimes to view
[2025-12-26 15:08:09] TicketVerification - Today: 2025-12-26, Now: 2025-12-26 15:08:09
[2025-12-26 15:08:10] Staff 5 - RapId: 1
[2025-12-26 15:08:10] Total showtimes TODAY: 7
[2025-12-26 15:08:10] Staff showtimes (after cinema filter): 6
[2025-12-26 15:08:10] All showtimes fetched: 6
[2025-12-26 15:08:10] Showtime 37 - Avengers: Endgame at 18:00: AllowedRange=17:30-19:00, IsValid=False
[2025-12-26 15:08:10] Showtime 1125 - Inception at 12:00: AllowedRange=11:30-13:00, IsValid=False
[2025-12-26 15:08:10] Showtime 1126 - Inception at 15:00: AllowedRange=14:30-16:00, IsValid=True
[2025-12-26 15:08:10] Showtime 1127 - The Dark Knight at 15:00: AllowedRange=14:30-16:00, IsValid=True
[2025-12-26 15:08:10] Showtime 1128 - Interstellar at 15:00: AllowedRange=14:30-16:00, IsValid=True
[2025-12-26 15:08:10] Showtime 1129 - Inception at 18:00: AllowedRange=17:30-19:00, IsValid=False
[2025-12-26 15:08:10] Valid showtimes after time filter: 3
[2025-12-26 15:08:10] Returning 3 showtimes to view
[2025-12-26 15:08:39] TicketVerification - Today: 2025-12-26, Now: 2025-12-26 15:08:39
[2025-12-26 15:08:39] Staff 5 - RapId: 1
[2025-12-26 15:08:39] Total showtimes TODAY: 7
[2025-12-26 15:08:39] Staff showtimes (after cinema filter): 6
[2025-12-26 15:08:39] All showtimes fetched: 6
[2025-12-26 15:08:39] Showtime 37 - Avengers: Endgame at 18:00: AllowedRange=17:30-19:00, IsValid=False
[2025-12-26 15:08:39] Showtime 1125 - Inception at 12:00: AllowedRange=11:30-13:00, IsValid=False
[2025-12-26 15:08:39] Showtime 1126 - Inception at 15:00: AllowedRange=14:30-16:00, IsValid=True
[2025-12-26 15:08:39] Showtime 1127 - The Dark Knight at 15:00: AllowedRange=14:30-16:00, IsValid=True
[2025-12-26 15:08:39] Showtime 1128 - Interstellar at 15:00: AllowedRange=14:30-16:00, IsValid=True
[2025-12-26 15:08:39] Showtime 1129 - Inception at 18:00: AllowedRange=17:30-19:00, IsValid=False
[2025-12-26 15:08:39] Valid showtimes after time filter: 3
[2025-12-26 15:08:39] Returning 3 showtimes to view
[2025-12-26 15:09:26] TicketVerification - Today: 2025-12-26, Now: 2025-12-26 15:09:26
[2025-12-26 15:09:26] Staff 5 - RapId: 1
[2025-12-26 15:09:26] Total showtimes TODAY: 7
[2025-12-26 15:09:26] Staff showtimes (after cinema filter): 6
[2025-12-26 15:09:26] All showtimes fetched: 6
[2025-12-26 15:09:26] Showtime 37 - Avengers: Endgame at 18:00: AllowedRange=17:30-19:00, IsValid=False
[2025-12-26 15:09:26] Showtime 1125 - Inception at 12:00: AllowedRange=11:30-13:00, IsValid=False
[2025-12-26 15:09:26] Showtime 1126 - Inception at 15:00: AllowedRange=14:30-16:00, IsValid=True
[2025-12-26 15:09:26] Showtime 1127 - The Dark Knight at 15:00: AllowedRange=14:30-16:00, IsValid=True
[2025-12-26 15:09:26] Showtime 1128 - Interstellar at 15:00: AllowedRange=14:30-16:00, IsValid=True
[2025-12-26 15:09:26] Showtime 1129 - Inception at 18:00: AllowedRange=17:30-19:00, IsValid=False
[2025-12-26 15:09:26] Valid showtimes after time filter: 3
[2025-12-26 15:09:26] Returning 3 showtimes to view
[2025-12-26 15:09:50] TicketVerification - Today: 2025-12-26, Now: 2025-12-26 15:09:50
[2025-12-26 15:09:50] Staff 5 - RapId: 1
[2025-12-26 15:09:50] Total showtimes TODAY: 7
[2025-12-26 15:09:50] Staff showtimes (after cinema filter): 6
[2025-12-26 15:09:50] All showtimes fetched: 6
[2025-12-26 15:09:50] Showtime 37 - Avengers: Endgame at 18:00: AllowedRange=17:30-19:00, IsValid=False
[2025-12-26 15:09:50] Showtime 1125 - Inception at 12:00: AllowedRange=11:30-13:00, IsValid=False
[2025-12-26 15:09:50] Showtime 1126 - Inception at 15:00: AllowedRange=14:30-16:00, IsValid=True
[2025-12-26 15:09:50] Showtime 1127 - The Dark Knight at 15:00: AllowedRange=14:30-16:00, IsValid=True
[2025-12-26 15:09:50] Showtime 1128 - Interstellar at 15:00: AllowedRange=14:30-16:00, IsValid=True
[2025-12-26 15:09:50] Showtime 1129 - Inception at 18:00: AllowedRange=17:30-19:00, IsValid=False
[2025-12-26 15:09:50] Valid showtimes after time filter: 3
[2025-12-26 15:09:50] Returning 3 showtimes to view
[2025-12-26 15:09:52] TicketVerification - Today: 2025-12-26, Now: 2025-12-26 15:09:52
[2025-12-26 15:09:52] Staff 5 - RapId: 1
[2025-12-26 15:09:52] Total showtimes TODAY: 7
[2025-12-26 15:09:52] Staff showtimes (after cinema filter): 6
[2025-12-26 15:09:52] All showtimes fetched: 6
[2025-12-26 15:09:52] Showtime 37 - Avengers: Endgame at 18:00: AllowedRange=17:30-19:00, IsValid=False
[2025-12-26 15:09:52] Showtime 1125 - Inception at 12:00: AllowedRange=11:30-13:00, IsValid=False
[2025-12-26 15:09:52] Showtime 1126 - Inception at 15:00: AllowedRange=14:30-16:00, IsValid=True
[2025-12-26 15:09:52] Showtime 1127 - The Dark Knight at 15:00: AllowedRange=14:30-16:00, IsValid=True
[2025-12-26 15:09:52] Showtime 1128 - Interstellar at 15:00: AllowedRange=14:30-16:00, IsValid=True
[2025-12-26 15:09:52] Showtime 1129 - Inception at 18:00: AllowedRange=17:30-19:00, IsValid=False
[2025-12-26 15:09:52] Valid showtimes after time filter: 3
[2025-12-26 15:09:52] Returning 3 showtimes to view
[2025-12-26 15:09:53] TicketVerification - Today: 2025-12-26, Now: 2025-12-26 15:09:53
[2025-12-26 15:09:53] Staff 5 - RapId: 1
[2025-12-26 15:09:53] Total showtimes TODAY: 7
[2025-12-26 15:09:53] Staff showtimes (after cinema filter): 6
[2025-12-26 15:09:53] All showtimes fetched: 6
[2025-12-26 15:09:53] Showtime 37 - Avengers: Endgame at 18:00: AllowedRange=17:30-19:00, IsValid=False
[2025-12-26 15:09:53] Showtime 1125 - Inception at 12:00: AllowedRange=11:30-13:00, IsValid=False
[2025-12-26 15:09:53] Showtime 1126 - Inception at 15:00: AllowedRange=14:30-16:00, IsValid=True
[2025-12-26 15:09:53] Showtime 1127 - The Dark Knight at 15:00: AllowedRange=14:30-16:00, IsValid=True
[2025-12-26 15:09:53] Showtime 1128 - Interstellar at 15:00: AllowedRange=14:30-16:00, IsValid=True
[2025-12-26 15:09:53] Showtime 1129 - Inception at 18:00: AllowedRange=17:30-19:00, IsValid=False
[2025-12-26 15:09:53] Valid showtimes after time filter: 3
[2025-12-26 15:09:53] Returning 3 showtimes to view
[2025-12-26 15:09:54] TicketVerification - Today: 2025-12-26, Now: 2025-12-26 15:09:54
[2025-12-26 15:09:54] Staff 5 - RapId: 1
[2025-12-26 15:09:54] Total showtimes TODAY: 7
[2025-12-26 15:09:54] Staff showtimes (after cinema filter): 6
[2025-12-26 15:09:54] All showtimes fetched: 6
[2025-12-26 15:09:54] Showtime 37 - Avengers: Endgame at 18:00: AllowedRange=17:30-19:00, IsValid=False
[2025-12-26 15:09:54] Showtime 1125 - Inception at 12:00: AllowedRange=11:30-13:00, IsValid=False
[2025-12-26 15:09:54] Showtime 1126 - Inception at 15:00: AllowedRange=14:30-16:00, IsValid=True
[2025-12-26 15:09:54] Showtime 1127 - The Dark Knight at 15:00: AllowedRange=14:30-16:00, IsValid=True
[2025-12-26 15:09:54] Showtime 1128 - Interstellar at 15:00: AllowedRange=14:30-16:00, IsValid=True
[2025-12-26 15:09:54] Showtime 1129 - Inception at 18:00: AllowedRange=17:30-19:00, IsValid=False
[2025-12-26 15:09:54] Valid showtimes after time filter: 3
[2025-12-26 15:09:54] Returning 3 showtimes to view
[2025-12-26 15:10:14] TicketVerification - Today: 2025-12-26, Now: 2025-12-26 15:10:14
[2025-12-26 15:10:14] Staff 5 - RapId: 1
[2025-12-26 15:10:14] Total showtimes TODAY: 7
[2025-12-26 15:10:14] Staff showtimes (after cinema filter): 6
[2025-12-26 15:10:14] All showtimes fetched: 6
[2025-12-26 15:10:14] Showtime 37 - Avengers: Endgame at 18:00: AllowedRange=17:30-19:00, IsValid=False
[2025-12-26 15:10:14] Showtime 1125 - Inception at 12:00: AllowedRange=11:30-13:00, IsValid=False
[2025-12-26 15:10:14] Showtime 1126 - Inception at 15:00: AllowedRange=14:30-16:00, IsValid=True
[2025-12-26 15:10:14] Showtime 1127 - The Dark Knight at 15:00: AllowedRange=14:30-16:00, IsValid=True
[2025-12-26 15:10:14] Showtime 1128 - Interstellar at 15:00: AllowedRange=14:30-16:00, IsValid=True
[2025-12-26 15:10:14] Showtime 1129 - Inception at 18:00: AllowedRange=17:30-19:00, IsValid=False
[2025-12-26 15:10:14] Valid showtimes after time filter: 3
[2025-12-26 15:10:14] Returning 3 showtimes to view
[2025-12-26 15:10:15] TicketVerification - Today: 2025-12-26, Now: 2025-12-26 15:10:15
[2025-12-26 15:10:15] Staff 5 - RapId: 1
[2025-12-26 15:10:15] Total showtimes TODAY: 7
[2025-12-26 15:10:15] Staff showtimes (after cinema filter): 6
[2025-12-26 15:10:15] All showtimes fetched: 6
[2025-12-26 15:10:15] Showtime 37 - Avengers: Endgame at 18:00: AllowedRange=17:30-19:00, IsValid=False
[2025-12-26 15:10:16] Showtime 1125 - Inception at 12:00: AllowedRange=11:30-13:00, IsValid=False
[2025-12-26 15:10:16] Showtime 1126 - Inception at 15:00: AllowedRange=14:30-16:00, IsValid=True
[2025-12-26 15:10:16] Showtime 1127 - The Dark Knight at 15:00: AllowedRange=14:30-16:00, IsValid=True
[2025-12-26 15:10:16] Showtime 1128 - Interstellar at 15:00: AllowedRange=14:30-16:00, IsValid=True
[2025-12-26 15:10:16] Showtime 1129 - Inception at 18:00: AllowedRange=17:30-19:00, IsValid=False
[2025-12-26 15:10:16] Valid showtimes after time filter: 3
[2025-12-26 15:10:16] Returning 3 showtimes to view
[2025-12-26 15:10:46] TicketVerification - Today: 2025-12-26, Now: 2025-12-26 15:10:46
[2025-12-26 15:10:46] Staff 5 - RapId: 1
[2025-12-26 15:10:46] Total showtimes TODAY: 7
[2025-12-26 15:10:46] Staff showtimes (after cinema filter): 6
[2025-12-26 15:10:46] All showtimes fetched: 6
[2025-12-26 15:10:46] Showtime 37 - Avengers: Endgame at 18:00: AllowedRange=17:30-19:00, IsValid=False
[2025-12-26 15:10:46] Showtime 1125 - Inception at 12:00: AllowedRange=11:30-13:00, IsValid=False
[2025-12-26 15:10:46] Showtime 1126 - Inception at 15:00: AllowedRange=14:30-16:00, IsValid=True
[2025-12-26 15:10:46] Showtime 1127 - The Dark Knight at 15:00: AllowedRange=14:30-16:00, IsValid=True
[2025-12-26 15:10:46] Showtime 1128 - Interstellar at 15:00: AllowedRange=14:30-16:00, IsValid=True
[2025-12-26 15:10:46] Showtime 1129 - Inception at 18:00: AllowedRange=17:30-19:00, IsValid=False
[2025-12-26 15:10:46] Valid showtimes after time filter: 3
[2025-12-26 15:10:46] Returning 3 showtimes to view
[2025-12-26 15:18:30] ? BookingExpirationService started
[2025-12-26 15:33:28] ? BookingExpirationService started
[2025-12-26 16:04:17] ? BookingExpirationService started
[2025-12-26 16:09:17] ✅ Sinh QR code: QR639023621570427602_0_2_0 -> qr_QR639023621570427602_0_2_0.png
[2025-12-26 16:09:17] ✅ Sinh QR code: QR639023621570505286_0_3_1 -> qr_QR639023621570505286_0_3_1.png
[2025-12-26 16:09:17] ✅ Sinh QR code: QR639023621570505286_0_4_2 -> qr_QR639023621570505286_0_4_2.png
[2025-12-26 16:09:17] ✅ Sinh QR code: QR639023621570505286_0_5_3 -> qr_QR639023621570505286_0_5_3.png
[2025-12-26 16:09:17] ✅ Sinh QR code: QR639023621570505286_0_6_4 -> qr_QR639023621570505286_0_6_4.png
[2025-12-26 16:09:17] ✅ Sinh QR code: QR639023621570505286_0_7_5 -> qr_QR639023621570505286_0_7_5.png
[2025-12-26 16:09:17] ✅ Sinh QR code: QR639023621570505286_0_8_6 -> qr_QR639023621570505286_0_8_6.png
[2025-12-26 16:09:17] ✅ Sinh QR code: QR639023621570505286_0_9_7 -> qr_QR639023621570505286_0_9_7.png
[2025-12-26 16:09:17] ✅ Sinh QR code: QR639023621570505286_0_10_8 -> qr_QR639023621570505286_0_10_8.png
[2025-12-26 16:09:17] ✅ Sinh QR code: QR639023621570505286_0_11_9 -> qr_QR639023621570505286_0_11_9.png
[2025-12-26 16:09:17] ✅ Sinh QR code: QR639023621570505286_0_12_10 -> qr_QR639023621570505286_0_12_10.png
[2025-12-26 16:09:17] ✅ Sinh QR code: QR639023621570505286_0_13_11 -> qr_QR639023621570505286_0_13_11.png
[2025-12-26 16:09:17] ✅ Sinh QR code: QR639023621570505286_0_14_12 -> qr_QR639023621570505286_0_14_12.png
[2025-12-26 16:09:17] ✅ Sinh QR code: QR639023621570505286_0_15_13 -> qr_QR639023621570505286_0_15_13.png
[2025-12-26 16:09:17] ✅ Sinh QR code: QR639023621570505286_0_16_14 -> qr_QR639023621570505286_0_16_14.png
[2025-12-26 16:09:17] ✅ Sinh QR code: QR639023621570505286_0_17_15 -> qr_QR639023621570505286_0_17_15.png
[2025-12-26 16:09:17] ✅ Sinh QR code: QR639023621570505286_0_18_16 -> qr_QR639023621570505286_0_18_16.png
[2025-12-26 16:09:17] ✅ Sinh QR code: QR639023621570505286_0_19_17 -> qr_QR639023621570505286_0_19_17.png
[2025-12-26 16:09:17] ✅ Sinh QR code: QR639023621570505286_0_20_18 -> qr_QR639023621570505286_0_20_18.png
[2025-12-26 16:09:17] ✅ Sinh QR code: QR639023621570505286_0_21_19 -> qr_QR639023621570505286_0_21_19.png
[2025-12-26 16:09:17] ✅ Sinh QR code: QR639023621570505286_0_22_20 -> qr_QR639023621570505286_0_22_20.png
[2025-12-26 16:09:17] ✅ Sinh QR code: QR639023621570505286_0_23_21 -> qr_QR639023621570505286_0_23_21.png
[2025-12-26 16:09:17] ✅ Sinh QR code: QR639023621570505286_0_24_22 -> qr_QR639023621570505286_0_24_22.png
[2025-12-26 16:09:17] ✅ Sinh QR code: QR639023621570505286_0_25_23 -> qr_QR639023621570505286_0_25_23.png
[2025-12-26 16:09:17] ✅ Sinh QR code: QR639023621570505286_0_26_24 -> qr_QR639023621570505286_0_26_24.png
[2025-12-26 16:09:17] ✅ Sinh QR code: QR639023621570505286_0_27_25 -> qr_QR639023621570505286_0_27_25.png
[2025-12-26 16:09:17] ✅ Sinh QR code: QR639023621570505286_0_28_26 -> qr_QR639023621570505286_0_28_26.png
[2025-12-26 16:09:17] ✅ Sinh QR code: QR639023621570505286_0_29_27 -> qr_QR639023621570505286_0_29_27.png
[2025-12-26 16:09:17] ✅ Sinh QR code: QR639023621570505286_0_30_28 -> qr_QR639023621570505286_0_30_28.png
[2025-12-26 16:09:17] ✅ Sinh QR code: QR639023621570505286_0_31_29 -> qr_QR639023621570505286_0_31_29.png
[2025-12-26 16:09:17] ✅ Sinh QR code: QR639023621570505286_0_32_30 -> qr_QR639023621570505286_0_32_30.png
[2025-12-26 16:09:17] ✅ Sinh QR code: QR639023621570505286_0_33_31 -> qr_QR639023621570505286_0_33_31.png
[2025-12-26 16:09:17] ✅ Sinh QR code: QR639023621570505286_0_34_32 -> qr_QR639023621570505286_0_34_32.png
[2025-12-26 16:09:17] ✅ Sinh QR code: QR639023621570505286_0_35_33 -> qr_QR639023621570505286_0_35_33.png
[2025-12-26 16:09:17] ✅ Sinh QR code: QR639023621570505286_0_36_34 -> qr_QR639023621570505286_0_36_34.png
[2025-12-26 16:09:17] ✅ Sinh QR code: QR639023621570505286_0_37_35 -> qr_QR639023621570505286_0_37_35.png
[2025-12-26 16:09:17] ✅ Sinh QR code: QR639023621570505286_0_38_36 -> qr_QR639023621570505286_0_38_36.png
[2025-12-26 16:09:17] ✅ Sinh QR code: QR639023621570505286_0_39_37 -> qr_QR639023621570505286_0_39_37.png
[2025-12-26 16:09:17] ✅ Sinh QR code: QR639023621570505286_0_40_38 -> qr_QR639023621570505286_0_40_38.png
[2025-12-26 16:09:17] ✅ Sinh QR code: QR639023621570505286_0_41_39 -> qr_QR639023621570505286_0_41_39.png
[2025-12-26 16:09:17] ✅ Sinh QR code: QR639023621570505286_0_42_40 -> qr_QR639023621570505286_0_42_40.png
[2025-12-26 16:09:17] ✅ Sinh QR code: QR639023621570505286_0_43_41 -> qr_QR639023621570505286_0_43_41.png
[2025-12-26 16:09:17] ✅ Sinh QR code: QR639023621570505286_0_44_42 -> qr_QR639023621570505286_0_44_42.png
[2025-12-26 16:09:17] ✅ Sinh QR code: QR639023621570505286_0_45_43 -> qr_QR639023621570505286_0_45_43.png
[2025-12-26 16:09:17] ✅ Sinh QR code: QR639023621570505286_0_46_44 -> qr_QR639023621570505286_0_46_44.png
[2025-12-26 16:09:17] ✅ Sinh QR code: QR639023621570505286_0_47_45 -> qr_QR639023621570505286_0_47_45.png
[2025-12-26 16:09:17] ✅ Sinh QR code: QR639023621570505286_0_48_46 -> qr_QR639023621570505286_0_48_46.png
[2025-12-26 16:09:17] ✅ Sinh QR code: QR639023621570505286_0_49_47 -> qr_QR639023621570505286_0_49_47.png
[2025-12-26 16:09:17] ✅ Sinh QR code: QR639023621570505286_0_50_48 -> qr_QR639023621570505286_0_50_48.png
[2025-12-26 16:09:17] ✅ Sinh QR code: QR639023621570505286_0_51_49 -> qr_QR639023621570505286_0_51_49.png
[2025-12-26 16:09:17] ✅ Sinh QR code: QR639023621570505286_0_52_50 -> qr_QR639023621570505286_0_52_50.png
[2025-12-26 16:09:17] ✅ Sinh QR code: QR639023621570505286_0_53_51 -> qr_QR639023621570505286_0_53_51.png
[2025-12-26 16:09:17] ✅ Sinh QR code: QR639023621570505286_0_54_52 -> qr_QR639023621570505286_0_54_52.png
[2025-12-26 16:09:17] ✅ Sinh QR code: QR639023621570505286_0_55_53 -> qr_QR639023621570505286_0_55_53.png
[2025-12-26 16:09:17] ✅ Sinh QR code: QR639023621570505286_0_56_54 -> qr_QR639023621570505286_0_56_54.png
[2025-12-26 16:09:17] ✅ Sinh QR code: QR639023621570505286_0_57_55 -> qr_QR639023621570505286_0_57_55.png
[2025-12-26 16:09:17] ✅ Sinh QR code: QR639023621570505286_0_58_56 -> qr_QR639023621570505286_0_58_56.png
[2025-12-26 16:09:17] ✅ Sinh QR code: QR639023621570505286_0_59_57 -> qr_QR639023621570505286_0_59_57.png
[2025-12-26 16:09:17] ✅ Sinh QR code: QR639023621570505286_0_60_58 -> qr_QR639023621570505286_0_60_58.png
[2025-12-26 16:09:17] ✅ Sinh QR code: QR639023621570505286_0_61_59 -> qr_QR639023621570505286_0_61_59.png
[2025-12-26 16:09:17] ✅ Sinh QR code: QR639023621570505286_0_62_60 -> qr_QR639023621570505286_0_62_60.png
[2025-12-26 16:09:17] ✅ Sinh QR code: QR639023621570505286_0_63_61 -> qr_QR639023621570505286_0_63_61.png
[2025-12-26 16:09:17] ✅ Sinh QR code: QR639023621570505286_0_64_62 -> qr_QR639023621570505286_0_64_62.png
[2025-12-26 16:09:17] ✅ Sinh QR code: QR639023621570505286_0_65_63 -> qr_QR639023621570505286_0_65_63.png
[2025-12-26 16:09:17] ✅ Sinh QR code: QR639023621570505286_0_66_64 -> qr_QR639023621570505286_0_66_64.png
[2025-12-26 16:09:17] ✅ Sinh QR code: QR639023621570505286_0_67_65 -> qr_QR639023621570505286_0_67_65.png
[2025-12-26 16:09:17] ✅ Sinh QR code: QR639023621570505286_0_68_66 -> qr_QR639023621570505286_0_68_66.png
[2025-12-26 16:09:17] ✅ Sinh QR code: QR639023621570505286_0_69_67 -> qr_QR639023621570505286_0_69_67.png
[2025-12-26 16:09:17] ✅ Sinh QR code: QR639023621570505286_0_70_68 -> qr_QR639023621570505286_0_70_68.png
[2025-12-26 16:09:17] ✅ Sinh QR code: QR639023621570505286_0_71_69 -> qr_QR639023621570505286_0_71_69.png
[2025-12-26 16:09:17] ✅ Sinh QR code: QR639023621570505286_0_72_70 -> qr_QR639023621570505286_0_72_70.png
[2025-12-26 16:09:17] ✅ Sinh QR code: QR639023621570505286_0_73_71 -> qr_QR639023621570505286_0_73_71.png
[2025-12-26 16:09:17] ✅ Sinh QR code: QR639023621570505286_0_74_72 -> qr_QR639023621570505286_0_74_72.png
[2025-12-26 16:09:17] ✅ Sinh QR code: QR639023621570505286_0_75_73 -> qr_QR639023621570505286_0_75_73.png
[2025-12-26 16:09:17] ✅ Sinh QR code: QR639023621570505286_0_76_74 -> qr_QR639023621570505286_0_76_74.png
[2025-12-26 16:09:17] ✅ Sinh QR code: QR639023621570505286_0_77_75 -> qr_QR639023621570505286_0_77_75.png
[2025-12-26 16:09:17] ✅ Sinh QR code: QR639023621570505286_0_78_76 -> qr_QR639023621570505286_0_78_76.png
[2025-12-26 16:09:17] ✅ Sinh QR code: QR639023621570505286_0_79_77 -> qr_QR639023621570505286_0_79_77.png
[2025-12-26 16:09:17] ✅ Sinh QR code: QR639023621570505286_0_80_78 -> qr_QR639023621570505286_0_80_78.png
[2025-12-26 16:09:17] ✅ Sinh QR code: QR639023621570505286_0_81_79 -> qr_QR639023621570505286_0_81_79.png
[2025-12-26 16:09:17] ✅ Sinh QR code: QR639023621570505286_0_82_80 -> qr_QR639023621570505286_0_82_80.png
[2025-12-26 16:09:17] ✅ Sinh QR code: QR639023621570505286_0_83_81 -> qr_QR639023621570505286_0_83_81.png
[2025-12-26 16:09:17] ✅ Sinh QR code: QR639023621570505286_0_84_82 -> qr_QR639023621570505286_0_84_82.png
[2025-12-26 16:09:17] ✅ Sinh QR code: QR639023621570505286_0_85_83 -> qr_QR639023621570505286_0_85_83.png
[2025-12-26 16:09:17] ✅ Sinh QR code: QR639023621570505286_0_86_84 -> qr_QR639023621570505286_0_86_84.png
[2025-12-26 16:09:17] ✅ Sinh QR code: QR639023621570505286_0_87_85 -> qr_QR639023621570505286_0_87_85.png
[2025-12-26 16:09:17] ✅ Sinh QR code: QR639023621570505286_0_88_86 -> qr_QR639023621570505286_0_88_86.png
[2025-12-26 16:09:17] ✅ Sinh QR code: QR639023621570505286_0_89_87 -> qr_QR639023621570505286_0_89_87.png
[2025-12-26 16:09:17] ✅ Sinh QR code: QR639023621570505286_0_90_88 -> qr_QR639023621570505286_0_90_88.png
[2025-12-26 16:09:17] ✅ Sinh QR code: QR639023621570505286_0_91_89 -> qr_QR639023621570505286_0_91_89.png
[2025-12-26 16:09:17] ✅ Sinh QR code: QR639023621570505286_0_92_90 -> qr_QR639023621570505286_0_92_90.png
[2025-12-26 16:09:17] ✅ Sinh QR code: QR639023621570505286_0_93_91 -> qr_QR639023621570505286_0_93_91.png
[2025-12-26 16:09:17] ✅ Sinh QR code: QR639023621570505286_0_94_92 -> qr_QR639023621570505286_0_94_92.png
[2025-12-26 16:09:17] ✅ Sinh QR code: QR639023621570505286_0_95_93 -> qr_QR639023621570505286_0_95_93.png
[2025-12-26 16:09:17] ✅ Sinh QR code: QR639023621570505286_0_96_94 -> qr_QR639023621570505286_0_96_94.png
[2025-12-26 16:09:17] ✅ Sinh QR code: QR639023621570505286_0_97_95 -> qr_QR639023621570505286_0_97_95.png
[2025-12-26 16:09:17] ✅ Sinh QR code: QR639023621570505286_0_98_96 -> qr_QR639023621570505286_0_98_96.png
[2025-12-26 16:09:17] ✅ Sinh QR code: QR639023621570505286_0_99_97 -> qr_QR639023621570505286_0_99_97.png
[2025-12-26 16:09:17] ✅ Sinh QR code: QR639023621570505286_0_100_98 -> qr_QR639023621570505286_0_100_98.png
[2025-12-26 16:09:17] ✅ Sinh QR code: QR639023621570505286_0_101_99 -> qr_QR639023621570505286_0_101_99.png
[2025-12-26 16:09:40] SelectSeats (Fresh DB): showtime=1228, paidBookings=150, bookedCount=0
[2025-12-26 16:09:47] SelectSeats (Fresh DB): showtime=1228, paidBookings=150, bookedCount=0
[2025-12-26 16:09:59] ✅ Tạo Dat_Ve mới: ID=1294, Trạng thái=Chưa thanh toán
[2025-12-26 16:09:59] ✅ Sinh QR code: DAVCINEMA-1294-17925-639023621996508227 -> qr_DAVCINEMA-1294-17925-639023621996508227.png
[2025-12-26 16:09:59] ✅ Sinh QR code: DAVCINEMA-1294-17926-639023621996603668 -> qr_DAVCINEMA-1294-17926-639023621996603668.png
[2025-12-26 16:09:59] ✅ Cập nhật Dat_Ve: ID=1294, Tổng tiền=200000,00, Vé=2, Đồ ăn=0
[2025-12-26 16:09:59] ✅ QR Code URL (new format) generated: https://img.vietqr.io/image/VCB-1031419192-compact2.png?amount=200000&addInfo=DatVe1294
[2025-12-26 16:10:04] ✅ QR Code URL (new format) generated: https://img.vietqr.io/image/VCB-1031419192-compact2.png?amount=180000&addInfo=DatVe1294
[2025-12-26 16:10:43] ✅ Tạo hóa đơn HTML: invoice_1294_20251226_161043.html
[2025-12-26 16:10:46] ✅ Gửi email thành công tới: duyan9088@gmail.com
[2025-12-26 16:10:46] ✅ Gửi email hóa đơn thành công cho khách 34 (duyan9088@gmail.com)
[2025-12-26 16:16:10] ? BookingExpirationService started
[2025-12-26 16:20:45] ? BookingExpirationService started
[2025-12-26 16:27:05] ? BookingExpirationService started
[2025-12-26 16:31:47] TicketVerification - Today: 2025-12-26, Now: 2025-12-26 16:31:47
[2025-12-26 16:31:47] Staff 5 - RapId: 1
[2025-12-26 16:31:47] Total showtimes TODAY: 3
[2025-12-26 16:31:47] Staff showtimes (after cinema filter): 2
[2025-12-26 16:31:47] All showtimes fetched: 2
[2025-12-26 16:31:47] Showtime 37 - Avengers: Endgame at 18:00: AllowedRange=17:30-19:00, IsValid=False
[2025-12-26 16:31:47] Showtime 1228 - Inception at 18:00: AllowedRange=17:30-19:00, IsValid=False
[2025-12-26 16:31:47] Valid showtimes after time filter: 0
[2025-12-26 16:31:47] Returning 0 showtimes to view
[2025-12-26 16:34:34] ? BookingExpirationService started
[2025-12-26 16:39:11] ? BookingExpirationService started
[2025-12-26 16:40:57] SelectSeats (Fresh DB): showtime=1038, paidBookings=151, bookedCount=15
[2025-12-26 16:40:57] Booked seat ids: 12,13,14,15,16,17,35,36,37,38,67,68,69,70,71
