[2025-11-19 16:46:38] ? BookingExpirationService started
[2025-11-19 16:47:38] ? Found 60 expired bookings to cancel
[2025-11-19 16:47:38] ? Cancelled expired booking ID=6, Customer=1, Released 0 seats
[2025-11-19 16:47:38] ? Cancelled expired booking ID=7, Customer=1, Released 0 seats
[2025-11-19 16:47:38] ? Cancelled expired booking ID=8, Customer=1, Released 0 seats
[2025-11-19 16:47:38] ? Cancelled expired booking ID=9, Customer=1, Released 0 seats
[2025-11-19 16:47:38] ? Cancelled expired booking ID=10, Customer=1, Released 1 seats
[2025-11-19 16:47:38] ? Cancelled expired booking ID=11, Customer=1, Released 0 seats
[2025-11-19 16:47:38] ? Cancelled expired booking ID=12, Customer=1, Released 2 seats
[2025-11-19 16:47:38] ? Cancelled expired booking ID=13, Customer=1, Released 1 seats
[2025-11-19 16:47:38] ? Cancelled expired booking ID=14, Customer=1, Released 2 seats
[2025-11-19 16:47:38] ? Cancelled expired booking ID=15, Customer=1, Released 0 seats
[2025-11-19 16:47:38] ? Cancelled expired booking ID=16, Customer=1, Released 0 seats
[2025-11-19 16:47:38] ? Cancelled expired booking ID=17, Customer=1, Released 0 seats
[2025-11-19 16:47:38] ? Cancelled expired booking ID=18, Customer=1, Released 0 seats
[2025-11-19 16:47:38] ? Cancelled expired booking ID=19, Customer=1, Released 1 seats
[2025-11-19 16:47:38] ? Cancelled expired booking ID=20, Customer=1, Released 0 seats
[2025-11-19 16:47:38] ? Cancelled expired booking ID=21, Customer=1, Released 0 seats
[2025-11-19 16:47:38] ? Cancelled expired booking ID=22, Customer=1, Released 0 seats
[2025-11-19 16:47:38] ? Cancelled expired booking ID=23, Customer=1, Released 0 seats
[2025-11-19 16:47:38] ? Cancelled expired booking ID=24, Customer=1, Released 0 seats
[2025-11-19 16:47:38] ? Cancelled expired booking ID=25, Customer=1, Released 0 seats
[2025-11-19 16:47:38] ? Cancelled expired booking ID=26, Customer=1, Released 2 seats
[2025-11-19 16:47:38] ? Cancelled expired booking ID=27, Customer=1, Released 0 seats
[2025-11-19 16:47:38] ? Cancelled expired booking ID=28, Customer=1, Released 0 seats
[2025-11-19 16:47:38] ? Cancelled expired booking ID=29, Customer=1, Released 0 seats
[2025-11-19 16:47:38] ? Cancelled expired booking ID=30, Customer=1, Released 0 seats
[2025-11-19 16:47:38] ? Cancelled expired booking ID=31, Customer=1, Released 1 seats
[2025-11-19 16:47:38] ? Cancelled expired booking ID=32, Customer=1, Released 2 seats
[2025-11-19 16:47:38] ? Cancelled expired booking ID=33, Customer=1, Released 2 seats
[2025-11-19 16:47:38] ? Cancelled expired booking ID=34, Customer=1, Released 2 seats
[2025-11-19 16:47:38] ? Cancelled expired booking ID=35, Customer=1, Released 0 seats
[2025-11-19 16:47:38] ? Cancelled expired booking ID=36, Customer=1, Released 2 seats
[2025-11-19 16:47:38] ? Cancelled expired booking ID=37, Customer=1, Released 1 seats
[2025-11-19 16:47:38] ? Cancelled expired booking ID=38, Customer=1, Released 0 seats
[2025-11-19 16:47:38] ? Cancelled expired booking ID=39, Customer=1, Released 2 seats
[2025-11-19 16:47:38] ? Cancelled expired booking ID=40, Customer=1, Released 0 seats
[2025-11-19 16:47:38] ? Cancelled expired booking ID=41, Customer=1, Released 1 seats
[2025-11-19 16:47:38] ? Cancelled expired booking ID=42, Customer=1, Released 0 seats
[2025-11-19 16:47:38] ? Cancelled expired booking ID=58, Customer=1, Released 0 seats
[2025-11-19 16:47:38] ? Cancelled expired booking ID=64, Customer=1, Released 2 seats
[2025-11-19 16:47:38] ? Cancelled expired booking ID=65, Customer=1, Released 2 seats
[2025-11-19 16:47:38] ? Cancelled expired booking ID=67, Customer=1, Released 2 seats
[2025-11-19 16:47:38] ? Cancelled expired booking ID=68, Customer=1, Released 1 seats
[2025-11-19 16:47:38] ? Cancelled expired booking ID=69, Customer=1, Released 0 seats
[2025-11-19 16:47:38] ? Cancelled expired booking ID=75, Customer=1, Released 0 seats
[2025-11-19 16:47:38] ? Cancelled expired booking ID=76, Customer=1, Released 0 seats
[2025-11-19 16:47:38] ? Cancelled expired booking ID=77, Customer=1, Released 0 seats
[2025-11-19 16:47:38] ? Cancelled expired booking ID=78, Customer=1, Released 0 seats
[2025-11-19 16:47:38] ? Cancelled expired booking ID=79, Customer=1, Released 1 seats
[2025-11-19 16:47:38] ? Cancelled expired booking ID=80, Customer=1, Released 1 seats
[2025-11-19 16:47:38] ? Cancelled expired booking ID=81, Customer=1, Released 0 seats
[2025-11-19 16:47:38] ? Cancelled expired booking ID=82, Customer=1, Released 1 seats
[2025-11-19 16:47:38] ? Cancelled expired booking ID=83, Customer=1, Released 0 seats
[2025-11-19 16:47:38] ? Cancelled expired booking ID=84, Customer=1, Released 0 seats
[2025-11-19 16:47:38] ? Cancelled expired booking ID=85, Customer=1, Released 0 seats
[2025-11-19 16:47:38] ? Cancelled expired booking ID=86, Customer=1, Released 0 seats
[2025-11-19 16:47:38] ? Cancelled expired booking ID=87, Customer=1, Released 0 seats
[2025-11-19 16:47:38] ? Cancelled expired booking ID=88, Customer=1, Released 0 seats
[2025-11-19 16:47:38] ? Cancelled expired booking ID=89, Customer=1, Released 0 seats
[2025-11-19 16:47:38] ? Cancelled expired booking ID=90, Customer=1, Released 0 seats
[2025-11-19 16:47:38] ? Cancelled expired booking ID=92, Customer=2, Released 1 seats
[2025-11-19 16:47:48] SelectSeats (Fresh DB): showtime=10, paidBookings=26, bookedCount=20
[2025-11-19 16:47:48] Booked seat ids: 102,104,111,112,116,117,121,126,127,131,136,137,141,165,166,168,169,186,187,105
[2025-11-19 16:47:55] ✅ Tạo Dat_Ve mới: ID=94, Trạng thái=Chưa thanh toán
[2025-11-19 16:47:56] ✅ Sinh QR code: DAVCINEMA-94-203-638991676758990856 -> qr_DAVCINEMA-94-203-638991676758990856.png
[2025-11-19 16:47:56] ✅ Cập nhật Dat_Ve: ID=94, Tổng tiền=125000,00, Vé=1, Đồ ăn=0
[2025-11-19 16:47:56] ✅ QR Code URL (new format) generated: https://img.vietqr.io/image/VCB-1031419192-compact2.png?amount=125000&addInfo=DatVe94
[2025-11-19 16:47:56] ✅ KM004 Check: hasCombo=False, foodItemsCount=1
[2025-11-19 16:48:10] ✅ PromoCode KM003: giaTriGiam=15,00, loai=%, discount=18750,0000
[2025-11-19 16:48:10] ✅ QR Code URL (new format) generated: https://img.vietqr.io/image/VCB-1031419192-compact2.png?amount=106250&addInfo=DatVe94
[2025-11-19 16:48:10] ✅ UpdateQRCode: BookingId=94, Original=125000,00, Discount=18750,0000, Final=106250,0000, PromoCode=KM003
[2025-11-19 16:48:31] ✅ Giảm mã khuyến mãi: KM003, Còn lại: 999997
[2025-11-19 16:48:31] ✅ Đơn hàng chờ duyệt: Booking ID 94, PromoCode: KM003
[2025-11-19 16:48:38] ? Found 60 expired bookings to cancel
[2025-11-19 16:48:38] ? Cancelled expired booking ID=6, Customer=1, Released 0 seats
[2025-11-19 16:48:38] ? Cancelled expired booking ID=7, Customer=1, Released 0 seats
[2025-11-19 16:48:38] ? Cancelled expired booking ID=8, Customer=1, Released 0 seats
[2025-11-19 16:48:38] ? Cancelled expired booking ID=9, Customer=1, Released 0 seats
[2025-11-19 16:48:38] ? Cancelled expired booking ID=10, Customer=1, Released 1 seats
[2025-11-19 16:48:38] ? Cancelled expired booking ID=11, Customer=1, Released 0 seats
[2025-11-19 16:48:38] ? Cancelled expired booking ID=12, Customer=1, Released 2 seats
[2025-11-19 16:48:38] ? Cancelled expired booking ID=13, Customer=1, Released 1 seats
[2025-11-19 16:48:38] ? Cancelled expired booking ID=14, Customer=1, Released 2 seats
[2025-11-19 16:48:38] ? Cancelled expired booking ID=15, Customer=1, Released 0 seats
[2025-11-19 16:48:38] ? Cancelled expired booking ID=16, Customer=1, Released 0 seats
[2025-11-19 16:48:38] ? Cancelled expired booking ID=17, Customer=1, Released 0 seats
[2025-11-19 16:48:38] ? Cancelled expired booking ID=18, Customer=1, Released 0 seats
[2025-11-19 16:48:38] ? Cancelled expired booking ID=19, Customer=1, Released 1 seats
[2025-11-19 16:48:38] ? Cancelled expired booking ID=20, Customer=1, Released 0 seats
[2025-11-19 16:48:38] ? Cancelled expired booking ID=21, Customer=1, Released 0 seats
[2025-11-19 16:48:38] ? Cancelled expired booking ID=22, Customer=1, Released 0 seats
[2025-11-19 16:48:38] ? Cancelled expired booking ID=23, Customer=1, Released 0 seats
[2025-11-19 16:48:38] ? Cancelled expired booking ID=24, Customer=1, Released 0 seats
[2025-11-19 16:48:38] ? Cancelled expired booking ID=25, Customer=1, Released 0 seats
[2025-11-19 16:48:38] ? Cancelled expired booking ID=26, Customer=1, Released 2 seats
[2025-11-19 16:48:38] ? Cancelled expired booking ID=27, Customer=1, Released 0 seats
[2025-11-19 16:48:38] ? Cancelled expired booking ID=28, Customer=1, Released 0 seats
[2025-11-19 16:48:38] ? Cancelled expired booking ID=29, Customer=1, Released 0 seats
[2025-11-19 16:48:38] ? Cancelled expired booking ID=30, Customer=1, Released 0 seats
[2025-11-19 16:48:38] ? Cancelled expired booking ID=31, Customer=1, Released 1 seats
[2025-11-19 16:48:38] ? Cancelled expired booking ID=32, Customer=1, Released 2 seats
[2025-11-19 16:48:38] ? Cancelled expired booking ID=33, Customer=1, Released 2 seats
[2025-11-19 16:48:38] ? Cancelled expired booking ID=34, Customer=1, Released 2 seats
[2025-11-19 16:48:38] ? Cancelled expired booking ID=35, Customer=1, Released 0 seats
[2025-11-19 16:48:38] ? Cancelled expired booking ID=36, Customer=1, Released 2 seats
[2025-11-19 16:48:38] ? Cancelled expired booking ID=37, Customer=1, Released 1 seats
[2025-11-19 16:48:38] ? Cancelled expired booking ID=38, Customer=1, Released 0 seats
[2025-11-19 16:48:38] ? Cancelled expired booking ID=39, Customer=1, Released 2 seats
[2025-11-19 16:48:38] ? Cancelled expired booking ID=40, Customer=1, Released 0 seats
[2025-11-19 16:48:38] ? Cancelled expired booking ID=41, Customer=1, Released 1 seats
[2025-11-19 16:48:38] ? Cancelled expired booking ID=42, Customer=1, Released 0 seats
[2025-11-19 16:48:38] ? Cancelled expired booking ID=58, Customer=1, Released 0 seats
[2025-11-19 16:48:38] ? Cancelled expired booking ID=64, Customer=1, Released 2 seats
[2025-11-19 16:48:38] ? Cancelled expired booking ID=65, Customer=1, Released 2 seats
[2025-11-19 16:48:38] ? Cancelled expired booking ID=67, Customer=1, Released 2 seats
[2025-11-19 16:48:38] ? Cancelled expired booking ID=68, Customer=1, Released 1 seats
[2025-11-19 16:48:38] ? Cancelled expired booking ID=69, Customer=1, Released 0 seats
[2025-11-19 16:48:38] ? Cancelled expired booking ID=75, Customer=1, Released 0 seats
[2025-11-19 16:48:38] ? Cancelled expired booking ID=76, Customer=1, Released 0 seats
[2025-11-19 16:48:38] ? Cancelled expired booking ID=77, Customer=1, Released 0 seats
[2025-11-19 16:48:38] ? Cancelled expired booking ID=78, Customer=1, Released 0 seats
[2025-11-19 16:48:38] ? Cancelled expired booking ID=79, Customer=1, Released 1 seats
[2025-11-19 16:48:38] ? Cancelled expired booking ID=80, Customer=1, Released 1 seats
[2025-11-19 16:48:38] ? Cancelled expired booking ID=81, Customer=1, Released 0 seats
[2025-11-19 16:48:38] ? Cancelled expired booking ID=82, Customer=1, Released 1 seats
[2025-11-19 16:48:38] ? Cancelled expired booking ID=83, Customer=1, Released 0 seats
[2025-11-19 16:48:38] ? Cancelled expired booking ID=84, Customer=1, Released 0 seats
[2025-11-19 16:48:38] ? Cancelled expired booking ID=85, Customer=1, Released 0 seats
[2025-11-19 16:48:38] ? Cancelled expired booking ID=86, Customer=1, Released 0 seats
[2025-11-19 16:48:38] ? Cancelled expired booking ID=87, Customer=1, Released 0 seats
[2025-11-19 16:48:38] ? Cancelled expired booking ID=88, Customer=1, Released 0 seats
[2025-11-19 16:48:38] ? Cancelled expired booking ID=89, Customer=1, Released 0 seats
[2025-11-19 16:48:38] ? Cancelled expired booking ID=90, Customer=1, Released 0 seats
[2025-11-19 16:48:38] ? Cancelled expired booking ID=92, Customer=2, Released 1 seats
[2025-11-19 16:48:56] ✅ ApproveBooking: Duyệt Dat_Ve ID=94, khách hàng: Lê Minh Khách
[2025-11-19 16:48:56] ✅ QR Code URL (new format) generated: https://img.vietqr.io/image/VCB-1031419192-compact2.png?amount=125000&addInfo=DatVe94
[2025-11-19 16:48:56] ✅ Hiển thị trang thanh toán thành công: Booking 94
[2025-11-19 16:49:38] ? Found 60 expired bookings to cancel
[2025-11-19 16:49:38] ? Cancelled expired booking ID=6, Customer=1, Released 0 seats
[2025-11-19 16:49:38] ? Cancelled expired booking ID=7, Customer=1, Released 0 seats
[2025-11-19 16:49:38] ? Cancelled expired booking ID=8, Customer=1, Released 0 seats
[2025-11-19 16:49:38] ? Cancelled expired booking ID=9, Customer=1, Released 0 seats
[2025-11-19 16:49:38] ? Cancelled expired booking ID=10, Customer=1, Released 1 seats
[2025-11-19 16:49:38] ? Cancelled expired booking ID=11, Customer=1, Released 0 seats
[2025-11-19 16:49:38] ? Cancelled expired booking ID=12, Customer=1, Released 2 seats
[2025-11-19 16:49:38] ? Cancelled expired booking ID=13, Customer=1, Released 1 seats
[2025-11-19 16:49:38] ? Cancelled expired booking ID=14, Customer=1, Released 2 seats
[2025-11-19 16:49:38] ? Cancelled expired booking ID=15, Customer=1, Released 0 seats
[2025-11-19 16:49:38] ? Cancelled expired booking ID=16, Customer=1, Released 0 seats
[2025-11-19 16:49:38] ? Cancelled expired booking ID=17, Customer=1, Released 0 seats
[2025-11-19 16:49:38] ? Cancelled expired booking ID=18, Customer=1, Released 0 seats
[2025-11-19 16:49:38] ? Cancelled expired booking ID=19, Customer=1, Released 1 seats
[2025-11-19 16:49:38] ? Cancelled expired booking ID=20, Customer=1, Released 0 seats
[2025-11-19 16:49:38] ? Cancelled expired booking ID=21, Customer=1, Released 0 seats
[2025-11-19 16:49:38] ? Cancelled expired booking ID=22, Customer=1, Released 0 seats
[2025-11-19 16:49:38] ? Cancelled expired booking ID=23, Customer=1, Released 0 seats
[2025-11-19 16:49:38] ? Cancelled expired booking ID=24, Customer=1, Released 0 seats
[2025-11-19 16:49:38] ? Cancelled expired booking ID=25, Customer=1, Released 0 seats
[2025-11-19 16:49:38] ? Cancelled expired booking ID=26, Customer=1, Released 2 seats
[2025-11-19 16:49:38] ? Cancelled expired booking ID=27, Customer=1, Released 0 seats
[2025-11-19 16:49:38] ? Cancelled expired booking ID=28, Customer=1, Released 0 seats
[2025-11-19 16:49:38] ? Cancelled expired booking ID=29, Customer=1, Released 0 seats
[2025-11-19 16:49:38] ? Cancelled expired booking ID=30, Customer=1, Released 0 seats
[2025-11-19 16:49:38] ? Cancelled expired booking ID=31, Customer=1, Released 1 seats
[2025-11-19 16:49:38] ? Cancelled expired booking ID=32, Customer=1, Released 2 seats
[2025-11-19 16:49:38] ? Cancelled expired booking ID=33, Customer=1, Released 2 seats
[2025-11-19 16:49:38] ? Cancelled expired booking ID=34, Customer=1, Released 2 seats
[2025-11-19 16:49:38] ? Cancelled expired booking ID=35, Customer=1, Released 0 seats
[2025-11-19 16:49:38] ? Cancelled expired booking ID=36, Customer=1, Released 2 seats
[2025-11-19 16:49:38] ? Cancelled expired booking ID=37, Customer=1, Released 1 seats
[2025-11-19 16:49:38] ? Cancelled expired booking ID=38, Customer=1, Released 0 seats
[2025-11-19 16:49:38] ? Cancelled expired booking ID=39, Customer=1, Released 2 seats
[2025-11-19 16:49:38] ? Cancelled expired booking ID=40, Customer=1, Released 0 seats
[2025-11-19 16:49:38] ? Cancelled expired booking ID=41, Customer=1, Released 1 seats
[2025-11-19 16:49:38] ? Cancelled expired booking ID=42, Customer=1, Released 0 seats
[2025-11-19 16:49:38] ? Cancelled expired booking ID=58, Customer=1, Released 0 seats
[2025-11-19 16:49:38] ? Cancelled expired booking ID=64, Customer=1, Released 2 seats
[2025-11-19 16:49:38] ? Cancelled expired booking ID=65, Customer=1, Released 2 seats
[2025-11-19 16:49:38] ? Cancelled expired booking ID=67, Customer=1, Released 2 seats
[2025-11-19 16:49:38] ? Cancelled expired booking ID=68, Customer=1, Released 1 seats
[2025-11-19 16:49:38] ? Cancelled expired booking ID=69, Customer=1, Released 0 seats
[2025-11-19 16:49:38] ? Cancelled expired booking ID=75, Customer=1, Released 0 seats
[2025-11-19 16:49:38] ? Cancelled expired booking ID=76, Customer=1, Released 0 seats
[2025-11-19 16:49:38] ? Cancelled expired booking ID=77, Customer=1, Released 0 seats
[2025-11-19 16:49:38] ? Cancelled expired booking ID=78, Customer=1, Released 0 seats
[2025-11-19 16:49:38] ? Cancelled expired booking ID=79, Customer=1, Released 1 seats
[2025-11-19 16:49:38] ? Cancelled expired booking ID=80, Customer=1, Released 1 seats
[2025-11-19 16:49:38] ? Cancelled expired booking ID=81, Customer=1, Released 0 seats
[2025-11-19 16:49:38] ? Cancelled expired booking ID=82, Customer=1, Released 1 seats
[2025-11-19 16:49:38] ? Cancelled expired booking ID=83, Customer=1, Released 0 seats
[2025-11-19 16:49:38] ? Cancelled expired booking ID=84, Customer=1, Released 0 seats
[2025-11-19 16:49:38] ? Cancelled expired booking ID=85, Customer=1, Released 0 seats
[2025-11-19 16:49:38] ? Cancelled expired booking ID=86, Customer=1, Released 0 seats
[2025-11-19 16:49:38] ? Cancelled expired booking ID=87, Customer=1, Released 0 seats
[2025-11-19 16:49:38] ? Cancelled expired booking ID=88, Customer=1, Released 0 seats
[2025-11-19 16:49:38] ? Cancelled expired booking ID=89, Customer=1, Released 0 seats
[2025-11-19 16:49:38] ? Cancelled expired booking ID=90, Customer=1, Released 0 seats
[2025-11-19 16:49:38] ? Cancelled expired booking ID=92, Customer=2, Released 1 seats
[2025-11-19 16:50:38] ? Found 60 expired bookings to cancel
[2025-11-19 16:50:38] ? Cancelled expired booking ID=6, Customer=1, Released 0 seats
[2025-11-19 16:50:38] ? Cancelled expired booking ID=7, Customer=1, Released 0 seats
[2025-11-19 16:50:38] ? Cancelled expired booking ID=8, Customer=1, Released 0 seats
[2025-11-19 16:50:38] ? Cancelled expired booking ID=9, Customer=1, Released 0 seats
[2025-11-19 16:50:38] ? Cancelled expired booking ID=10, Customer=1, Released 1 seats
[2025-11-19 16:50:38] ? Cancelled expired booking ID=11, Customer=1, Released 0 seats
[2025-11-19 16:50:38] ? Cancelled expired booking ID=12, Customer=1, Released 2 seats
[2025-11-19 16:50:38] ? Cancelled expired booking ID=13, Customer=1, Released 1 seats
[2025-11-19 16:50:38] ? Cancelled expired booking ID=14, Customer=1, Released 2 seats
[2025-11-19 16:50:38] ? Cancelled expired booking ID=15, Customer=1, Released 0 seats
[2025-11-19 16:50:38] ? Cancelled expired booking ID=16, Customer=1, Released 0 seats
[2025-11-19 16:50:38] ? Cancelled expired booking ID=17, Customer=1, Released 0 seats
[2025-11-19 16:50:38] ? Cancelled expired booking ID=18, Customer=1, Released 0 seats
[2025-11-19 16:50:38] ? Cancelled expired booking ID=19, Customer=1, Released 1 seats
[2025-11-19 16:50:38] ? Cancelled expired booking ID=20, Customer=1, Released 0 seats
[2025-11-19 16:50:38] ? Cancelled expired booking ID=21, Customer=1, Released 0 seats
[2025-11-19 16:50:38] ? Cancelled expired booking ID=22, Customer=1, Released 0 seats
[2025-11-19 16:50:38] ? Cancelled expired booking ID=23, Customer=1, Released 0 seats
[2025-11-19 16:50:38] ? Cancelled expired booking ID=24, Customer=1, Released 0 seats
[2025-11-19 16:50:38] ? Cancelled expired booking ID=25, Customer=1, Released 0 seats
[2025-11-19 16:50:38] ? Cancelled expired booking ID=26, Customer=1, Released 2 seats
[2025-11-19 16:50:38] ? Cancelled expired booking ID=27, Customer=1, Released 0 seats
[2025-11-19 16:50:38] ? Cancelled expired booking ID=28, Customer=1, Released 0 seats
[2025-11-19 16:50:38] ? Cancelled expired booking ID=29, Customer=1, Released 0 seats
[2025-11-19 16:50:38] ? Cancelled expired booking ID=30, Customer=1, Released 0 seats
[2025-11-19 16:50:38] ? Cancelled expired booking ID=31, Customer=1, Released 1 seats
[2025-11-19 16:50:38] ? Cancelled expired booking ID=32, Customer=1, Released 2 seats
[2025-11-19 16:50:38] ? Cancelled expired booking ID=33, Customer=1, Released 2 seats
[2025-11-19 16:50:38] ? Cancelled expired booking ID=34, Customer=1, Released 2 seats
[2025-11-19 16:50:38] ? Cancelled expired booking ID=35, Customer=1, Released 0 seats
[2025-11-19 16:50:38] ? Cancelled expired booking ID=36, Customer=1, Released 2 seats
[2025-11-19 16:50:38] ? Cancelled expired booking ID=37, Customer=1, Released 1 seats
[2025-11-19 16:50:38] ? Cancelled expired booking ID=38, Customer=1, Released 0 seats
[2025-11-19 16:50:38] ? Cancelled expired booking ID=39, Customer=1, Released 2 seats
[2025-11-19 16:50:38] ? Cancelled expired booking ID=40, Customer=1, Released 0 seats
[2025-11-19 16:50:38] ? Cancelled expired booking ID=41, Customer=1, Released 1 seats
[2025-11-19 16:50:38] ? Cancelled expired booking ID=42, Customer=1, Released 0 seats
[2025-11-19 16:50:38] ? Cancelled expired booking ID=58, Customer=1, Released 0 seats
[2025-11-19 16:50:38] ? Cancelled expired booking ID=64, Customer=1, Released 2 seats
[2025-11-19 16:50:38] ? Cancelled expired booking ID=65, Customer=1, Released 2 seats
[2025-11-19 16:50:38] ? Cancelled expired booking ID=67, Customer=1, Released 2 seats
[2025-11-19 16:50:38] ? Cancelled expired booking ID=68, Customer=1, Released 1 seats
[2025-11-19 16:50:38] ? Cancelled expired booking ID=69, Customer=1, Released 0 seats
[2025-11-19 16:50:38] ? Cancelled expired booking ID=75, Customer=1, Released 0 seats
[2025-11-19 16:50:38] ? Cancelled expired booking ID=76, Customer=1, Released 0 seats
[2025-11-19 16:50:38] ? Cancelled expired booking ID=77, Customer=1, Released 0 seats
[2025-11-19 16:50:38] ? Cancelled expired booking ID=78, Customer=1, Released 0 seats
[2025-11-19 16:50:38] ? Cancelled expired booking ID=79, Customer=1, Released 1 seats
[2025-11-19 16:50:38] ? Cancelled expired booking ID=80, Customer=1, Released 1 seats
[2025-11-19 16:50:38] ? Cancelled expired booking ID=81, Customer=1, Released 0 seats
[2025-11-19 16:50:38] ? Cancelled expired booking ID=82, Customer=1, Released 1 seats
[2025-11-19 16:50:38] ? Cancelled expired booking ID=83, Customer=1, Released 0 seats
[2025-11-19 16:50:38] ? Cancelled expired booking ID=84, Customer=1, Released 0 seats
[2025-11-19 16:50:38] ? Cancelled expired booking ID=85, Customer=1, Released 0 seats
[2025-11-19 16:50:38] ? Cancelled expired booking ID=86, Customer=1, Released 0 seats
[2025-11-19 16:50:38] ? Cancelled expired booking ID=87, Customer=1, Released 0 seats
[2025-11-19 16:50:38] ? Cancelled expired booking ID=88, Customer=1, Released 0 seats
[2025-11-19 16:50:38] ? Cancelled expired booking ID=89, Customer=1, Released 0 seats
[2025-11-19 16:50:38] ? Cancelled expired booking ID=90, Customer=1, Released 0 seats
[2025-11-19 16:50:38] ? Cancelled expired booking ID=92, Customer=2, Released 1 seats
[2025-11-19 16:51:38] ? Found 60 expired bookings to cancel
[2025-11-19 16:51:38] ? Cancelled expired booking ID=6, Customer=1, Released 0 seats
[2025-11-19 16:51:38] ? Cancelled expired booking ID=7, Customer=1, Released 0 seats
[2025-11-19 16:51:38] ? Cancelled expired booking ID=8, Customer=1, Released 0 seats
[2025-11-19 16:51:38] ? Cancelled expired booking ID=9, Customer=1, Released 0 seats
[2025-11-19 16:51:38] ? Cancelled expired booking ID=10, Customer=1, Released 1 seats
[2025-11-19 16:51:38] ? Cancelled expired booking ID=11, Customer=1, Released 0 seats
[2025-11-19 16:51:38] ? Cancelled expired booking ID=12, Customer=1, Released 2 seats
[2025-11-19 16:51:38] ? Cancelled expired booking ID=13, Customer=1, Released 1 seats
[2025-11-19 16:51:38] ? Cancelled expired booking ID=14, Customer=1, Released 2 seats
[2025-11-19 16:51:38] ? Cancelled expired booking ID=15, Customer=1, Released 0 seats
[2025-11-19 16:51:38] ? Cancelled expired booking ID=16, Customer=1, Released 0 seats
[2025-11-19 16:51:38] ? Cancelled expired booking ID=17, Customer=1, Released 0 seats
[2025-11-19 16:51:38] ? Cancelled expired booking ID=18, Customer=1, Released 0 seats
[2025-11-19 16:51:38] ? Cancelled expired booking ID=19, Customer=1, Released 1 seats
[2025-11-19 16:51:38] ? Cancelled expired booking ID=20, Customer=1, Released 0 seats
[2025-11-19 16:51:38] ? Cancelled expired booking ID=21, Customer=1, Released 0 seats
[2025-11-19 16:51:38] ? Cancelled expired booking ID=22, Customer=1, Released 0 seats
[2025-11-19 16:51:38] ? Cancelled expired booking ID=23, Customer=1, Released 0 seats
[2025-11-19 16:51:38] ? Cancelled expired booking ID=24, Customer=1, Released 0 seats
[2025-11-19 16:51:38] ? Cancelled expired booking ID=25, Customer=1, Released 0 seats
[2025-11-19 16:51:38] ? Cancelled expired booking ID=26, Customer=1, Released 2 seats
[2025-11-19 16:51:38] ? Cancelled expired booking ID=27, Customer=1, Released 0 seats
[2025-11-19 16:51:38] ? Cancelled expired booking ID=28, Customer=1, Released 0 seats
[2025-11-19 16:51:38] ? Cancelled expired booking ID=29, Customer=1, Released 0 seats
[2025-11-19 16:51:38] ? Cancelled expired booking ID=30, Customer=1, Released 0 seats
[2025-11-19 16:51:38] ? Cancelled expired booking ID=31, Customer=1, Released 1 seats
[2025-11-19 16:51:38] ? Cancelled expired booking ID=32, Customer=1, Released 2 seats
[2025-11-19 16:51:38] ? Cancelled expired booking ID=33, Customer=1, Released 2 seats
[2025-11-19 16:51:38] ? Cancelled expired booking ID=34, Customer=1, Released 2 seats
[2025-11-19 16:51:38] ? Cancelled expired booking ID=35, Customer=1, Released 0 seats
[2025-11-19 16:51:38] ? Cancelled expired booking ID=36, Customer=1, Released 2 seats
[2025-11-19 16:51:38] ? Cancelled expired booking ID=37, Customer=1, Released 1 seats
[2025-11-19 16:51:38] ? Cancelled expired booking ID=38, Customer=1, Released 0 seats
[2025-11-19 16:51:38] ? Cancelled expired booking ID=39, Customer=1, Released 2 seats
[2025-11-19 16:51:38] ? Cancelled expired booking ID=40, Customer=1, Released 0 seats
[2025-11-19 16:51:38] ? Cancelled expired booking ID=41, Customer=1, Released 1 seats
[2025-11-19 16:51:38] ? Cancelled expired booking ID=42, Customer=1, Released 0 seats
[2025-11-19 16:51:38] ? Cancelled expired booking ID=58, Customer=1, Released 0 seats
[2025-11-19 16:51:38] ? Cancelled expired booking ID=64, Customer=1, Released 2 seats
[2025-11-19 16:51:38] ? Cancelled expired booking ID=65, Customer=1, Released 2 seats
[2025-11-19 16:51:38] ? Cancelled expired booking ID=67, Customer=1, Released 2 seats
[2025-11-19 16:51:38] ? Cancelled expired booking ID=68, Customer=1, Released 1 seats
[2025-11-19 16:51:38] ? Cancelled expired booking ID=69, Customer=1, Released 0 seats
[2025-11-19 16:51:38] ? Cancelled expired booking ID=75, Customer=1, Released 0 seats
[2025-11-19 16:51:38] ? Cancelled expired booking ID=76, Customer=1, Released 0 seats
[2025-11-19 16:51:38] ? Cancelled expired booking ID=77, Customer=1, Released 0 seats
[2025-11-19 16:51:38] ? Cancelled expired booking ID=78, Customer=1, Released 0 seats
[2025-11-19 16:51:38] ? Cancelled expired booking ID=79, Customer=1, Released 1 seats
[2025-11-19 16:51:38] ? Cancelled expired booking ID=80, Customer=1, Released 1 seats
[2025-11-19 16:51:38] ? Cancelled expired booking ID=81, Customer=1, Released 0 seats
[2025-11-19 16:51:38] ? Cancelled expired booking ID=82, Customer=1, Released 1 seats
[2025-11-19 16:51:38] ? Cancelled expired booking ID=83, Customer=1, Released 0 seats
[2025-11-19 16:51:38] ? Cancelled expired booking ID=84, Customer=1, Released 0 seats
[2025-11-19 16:51:38] ? Cancelled expired booking ID=85, Customer=1, Released 0 seats
[2025-11-19 16:51:38] ? Cancelled expired booking ID=86, Customer=1, Released 0 seats
[2025-11-19 16:51:38] ? Cancelled expired booking ID=87, Customer=1, Released 0 seats
[2025-11-19 16:51:38] ? Cancelled expired booking ID=88, Customer=1, Released 0 seats
[2025-11-19 16:51:38] ? Cancelled expired booking ID=89, Customer=1, Released 0 seats
[2025-11-19 16:51:38] ? Cancelled expired booking ID=90, Customer=1, Released 0 seats
[2025-11-19 16:51:38] ? Cancelled expired booking ID=92, Customer=2, Released 1 seats
[2025-11-19 16:51:46] ✅ QR Code URL (new format) generated: https://img.vietqr.io/image/VCB-1031419192-compact2.png?amount=125000&addInfo=DatVe94
[2025-11-19 16:51:46] ✅ Hiển thị trang thanh toán thành công: Booking 94
[2025-11-19 16:52:38] ? Found 60 expired bookings to cancel
[2025-11-19 16:52:38] ? Cancelled expired booking ID=6, Customer=1, Released 0 seats
[2025-11-19 16:52:38] ? Cancelled expired booking ID=7, Customer=1, Released 0 seats
[2025-11-19 16:52:38] ? Cancelled expired booking ID=8, Customer=1, Released 0 seats
[2025-11-19 16:52:38] ? Cancelled expired booking ID=9, Customer=1, Released 0 seats
[2025-11-19 16:52:38] ? Cancelled expired booking ID=10, Customer=1, Released 1 seats
[2025-11-19 16:52:38] ? Cancelled expired booking ID=11, Customer=1, Released 0 seats
[2025-11-19 16:52:38] ? Cancelled expired booking ID=12, Customer=1, Released 2 seats
[2025-11-19 16:52:38] ? Cancelled expired booking ID=13, Customer=1, Released 1 seats
[2025-11-19 16:52:38] ? Cancelled expired booking ID=14, Customer=1, Released 2 seats
[2025-11-19 16:52:38] ? Cancelled expired booking ID=15, Customer=1, Released 0 seats
[2025-11-19 16:52:38] ? Cancelled expired booking ID=16, Customer=1, Released 0 seats
[2025-11-19 16:52:38] ? Cancelled expired booking ID=17, Customer=1, Released 0 seats
[2025-11-19 16:52:38] ? Cancelled expired booking ID=18, Customer=1, Released 0 seats
[2025-11-19 16:52:38] ? Cancelled expired booking ID=19, Customer=1, Released 1 seats
[2025-11-19 16:52:38] ? Cancelled expired booking ID=20, Customer=1, Released 0 seats
[2025-11-19 16:52:38] ? Cancelled expired booking ID=21, Customer=1, Released 0 seats
[2025-11-19 16:52:38] ? Cancelled expired booking ID=22, Customer=1, Released 0 seats
[2025-11-19 16:52:38] ? Cancelled expired booking ID=23, Customer=1, Released 0 seats
[2025-11-19 16:52:38] ? Cancelled expired booking ID=24, Customer=1, Released 0 seats
[2025-11-19 16:52:38] ? Cancelled expired booking ID=25, Customer=1, Released 0 seats
[2025-11-19 16:52:38] ? Cancelled expired booking ID=26, Customer=1, Released 2 seats
[2025-11-19 16:52:38] ? Cancelled expired booking ID=27, Customer=1, Released 0 seats
[2025-11-19 16:52:38] ? Cancelled expired booking ID=28, Customer=1, Released 0 seats
[2025-11-19 16:52:38] ? Cancelled expired booking ID=29, Customer=1, Released 0 seats
[2025-11-19 16:52:38] ? Cancelled expired booking ID=30, Customer=1, Released 0 seats
[2025-11-19 16:52:38] ? Cancelled expired booking ID=31, Customer=1, Released 1 seats
[2025-11-19 16:52:38] ? Cancelled expired booking ID=32, Customer=1, Released 2 seats
[2025-11-19 16:52:38] ? Cancelled expired booking ID=33, Customer=1, Released 2 seats
[2025-11-19 16:52:38] ? Cancelled expired booking ID=34, Customer=1, Released 2 seats
[2025-11-19 16:52:38] ? Cancelled expired booking ID=35, Customer=1, Released 0 seats
[2025-11-19 16:52:38] ? Cancelled expired booking ID=36, Customer=1, Released 2 seats
[2025-11-19 16:52:38] ? Cancelled expired booking ID=37, Customer=1, Released 1 seats
[2025-11-19 16:52:38] ? Cancelled expired booking ID=38, Customer=1, Released 0 seats
[2025-11-19 16:52:38] ? Cancelled expired booking ID=39, Customer=1, Released 2 seats
[2025-11-19 16:52:38] ? Cancelled expired booking ID=40, Customer=1, Released 0 seats
[2025-11-19 16:52:38] ? Cancelled expired booking ID=41, Customer=1, Released 1 seats
[2025-11-19 16:52:38] ? Cancelled expired booking ID=42, Customer=1, Released 0 seats
[2025-11-19 16:52:38] ? Cancelled expired booking ID=58, Customer=1, Released 0 seats
[2025-11-19 16:52:38] ? Cancelled expired booking ID=64, Customer=1, Released 2 seats
[2025-11-19 16:52:38] ? Cancelled expired booking ID=65, Customer=1, Released 2 seats
[2025-11-19 16:52:38] ? Cancelled expired booking ID=67, Customer=1, Released 2 seats
[2025-11-19 16:52:38] ? Cancelled expired booking ID=68, Customer=1, Released 1 seats
[2025-11-19 16:52:38] ? Cancelled expired booking ID=69, Customer=1, Released 0 seats
[2025-11-19 16:52:38] ? Cancelled expired booking ID=75, Customer=1, Released 0 seats
[2025-11-19 16:52:38] ? Cancelled expired booking ID=76, Customer=1, Released 0 seats
[2025-11-19 16:52:38] ? Cancelled expired booking ID=77, Customer=1, Released 0 seats
[2025-11-19 16:52:38] ? Cancelled expired booking ID=78, Customer=1, Released 0 seats
[2025-11-19 16:52:38] ? Cancelled expired booking ID=79, Customer=1, Released 1 seats
[2025-11-19 16:52:38] ? Cancelled expired booking ID=80, Customer=1, Released 1 seats
[2025-11-19 16:52:38] ? Cancelled expired booking ID=81, Customer=1, Released 0 seats
[2025-11-19 16:52:38] ? Cancelled expired booking ID=82, Customer=1, Released 1 seats
[2025-11-19 16:52:38] ? Cancelled expired booking ID=83, Customer=1, Released 0 seats
[2025-11-19 16:52:38] ? Cancelled expired booking ID=84, Customer=1, Released 0 seats
[2025-11-19 16:52:38] ? Cancelled expired booking ID=85, Customer=1, Released 0 seats
[2025-11-19 16:52:38] ? Cancelled expired booking ID=86, Customer=1, Released 0 seats
[2025-11-19 16:52:38] ? Cancelled expired booking ID=87, Customer=1, Released 0 seats
[2025-11-19 16:52:38] ? Cancelled expired booking ID=88, Customer=1, Released 0 seats
[2025-11-19 16:52:38] ? Cancelled expired booking ID=89, Customer=1, Released 0 seats
[2025-11-19 16:52:38] ? Cancelled expired booking ID=90, Customer=1, Released 0 seats
[2025-11-19 16:52:38] ? Cancelled expired booking ID=92, Customer=2, Released 1 seats
[2025-11-19 16:53:38] ? Found 60 expired bookings to cancel
[2025-11-19 16:53:38] ? Cancelled expired booking ID=6, Customer=1, Released 0 seats
[2025-11-19 16:53:38] ? Cancelled expired booking ID=7, Customer=1, Released 0 seats
[2025-11-19 16:53:38] ? Cancelled expired booking ID=8, Customer=1, Released 0 seats
[2025-11-19 16:53:38] ? Cancelled expired booking ID=9, Customer=1, Released 0 seats
[2025-11-19 16:53:38] ? Cancelled expired booking ID=10, Customer=1, Released 1 seats
[2025-11-19 16:53:38] ? Cancelled expired booking ID=11, Customer=1, Released 0 seats
[2025-11-19 16:53:38] ? Cancelled expired booking ID=12, Customer=1, Released 2 seats
[2025-11-19 16:53:38] ? Cancelled expired booking ID=13, Customer=1, Released 1 seats
[2025-11-19 16:53:38] ? Cancelled expired booking ID=14, Customer=1, Released 2 seats
[2025-11-19 16:53:38] ? Cancelled expired booking ID=15, Customer=1, Released 0 seats
[2025-11-19 16:53:38] ? Cancelled expired booking ID=16, Customer=1, Released 0 seats
[2025-11-19 16:53:38] ? Cancelled expired booking ID=17, Customer=1, Released 0 seats
[2025-11-19 16:53:38] ? Cancelled expired booking ID=18, Customer=1, Released 0 seats
[2025-11-19 16:53:38] ? Cancelled expired booking ID=19, Customer=1, Released 1 seats
[2025-11-19 16:53:38] ? Cancelled expired booking ID=20, Customer=1, Released 0 seats
[2025-11-19 16:53:38] ? Cancelled expired booking ID=21, Customer=1, Released 0 seats
[2025-11-19 16:53:38] ? Cancelled expired booking ID=22, Customer=1, Released 0 seats
[2025-11-19 16:53:38] ? Cancelled expired booking ID=23, Customer=1, Released 0 seats
[2025-11-19 16:53:38] ? Cancelled expired booking ID=24, Customer=1, Released 0 seats
[2025-11-19 16:53:38] ? Cancelled expired booking ID=25, Customer=1, Released 0 seats
[2025-11-19 16:53:38] ? Cancelled expired booking ID=26, Customer=1, Released 2 seats
[2025-11-19 16:53:38] ? Cancelled expired booking ID=27, Customer=1, Released 0 seats
[2025-11-19 16:53:38] ? Cancelled expired booking ID=28, Customer=1, Released 0 seats
[2025-11-19 16:53:38] ? Cancelled expired booking ID=29, Customer=1, Released 0 seats
[2025-11-19 16:53:38] ? Cancelled expired booking ID=30, Customer=1, Released 0 seats
[2025-11-19 16:53:38] ? Cancelled expired booking ID=31, Customer=1, Released 1 seats
[2025-11-19 16:53:38] ? Cancelled expired booking ID=32, Customer=1, Released 2 seats
[2025-11-19 16:53:38] ? Cancelled expired booking ID=33, Customer=1, Released 2 seats
[2025-11-19 16:53:38] ? Cancelled expired booking ID=34, Customer=1, Released 2 seats
[2025-11-19 16:53:38] ? Cancelled expired booking ID=35, Customer=1, Released 0 seats
[2025-11-19 16:53:38] ? Cancelled expired booking ID=36, Customer=1, Released 2 seats
[2025-11-19 16:53:38] ? Cancelled expired booking ID=37, Customer=1, Released 1 seats
[2025-11-19 16:53:38] ? Cancelled expired booking ID=38, Customer=1, Released 0 seats
[2025-11-19 16:53:38] ? Cancelled expired booking ID=39, Customer=1, Released 2 seats
[2025-11-19 16:53:38] ? Cancelled expired booking ID=40, Customer=1, Released 0 seats
[2025-11-19 16:53:38] ? Cancelled expired booking ID=41, Customer=1, Released 1 seats
[2025-11-19 16:53:38] ? Cancelled expired booking ID=42, Customer=1, Released 0 seats
[2025-11-19 16:53:38] ? Cancelled expired booking ID=58, Customer=1, Released 0 seats
[2025-11-19 16:53:38] ? Cancelled expired booking ID=64, Customer=1, Released 2 seats
[2025-11-19 16:53:38] ? Cancelled expired booking ID=65, Customer=1, Released 2 seats
[2025-11-19 16:53:38] ? Cancelled expired booking ID=67, Customer=1, Released 2 seats
[2025-11-19 16:53:38] ? Cancelled expired booking ID=68, Customer=1, Released 1 seats
[2025-11-19 16:53:38] ? Cancelled expired booking ID=69, Customer=1, Released 0 seats
[2025-11-19 16:53:38] ? Cancelled expired booking ID=75, Customer=1, Released 0 seats
[2025-11-19 16:53:38] ? Cancelled expired booking ID=76, Customer=1, Released 0 seats
[2025-11-19 16:53:38] ? Cancelled expired booking ID=77, Customer=1, Released 0 seats
[2025-11-19 16:53:38] ? Cancelled expired booking ID=78, Customer=1, Released 0 seats
[2025-11-19 16:53:38] ? Cancelled expired booking ID=79, Customer=1, Released 1 seats
[2025-11-19 16:53:38] ? Cancelled expired booking ID=80, Customer=1, Released 1 seats
[2025-11-19 16:53:38] ? Cancelled expired booking ID=81, Customer=1, Released 0 seats
[2025-11-19 16:53:38] ? Cancelled expired booking ID=82, Customer=1, Released 1 seats
[2025-11-19 16:53:38] ? Cancelled expired booking ID=83, Customer=1, Released 0 seats
[2025-11-19 16:53:38] ? Cancelled expired booking ID=84, Customer=1, Released 0 seats
[2025-11-19 16:53:38] ? Cancelled expired booking ID=85, Customer=1, Released 0 seats
[2025-11-19 16:53:38] ? Cancelled expired booking ID=86, Customer=1, Released 0 seats
[2025-11-19 16:53:38] ? Cancelled expired booking ID=87, Customer=1, Released 0 seats
[2025-11-19 16:53:38] ? Cancelled expired booking ID=88, Customer=1, Released 0 seats
[2025-11-19 16:53:38] ? Cancelled expired booking ID=89, Customer=1, Released 0 seats
[2025-11-19 16:53:38] ? Cancelled expired booking ID=90, Customer=1, Released 0 seats
[2025-11-19 16:53:38] ? Cancelled expired booking ID=92, Customer=2, Released 1 seats
[2025-11-19 16:54:38] ? Found 60 expired bookings to cancel
[2025-11-19 16:54:38] ? Cancelled expired booking ID=6, Customer=1, Released 0 seats
[2025-11-19 16:54:38] ? Cancelled expired booking ID=7, Customer=1, Released 0 seats
[2025-11-19 16:54:38] ? Cancelled expired booking ID=8, Customer=1, Released 0 seats
[2025-11-19 16:54:38] ? Cancelled expired booking ID=9, Customer=1, Released 0 seats
[2025-11-19 16:54:38] ? Cancelled expired booking ID=10, Customer=1, Released 1 seats
[2025-11-19 16:54:38] ? Cancelled expired booking ID=11, Customer=1, Released 0 seats
[2025-11-19 16:54:38] ? Cancelled expired booking ID=12, Customer=1, Released 2 seats
[2025-11-19 16:54:38] ? Cancelled expired booking ID=13, Customer=1, Released 1 seats
[2025-11-19 16:54:38] ? Cancelled expired booking ID=14, Customer=1, Released 2 seats
[2025-11-19 16:54:38] ? Cancelled expired booking ID=15, Customer=1, Released 0 seats
[2025-11-19 16:54:38] ? Cancelled expired booking ID=16, Customer=1, Released 0 seats
[2025-11-19 16:54:38] ? Cancelled expired booking ID=17, Customer=1, Released 0 seats
[2025-11-19 16:54:38] ? Cancelled expired booking ID=18, Customer=1, Released 0 seats
[2025-11-19 16:54:38] ? Cancelled expired booking ID=19, Customer=1, Released 1 seats
[2025-11-19 16:54:38] ? Cancelled expired booking ID=20, Customer=1, Released 0 seats
[2025-11-19 16:54:38] ? Cancelled expired booking ID=21, Customer=1, Released 0 seats
[2025-11-19 16:54:38] ? Cancelled expired booking ID=22, Customer=1, Released 0 seats
[2025-11-19 16:54:38] ? Cancelled expired booking ID=23, Customer=1, Released 0 seats
[2025-11-19 16:54:38] ? Cancelled expired booking ID=24, Customer=1, Released 0 seats
[2025-11-19 16:54:38] ? Cancelled expired booking ID=25, Customer=1, Released 0 seats
[2025-11-19 16:54:38] ? Cancelled expired booking ID=26, Customer=1, Released 2 seats
[2025-11-19 16:54:38] ? Cancelled expired booking ID=27, Customer=1, Released 0 seats
[2025-11-19 16:54:38] ? Cancelled expired booking ID=28, Customer=1, Released 0 seats
[2025-11-19 16:54:38] ? Cancelled expired booking ID=29, Customer=1, Released 0 seats
[2025-11-19 16:54:38] ? Cancelled expired booking ID=30, Customer=1, Released 0 seats
[2025-11-19 16:54:38] ? Cancelled expired booking ID=31, Customer=1, Released 1 seats
[2025-11-19 16:54:38] ? Cancelled expired booking ID=32, Customer=1, Released 2 seats
[2025-11-19 16:54:38] ? Cancelled expired booking ID=33, Customer=1, Released 2 seats
[2025-11-19 16:54:38] ? Cancelled expired booking ID=34, Customer=1, Released 2 seats
[2025-11-19 16:54:38] ? Cancelled expired booking ID=35, Customer=1, Released 0 seats
[2025-11-19 16:54:38] ? Cancelled expired booking ID=36, Customer=1, Released 2 seats
[2025-11-19 16:54:38] ? Cancelled expired booking ID=37, Customer=1, Released 1 seats
[2025-11-19 16:54:38] ? Cancelled expired booking ID=38, Customer=1, Released 0 seats
[2025-11-19 16:54:38] ? Cancelled expired booking ID=39, Customer=1, Released 2 seats
[2025-11-19 16:54:38] ? Cancelled expired booking ID=40, Customer=1, Released 0 seats
[2025-11-19 16:54:38] ? Cancelled expired booking ID=41, Customer=1, Released 1 seats
[2025-11-19 16:54:38] ? Cancelled expired booking ID=42, Customer=1, Released 0 seats
[2025-11-19 16:54:38] ? Cancelled expired booking ID=58, Customer=1, Released 0 seats
[2025-11-19 16:54:38] ? Cancelled expired booking ID=64, Customer=1, Released 2 seats
[2025-11-19 16:54:38] ? Cancelled expired booking ID=65, Customer=1, Released 2 seats
[2025-11-19 16:54:38] ? Cancelled expired booking ID=67, Customer=1, Released 2 seats
[2025-11-19 16:54:38] ? Cancelled expired booking ID=68, Customer=1, Released 1 seats
[2025-11-19 16:54:38] ? Cancelled expired booking ID=69, Customer=1, Released 0 seats
[2025-11-19 16:54:38] ? Cancelled expired booking ID=75, Customer=1, Released 0 seats
[2025-11-19 16:54:38] ? Cancelled expired booking ID=76, Customer=1, Released 0 seats
[2025-11-19 16:54:38] ? Cancelled expired booking ID=77, Customer=1, Released 0 seats
[2025-11-19 16:54:38] ? Cancelled expired booking ID=78, Customer=1, Released 0 seats
[2025-11-19 16:54:38] ? Cancelled expired booking ID=79, Customer=1, Released 1 seats
[2025-11-19 16:54:38] ? Cancelled expired booking ID=80, Customer=1, Released 1 seats
[2025-11-19 16:54:38] ? Cancelled expired booking ID=81, Customer=1, Released 0 seats
[2025-11-19 16:54:38] ? Cancelled expired booking ID=82, Customer=1, Released 1 seats
[2025-11-19 16:54:38] ? Cancelled expired booking ID=83, Customer=1, Released 0 seats
[2025-11-19 16:54:38] ? Cancelled expired booking ID=84, Customer=1, Released 0 seats
[2025-11-19 16:54:38] ? Cancelled expired booking ID=85, Customer=1, Released 0 seats
[2025-11-19 16:54:38] ? Cancelled expired booking ID=86, Customer=1, Released 0 seats
[2025-11-19 16:54:38] ? Cancelled expired booking ID=87, Customer=1, Released 0 seats
[2025-11-19 16:54:38] ? Cancelled expired booking ID=88, Customer=1, Released 0 seats
[2025-11-19 16:54:38] ? Cancelled expired booking ID=89, Customer=1, Released 0 seats
[2025-11-19 16:54:38] ? Cancelled expired booking ID=90, Customer=1, Released 0 seats
[2025-11-19 16:54:38] ? Cancelled expired booking ID=92, Customer=2, Released 1 seats
[2025-11-19 16:55:38] ? Found 60 expired bookings to cancel
[2025-11-19 16:55:38] ? Cancelled expired booking ID=6, Customer=1, Released 0 seats
[2025-11-19 16:55:38] ? Cancelled expired booking ID=7, Customer=1, Released 0 seats
[2025-11-19 16:55:38] ? Cancelled expired booking ID=8, Customer=1, Released 0 seats
[2025-11-19 16:55:38] ? Cancelled expired booking ID=9, Customer=1, Released 0 seats
[2025-11-19 16:55:38] ? Cancelled expired booking ID=10, Customer=1, Released 1 seats
[2025-11-19 16:55:38] ? Cancelled expired booking ID=11, Customer=1, Released 0 seats
[2025-11-19 16:55:38] ? Cancelled expired booking ID=12, Customer=1, Released 2 seats
[2025-11-19 16:55:38] ? Cancelled expired booking ID=13, Customer=1, Released 1 seats
[2025-11-19 16:55:38] ? Cancelled expired booking ID=14, Customer=1, Released 2 seats
[2025-11-19 16:55:38] ? Cancelled expired booking ID=15, Customer=1, Released 0 seats
[2025-11-19 16:55:38] ? Cancelled expired booking ID=16, Customer=1, Released 0 seats
[2025-11-19 16:55:38] ? Cancelled expired booking ID=17, Customer=1, Released 0 seats
[2025-11-19 16:55:38] ? Cancelled expired booking ID=18, Customer=1, Released 0 seats
[2025-11-19 16:55:38] ? Cancelled expired booking ID=19, Customer=1, Released 1 seats
[2025-11-19 16:55:38] ? Cancelled expired booking ID=20, Customer=1, Released 0 seats
[2025-11-19 16:55:38] ? Cancelled expired booking ID=21, Customer=1, Released 0 seats
[2025-11-19 16:55:38] ? Cancelled expired booking ID=22, Customer=1, Released 0 seats
[2025-11-19 16:55:38] ? Cancelled expired booking ID=23, Customer=1, Released 0 seats
[2025-11-19 16:55:38] ? Cancelled expired booking ID=24, Customer=1, Released 0 seats
[2025-11-19 16:55:38] ? Cancelled expired booking ID=25, Customer=1, Released 0 seats
[2025-11-19 16:55:38] ? Cancelled expired booking ID=26, Customer=1, Released 2 seats
[2025-11-19 16:55:38] ? Cancelled expired booking ID=27, Customer=1, Released 0 seats
[2025-11-19 16:55:38] ? Cancelled expired booking ID=28, Customer=1, Released 0 seats
[2025-11-19 16:55:38] ? Cancelled expired booking ID=29, Customer=1, Released 0 seats
[2025-11-19 16:55:38] ? Cancelled expired booking ID=30, Customer=1, Released 0 seats
[2025-11-19 16:55:38] ? Cancelled expired booking ID=31, Customer=1, Released 1 seats
[2025-11-19 16:55:38] ? Cancelled expired booking ID=32, Customer=1, Released 2 seats
[2025-11-19 16:55:38] ? Cancelled expired booking ID=33, Customer=1, Released 2 seats
[2025-11-19 16:55:38] ? Cancelled expired booking ID=34, Customer=1, Released 2 seats
[2025-11-19 16:55:38] ? Cancelled expired booking ID=35, Customer=1, Released 0 seats
[2025-11-19 16:55:38] ? Cancelled expired booking ID=36, Customer=1, Released 2 seats
[2025-11-19 16:55:38] ? Cancelled expired booking ID=37, Customer=1, Released 1 seats
[2025-11-19 16:55:38] ? Cancelled expired booking ID=38, Customer=1, Released 0 seats
[2025-11-19 16:55:38] ? Cancelled expired booking ID=39, Customer=1, Released 2 seats
[2025-11-19 16:55:38] ? Cancelled expired booking ID=40, Customer=1, Released 0 seats
[2025-11-19 16:55:38] ? Cancelled expired booking ID=41, Customer=1, Released 1 seats
[2025-11-19 16:55:38] ? Cancelled expired booking ID=42, Customer=1, Released 0 seats
[2025-11-19 16:55:38] ? Cancelled expired booking ID=58, Customer=1, Released 0 seats
[2025-11-19 16:55:38] ? Cancelled expired booking ID=64, Customer=1, Released 2 seats
[2025-11-19 16:55:38] ? Cancelled expired booking ID=65, Customer=1, Released 2 seats
[2025-11-19 16:55:38] ? Cancelled expired booking ID=67, Customer=1, Released 2 seats
[2025-11-19 16:55:38] ? Cancelled expired booking ID=68, Customer=1, Released 1 seats
[2025-11-19 16:55:38] ? Cancelled expired booking ID=69, Customer=1, Released 0 seats
[2025-11-19 16:55:38] ? Cancelled expired booking ID=75, Customer=1, Released 0 seats
[2025-11-19 16:55:38] ? Cancelled expired booking ID=76, Customer=1, Released 0 seats
[2025-11-19 16:55:38] ? Cancelled expired booking ID=77, Customer=1, Released 0 seats
[2025-11-19 16:55:38] ? Cancelled expired booking ID=78, Customer=1, Released 0 seats
[2025-11-19 16:55:38] ? Cancelled expired booking ID=79, Customer=1, Released 1 seats
[2025-11-19 16:55:38] ? Cancelled expired booking ID=80, Customer=1, Released 1 seats
[2025-11-19 16:55:38] ? Cancelled expired booking ID=81, Customer=1, Released 0 seats
[2025-11-19 16:55:38] ? Cancelled expired booking ID=82, Customer=1, Released 1 seats
[2025-11-19 16:55:38] ? Cancelled expired booking ID=83, Customer=1, Released 0 seats
[2025-11-19 16:55:38] ? Cancelled expired booking ID=84, Customer=1, Released 0 seats
[2025-11-19 16:55:38] ? Cancelled expired booking ID=85, Customer=1, Released 0 seats
[2025-11-19 16:55:38] ? Cancelled expired booking ID=86, Customer=1, Released 0 seats
[2025-11-19 16:55:38] ? Cancelled expired booking ID=87, Customer=1, Released 0 seats
[2025-11-19 16:55:38] ? Cancelled expired booking ID=88, Customer=1, Released 0 seats
[2025-11-19 16:55:38] ? Cancelled expired booking ID=89, Customer=1, Released 0 seats
[2025-11-19 16:55:38] ? Cancelled expired booking ID=90, Customer=1, Released 0 seats
[2025-11-19 16:55:38] ? Cancelled expired booking ID=92, Customer=2, Released 1 seats
[2025-11-19 16:56:38] ? Found 60 expired bookings to cancel
[2025-11-19 16:56:38] ? Cancelled expired booking ID=6, Customer=1, Released 0 seats
[2025-11-19 16:56:38] ? Cancelled expired booking ID=7, Customer=1, Released 0 seats
[2025-11-19 16:56:38] ? Cancelled expired booking ID=8, Customer=1, Released 0 seats
[2025-11-19 16:56:38] ? Cancelled expired booking ID=9, Customer=1, Released 0 seats
[2025-11-19 16:56:38] ? Cancelled expired booking ID=10, Customer=1, Released 1 seats
[2025-11-19 16:56:38] ? Cancelled expired booking ID=11, Customer=1, Released 0 seats
[2025-11-19 16:56:38] ? Cancelled expired booking ID=12, Customer=1, Released 2 seats
[2025-11-19 16:56:38] ? Cancelled expired booking ID=13, Customer=1, Released 1 seats
[2025-11-19 16:56:38] ? Cancelled expired booking ID=14, Customer=1, Released 2 seats
[2025-11-19 16:56:38] ? Cancelled expired booking ID=15, Customer=1, Released 0 seats
[2025-11-19 16:56:38] ? Cancelled expired booking ID=16, Customer=1, Released 0 seats
[2025-11-19 16:56:38] ? Cancelled expired booking ID=17, Customer=1, Released 0 seats
[2025-11-19 16:56:38] ? Cancelled expired booking ID=18, Customer=1, Released 0 seats
[2025-11-19 16:56:38] ? Cancelled expired booking ID=19, Customer=1, Released 1 seats
[2025-11-19 16:56:38] ? Cancelled expired booking ID=20, Customer=1, Released 0 seats
[2025-11-19 16:56:38] ? Cancelled expired booking ID=21, Customer=1, Released 0 seats
[2025-11-19 16:56:38] ? Cancelled expired booking ID=22, Customer=1, Released 0 seats
[2025-11-19 16:56:38] ? Cancelled expired booking ID=23, Customer=1, Released 0 seats
[2025-11-19 16:56:38] ? Cancelled expired booking ID=24, Customer=1, Released 0 seats
[2025-11-19 16:56:38] ? Cancelled expired booking ID=25, Customer=1, Released 0 seats
[2025-11-19 16:56:38] ? Cancelled expired booking ID=26, Customer=1, Released 2 seats
[2025-11-19 16:56:38] ? Cancelled expired booking ID=27, Customer=1, Released 0 seats
[2025-11-19 16:56:38] ? Cancelled expired booking ID=28, Customer=1, Released 0 seats
[2025-11-19 16:56:38] ? Cancelled expired booking ID=29, Customer=1, Released 0 seats
[2025-11-19 16:56:38] ? Cancelled expired booking ID=30, Customer=1, Released 0 seats
[2025-11-19 16:56:38] ? Cancelled expired booking ID=31, Customer=1, Released 1 seats
[2025-11-19 16:56:38] ? Cancelled expired booking ID=32, Customer=1, Released 2 seats
[2025-11-19 16:56:38] ? Cancelled expired booking ID=33, Customer=1, Released 2 seats
[2025-11-19 16:56:38] ? Cancelled expired booking ID=34, Customer=1, Released 2 seats
[2025-11-19 16:56:38] ? Cancelled expired booking ID=35, Customer=1, Released 0 seats
[2025-11-19 16:56:38] ? Cancelled expired booking ID=36, Customer=1, Released 2 seats
[2025-11-19 16:56:38] ? Cancelled expired booking ID=37, Customer=1, Released 1 seats
[2025-11-19 16:56:38] ? Cancelled expired booking ID=38, Customer=1, Released 0 seats
[2025-11-19 16:56:38] ? Cancelled expired booking ID=39, Customer=1, Released 2 seats
[2025-11-19 16:56:38] ? Cancelled expired booking ID=40, Customer=1, Released 0 seats
[2025-11-19 16:56:38] ? Cancelled expired booking ID=41, Customer=1, Released 1 seats
[2025-11-19 16:56:38] ? Cancelled expired booking ID=42, Customer=1, Released 0 seats
[2025-11-19 16:56:38] ? Cancelled expired booking ID=58, Customer=1, Released 0 seats
[2025-11-19 16:56:38] ? Cancelled expired booking ID=64, Customer=1, Released 2 seats
[2025-11-19 16:56:38] ? Cancelled expired booking ID=65, Customer=1, Released 2 seats
[2025-11-19 16:56:38] ? Cancelled expired booking ID=67, Customer=1, Released 2 seats
[2025-11-19 16:56:38] ? Cancelled expired booking ID=68, Customer=1, Released 1 seats
[2025-11-19 16:56:38] ? Cancelled expired booking ID=69, Customer=1, Released 0 seats
[2025-11-19 16:56:38] ? Cancelled expired booking ID=75, Customer=1, Released 0 seats
[2025-11-19 16:56:38] ? Cancelled expired booking ID=76, Customer=1, Released 0 seats
[2025-11-19 16:56:38] ? Cancelled expired booking ID=77, Customer=1, Released 0 seats
[2025-11-19 16:56:38] ? Cancelled expired booking ID=78, Customer=1, Released 0 seats
[2025-11-19 16:56:38] ? Cancelled expired booking ID=79, Customer=1, Released 1 seats
[2025-11-19 16:56:38] ? Cancelled expired booking ID=80, Customer=1, Released 1 seats
[2025-11-19 16:56:38] ? Cancelled expired booking ID=81, Customer=1, Released 0 seats
[2025-11-19 16:56:38] ? Cancelled expired booking ID=82, Customer=1, Released 1 seats
[2025-11-19 16:56:38] ? Cancelled expired booking ID=83, Customer=1, Released 0 seats
[2025-11-19 16:56:38] ? Cancelled expired booking ID=84, Customer=1, Released 0 seats
[2025-11-19 16:56:38] ? Cancelled expired booking ID=85, Customer=1, Released 0 seats
[2025-11-19 16:56:38] ? Cancelled expired booking ID=86, Customer=1, Released 0 seats
[2025-11-19 16:56:38] ? Cancelled expired booking ID=87, Customer=1, Released 0 seats
[2025-11-19 16:56:38] ? Cancelled expired booking ID=88, Customer=1, Released 0 seats
[2025-11-19 16:56:38] ? Cancelled expired booking ID=89, Customer=1, Released 0 seats
[2025-11-19 16:56:38] ? Cancelled expired booking ID=90, Customer=1, Released 0 seats
[2025-11-19 16:56:38] ? Cancelled expired booking ID=92, Customer=2, Released 1 seats
[2025-11-19 16:57:38] ? Found 60 expired bookings to cancel
[2025-11-19 16:57:38] ? Cancelled expired booking ID=6, Customer=1, Released 0 seats
[2025-11-19 16:57:38] ? Cancelled expired booking ID=7, Customer=1, Released 0 seats
[2025-11-19 16:57:38] ? Cancelled expired booking ID=8, Customer=1, Released 0 seats
[2025-11-19 16:57:38] ? Cancelled expired booking ID=9, Customer=1, Released 0 seats
[2025-11-19 16:57:38] ? Cancelled expired booking ID=10, Customer=1, Released 1 seats
[2025-11-19 16:57:38] ? Cancelled expired booking ID=11, Customer=1, Released 0 seats
[2025-11-19 16:57:38] ? Cancelled expired booking ID=12, Customer=1, Released 2 seats
[2025-11-19 16:57:38] ? Cancelled expired booking ID=13, Customer=1, Released 1 seats
[2025-11-19 16:57:38] ? Cancelled expired booking ID=14, Customer=1, Released 2 seats
[2025-11-19 16:57:38] ? Cancelled expired booking ID=15, Customer=1, Released 0 seats
[2025-11-19 16:57:38] ? Cancelled expired booking ID=16, Customer=1, Released 0 seats
[2025-11-19 16:57:38] ? Cancelled expired booking ID=17, Customer=1, Released 0 seats
[2025-11-19 16:57:38] ? Cancelled expired booking ID=18, Customer=1, Released 0 seats
[2025-11-19 16:57:38] ? Cancelled expired booking ID=19, Customer=1, Released 1 seats
[2025-11-19 16:57:38] ? Cancelled expired booking ID=20, Customer=1, Released 0 seats
[2025-11-19 16:57:38] ? Cancelled expired booking ID=21, Customer=1, Released 0 seats
[2025-11-19 16:57:38] ? Cancelled expired booking ID=22, Customer=1, Released 0 seats
[2025-11-19 16:57:38] ? Cancelled expired booking ID=23, Customer=1, Released 0 seats
[2025-11-19 16:57:38] ? Cancelled expired booking ID=24, Customer=1, Released 0 seats
[2025-11-19 16:57:38] ? Cancelled expired booking ID=25, Customer=1, Released 0 seats
[2025-11-19 16:57:38] ? Cancelled expired booking ID=26, Customer=1, Released 2 seats
[2025-11-19 16:57:38] ? Cancelled expired booking ID=27, Customer=1, Released 0 seats
[2025-11-19 16:57:38] ? Cancelled expired booking ID=28, Customer=1, Released 0 seats
[2025-11-19 16:57:38] ? Cancelled expired booking ID=29, Customer=1, Released 0 seats
[2025-11-19 16:57:38] ? Cancelled expired booking ID=30, Customer=1, Released 0 seats
[2025-11-19 16:57:38] ? Cancelled expired booking ID=31, Customer=1, Released 1 seats
[2025-11-19 16:57:38] ? Cancelled expired booking ID=32, Customer=1, Released 2 seats
[2025-11-19 16:57:38] ? Cancelled expired booking ID=33, Customer=1, Released 2 seats
[2025-11-19 16:57:38] ? Cancelled expired booking ID=34, Customer=1, Released 2 seats
[2025-11-19 16:57:38] ? Cancelled expired booking ID=35, Customer=1, Released 0 seats
[2025-11-19 16:57:38] ? Cancelled expired booking ID=36, Customer=1, Released 2 seats
[2025-11-19 16:57:38] ? Cancelled expired booking ID=37, Customer=1, Released 1 seats
[2025-11-19 16:57:38] ? Cancelled expired booking ID=38, Customer=1, Released 0 seats
[2025-11-19 16:57:38] ? Cancelled expired booking ID=39, Customer=1, Released 2 seats
[2025-11-19 16:57:38] ? Cancelled expired booking ID=40, Customer=1, Released 0 seats
[2025-11-19 16:57:38] ? Cancelled expired booking ID=41, Customer=1, Released 1 seats
[2025-11-19 16:57:38] ? Cancelled expired booking ID=42, Customer=1, Released 0 seats
[2025-11-19 16:57:38] ? Cancelled expired booking ID=58, Customer=1, Released 0 seats
[2025-11-19 16:57:38] ? Cancelled expired booking ID=64, Customer=1, Released 2 seats
[2025-11-19 16:57:38] ? Cancelled expired booking ID=65, Customer=1, Released 2 seats
[2025-11-19 16:57:38] ? Cancelled expired booking ID=67, Customer=1, Released 2 seats
[2025-11-19 16:57:38] ? Cancelled expired booking ID=68, Customer=1, Released 1 seats
[2025-11-19 16:57:38] ? Cancelled expired booking ID=69, Customer=1, Released 0 seats
[2025-11-19 16:57:38] ? Cancelled expired booking ID=75, Customer=1, Released 0 seats
[2025-11-19 16:57:38] ? Cancelled expired booking ID=76, Customer=1, Released 0 seats
[2025-11-19 16:57:38] ? Cancelled expired booking ID=77, Customer=1, Released 0 seats
[2025-11-19 16:57:38] ? Cancelled expired booking ID=78, Customer=1, Released 0 seats
[2025-11-19 16:57:38] ? Cancelled expired booking ID=79, Customer=1, Released 1 seats
[2025-11-19 16:57:38] ? Cancelled expired booking ID=80, Customer=1, Released 1 seats
[2025-11-19 16:57:38] ? Cancelled expired booking ID=81, Customer=1, Released 0 seats
[2025-11-19 16:57:38] ? Cancelled expired booking ID=82, Customer=1, Released 1 seats
[2025-11-19 16:57:38] ? Cancelled expired booking ID=83, Customer=1, Released 0 seats
[2025-11-19 16:57:38] ? Cancelled expired booking ID=84, Customer=1, Released 0 seats
[2025-11-19 16:57:38] ? Cancelled expired booking ID=85, Customer=1, Released 0 seats
[2025-11-19 16:57:38] ? Cancelled expired booking ID=86, Customer=1, Released 0 seats
[2025-11-19 16:57:38] ? Cancelled expired booking ID=87, Customer=1, Released 0 seats
[2025-11-19 16:57:38] ? Cancelled expired booking ID=88, Customer=1, Released 0 seats
[2025-11-19 16:57:38] ? Cancelled expired booking ID=89, Customer=1, Released 0 seats
[2025-11-19 16:57:38] ? Cancelled expired booking ID=90, Customer=1, Released 0 seats
[2025-11-19 16:57:38] ? Cancelled expired booking ID=92, Customer=2, Released 1 seats
[2025-11-19 16:58:38] ? Found 60 expired bookings to cancel
[2025-11-19 16:58:38] ? Cancelled expired booking ID=6, Customer=1, Released 0 seats
[2025-11-19 16:58:38] ? Cancelled expired booking ID=7, Customer=1, Released 0 seats
[2025-11-19 16:58:38] ? Cancelled expired booking ID=8, Customer=1, Released 0 seats
[2025-11-19 16:58:38] ? Cancelled expired booking ID=9, Customer=1, Released 0 seats
[2025-11-19 16:58:38] ? Cancelled expired booking ID=10, Customer=1, Released 1 seats
[2025-11-19 16:58:38] ? Cancelled expired booking ID=11, Customer=1, Released 0 seats
[2025-11-19 16:58:38] ? Cancelled expired booking ID=12, Customer=1, Released 2 seats
[2025-11-19 16:58:38] ? Cancelled expired booking ID=13, Customer=1, Released 1 seats
[2025-11-19 16:58:38] ? Cancelled expired booking ID=14, Customer=1, Released 2 seats
[2025-11-19 16:58:38] ? Cancelled expired booking ID=15, Customer=1, Released 0 seats
[2025-11-19 16:58:38] ? Cancelled expired booking ID=16, Customer=1, Released 0 seats
[2025-11-19 16:58:38] ? Cancelled expired booking ID=17, Customer=1, Released 0 seats
[2025-11-19 16:58:38] ? Cancelled expired booking ID=18, Customer=1, Released 0 seats
[2025-11-19 16:58:38] ? Cancelled expired booking ID=19, Customer=1, Released 1 seats
[2025-11-19 16:58:38] ? Cancelled expired booking ID=20, Customer=1, Released 0 seats
[2025-11-19 16:58:38] ? Cancelled expired booking ID=21, Customer=1, Released 0 seats
[2025-11-19 16:58:38] ? Cancelled expired booking ID=22, Customer=1, Released 0 seats
[2025-11-19 16:58:38] ? Cancelled expired booking ID=23, Customer=1, Released 0 seats
[2025-11-19 16:58:38] ? Cancelled expired booking ID=24, Customer=1, Released 0 seats
[2025-11-19 16:58:38] ? Cancelled expired booking ID=25, Customer=1, Released 0 seats
[2025-11-19 16:58:38] ? Cancelled expired booking ID=26, Customer=1, Released 2 seats
[2025-11-19 16:58:38] ? Cancelled expired booking ID=27, Customer=1, Released 0 seats
[2025-11-19 16:58:38] ? Cancelled expired booking ID=28, Customer=1, Released 0 seats
[2025-11-19 16:58:38] ? Cancelled expired booking ID=29, Customer=1, Released 0 seats
[2025-11-19 16:58:38] ? Cancelled expired booking ID=30, Customer=1, Released 0 seats
[2025-11-19 16:58:38] ? Cancelled expired booking ID=31, Customer=1, Released 1 seats
[2025-11-19 16:58:38] ? Cancelled expired booking ID=32, Customer=1, Released 2 seats
[2025-11-19 16:58:38] ? Cancelled expired booking ID=33, Customer=1, Released 2 seats
[2025-11-19 16:58:38] ? Cancelled expired booking ID=34, Customer=1, Released 2 seats
[2025-11-19 16:58:38] ? Cancelled expired booking ID=35, Customer=1, Released 0 seats
[2025-11-19 16:58:38] ? Cancelled expired booking ID=36, Customer=1, Released 2 seats
[2025-11-19 16:58:38] ? Cancelled expired booking ID=37, Customer=1, Released 1 seats
[2025-11-19 16:58:38] ? Cancelled expired booking ID=38, Customer=1, Released 0 seats
[2025-11-19 16:58:38] ? Cancelled expired booking ID=39, Customer=1, Released 2 seats
[2025-11-19 16:58:38] ? Cancelled expired booking ID=40, Customer=1, Released 0 seats
[2025-11-19 16:58:38] ? Cancelled expired booking ID=41, Customer=1, Released 1 seats
[2025-11-19 16:58:38] ? Cancelled expired booking ID=42, Customer=1, Released 0 seats
[2025-11-19 16:58:38] ? Cancelled expired booking ID=58, Customer=1, Released 0 seats
[2025-11-19 16:58:38] ? Cancelled expired booking ID=64, Customer=1, Released 2 seats
[2025-11-19 16:58:38] ? Cancelled expired booking ID=65, Customer=1, Released 2 seats
[2025-11-19 16:58:38] ? Cancelled expired booking ID=67, Customer=1, Released 2 seats
[2025-11-19 16:58:38] ? Cancelled expired booking ID=68, Customer=1, Released 1 seats
[2025-11-19 16:58:38] ? Cancelled expired booking ID=69, Customer=1, Released 0 seats
[2025-11-19 16:58:38] ? Cancelled expired booking ID=75, Customer=1, Released 0 seats
[2025-11-19 16:58:38] ? Cancelled expired booking ID=76, Customer=1, Released 0 seats
[2025-11-19 16:58:38] ? Cancelled expired booking ID=77, Customer=1, Released 0 seats
[2025-11-19 16:58:38] ? Cancelled expired booking ID=78, Customer=1, Released 0 seats
[2025-11-19 16:58:38] ? Cancelled expired booking ID=79, Customer=1, Released 1 seats
[2025-11-19 16:58:38] ? Cancelled expired booking ID=80, Customer=1, Released 1 seats
[2025-11-19 16:58:38] ? Cancelled expired booking ID=81, Customer=1, Released 0 seats
[2025-11-19 16:58:38] ? Cancelled expired booking ID=82, Customer=1, Released 1 seats
[2025-11-19 16:58:38] ? Cancelled expired booking ID=83, Customer=1, Released 0 seats
[2025-11-19 16:58:38] ? Cancelled expired booking ID=84, Customer=1, Released 0 seats
[2025-11-19 16:58:38] ? Cancelled expired booking ID=85, Customer=1, Released 0 seats
[2025-11-19 16:58:38] ? Cancelled expired booking ID=86, Customer=1, Released 0 seats
[2025-11-19 16:58:38] ? Cancelled expired booking ID=87, Customer=1, Released 0 seats
[2025-11-19 16:58:38] ? Cancelled expired booking ID=88, Customer=1, Released 0 seats
[2025-11-19 16:58:38] ? Cancelled expired booking ID=89, Customer=1, Released 0 seats
[2025-11-19 16:58:38] ? Cancelled expired booking ID=90, Customer=1, Released 0 seats
[2025-11-19 16:58:38] ? Cancelled expired booking ID=92, Customer=2, Released 1 seats
[2025-11-19 17:02:04] ? BookingExpirationService started
[2025-11-19 17:02:34] ? BookingExpirationService started
[2025-11-19 17:03:34] ? Found 60 expired bookings to cancel
[2025-11-19 17:03:34] ? Cancelled expired booking ID=6, Customer=1, Released 0 seats
[2025-11-19 17:03:34] ? Cancelled expired booking ID=7, Customer=1, Released 0 seats
[2025-11-19 17:03:34] ? Cancelled expired booking ID=8, Customer=1, Released 0 seats
[2025-11-19 17:03:34] ? Cancelled expired booking ID=9, Customer=1, Released 0 seats
[2025-11-19 17:03:34] ? Cancelled expired booking ID=10, Customer=1, Released 1 seats
[2025-11-19 17:03:34] ? Cancelled expired booking ID=11, Customer=1, Released 0 seats
[2025-11-19 17:03:34] ? Cancelled expired booking ID=12, Customer=1, Released 2 seats
[2025-11-19 17:03:34] ? Cancelled expired booking ID=13, Customer=1, Released 1 seats
[2025-11-19 17:03:34] ? Cancelled expired booking ID=14, Customer=1, Released 2 seats
[2025-11-19 17:03:34] ? Cancelled expired booking ID=15, Customer=1, Released 0 seats
[2025-11-19 17:03:34] ? Cancelled expired booking ID=16, Customer=1, Released 0 seats
[2025-11-19 17:03:34] ? Cancelled expired booking ID=17, Customer=1, Released 0 seats
[2025-11-19 17:03:34] ? Cancelled expired booking ID=18, Customer=1, Released 0 seats
[2025-11-19 17:03:34] ? Cancelled expired booking ID=19, Customer=1, Released 1 seats
[2025-11-19 17:03:34] ? Cancelled expired booking ID=20, Customer=1, Released 0 seats
[2025-11-19 17:03:34] ? Cancelled expired booking ID=21, Customer=1, Released 0 seats
[2025-11-19 17:03:34] ? Cancelled expired booking ID=22, Customer=1, Released 0 seats
[2025-11-19 17:03:34] ? Cancelled expired booking ID=23, Customer=1, Released 0 seats
[2025-11-19 17:03:34] ? Cancelled expired booking ID=24, Customer=1, Released 0 seats
[2025-11-19 17:03:34] ? Cancelled expired booking ID=25, Customer=1, Released 0 seats
[2025-11-19 17:03:34] ? Cancelled expired booking ID=26, Customer=1, Released 2 seats
[2025-11-19 17:03:34] ? Cancelled expired booking ID=27, Customer=1, Released 0 seats
[2025-11-19 17:03:34] ? Cancelled expired booking ID=28, Customer=1, Released 0 seats
[2025-11-19 17:03:34] ? Cancelled expired booking ID=29, Customer=1, Released 0 seats
[2025-11-19 17:03:34] ? Cancelled expired booking ID=30, Customer=1, Released 0 seats
[2025-11-19 17:03:34] ? Cancelled expired booking ID=31, Customer=1, Released 1 seats
[2025-11-19 17:03:34] ? Cancelled expired booking ID=32, Customer=1, Released 2 seats
[2025-11-19 17:03:34] ? Cancelled expired booking ID=33, Customer=1, Released 2 seats
[2025-11-19 17:03:34] ? Cancelled expired booking ID=34, Customer=1, Released 2 seats
[2025-11-19 17:03:34] ? Cancelled expired booking ID=35, Customer=1, Released 0 seats
[2025-11-19 17:03:34] ? Cancelled expired booking ID=36, Customer=1, Released 2 seats
[2025-11-19 17:03:34] ? Cancelled expired booking ID=37, Customer=1, Released 1 seats
[2025-11-19 17:03:34] ? Cancelled expired booking ID=38, Customer=1, Released 0 seats
[2025-11-19 17:03:34] ? Cancelled expired booking ID=39, Customer=1, Released 2 seats
[2025-11-19 17:03:34] ? Cancelled expired booking ID=40, Customer=1, Released 0 seats
[2025-11-19 17:03:34] ? Cancelled expired booking ID=41, Customer=1, Released 1 seats
[2025-11-19 17:03:34] ? Cancelled expired booking ID=42, Customer=1, Released 0 seats
[2025-11-19 17:03:34] ? Cancelled expired booking ID=58, Customer=1, Released 0 seats
[2025-11-19 17:03:34] ? Cancelled expired booking ID=64, Customer=1, Released 2 seats
[2025-11-19 17:03:34] ? Cancelled expired booking ID=65, Customer=1, Released 2 seats
[2025-11-19 17:03:34] ? Cancelled expired booking ID=67, Customer=1, Released 2 seats
[2025-11-19 17:03:34] ? Cancelled expired booking ID=68, Customer=1, Released 1 seats
[2025-11-19 17:03:34] ? Cancelled expired booking ID=69, Customer=1, Released 0 seats
[2025-11-19 17:03:34] ? Cancelled expired booking ID=75, Customer=1, Released 0 seats
[2025-11-19 17:03:34] ? Cancelled expired booking ID=76, Customer=1, Released 0 seats
[2025-11-19 17:03:34] ? Cancelled expired booking ID=77, Customer=1, Released 0 seats
[2025-11-19 17:03:34] ? Cancelled expired booking ID=78, Customer=1, Released 0 seats
[2025-11-19 17:03:34] ? Cancelled expired booking ID=79, Customer=1, Released 1 seats
[2025-11-19 17:03:34] ? Cancelled expired booking ID=80, Customer=1, Released 1 seats
[2025-11-19 17:03:34] ? Cancelled expired booking ID=81, Customer=1, Released 0 seats
[2025-11-19 17:03:34] ? Cancelled expired booking ID=82, Customer=1, Released 1 seats
[2025-11-19 17:03:34] ? Cancelled expired booking ID=83, Customer=1, Released 0 seats
[2025-11-19 17:03:34] ? Cancelled expired booking ID=84, Customer=1, Released 0 seats
[2025-11-19 17:03:34] ? Cancelled expired booking ID=85, Customer=1, Released 0 seats
[2025-11-19 17:03:34] ? Cancelled expired booking ID=86, Customer=1, Released 0 seats
[2025-11-19 17:03:34] ? Cancelled expired booking ID=87, Customer=1, Released 0 seats
[2025-11-19 17:03:34] ? Cancelled expired booking ID=88, Customer=1, Released 0 seats
[2025-11-19 17:03:34] ? Cancelled expired booking ID=89, Customer=1, Released 0 seats
[2025-11-19 17:03:34] ? Cancelled expired booking ID=90, Customer=1, Released 0 seats
[2025-11-19 17:03:34] ? Cancelled expired booking ID=92, Customer=2, Released 1 seats
[2025-11-19 17:24:16] ? BookingExpirationService started
[2025-11-19 17:24:44] SelectSeats (Fresh DB): showtime=10, paidBookings=27, bookedCount=21
[2025-11-19 17:24:44] Booked seat ids: 102,104,111,112,116,117,121,126,127,131,136,137,141,151,165,166,168,169,186,187,105
[2025-11-19 17:24:54] ✅ Tạo Dat_Ve mới: ID=95, Trạng thái=Chưa thanh toán
[2025-11-19 17:24:54] ✅ Sinh QR code: DAVCINEMA-95-219-638991698943873972 -> qr_DAVCINEMA-95-219-638991698943873972.png
[2025-11-19 17:24:54] ✅ Cập nhật Dat_Ve: ID=95, Tổng tiền=125000,00, Vé=1, Đồ ăn=0
[2025-11-19 17:24:54] ✅ QR Code URL (new format) generated: https://img.vietqr.io/image/VCB-1031419192-compact2.png?amount=125000&addInfo=DatVe95
[2025-11-19 17:24:54] 🔍 KM004 Start: foodItemsJson=exist
[2025-11-19 17:24:54]   → Parsed 1 food items
[2025-11-19 17:24:54] ✅ KM004 Complete: hasCombo=False
[2025-11-19 17:24:59] ✅ PromoCode KM003: giaTriGiam=15,00, loai=%, discount=18750,0000
[2025-11-19 17:24:59] ✅ QR Code URL (new format) generated: https://img.vietqr.io/image/VCB-1031419192-compact2.png?amount=106250&addInfo=DatVe95
[2025-11-19 17:24:59] ✅ UpdateQRCode: BookingId=95, Original=125000,00, Discount=18750,0000, Final=106250,0000, PromoCode=KM003
[2025-11-19 17:25:00] ✅ QR Code URL (new format) generated: https://img.vietqr.io/image/VCB-1031419192-compact2.png?amount=106250&addInfo=DatVe95
[2025-11-19 17:25:00] ✅ UpdateQRCode: BookingId=95, Original=106250,00, Discount=0, Final=106250,00, PromoCode=
[2025-11-19 17:25:00] ✅ PromoCode KM003: giaTriGiam=15,00, loai=%, discount=15937,5000
[2025-11-19 17:25:00] ✅ QR Code URL (new format) generated: https://img.vietqr.io/image/VCB-1031419192-compact2.png?amount=90312&addInfo=DatVe95
[2025-11-19 17:25:00] ✅ UpdateQRCode: BookingId=95, Original=106250,00, Discount=15937,5000, Final=90312,5000, PromoCode=KM003
[2025-11-19 17:25:03] ✅ QR Code URL (new format) generated: https://img.vietqr.io/image/VCB-1031419192-compact2.png?amount=90312&addInfo=DatVe95
[2025-11-19 17:25:03] ✅ UpdateQRCode: BookingId=95, Original=90312,50, Discount=0, Final=90312,50, PromoCode=
[2025-11-19 17:25:16] ? Found 60 expired bookings to cancel
[2025-11-19 17:25:17] ? Cancelled expired booking ID=6, Customer=1, Released 0 seats
[2025-11-19 17:25:17] ? Cancelled expired booking ID=7, Customer=1, Released 0 seats
[2025-11-19 17:25:17] ? Cancelled expired booking ID=8, Customer=1, Released 0 seats
[2025-11-19 17:25:17] ? Cancelled expired booking ID=9, Customer=1, Released 0 seats
[2025-11-19 17:25:17] ? Cancelled expired booking ID=10, Customer=1, Released 1 seats
[2025-11-19 17:25:17] ? Cancelled expired booking ID=11, Customer=1, Released 0 seats
[2025-11-19 17:25:17] ? Cancelled expired booking ID=12, Customer=1, Released 2 seats
[2025-11-19 17:25:17] ? Cancelled expired booking ID=13, Customer=1, Released 1 seats
[2025-11-19 17:25:17] ? Cancelled expired booking ID=14, Customer=1, Released 2 seats
[2025-11-19 17:25:17] ? Cancelled expired booking ID=15, Customer=1, Released 0 seats
[2025-11-19 17:25:17] ? Cancelled expired booking ID=16, Customer=1, Released 0 seats
[2025-11-19 17:25:17] ? Cancelled expired booking ID=17, Customer=1, Released 0 seats
[2025-11-19 17:25:17] ? Cancelled expired booking ID=18, Customer=1, Released 0 seats
[2025-11-19 17:25:17] ? Cancelled expired booking ID=19, Customer=1, Released 1 seats
[2025-11-19 17:25:17] ? Cancelled expired booking ID=20, Customer=1, Released 0 seats
[2025-11-19 17:25:17] ? Cancelled expired booking ID=21, Customer=1, Released 0 seats
[2025-11-19 17:25:17] ? Cancelled expired booking ID=22, Customer=1, Released 0 seats
[2025-11-19 17:25:17] ? Cancelled expired booking ID=23, Customer=1, Released 0 seats
[2025-11-19 17:25:17] ? Cancelled expired booking ID=24, Customer=1, Released 0 seats
[2025-11-19 17:25:17] ? Cancelled expired booking ID=25, Customer=1, Released 0 seats
[2025-11-19 17:25:17] ? Cancelled expired booking ID=26, Customer=1, Released 2 seats
[2025-11-19 17:25:17] ? Cancelled expired booking ID=27, Customer=1, Released 0 seats
[2025-11-19 17:25:17] ? Cancelled expired booking ID=28, Customer=1, Released 0 seats
[2025-11-19 17:25:17] ? Cancelled expired booking ID=29, Customer=1, Released 0 seats
[2025-11-19 17:25:17] ? Cancelled expired booking ID=30, Customer=1, Released 0 seats
[2025-11-19 17:25:17] ? Cancelled expired booking ID=31, Customer=1, Released 1 seats
[2025-11-19 17:25:17] ? Cancelled expired booking ID=32, Customer=1, Released 2 seats
[2025-11-19 17:25:17] ? Cancelled expired booking ID=33, Customer=1, Released 2 seats
[2025-11-19 17:25:17] ? Cancelled expired booking ID=34, Customer=1, Released 2 seats
[2025-11-19 17:25:17] ? Cancelled expired booking ID=35, Customer=1, Released 0 seats
[2025-11-19 17:25:17] ? Cancelled expired booking ID=36, Customer=1, Released 2 seats
[2025-11-19 17:25:17] ? Cancelled expired booking ID=37, Customer=1, Released 1 seats
[2025-11-19 17:25:17] ? Cancelled expired booking ID=38, Customer=1, Released 0 seats
[2025-11-19 17:25:17] ? Cancelled expired booking ID=39, Customer=1, Released 2 seats
[2025-11-19 17:25:17] ? Cancelled expired booking ID=40, Customer=1, Released 0 seats
[2025-11-19 17:25:17] ? Cancelled expired booking ID=41, Customer=1, Released 1 seats
[2025-11-19 17:25:17] ? Cancelled expired booking ID=42, Customer=1, Released 0 seats
[2025-11-19 17:25:17] ? Cancelled expired booking ID=58, Customer=1, Released 0 seats
[2025-11-19 17:25:17] ? Cancelled expired booking ID=64, Customer=1, Released 2 seats
[2025-11-19 17:25:17] ? Cancelled expired booking ID=65, Customer=1, Released 2 seats
[2025-11-19 17:25:17] ? Cancelled expired booking ID=67, Customer=1, Released 2 seats
[2025-11-19 17:25:17] ? Cancelled expired booking ID=68, Customer=1, Released 1 seats
[2025-11-19 17:25:17] ? Cancelled expired booking ID=69, Customer=1, Released 0 seats
[2025-11-19 17:25:17] ? Cancelled expired booking ID=75, Customer=1, Released 0 seats
[2025-11-19 17:25:17] ? Cancelled expired booking ID=76, Customer=1, Released 0 seats
[2025-11-19 17:25:17] ? Cancelled expired booking ID=77, Customer=1, Released 0 seats
[2025-11-19 17:25:17] ? Cancelled expired booking ID=78, Customer=1, Released 0 seats
[2025-11-19 17:25:17] ? Cancelled expired booking ID=79, Customer=1, Released 1 seats
[2025-11-19 17:25:17] ? Cancelled expired booking ID=80, Customer=1, Released 1 seats
[2025-11-19 17:25:17] ? Cancelled expired booking ID=81, Customer=1, Released 0 seats
[2025-11-19 17:25:17] ? Cancelled expired booking ID=82, Customer=1, Released 1 seats
[2025-11-19 17:25:17] ? Cancelled expired booking ID=83, Customer=1, Released 0 seats
[2025-11-19 17:25:17] ? Cancelled expired booking ID=84, Customer=1, Released 0 seats
[2025-11-19 17:25:17] ? Cancelled expired booking ID=85, Customer=1, Released 0 seats
[2025-11-19 17:25:17] ? Cancelled expired booking ID=86, Customer=1, Released 0 seats
[2025-11-19 17:25:17] ? Cancelled expired booking ID=87, Customer=1, Released 0 seats
[2025-11-19 17:25:17] ? Cancelled expired booking ID=88, Customer=1, Released 0 seats
[2025-11-19 17:25:17] ? Cancelled expired booking ID=89, Customer=1, Released 0 seats
[2025-11-19 17:25:17] ? Cancelled expired booking ID=90, Customer=1, Released 0 seats
[2025-11-19 17:25:17] ? Cancelled expired booking ID=92, Customer=2, Released 1 seats
[2025-11-19 17:26:08] ✅ PromoCode KM003: giaTriGiam=15,00, loai=%, discount=13546,8750
[2025-11-19 17:26:08] ✅ QR Code URL (new format) generated: https://img.vietqr.io/image/VCB-1031419192-compact2.png?amount=76765&addInfo=DatVe95
[2025-11-19 17:26:08] ✅ UpdateQRCode: BookingId=95, Original=90312,50, Discount=13546,8750, Final=76765,6250, PromoCode=KM003
[2025-11-19 17:26:08] ✅ QR Code URL (new format) generated: https://img.vietqr.io/image/VCB-1031419192-compact2.png?amount=76765&addInfo=DatVe95
[2025-11-19 17:26:08] ✅ UpdateQRCode: BookingId=95, Original=76765,62, Discount=0, Final=76765,62, PromoCode=
[2025-11-19 17:26:09] ✅ PromoCode KM003: giaTriGiam=15,00, loai=%, discount=11514,8430
[2025-11-19 17:26:09] ✅ QR Code URL (new format) generated: https://img.vietqr.io/image/VCB-1031419192-compact2.png?amount=65250&addInfo=DatVe95
[2025-11-19 17:26:09] ✅ UpdateQRCode: BookingId=95, Original=76765,62, Discount=11514,8430, Final=65250,7770, PromoCode=KM003
[2025-11-19 17:26:09] ✅ QR Code URL (new format) generated: https://img.vietqr.io/image/VCB-1031419192-compact2.png?amount=65250&addInfo=DatVe95
[2025-11-19 17:26:09] ✅ UpdateQRCode: BookingId=95, Original=65250,77, Discount=0, Final=65250,77, PromoCode=
[2025-11-19 17:26:09] ✅ PromoCode KM003: giaTriGiam=15,00, loai=%, discount=9787,6155
[2025-11-19 17:26:09] ✅ QR Code URL (new format) generated: https://img.vietqr.io/image/VCB-1031419192-compact2.png?amount=55463&addInfo=DatVe95
[2025-11-19 17:26:09] ✅ UpdateQRCode: BookingId=95, Original=65250,77, Discount=9787,6155, Final=55463,1545, PromoCode=KM003
[2025-11-19 17:42:13] ? BookingExpirationService started
[2025-11-19 17:42:21] SelectSeats (Fresh DB): showtime=10, paidBookings=27, bookedCount=21
[2025-11-19 17:42:21] Booked seat ids: 102,104,111,112,116,117,121,126,127,131,136,137,141,151,165,166,168,169,186,187,105
[2025-11-19 17:42:26] ✅ Tạo Dat_Ve mới: ID=96, Trạng thái=Chưa thanh toán
[2025-11-19 17:42:26] ✅ Sinh QR code: DAVCINEMA-96-211-638991709465818969 -> qr_DAVCINEMA-96-211-638991709465818969.png
[2025-11-19 17:42:26] ✅ Cập nhật Dat_Ve: ID=96, Tổng tiền=125000,00, Vé=1, Đồ ăn=0
[2025-11-19 17:42:26] ✅ QR Code URL (new format) generated: https://img.vietqr.io/image/VCB-1031419192-compact2.png?amount=125000&addInfo=DatVe96
[2025-11-19 17:42:26] 🔍 KM004 Start: foodItemsJson=exist
[2025-11-19 17:42:26]   → Parsed 1 food items
[2025-11-19 17:42:26] ✅ KM004 Complete: hasCombo=False
[2025-11-19 17:42:40] ✅ PromoCode KM003: giaTriGiam=15,00, loai=%, discount=18750,0000
[2025-11-19 17:42:40] ✅ QR Code URL (new format) generated: https://img.vietqr.io/image/VCB-1031419192-compact2.png?amount=106250&addInfo=DatVe96
[2025-11-19 17:42:40] ✅ UpdateQRCode: BookingId=96, Original=125000,00, Discount=18750,0000, Final=106250,0000, PromoCode=KM003
[2025-11-19 17:43:13] ? Found 61 expired bookings to cancel
[2025-11-19 17:43:14] ? Cancelled expired booking ID=6, Customer=1, Released 0 seats
[2025-11-19 17:43:14] ? Cancelled expired booking ID=7, Customer=1, Released 0 seats
[2025-11-19 17:43:14] ? Cancelled expired booking ID=8, Customer=1, Released 0 seats
[2025-11-19 17:43:14] ? Cancelled expired booking ID=9, Customer=1, Released 0 seats
[2025-11-19 17:43:14] ? Cancelled expired booking ID=10, Customer=1, Released 1 seats
[2025-11-19 17:43:14] ? Cancelled expired booking ID=11, Customer=1, Released 0 seats
[2025-11-19 17:43:14] ? Cancelled expired booking ID=12, Customer=1, Released 2 seats
[2025-11-19 17:43:14] ? Cancelled expired booking ID=13, Customer=1, Released 1 seats
[2025-11-19 17:43:14] ? Cancelled expired booking ID=14, Customer=1, Released 2 seats
[2025-11-19 17:43:14] ? Cancelled expired booking ID=15, Customer=1, Released 0 seats
[2025-11-19 17:43:14] ? Cancelled expired booking ID=16, Customer=1, Released 0 seats
[2025-11-19 17:43:14] ? Cancelled expired booking ID=17, Customer=1, Released 0 seats
[2025-11-19 17:43:14] ? Cancelled expired booking ID=18, Customer=1, Released 0 seats
[2025-11-19 17:43:14] ? Cancelled expired booking ID=19, Customer=1, Released 1 seats
[2025-11-19 17:43:14] ? Cancelled expired booking ID=20, Customer=1, Released 0 seats
[2025-11-19 17:43:14] ? Cancelled expired booking ID=21, Customer=1, Released 0 seats
[2025-11-19 17:43:14] ? Cancelled expired booking ID=22, Customer=1, Released 0 seats
[2025-11-19 17:43:14] ? Cancelled expired booking ID=23, Customer=1, Released 0 seats
[2025-11-19 17:43:14] ? Cancelled expired booking ID=24, Customer=1, Released 0 seats
[2025-11-19 17:43:14] ? Cancelled expired booking ID=25, Customer=1, Released 0 seats
[2025-11-19 17:43:14] ? Cancelled expired booking ID=26, Customer=1, Released 2 seats
[2025-11-19 17:43:14] ? Cancelled expired booking ID=27, Customer=1, Released 0 seats
[2025-11-19 17:43:14] ? Cancelled expired booking ID=28, Customer=1, Released 0 seats
[2025-11-19 17:43:14] ? Cancelled expired booking ID=29, Customer=1, Released 0 seats
[2025-11-19 17:43:14] ? Cancelled expired booking ID=30, Customer=1, Released 0 seats
[2025-11-19 17:43:14] ? Cancelled expired booking ID=31, Customer=1, Released 1 seats
[2025-11-19 17:43:14] ? Cancelled expired booking ID=32, Customer=1, Released 2 seats
[2025-11-19 17:43:14] ? Cancelled expired booking ID=33, Customer=1, Released 2 seats
[2025-11-19 17:43:14] ? Cancelled expired booking ID=34, Customer=1, Released 2 seats
[2025-11-19 17:43:14] ? Cancelled expired booking ID=35, Customer=1, Released 0 seats
[2025-11-19 17:43:14] ? Cancelled expired booking ID=36, Customer=1, Released 2 seats
[2025-11-19 17:43:14] ? Cancelled expired booking ID=37, Customer=1, Released 1 seats
[2025-11-19 17:43:14] ? Cancelled expired booking ID=38, Customer=1, Released 0 seats
[2025-11-19 17:43:14] ? Cancelled expired booking ID=39, Customer=1, Released 2 seats
[2025-11-19 17:43:14] ? Cancelled expired booking ID=40, Customer=1, Released 0 seats
[2025-11-19 17:43:14] ? Cancelled expired booking ID=41, Customer=1, Released 1 seats
[2025-11-19 17:43:14] ? Cancelled expired booking ID=42, Customer=1, Released 0 seats
[2025-11-19 17:43:14] ? Cancelled expired booking ID=58, Customer=1, Released 0 seats
[2025-11-19 17:43:14] ? Cancelled expired booking ID=64, Customer=1, Released 2 seats
[2025-11-19 17:43:14] ? Cancelled expired booking ID=65, Customer=1, Released 2 seats
[2025-11-19 17:43:14] ? Cancelled expired booking ID=67, Customer=1, Released 2 seats
[2025-11-19 17:43:14] ? Cancelled expired booking ID=68, Customer=1, Released 1 seats
[2025-11-19 17:43:14] ? Cancelled expired booking ID=69, Customer=1, Released 0 seats
[2025-11-19 17:43:14] ? Cancelled expired booking ID=75, Customer=1, Released 0 seats
[2025-11-19 17:43:14] ? Cancelled expired booking ID=76, Customer=1, Released 0 seats
[2025-11-19 17:43:14] ? Cancelled expired booking ID=77, Customer=1, Released 0 seats
[2025-11-19 17:43:14] ? Cancelled expired booking ID=78, Customer=1, Released 0 seats
[2025-11-19 17:43:14] ? Cancelled expired booking ID=79, Customer=1, Released 1 seats
[2025-11-19 17:43:14] ? Cancelled expired booking ID=80, Customer=1, Released 1 seats
[2025-11-19 17:43:14] ? Cancelled expired booking ID=81, Customer=1, Released 0 seats
[2025-11-19 17:43:14] ? Cancelled expired booking ID=82, Customer=1, Released 1 seats
[2025-11-19 17:43:14] ? Cancelled expired booking ID=83, Customer=1, Released 0 seats
[2025-11-19 17:43:14] ? Cancelled expired booking ID=84, Customer=1, Released 0 seats
[2025-11-19 17:43:14] ? Cancelled expired booking ID=85, Customer=1, Released 0 seats
[2025-11-19 17:43:14] ? Cancelled expired booking ID=86, Customer=1, Released 0 seats
[2025-11-19 17:43:14] ? Cancelled expired booking ID=87, Customer=1, Released 0 seats
[2025-11-19 17:43:14] ? Cancelled expired booking ID=88, Customer=1, Released 0 seats
[2025-11-19 17:43:14] ? Cancelled expired booking ID=89, Customer=1, Released 0 seats
[2025-11-19 17:43:14] ? Cancelled expired booking ID=90, Customer=1, Released 0 seats
[2025-11-19 17:43:14] ? Cancelled expired booking ID=92, Customer=2, Released 0 seats
[2025-11-19 17:43:14] ? Cancelled expired booking ID=95, Customer=1, Released 1 seats
[2025-11-19 17:44:13] ? Found 61 expired bookings to cancel
[2025-11-19 17:44:14] ? Cancelled expired booking ID=6, Customer=1, Released 0 seats
[2025-11-19 17:44:14] ? Cancelled expired booking ID=7, Customer=1, Released 0 seats
[2025-11-19 17:44:14] ? Cancelled expired booking ID=8, Customer=1, Released 0 seats
[2025-11-19 17:44:14] ? Cancelled expired booking ID=9, Customer=1, Released 0 seats
[2025-11-19 17:44:14] ? Cancelled expired booking ID=10, Customer=1, Released 1 seats
[2025-11-19 17:44:14] ? Cancelled expired booking ID=11, Customer=1, Released 0 seats
[2025-11-19 17:44:14] ? Cancelled expired booking ID=12, Customer=1, Released 2 seats
[2025-11-19 17:44:14] ? Cancelled expired booking ID=13, Customer=1, Released 1 seats
[2025-11-19 17:44:14] ? Cancelled expired booking ID=14, Customer=1, Released 2 seats
[2025-11-19 17:44:14] ? Cancelled expired booking ID=15, Customer=1, Released 0 seats
[2025-11-19 17:44:14] ? Cancelled expired booking ID=16, Customer=1, Released 0 seats
[2025-11-19 17:44:14] ? Cancelled expired booking ID=17, Customer=1, Released 0 seats
[2025-11-19 17:44:14] ? Cancelled expired booking ID=18, Customer=1, Released 0 seats
[2025-11-19 17:44:14] ? Cancelled expired booking ID=19, Customer=1, Released 1 seats
[2025-11-19 17:44:14] ? Cancelled expired booking ID=20, Customer=1, Released 0 seats
[2025-11-19 17:44:14] ? Cancelled expired booking ID=21, Customer=1, Released 0 seats
[2025-11-19 17:44:14] ? Cancelled expired booking ID=22, Customer=1, Released 0 seats
[2025-11-19 17:44:14] ? Cancelled expired booking ID=23, Customer=1, Released 0 seats
[2025-11-19 17:44:14] ? Cancelled expired booking ID=24, Customer=1, Released 0 seats
[2025-11-19 17:44:14] ? Cancelled expired booking ID=25, Customer=1, Released 0 seats
[2025-11-19 17:44:14] ? Cancelled expired booking ID=26, Customer=1, Released 2 seats
[2025-11-19 17:44:14] ? Cancelled expired booking ID=27, Customer=1, Released 0 seats
[2025-11-19 17:44:14] ? Cancelled expired booking ID=28, Customer=1, Released 0 seats
[2025-11-19 17:44:14] ? Cancelled expired booking ID=29, Customer=1, Released 0 seats
[2025-11-19 17:44:14] ? Cancelled expired booking ID=30, Customer=1, Released 0 seats
[2025-11-19 17:44:14] ? Cancelled expired booking ID=31, Customer=1, Released 1 seats
[2025-11-19 17:44:14] ? Cancelled expired booking ID=32, Customer=1, Released 2 seats
[2025-11-19 17:44:14] ? Cancelled expired booking ID=33, Customer=1, Released 2 seats
[2025-11-19 17:44:14] ? Cancelled expired booking ID=34, Customer=1, Released 2 seats
[2025-11-19 17:44:14] ? Cancelled expired booking ID=35, Customer=1, Released 0 seats
[2025-11-19 17:44:14] ? Cancelled expired booking ID=36, Customer=1, Released 2 seats
[2025-11-19 17:44:14] ? Cancelled expired booking ID=37, Customer=1, Released 1 seats
[2025-11-19 17:44:14] ? Cancelled expired booking ID=38, Customer=1, Released 0 seats
[2025-11-19 17:44:14] ? Cancelled expired booking ID=39, Customer=1, Released 2 seats
[2025-11-19 17:44:14] ? Cancelled expired booking ID=40, Customer=1, Released 0 seats
[2025-11-19 17:44:14] ? Cancelled expired booking ID=41, Customer=1, Released 1 seats
[2025-11-19 17:44:14] ? Cancelled expired booking ID=42, Customer=1, Released 0 seats
[2025-11-19 17:44:14] ? Cancelled expired booking ID=58, Customer=1, Released 0 seats
[2025-11-19 17:44:14] ? Cancelled expired booking ID=64, Customer=1, Released 2 seats
[2025-11-19 17:44:14] ? Cancelled expired booking ID=65, Customer=1, Released 2 seats
[2025-11-19 17:44:14] ? Cancelled expired booking ID=67, Customer=1, Released 2 seats
[2025-11-19 17:44:14] ? Cancelled expired booking ID=68, Customer=1, Released 1 seats
[2025-11-19 17:44:14] ? Cancelled expired booking ID=69, Customer=1, Released 0 seats
[2025-11-19 17:44:14] ? Cancelled expired booking ID=75, Customer=1, Released 0 seats
[2025-11-19 17:44:14] ? Cancelled expired booking ID=76, Customer=1, Released 0 seats
[2025-11-19 17:44:14] ? Cancelled expired booking ID=77, Customer=1, Released 0 seats
[2025-11-19 17:44:14] ? Cancelled expired booking ID=78, Customer=1, Released 0 seats
[2025-11-19 17:44:14] ? Cancelled expired booking ID=79, Customer=1, Released 1 seats
[2025-11-19 17:44:14] ? Cancelled expired booking ID=80, Customer=1, Released 1 seats
[2025-11-19 17:44:14] ? Cancelled expired booking ID=81, Customer=1, Released 0 seats
[2025-11-19 17:44:14] ? Cancelled expired booking ID=82, Customer=1, Released 1 seats
[2025-11-19 17:44:14] ? Cancelled expired booking ID=83, Customer=1, Released 0 seats
[2025-11-19 17:44:14] ? Cancelled expired booking ID=84, Customer=1, Released 0 seats
[2025-11-19 17:44:14] ? Cancelled expired booking ID=85, Customer=1, Released 0 seats
[2025-11-19 17:44:14] ? Cancelled expired booking ID=86, Customer=1, Released 0 seats
[2025-11-19 17:44:14] ? Cancelled expired booking ID=87, Customer=1, Released 0 seats
[2025-11-19 17:44:14] ? Cancelled expired booking ID=88, Customer=1, Released 0 seats
[2025-11-19 17:44:14] ? Cancelled expired booking ID=89, Customer=1, Released 0 seats
[2025-11-19 17:44:14] ? Cancelled expired booking ID=90, Customer=1, Released 0 seats
[2025-11-19 17:44:14] ? Cancelled expired booking ID=92, Customer=2, Released 0 seats
[2025-11-19 17:44:14] ? Cancelled expired booking ID=95, Customer=1, Released 1 seats
[2025-11-19 17:45:13] ? Found 61 expired bookings to cancel
[2025-11-19 17:45:14] ? Cancelled expired booking ID=6, Customer=1, Released 0 seats
[2025-11-19 17:45:14] ? Cancelled expired booking ID=7, Customer=1, Released 0 seats
[2025-11-19 17:45:14] ? Cancelled expired booking ID=8, Customer=1, Released 0 seats
[2025-11-19 17:45:14] ? Cancelled expired booking ID=9, Customer=1, Released 0 seats
[2025-11-19 17:45:14] ? Cancelled expired booking ID=10, Customer=1, Released 1 seats
[2025-11-19 17:45:14] ? Cancelled expired booking ID=11, Customer=1, Released 0 seats
[2025-11-19 17:45:14] ? Cancelled expired booking ID=12, Customer=1, Released 2 seats
[2025-11-19 17:45:14] ? Cancelled expired booking ID=13, Customer=1, Released 1 seats
[2025-11-19 17:45:14] ? Cancelled expired booking ID=14, Customer=1, Released 2 seats
[2025-11-19 17:45:14] ? Cancelled expired booking ID=15, Customer=1, Released 0 seats
[2025-11-19 17:45:14] ? Cancelled expired booking ID=16, Customer=1, Released 0 seats
[2025-11-19 17:45:14] ? Cancelled expired booking ID=17, Customer=1, Released 0 seats
[2025-11-19 17:45:14] ? Cancelled expired booking ID=18, Customer=1, Released 0 seats
[2025-11-19 17:45:14] ? Cancelled expired booking ID=19, Customer=1, Released 1 seats
[2025-11-19 17:45:14] ? Cancelled expired booking ID=20, Customer=1, Released 0 seats
[2025-11-19 17:45:14] ? Cancelled expired booking ID=21, Customer=1, Released 0 seats
[2025-11-19 17:45:14] ? Cancelled expired booking ID=22, Customer=1, Released 0 seats
[2025-11-19 17:45:14] ? Cancelled expired booking ID=23, Customer=1, Released 0 seats
[2025-11-19 17:45:14] ? Cancelled expired booking ID=24, Customer=1, Released 0 seats
[2025-11-19 17:45:14] ? Cancelled expired booking ID=25, Customer=1, Released 0 seats
[2025-11-19 17:45:14] ? Cancelled expired booking ID=26, Customer=1, Released 2 seats
[2025-11-19 17:45:14] ? Cancelled expired booking ID=27, Customer=1, Released 0 seats
[2025-11-19 17:45:14] ? Cancelled expired booking ID=28, Customer=1, Released 0 seats
[2025-11-19 17:45:14] ? Cancelled expired booking ID=29, Customer=1, Released 0 seats
[2025-11-19 17:45:14] ? Cancelled expired booking ID=30, Customer=1, Released 0 seats
[2025-11-19 17:45:14] ? Cancelled expired booking ID=31, Customer=1, Released 1 seats
[2025-11-19 17:45:14] ? Cancelled expired booking ID=32, Customer=1, Released 2 seats
[2025-11-19 17:45:14] ? Cancelled expired booking ID=33, Customer=1, Released 2 seats
[2025-11-19 17:45:14] ? Cancelled expired booking ID=34, Customer=1, Released 2 seats
[2025-11-19 17:45:14] ? Cancelled expired booking ID=35, Customer=1, Released 0 seats
[2025-11-19 17:45:14] ? Cancelled expired booking ID=36, Customer=1, Released 2 seats
[2025-11-19 17:45:14] ? Cancelled expired booking ID=37, Customer=1, Released 1 seats
[2025-11-19 17:45:14] ? Cancelled expired booking ID=38, Customer=1, Released 0 seats
[2025-11-19 17:45:14] ? Cancelled expired booking ID=39, Customer=1, Released 2 seats
[2025-11-19 17:45:14] ? Cancelled expired booking ID=40, Customer=1, Released 0 seats
[2025-11-19 17:45:14] ? Cancelled expired booking ID=41, Customer=1, Released 1 seats
[2025-11-19 17:45:14] ? Cancelled expired booking ID=42, Customer=1, Released 0 seats
[2025-11-19 17:45:14] ? Cancelled expired booking ID=58, Customer=1, Released 0 seats
[2025-11-19 17:45:14] ? Cancelled expired booking ID=64, Customer=1, Released 2 seats
[2025-11-19 17:45:14] ? Cancelled expired booking ID=65, Customer=1, Released 2 seats
[2025-11-19 17:45:14] ? Cancelled expired booking ID=67, Customer=1, Released 2 seats
[2025-11-19 17:45:14] ? Cancelled expired booking ID=68, Customer=1, Released 1 seats
[2025-11-19 17:45:14] ? Cancelled expired booking ID=69, Customer=1, Released 0 seats
[2025-11-19 17:45:14] ? Cancelled expired booking ID=75, Customer=1, Released 0 seats
[2025-11-19 17:45:14] ? Cancelled expired booking ID=76, Customer=1, Released 0 seats
[2025-11-19 17:45:14] ? Cancelled expired booking ID=77, Customer=1, Released 0 seats
[2025-11-19 17:45:14] ? Cancelled expired booking ID=78, Customer=1, Released 0 seats
[2025-11-19 17:45:14] ? Cancelled expired booking ID=79, Customer=1, Released 1 seats
[2025-11-19 17:45:14] ? Cancelled expired booking ID=80, Customer=1, Released 1 seats
[2025-11-19 17:45:14] ? Cancelled expired booking ID=81, Customer=1, Released 0 seats
[2025-11-19 17:45:14] ? Cancelled expired booking ID=82, Customer=1, Released 1 seats
[2025-11-19 17:45:14] ? Cancelled expired booking ID=83, Customer=1, Released 0 seats
[2025-11-19 17:45:14] ? Cancelled expired booking ID=84, Customer=1, Released 0 seats
[2025-11-19 17:45:14] ? Cancelled expired booking ID=85, Customer=1, Released 0 seats
[2025-11-19 17:45:14] ? Cancelled expired booking ID=86, Customer=1, Released 0 seats
[2025-11-19 17:45:14] ? Cancelled expired booking ID=87, Customer=1, Released 0 seats
[2025-11-19 17:45:14] ? Cancelled expired booking ID=88, Customer=1, Released 0 seats
[2025-11-19 17:45:14] ? Cancelled expired booking ID=89, Customer=1, Released 0 seats
[2025-11-19 17:45:14] ? Cancelled expired booking ID=90, Customer=1, Released 0 seats
[2025-11-19 17:45:14] ? Cancelled expired booking ID=92, Customer=2, Released 0 seats
[2025-11-19 17:45:14] ? Cancelled expired booking ID=95, Customer=1, Released 1 seats
[2025-11-19 17:47:06] ? Found 61 expired bookings to cancel
[2025-11-19 17:47:06] ? Cancelled expired booking ID=6, Customer=1, Released 0 seats
[2025-11-19 17:47:06] ? Cancelled expired booking ID=7, Customer=1, Released 0 seats
[2025-11-19 17:47:06] ? Cancelled expired booking ID=8, Customer=1, Released 0 seats
[2025-11-19 17:47:06] ? Cancelled expired booking ID=9, Customer=1, Released 0 seats
[2025-11-19 17:47:06] ? Cancelled expired booking ID=10, Customer=1, Released 1 seats
[2025-11-19 17:47:06] ? Cancelled expired booking ID=11, Customer=1, Released 0 seats
[2025-11-19 17:47:06] ? Cancelled expired booking ID=12, Customer=1, Released 2 seats
[2025-11-19 17:47:06] ? Cancelled expired booking ID=13, Customer=1, Released 1 seats
[2025-11-19 17:47:06] ? Cancelled expired booking ID=14, Customer=1, Released 2 seats
[2025-11-19 17:47:06] ? Cancelled expired booking ID=15, Customer=1, Released 0 seats
[2025-11-19 17:47:06] ? Cancelled expired booking ID=16, Customer=1, Released 0 seats
[2025-11-19 17:47:06] ? Cancelled expired booking ID=17, Customer=1, Released 0 seats
[2025-11-19 17:47:06] ? Cancelled expired booking ID=18, Customer=1, Released 0 seats
[2025-11-19 17:47:06] ? Cancelled expired booking ID=19, Customer=1, Released 1 seats
[2025-11-19 17:47:06] ? Cancelled expired booking ID=20, Customer=1, Released 0 seats
[2025-11-19 17:47:06] ? Cancelled expired booking ID=21, Customer=1, Released 0 seats
[2025-11-19 17:47:06] ? Cancelled expired booking ID=22, Customer=1, Released 0 seats
[2025-11-19 17:47:06] ? Cancelled expired booking ID=23, Customer=1, Released 0 seats
[2025-11-19 17:47:06] ? Cancelled expired booking ID=24, Customer=1, Released 0 seats
[2025-11-19 17:47:06] ? Cancelled expired booking ID=25, Customer=1, Released 0 seats
[2025-11-19 17:47:06] ? Cancelled expired booking ID=26, Customer=1, Released 2 seats
[2025-11-19 17:47:06] ? Cancelled expired booking ID=27, Customer=1, Released 0 seats
[2025-11-19 17:47:06] ? Cancelled expired booking ID=28, Customer=1, Released 0 seats
[2025-11-19 17:47:06] ? Cancelled expired booking ID=29, Customer=1, Released 0 seats
[2025-11-19 17:47:06] ? Cancelled expired booking ID=30, Customer=1, Released 0 seats
[2025-11-19 17:47:06] ? Cancelled expired booking ID=31, Customer=1, Released 1 seats
[2025-11-19 17:47:06] ? Cancelled expired booking ID=32, Customer=1, Released 2 seats
[2025-11-19 17:47:06] ? Cancelled expired booking ID=33, Customer=1, Released 2 seats
[2025-11-19 17:47:06] ? Cancelled expired booking ID=34, Customer=1, Released 2 seats
[2025-11-19 17:47:06] ? Cancelled expired booking ID=35, Customer=1, Released 0 seats
[2025-11-19 17:47:06] ? Cancelled expired booking ID=36, Customer=1, Released 2 seats
[2025-11-19 17:47:06] ? Cancelled expired booking ID=37, Customer=1, Released 1 seats
[2025-11-19 17:47:06] ? Cancelled expired booking ID=38, Customer=1, Released 0 seats
[2025-11-19 17:47:06] ? Cancelled expired booking ID=39, Customer=1, Released 2 seats
[2025-11-19 17:47:06] ? Cancelled expired booking ID=40, Customer=1, Released 0 seats
[2025-11-19 17:47:06] ? Cancelled expired booking ID=41, Customer=1, Released 1 seats
[2025-11-19 17:47:06] ? Cancelled expired booking ID=42, Customer=1, Released 0 seats
[2025-11-19 17:47:06] ? Cancelled expired booking ID=58, Customer=1, Released 0 seats
[2025-11-19 17:47:06] ? Cancelled expired booking ID=64, Customer=1, Released 2 seats
[2025-11-19 17:47:06] ? Cancelled expired booking ID=65, Customer=1, Released 2 seats
[2025-11-19 17:47:06] ? Cancelled expired booking ID=67, Customer=1, Released 2 seats
[2025-11-19 17:47:06] ? Cancelled expired booking ID=68, Customer=1, Released 1 seats
[2025-11-19 17:47:06] ? Cancelled expired booking ID=69, Customer=1, Released 0 seats
[2025-11-19 17:47:06] ? Cancelled expired booking ID=75, Customer=1, Released 0 seats
[2025-11-19 17:47:06] ? Cancelled expired booking ID=76, Customer=1, Released 0 seats
[2025-11-19 17:47:06] ? Cancelled expired booking ID=77, Customer=1, Released 0 seats
[2025-11-19 17:47:06] ? Cancelled expired booking ID=78, Customer=1, Released 0 seats
[2025-11-19 17:47:06] ? Cancelled expired booking ID=79, Customer=1, Released 1 seats
[2025-11-19 17:47:06] ? Cancelled expired booking ID=80, Customer=1, Released 1 seats
[2025-11-19 17:47:06] ? Cancelled expired booking ID=81, Customer=1, Released 0 seats
[2025-11-19 17:47:06] ? Cancelled expired booking ID=82, Customer=1, Released 1 seats
[2025-11-19 17:47:06] ? Cancelled expired booking ID=83, Customer=1, Released 0 seats
[2025-11-19 17:47:06] ? Cancelled expired booking ID=84, Customer=1, Released 0 seats
[2025-11-19 17:47:06] ? Cancelled expired booking ID=85, Customer=1, Released 0 seats
[2025-11-19 17:47:06] ? Cancelled expired booking ID=86, Customer=1, Released 0 seats
[2025-11-19 17:47:06] ? Cancelled expired booking ID=87, Customer=1, Released 0 seats
[2025-11-19 17:47:06] ? Cancelled expired booking ID=88, Customer=1, Released 0 seats
[2025-11-19 17:47:06] ? Cancelled expired booking ID=89, Customer=1, Released 0 seats
[2025-11-19 17:47:06] ? Cancelled expired booking ID=90, Customer=1, Released 0 seats
[2025-11-19 17:47:06] ? Cancelled expired booking ID=92, Customer=2, Released 0 seats
[2025-11-19 17:47:06] ? Cancelled expired booking ID=95, Customer=1, Released 1 seats
[2025-11-19 17:48:01] ? Found 61 expired bookings to cancel
[2025-11-19 17:48:01] ? Cancelled expired booking ID=6, Customer=1, Released 0 seats
[2025-11-19 17:48:01] ? Cancelled expired booking ID=7, Customer=1, Released 0 seats
[2025-11-19 17:48:01] ? Cancelled expired booking ID=8, Customer=1, Released 0 seats
[2025-11-19 17:48:01] ? Cancelled expired booking ID=9, Customer=1, Released 0 seats
[2025-11-19 17:48:01] ? Cancelled expired booking ID=10, Customer=1, Released 1 seats
[2025-11-19 17:48:01] ? Cancelled expired booking ID=11, Customer=1, Released 0 seats
[2025-11-19 17:48:01] ? Cancelled expired booking ID=12, Customer=1, Released 2 seats
[2025-11-19 17:48:01] ? Cancelled expired booking ID=13, Customer=1, Released 1 seats
[2025-11-19 17:48:01] ? Cancelled expired booking ID=14, Customer=1, Released 2 seats
[2025-11-19 17:48:01] ? Cancelled expired booking ID=15, Customer=1, Released 0 seats
[2025-11-19 17:48:01] ? Cancelled expired booking ID=16, Customer=1, Released 0 seats
[2025-11-19 17:48:01] ? Cancelled expired booking ID=17, Customer=1, Released 0 seats
[2025-11-19 17:48:01] ? Cancelled expired booking ID=18, Customer=1, Released 0 seats
[2025-11-19 17:48:01] ? Cancelled expired booking ID=19, Customer=1, Released 1 seats
[2025-11-19 17:48:01] ? Cancelled expired booking ID=20, Customer=1, Released 0 seats
[2025-11-19 17:48:01] ? Cancelled expired booking ID=21, Customer=1, Released 0 seats
[2025-11-19 17:48:01] ? Cancelled expired booking ID=22, Customer=1, Released 0 seats
[2025-11-19 17:48:01] ? Cancelled expired booking ID=23, Customer=1, Released 0 seats
[2025-11-19 17:48:01] ? Cancelled expired booking ID=24, Customer=1, Released 0 seats
[2025-11-19 17:48:01] ? Cancelled expired booking ID=25, Customer=1, Released 0 seats
[2025-11-19 17:48:01] ? Cancelled expired booking ID=26, Customer=1, Released 2 seats
[2025-11-19 17:48:01] ? Cancelled expired booking ID=27, Customer=1, Released 0 seats
[2025-11-19 17:48:01] ? Cancelled expired booking ID=28, Customer=1, Released 0 seats
[2025-11-19 17:48:01] ? Cancelled expired booking ID=29, Customer=1, Released 0 seats
[2025-11-19 17:48:01] ? Cancelled expired booking ID=30, Customer=1, Released 0 seats
[2025-11-19 17:48:01] ? Cancelled expired booking ID=31, Customer=1, Released 1 seats
[2025-11-19 17:48:01] ? Cancelled expired booking ID=32, Customer=1, Released 2 seats
[2025-11-19 17:48:01] ? Cancelled expired booking ID=33, Customer=1, Released 2 seats
[2025-11-19 17:48:01] ? Cancelled expired booking ID=34, Customer=1, Released 2 seats
[2025-11-19 17:48:01] ? Cancelled expired booking ID=35, Customer=1, Released 0 seats
[2025-11-19 17:48:01] ? Cancelled expired booking ID=36, Customer=1, Released 2 seats
[2025-11-19 17:48:01] ? Cancelled expired booking ID=37, Customer=1, Released 1 seats
[2025-11-19 17:48:01] ? Cancelled expired booking ID=38, Customer=1, Released 0 seats
[2025-11-19 17:48:01] ? Cancelled expired booking ID=39, Customer=1, Released 2 seats
[2025-11-19 17:48:01] ? Cancelled expired booking ID=40, Customer=1, Released 0 seats
[2025-11-19 17:48:01] ? Cancelled expired booking ID=41, Customer=1, Released 1 seats
[2025-11-19 17:48:01] ? Cancelled expired booking ID=42, Customer=1, Released 0 seats
[2025-11-19 17:48:01] ? Cancelled expired booking ID=58, Customer=1, Released 0 seats
[2025-11-19 17:48:01] ? Cancelled expired booking ID=64, Customer=1, Released 2 seats
[2025-11-19 17:48:01] ? Cancelled expired booking ID=65, Customer=1, Released 2 seats
[2025-11-19 17:48:01] ? Cancelled expired booking ID=67, Customer=1, Released 2 seats
[2025-11-19 17:48:01] ? Cancelled expired booking ID=68, Customer=1, Released 1 seats
[2025-11-19 17:48:01] ? Cancelled expired booking ID=69, Customer=1, Released 0 seats
[2025-11-19 17:48:01] ? Cancelled expired booking ID=75, Customer=1, Released 0 seats
[2025-11-19 17:48:01] ? Cancelled expired booking ID=76, Customer=1, Released 0 seats
[2025-11-19 17:48:01] ? Cancelled expired booking ID=77, Customer=1, Released 0 seats
[2025-11-19 17:48:01] ? Cancelled expired booking ID=78, Customer=1, Released 0 seats
[2025-11-19 17:48:01] ? Cancelled expired booking ID=79, Customer=1, Released 1 seats
[2025-11-19 17:48:01] ? Cancelled expired booking ID=80, Customer=1, Released 1 seats
[2025-11-19 17:48:01] ? Cancelled expired booking ID=81, Customer=1, Released 0 seats
[2025-11-19 17:48:01] ? Cancelled expired booking ID=82, Customer=1, Released 1 seats
[2025-11-19 17:48:01] ? Cancelled expired booking ID=83, Customer=1, Released 0 seats
[2025-11-19 17:48:01] ? Cancelled expired booking ID=84, Customer=1, Released 0 seats
[2025-11-19 17:48:01] ? Cancelled expired booking ID=85, Customer=1, Released 0 seats
[2025-11-19 17:48:01] ? Cancelled expired booking ID=86, Customer=1, Released 0 seats
[2025-11-19 17:48:01] ? Cancelled expired booking ID=87, Customer=1, Released 0 seats
[2025-11-19 17:48:01] ? Cancelled expired booking ID=88, Customer=1, Released 0 seats
[2025-11-19 17:48:01] ? Cancelled expired booking ID=89, Customer=1, Released 0 seats
[2025-11-19 17:48:01] ? Cancelled expired booking ID=90, Customer=1, Released 0 seats
[2025-11-19 17:48:01] ? Cancelled expired booking ID=92, Customer=2, Released 0 seats
[2025-11-19 17:48:01] ? Cancelled expired booking ID=95, Customer=1, Released 1 seats
[2025-11-19 17:49:01] ? Found 61 expired bookings to cancel
[2025-11-19 17:49:01] ? Cancelled expired booking ID=6, Customer=1, Released 0 seats
[2025-11-19 17:49:01] ? Cancelled expired booking ID=7, Customer=1, Released 0 seats
[2025-11-19 17:49:01] ? Cancelled expired booking ID=8, Customer=1, Released 0 seats
[2025-11-19 17:49:01] ? Cancelled expired booking ID=9, Customer=1, Released 0 seats
[2025-11-19 17:49:01] ? Cancelled expired booking ID=10, Customer=1, Released 1 seats
[2025-11-19 17:49:01] ? Cancelled expired booking ID=11, Customer=1, Released 0 seats
[2025-11-19 17:49:01] ? Cancelled expired booking ID=12, Customer=1, Released 2 seats
[2025-11-19 17:49:01] ? Cancelled expired booking ID=13, Customer=1, Released 1 seats
[2025-11-19 17:49:01] ? Cancelled expired booking ID=14, Customer=1, Released 2 seats
[2025-11-19 17:49:01] ? Cancelled expired booking ID=15, Customer=1, Released 0 seats
[2025-11-19 17:49:01] ? Cancelled expired booking ID=16, Customer=1, Released 0 seats
[2025-11-19 17:49:01] ? Cancelled expired booking ID=17, Customer=1, Released 0 seats
[2025-11-19 17:49:01] ? Cancelled expired booking ID=18, Customer=1, Released 0 seats
[2025-11-19 17:49:01] ? Cancelled expired booking ID=19, Customer=1, Released 1 seats
[2025-11-19 17:49:01] ? Cancelled expired booking ID=20, Customer=1, Released 0 seats
[2025-11-19 17:49:01] ? Cancelled expired booking ID=21, Customer=1, Released 0 seats
[2025-11-19 17:49:01] ? Cancelled expired booking ID=22, Customer=1, Released 0 seats
[2025-11-19 17:49:01] ? Cancelled expired booking ID=23, Customer=1, Released 0 seats
[2025-11-19 17:49:01] ? Cancelled expired booking ID=24, Customer=1, Released 0 seats
[2025-11-19 17:49:01] ? Cancelled expired booking ID=25, Customer=1, Released 0 seats
[2025-11-19 17:49:01] ? Cancelled expired booking ID=26, Customer=1, Released 2 seats
[2025-11-19 17:49:01] ? Cancelled expired booking ID=27, Customer=1, Released 0 seats
[2025-11-19 17:49:01] ? Cancelled expired booking ID=28, Customer=1, Released 0 seats
[2025-11-19 17:49:01] ? Cancelled expired booking ID=29, Customer=1, Released 0 seats
[2025-11-19 17:49:01] ? Cancelled expired booking ID=30, Customer=1, Released 0 seats
[2025-11-19 17:49:01] ? Cancelled expired booking ID=31, Customer=1, Released 1 seats
[2025-11-19 17:49:01] ? Cancelled expired booking ID=32, Customer=1, Released 2 seats
[2025-11-19 17:49:01] ? Cancelled expired booking ID=33, Customer=1, Released 2 seats
[2025-11-19 17:49:01] ? Cancelled expired booking ID=34, Customer=1, Released 2 seats
[2025-11-19 17:49:01] ? Cancelled expired booking ID=35, Customer=1, Released 0 seats
[2025-11-19 17:49:01] ? Cancelled expired booking ID=36, Customer=1, Released 2 seats
[2025-11-19 17:49:01] ? Cancelled expired booking ID=37, Customer=1, Released 1 seats
[2025-11-19 17:49:01] ? Cancelled expired booking ID=38, Customer=1, Released 0 seats
[2025-11-19 17:49:01] ? Cancelled expired booking ID=39, Customer=1, Released 2 seats
[2025-11-19 17:49:01] ? Cancelled expired booking ID=40, Customer=1, Released 0 seats
[2025-11-19 17:49:01] ? Cancelled expired booking ID=41, Customer=1, Released 1 seats
[2025-11-19 17:49:01] ? Cancelled expired booking ID=42, Customer=1, Released 0 seats
[2025-11-19 17:49:01] ? Cancelled expired booking ID=58, Customer=1, Released 0 seats
[2025-11-19 17:49:01] ? Cancelled expired booking ID=64, Customer=1, Released 2 seats
[2025-11-19 17:49:01] ? Cancelled expired booking ID=65, Customer=1, Released 2 seats
[2025-11-19 17:49:01] ? Cancelled expired booking ID=67, Customer=1, Released 2 seats
[2025-11-19 17:49:01] ? Cancelled expired booking ID=68, Customer=1, Released 1 seats
[2025-11-19 17:49:01] ? Cancelled expired booking ID=69, Customer=1, Released 0 seats
[2025-11-19 17:49:01] ? Cancelled expired booking ID=75, Customer=1, Released 0 seats
[2025-11-19 17:49:01] ? Cancelled expired booking ID=76, Customer=1, Released 0 seats
[2025-11-19 17:49:01] ? Cancelled expired booking ID=77, Customer=1, Released 0 seats
[2025-11-19 17:49:01] ? Cancelled expired booking ID=78, Customer=1, Released 0 seats
[2025-11-19 17:49:01] ? Cancelled expired booking ID=79, Customer=1, Released 1 seats
[2025-11-19 17:49:01] ? Cancelled expired booking ID=80, Customer=1, Released 1 seats
[2025-11-19 17:49:01] ? Cancelled expired booking ID=81, Customer=1, Released 0 seats
[2025-11-19 17:49:01] ? Cancelled expired booking ID=82, Customer=1, Released 1 seats
[2025-11-19 17:49:01] ? Cancelled expired booking ID=83, Customer=1, Released 0 seats
[2025-11-19 17:49:01] ? Cancelled expired booking ID=84, Customer=1, Released 0 seats
[2025-11-19 17:49:01] ? Cancelled expired booking ID=85, Customer=1, Released 0 seats
[2025-11-19 17:49:01] ? Cancelled expired booking ID=86, Customer=1, Released 0 seats
[2025-11-19 17:49:01] ? Cancelled expired booking ID=87, Customer=1, Released 0 seats
[2025-11-19 17:49:01] ? Cancelled expired booking ID=88, Customer=1, Released 0 seats
[2025-11-19 17:49:01] ? Cancelled expired booking ID=89, Customer=1, Released 0 seats
[2025-11-19 17:49:01] ? Cancelled expired booking ID=90, Customer=1, Released 0 seats
[2025-11-19 17:49:01] ? Cancelled expired booking ID=92, Customer=2, Released 0 seats
[2025-11-19 17:49:01] ? Cancelled expired booking ID=95, Customer=1, Released 1 seats
[2025-11-19 17:53:02] ? BookingExpirationService started
[2025-11-19 17:54:15] ? Found 62 expired bookings to cancel
[2025-11-19 17:54:15] ? Cancelled expired booking ID=6, Customer=1, Released 0 seats
[2025-11-19 17:54:15] ? Cancelled expired booking ID=7, Customer=1, Released 0 seats
[2025-11-19 17:54:15] ? Cancelled expired booking ID=8, Customer=1, Released 0 seats
[2025-11-19 17:54:15] ? Cancelled expired booking ID=9, Customer=1, Released 0 seats
[2025-11-19 17:54:15] ? Cancelled expired booking ID=10, Customer=1, Released 1 seats
[2025-11-19 17:54:15] ? Cancelled expired booking ID=11, Customer=1, Released 0 seats
[2025-11-19 17:54:15] ? Cancelled expired booking ID=12, Customer=1, Released 2 seats
[2025-11-19 17:54:15] ? Cancelled expired booking ID=13, Customer=1, Released 1 seats
[2025-11-19 17:54:15] ? Cancelled expired booking ID=14, Customer=1, Released 2 seats
[2025-11-19 17:54:15] ? Cancelled expired booking ID=15, Customer=1, Released 0 seats
[2025-11-19 17:54:15] ? Cancelled expired booking ID=16, Customer=1, Released 0 seats
[2025-11-19 17:54:15] ? Cancelled expired booking ID=17, Customer=1, Released 0 seats
[2025-11-19 17:54:15] ? Cancelled expired booking ID=18, Customer=1, Released 0 seats
[2025-11-19 17:54:15] ? Cancelled expired booking ID=19, Customer=1, Released 1 seats
[2025-11-19 17:54:15] ? Cancelled expired booking ID=20, Customer=1, Released 0 seats
[2025-11-19 17:54:15] ? Cancelled expired booking ID=21, Customer=1, Released 0 seats
[2025-11-19 17:54:15] ? Cancelled expired booking ID=22, Customer=1, Released 0 seats
[2025-11-19 17:54:15] ? Cancelled expired booking ID=23, Customer=1, Released 0 seats
[2025-11-19 17:54:15] ? Cancelled expired booking ID=24, Customer=1, Released 0 seats
[2025-11-19 17:54:15] ? Cancelled expired booking ID=25, Customer=1, Released 0 seats
[2025-11-19 17:54:15] ? Cancelled expired booking ID=26, Customer=1, Released 2 seats
[2025-11-19 17:54:15] ? Cancelled expired booking ID=27, Customer=1, Released 0 seats
[2025-11-19 17:54:15] ? Cancelled expired booking ID=28, Customer=1, Released 0 seats
[2025-11-19 17:54:15] ? Cancelled expired booking ID=29, Customer=1, Released 0 seats
[2025-11-19 17:54:15] ? Cancelled expired booking ID=30, Customer=1, Released 0 seats
[2025-11-19 17:54:15] ? Cancelled expired booking ID=31, Customer=1, Released 1 seats
[2025-11-19 17:54:15] ? Cancelled expired booking ID=32, Customer=1, Released 2 seats
[2025-11-19 17:54:15] ? Cancelled expired booking ID=33, Customer=1, Released 2 seats
[2025-11-19 17:54:15] ? Cancelled expired booking ID=34, Customer=1, Released 2 seats
[2025-11-19 17:54:15] ? Cancelled expired booking ID=35, Customer=1, Released 0 seats
[2025-11-19 17:54:15] ? Cancelled expired booking ID=36, Customer=1, Released 2 seats
[2025-11-19 17:54:15] ? Cancelled expired booking ID=37, Customer=1, Released 1 seats
[2025-11-19 17:54:15] ? Cancelled expired booking ID=38, Customer=1, Released 0 seats
[2025-11-19 17:54:15] ? Cancelled expired booking ID=39, Customer=1, Released 2 seats
[2025-11-19 17:54:15] ? Cancelled expired booking ID=40, Customer=1, Released 0 seats
[2025-11-19 17:54:15] ? Cancelled expired booking ID=41, Customer=1, Released 1 seats
[2025-11-19 17:54:15] ? Cancelled expired booking ID=42, Customer=1, Released 0 seats
[2025-11-19 17:54:15] ? Cancelled expired booking ID=58, Customer=1, Released 0 seats
[2025-11-19 17:54:15] ? Cancelled expired booking ID=64, Customer=1, Released 2 seats
[2025-11-19 17:54:15] ? Cancelled expired booking ID=65, Customer=1, Released 2 seats
[2025-11-19 17:54:15] ? Cancelled expired booking ID=67, Customer=1, Released 2 seats
[2025-11-19 17:54:15] ? Cancelled expired booking ID=68, Customer=1, Released 1 seats
[2025-11-19 17:54:15] ? Cancelled expired booking ID=69, Customer=1, Released 0 seats
[2025-11-19 17:54:15] ? Cancelled expired booking ID=75, Customer=1, Released 0 seats
[2025-11-19 17:54:15] ? Cancelled expired booking ID=76, Customer=1, Released 0 seats
[2025-11-19 17:54:15] ? Cancelled expired booking ID=77, Customer=1, Released 0 seats
[2025-11-19 17:54:15] ? Cancelled expired booking ID=78, Customer=1, Released 0 seats
[2025-11-19 17:54:15] ? Cancelled expired booking ID=79, Customer=1, Released 1 seats
[2025-11-19 17:54:15] ? Cancelled expired booking ID=80, Customer=1, Released 1 seats
[2025-11-19 17:54:15] ? Cancelled expired booking ID=81, Customer=1, Released 0 seats
[2025-11-19 17:54:15] ? Cancelled expired booking ID=82, Customer=1, Released 1 seats
[2025-11-19 17:54:15] ? Cancelled expired booking ID=83, Customer=1, Released 0 seats
[2025-11-19 17:54:15] ? Cancelled expired booking ID=84, Customer=1, Released 0 seats
[2025-11-19 17:54:15] ? Cancelled expired booking ID=85, Customer=1, Released 0 seats
[2025-11-19 17:54:15] ? Cancelled expired booking ID=86, Customer=1, Released 0 seats
[2025-11-19 17:54:15] ? Cancelled expired booking ID=87, Customer=1, Released 0 seats
[2025-11-19 17:54:15] ? Cancelled expired booking ID=88, Customer=1, Released 0 seats
[2025-11-19 17:54:15] ? Cancelled expired booking ID=89, Customer=1, Released 0 seats
[2025-11-19 17:54:15] ? Cancelled expired booking ID=90, Customer=1, Released 0 seats
[2025-11-19 17:54:15] ? Cancelled expired booking ID=92, Customer=2, Released 0 seats
[2025-11-19 17:54:15] ? Cancelled expired booking ID=95, Customer=1, Released 1 seats
[2025-11-19 17:54:15] ? Cancelled expired booking ID=96, Customer=1, Released 1 seats
[2025-11-19 17:55:14] ? Found 62 expired bookings to cancel
[2025-11-19 17:55:14] ? Cancelled expired booking ID=6, Customer=1, Released 0 seats
[2025-11-19 17:55:14] ? Cancelled expired booking ID=7, Customer=1, Released 0 seats
[2025-11-19 17:55:14] ? Cancelled expired booking ID=8, Customer=1, Released 0 seats
[2025-11-19 17:55:14] ? Cancelled expired booking ID=9, Customer=1, Released 0 seats
[2025-11-19 17:55:14] ? Cancelled expired booking ID=10, Customer=1, Released 1 seats
[2025-11-19 17:55:14] ? Cancelled expired booking ID=11, Customer=1, Released 0 seats
[2025-11-19 17:55:14] ? Cancelled expired booking ID=12, Customer=1, Released 2 seats
[2025-11-19 17:55:14] ? Cancelled expired booking ID=13, Customer=1, Released 1 seats
[2025-11-19 17:55:14] ? Cancelled expired booking ID=14, Customer=1, Released 2 seats
[2025-11-19 17:55:14] ? Cancelled expired booking ID=15, Customer=1, Released 0 seats
[2025-11-19 17:55:14] ? Cancelled expired booking ID=16, Customer=1, Released 0 seats
[2025-11-19 17:55:14] ? Cancelled expired booking ID=17, Customer=1, Released 0 seats
[2025-11-19 17:55:14] ? Cancelled expired booking ID=18, Customer=1, Released 0 seats
[2025-11-19 17:55:14] ? Cancelled expired booking ID=19, Customer=1, Released 1 seats
[2025-11-19 17:55:14] ? Cancelled expired booking ID=20, Customer=1, Released 0 seats
[2025-11-19 17:55:14] ? Cancelled expired booking ID=21, Customer=1, Released 0 seats
[2025-11-19 17:55:14] ? Cancelled expired booking ID=22, Customer=1, Released 0 seats
[2025-11-19 17:55:14] ? Cancelled expired booking ID=23, Customer=1, Released 0 seats
[2025-11-19 17:55:14] ? Cancelled expired booking ID=24, Customer=1, Released 0 seats
[2025-11-19 17:55:14] ? Cancelled expired booking ID=25, Customer=1, Released 0 seats
[2025-11-19 17:55:14] ? Cancelled expired booking ID=26, Customer=1, Released 2 seats
[2025-11-19 17:55:14] ? Cancelled expired booking ID=27, Customer=1, Released 0 seats
[2025-11-19 17:55:14] ? Cancelled expired booking ID=28, Customer=1, Released 0 seats
[2025-11-19 17:55:14] ? Cancelled expired booking ID=29, Customer=1, Released 0 seats
[2025-11-19 17:55:14] ? Cancelled expired booking ID=30, Customer=1, Released 0 seats
[2025-11-19 17:55:14] ? Cancelled expired booking ID=31, Customer=1, Released 1 seats
[2025-11-19 17:55:14] ? Cancelled expired booking ID=32, Customer=1, Released 2 seats
[2025-11-19 17:55:14] ? Cancelled expired booking ID=33, Customer=1, Released 2 seats
[2025-11-19 17:55:14] ? Cancelled expired booking ID=34, Customer=1, Released 2 seats
[2025-11-19 17:55:14] ? Cancelled expired booking ID=35, Customer=1, Released 0 seats
[2025-11-19 17:55:14] ? Cancelled expired booking ID=36, Customer=1, Released 2 seats
[2025-11-19 17:55:14] ? Cancelled expired booking ID=37, Customer=1, Released 1 seats
[2025-11-19 17:55:14] ? Cancelled expired booking ID=38, Customer=1, Released 0 seats
[2025-11-19 17:55:14] ? Cancelled expired booking ID=39, Customer=1, Released 2 seats
[2025-11-19 17:55:14] ? Cancelled expired booking ID=40, Customer=1, Released 0 seats
[2025-11-19 17:55:14] ? Cancelled expired booking ID=41, Customer=1, Released 1 seats
[2025-11-19 17:55:14] ? Cancelled expired booking ID=42, Customer=1, Released 0 seats
[2025-11-19 17:55:14] ? Cancelled expired booking ID=58, Customer=1, Released 0 seats
[2025-11-19 17:55:14] ? Cancelled expired booking ID=64, Customer=1, Released 2 seats
[2025-11-19 17:55:14] ? Cancelled expired booking ID=65, Customer=1, Released 2 seats
[2025-11-19 17:55:14] ? Cancelled expired booking ID=67, Customer=1, Released 2 seats
[2025-11-19 17:55:14] ? Cancelled expired booking ID=68, Customer=1, Released 1 seats
[2025-11-19 17:55:14] ? Cancelled expired booking ID=69, Customer=1, Released 0 seats
[2025-11-19 17:55:14] ? Cancelled expired booking ID=75, Customer=1, Released 0 seats
[2025-11-19 17:55:14] ? Cancelled expired booking ID=76, Customer=1, Released 0 seats
[2025-11-19 17:55:14] ? Cancelled expired booking ID=77, Customer=1, Released 0 seats
[2025-11-19 17:55:14] ? Cancelled expired booking ID=78, Customer=1, Released 0 seats
[2025-11-19 17:55:14] ? Cancelled expired booking ID=79, Customer=1, Released 1 seats
[2025-11-19 17:55:14] ? Cancelled expired booking ID=80, Customer=1, Released 1 seats
[2025-11-19 17:55:14] ? Cancelled expired booking ID=81, Customer=1, Released 0 seats
[2025-11-19 17:55:14] ? Cancelled expired booking ID=82, Customer=1, Released 1 seats
[2025-11-19 17:55:14] ? Cancelled expired booking ID=83, Customer=1, Released 0 seats
[2025-11-19 17:55:14] ? Cancelled expired booking ID=84, Customer=1, Released 0 seats
[2025-11-19 17:55:14] ? Cancelled expired booking ID=85, Customer=1, Released 0 seats
[2025-11-19 17:55:14] ? Cancelled expired booking ID=86, Customer=1, Released 0 seats
[2025-11-19 17:55:14] ? Cancelled expired booking ID=87, Customer=1, Released 0 seats
[2025-11-19 17:55:14] ? Cancelled expired booking ID=88, Customer=1, Released 0 seats
[2025-11-19 17:55:14] ? Cancelled expired booking ID=89, Customer=1, Released 0 seats
[2025-11-19 17:55:14] ? Cancelled expired booking ID=90, Customer=1, Released 0 seats
[2025-11-19 17:55:14] ? Cancelled expired booking ID=92, Customer=2, Released 0 seats
[2025-11-19 17:55:14] ? Cancelled expired booking ID=95, Customer=1, Released 1 seats
[2025-11-19 17:55:14] ? Cancelled expired booking ID=96, Customer=1, Released 1 seats
[2025-11-19 17:56:14] ? Found 62 expired bookings to cancel
[2025-11-19 17:56:14] ? Cancelled expired booking ID=6, Customer=1, Released 0 seats
[2025-11-19 17:56:14] ? Cancelled expired booking ID=7, Customer=1, Released 0 seats
[2025-11-19 17:56:14] ? Cancelled expired booking ID=8, Customer=1, Released 0 seats
[2025-11-19 17:56:14] ? Cancelled expired booking ID=9, Customer=1, Released 0 seats
[2025-11-19 17:56:14] ? Cancelled expired booking ID=10, Customer=1, Released 1 seats
[2025-11-19 17:56:14] ? Cancelled expired booking ID=11, Customer=1, Released 0 seats
[2025-11-19 17:56:14] ? Cancelled expired booking ID=12, Customer=1, Released 2 seats
[2025-11-19 17:56:14] ? Cancelled expired booking ID=13, Customer=1, Released 1 seats
[2025-11-19 17:56:14] ? Cancelled expired booking ID=14, Customer=1, Released 2 seats
[2025-11-19 17:56:14] ? Cancelled expired booking ID=15, Customer=1, Released 0 seats
[2025-11-19 17:56:14] ? Cancelled expired booking ID=16, Customer=1, Released 0 seats
[2025-11-19 17:56:14] ? Cancelled expired booking ID=17, Customer=1, Released 0 seats
[2025-11-19 17:56:14] ? Cancelled expired booking ID=18, Customer=1, Released 0 seats
[2025-11-19 17:56:14] ? Cancelled expired booking ID=19, Customer=1, Released 1 seats
[2025-11-19 17:56:14] ? Cancelled expired booking ID=20, Customer=1, Released 0 seats
[2025-11-19 17:56:14] ? Cancelled expired booking ID=21, Customer=1, Released 0 seats
[2025-11-19 17:56:14] ? Cancelled expired booking ID=22, Customer=1, Released 0 seats
[2025-11-19 17:56:14] ? Cancelled expired booking ID=23, Customer=1, Released 0 seats
[2025-11-19 17:56:14] ? Cancelled expired booking ID=24, Customer=1, Released 0 seats
[2025-11-19 17:56:14] ? Cancelled expired booking ID=25, Customer=1, Released 0 seats
[2025-11-19 17:56:14] ? Cancelled expired booking ID=26, Customer=1, Released 2 seats
[2025-11-19 17:56:14] ? Cancelled expired booking ID=27, Customer=1, Released 0 seats
[2025-11-19 17:56:14] ? Cancelled expired booking ID=28, Customer=1, Released 0 seats
[2025-11-19 17:56:14] ? Cancelled expired booking ID=29, Customer=1, Released 0 seats
[2025-11-19 17:56:14] ? Cancelled expired booking ID=30, Customer=1, Released 0 seats
[2025-11-19 17:56:14] ? Cancelled expired booking ID=31, Customer=1, Released 1 seats
[2025-11-19 17:56:14] ? Cancelled expired booking ID=32, Customer=1, Released 2 seats
[2025-11-19 17:56:14] ? Cancelled expired booking ID=33, Customer=1, Released 2 seats
[2025-11-19 17:56:14] ? Cancelled expired booking ID=34, Customer=1, Released 2 seats
[2025-11-19 17:56:14] ? Cancelled expired booking ID=35, Customer=1, Released 0 seats
[2025-11-19 17:56:14] ? Cancelled expired booking ID=36, Customer=1, Released 2 seats
[2025-11-19 17:56:14] ? Cancelled expired booking ID=37, Customer=1, Released 1 seats
[2025-11-19 17:56:14] ? Cancelled expired booking ID=38, Customer=1, Released 0 seats
[2025-11-19 17:56:14] ? Cancelled expired booking ID=39, Customer=1, Released 2 seats
[2025-11-19 17:56:14] ? Cancelled expired booking ID=40, Customer=1, Released 0 seats
[2025-11-19 17:56:14] ? Cancelled expired booking ID=41, Customer=1, Released 1 seats
[2025-11-19 17:56:14] ? Cancelled expired booking ID=42, Customer=1, Released 0 seats
[2025-11-19 17:56:14] ? Cancelled expired booking ID=58, Customer=1, Released 0 seats
[2025-11-19 17:56:14] ? Cancelled expired booking ID=64, Customer=1, Released 2 seats
[2025-11-19 17:56:14] ? Cancelled expired booking ID=65, Customer=1, Released 2 seats
[2025-11-19 17:56:14] ? Cancelled expired booking ID=67, Customer=1, Released 2 seats
[2025-11-19 17:56:14] ? Cancelled expired booking ID=68, Customer=1, Released 1 seats
[2025-11-19 17:56:14] ? Cancelled expired booking ID=69, Customer=1, Released 0 seats
[2025-11-19 17:56:14] ? Cancelled expired booking ID=75, Customer=1, Released 0 seats
[2025-11-19 17:56:14] ? Cancelled expired booking ID=76, Customer=1, Released 0 seats
[2025-11-19 17:56:14] ? Cancelled expired booking ID=77, Customer=1, Released 0 seats
[2025-11-19 17:56:14] ? Cancelled expired booking ID=78, Customer=1, Released 0 seats
[2025-11-19 17:56:14] ? Cancelled expired booking ID=79, Customer=1, Released 1 seats
[2025-11-19 17:56:14] ? Cancelled expired booking ID=80, Customer=1, Released 1 seats
[2025-11-19 17:56:14] ? Cancelled expired booking ID=81, Customer=1, Released 0 seats
[2025-11-19 17:56:14] ? Cancelled expired booking ID=82, Customer=1, Released 1 seats
[2025-11-19 17:56:14] ? Cancelled expired booking ID=83, Customer=1, Released 0 seats
[2025-11-19 17:56:14] ? Cancelled expired booking ID=84, Customer=1, Released 0 seats
[2025-11-19 17:56:14] ? Cancelled expired booking ID=85, Customer=1, Released 0 seats
[2025-11-19 17:56:14] ? Cancelled expired booking ID=86, Customer=1, Released 0 seats
[2025-11-19 17:56:14] ? Cancelled expired booking ID=87, Customer=1, Released 0 seats
[2025-11-19 17:56:14] ? Cancelled expired booking ID=88, Customer=1, Released 0 seats
[2025-11-19 17:56:14] ? Cancelled expired booking ID=89, Customer=1, Released 0 seats
[2025-11-19 17:56:14] ? Cancelled expired booking ID=90, Customer=1, Released 0 seats
[2025-11-19 17:56:14] ? Cancelled expired booking ID=92, Customer=2, Released 0 seats
[2025-11-19 17:56:14] ? Cancelled expired booking ID=95, Customer=1, Released 1 seats
[2025-11-19 17:56:14] ? Cancelled expired booking ID=96, Customer=1, Released 1 seats
[2025-11-19 17:57:14] ? Found 62 expired bookings to cancel
[2025-11-19 17:57:14] ? Cancelled expired booking ID=6, Customer=1, Released 0 seats
[2025-11-19 17:57:14] ? Cancelled expired booking ID=7, Customer=1, Released 0 seats
[2025-11-19 17:57:14] ? Cancelled expired booking ID=8, Customer=1, Released 0 seats
[2025-11-19 17:57:14] ? Cancelled expired booking ID=9, Customer=1, Released 0 seats
[2025-11-19 17:57:14] ? Cancelled expired booking ID=10, Customer=1, Released 1 seats
[2025-11-19 17:57:14] ? Cancelled expired booking ID=11, Customer=1, Released 0 seats
[2025-11-19 17:57:14] ? Cancelled expired booking ID=12, Customer=1, Released 2 seats
[2025-11-19 17:57:14] ? Cancelled expired booking ID=13, Customer=1, Released 1 seats
[2025-11-19 17:57:14] ? Cancelled expired booking ID=14, Customer=1, Released 2 seats
[2025-11-19 17:57:14] ? Cancelled expired booking ID=15, Customer=1, Released 0 seats
[2025-11-19 17:57:14] ? Cancelled expired booking ID=16, Customer=1, Released 0 seats
[2025-11-19 17:57:14] ? Cancelled expired booking ID=17, Customer=1, Released 0 seats
[2025-11-19 17:57:14] ? Cancelled expired booking ID=18, Customer=1, Released 0 seats
[2025-11-19 17:57:14] ? Cancelled expired booking ID=19, Customer=1, Released 1 seats
[2025-11-19 17:57:14] ? Cancelled expired booking ID=20, Customer=1, Released 0 seats
[2025-11-19 17:57:14] ? Cancelled expired booking ID=21, Customer=1, Released 0 seats
[2025-11-19 17:57:14] ? Cancelled expired booking ID=22, Customer=1, Released 0 seats
[2025-11-19 17:57:14] ? Cancelled expired booking ID=23, Customer=1, Released 0 seats
[2025-11-19 17:57:14] ? Cancelled expired booking ID=24, Customer=1, Released 0 seats
[2025-11-19 17:57:14] ? Cancelled expired booking ID=25, Customer=1, Released 0 seats
[2025-11-19 17:57:14] ? Cancelled expired booking ID=26, Customer=1, Released 2 seats
[2025-11-19 17:57:14] ? Cancelled expired booking ID=27, Customer=1, Released 0 seats
[2025-11-19 17:57:14] ? Cancelled expired booking ID=28, Customer=1, Released 0 seats
[2025-11-19 17:57:14] ? Cancelled expired booking ID=29, Customer=1, Released 0 seats
[2025-11-19 17:57:14] ? Cancelled expired booking ID=30, Customer=1, Released 0 seats
[2025-11-19 17:57:14] ? Cancelled expired booking ID=31, Customer=1, Released 1 seats
[2025-11-19 17:57:14] ? Cancelled expired booking ID=32, Customer=1, Released 2 seats
[2025-11-19 17:57:14] ? Cancelled expired booking ID=33, Customer=1, Released 2 seats
[2025-11-19 17:57:14] ? Cancelled expired booking ID=34, Customer=1, Released 2 seats
[2025-11-19 17:57:14] ? Cancelled expired booking ID=35, Customer=1, Released 0 seats
[2025-11-19 17:57:14] ? Cancelled expired booking ID=36, Customer=1, Released 2 seats
[2025-11-19 17:57:14] ? Cancelled expired booking ID=37, Customer=1, Released 1 seats
[2025-11-19 17:57:14] ? Cancelled expired booking ID=38, Customer=1, Released 0 seats
[2025-11-19 17:57:14] ? Cancelled expired booking ID=39, Customer=1, Released 2 seats
[2025-11-19 17:57:14] ? Cancelled expired booking ID=40, Customer=1, Released 0 seats
[2025-11-19 17:57:14] ? Cancelled expired booking ID=41, Customer=1, Released 1 seats
[2025-11-19 17:57:14] ? Cancelled expired booking ID=42, Customer=1, Released 0 seats
[2025-11-19 17:57:14] ? Cancelled expired booking ID=58, Customer=1, Released 0 seats
[2025-11-19 17:57:14] ? Cancelled expired booking ID=64, Customer=1, Released 2 seats
[2025-11-19 17:57:14] ? Cancelled expired booking ID=65, Customer=1, Released 2 seats
[2025-11-19 17:57:14] ? Cancelled expired booking ID=67, Customer=1, Released 2 seats
[2025-11-19 17:57:14] ? Cancelled expired booking ID=68, Customer=1, Released 1 seats
[2025-11-19 17:57:14] ? Cancelled expired booking ID=69, Customer=1, Released 0 seats
[2025-11-19 17:57:14] ? Cancelled expired booking ID=75, Customer=1, Released 0 seats
[2025-11-19 17:57:14] ? Cancelled expired booking ID=76, Customer=1, Released 0 seats
[2025-11-19 17:57:14] ? Cancelled expired booking ID=77, Customer=1, Released 0 seats
[2025-11-19 17:57:14] ? Cancelled expired booking ID=78, Customer=1, Released 0 seats
[2025-11-19 17:57:14] ? Cancelled expired booking ID=79, Customer=1, Released 1 seats
[2025-11-19 17:57:14] ? Cancelled expired booking ID=80, Customer=1, Released 1 seats
[2025-11-19 17:57:14] ? Cancelled expired booking ID=81, Customer=1, Released 0 seats
[2025-11-19 17:57:14] ? Cancelled expired booking ID=82, Customer=1, Released 1 seats
[2025-11-19 17:57:14] ? Cancelled expired booking ID=83, Customer=1, Released 0 seats
[2025-11-19 17:57:14] ? Cancelled expired booking ID=84, Customer=1, Released 0 seats
[2025-11-19 17:57:14] ? Cancelled expired booking ID=85, Customer=1, Released 0 seats
[2025-11-19 17:57:14] ? Cancelled expired booking ID=86, Customer=1, Released 0 seats
[2025-11-19 17:57:14] ? Cancelled expired booking ID=87, Customer=1, Released 0 seats
[2025-11-19 17:57:14] ? Cancelled expired booking ID=88, Customer=1, Released 0 seats
[2025-11-19 17:57:14] ? Cancelled expired booking ID=89, Customer=1, Released 0 seats
[2025-11-19 17:57:14] ? Cancelled expired booking ID=90, Customer=1, Released 0 seats
[2025-11-19 17:57:14] ? Cancelled expired booking ID=92, Customer=2, Released 0 seats
[2025-11-19 17:57:14] ? Cancelled expired booking ID=95, Customer=1, Released 1 seats
[2025-11-19 17:57:14] ? Cancelled expired booking ID=96, Customer=1, Released 1 seats
[2025-11-19 17:58:14] ? Found 62 expired bookings to cancel
[2025-11-19 17:58:14] ? Cancelled expired booking ID=6, Customer=1, Released 0 seats
[2025-11-19 17:58:14] ? Cancelled expired booking ID=7, Customer=1, Released 0 seats
[2025-11-19 17:58:14] ? Cancelled expired booking ID=8, Customer=1, Released 0 seats
[2025-11-19 17:58:14] ? Cancelled expired booking ID=9, Customer=1, Released 0 seats
[2025-11-19 17:58:14] ? Cancelled expired booking ID=10, Customer=1, Released 1 seats
[2025-11-19 17:58:14] ? Cancelled expired booking ID=11, Customer=1, Released 0 seats
[2025-11-19 17:58:14] ? Cancelled expired booking ID=12, Customer=1, Released 2 seats
[2025-11-19 17:58:14] ? Cancelled expired booking ID=13, Customer=1, Released 1 seats
[2025-11-19 17:58:14] ? Cancelled expired booking ID=14, Customer=1, Released 2 seats
[2025-11-19 17:58:14] ? Cancelled expired booking ID=15, Customer=1, Released 0 seats
[2025-11-19 17:58:14] ? Cancelled expired booking ID=16, Customer=1, Released 0 seats
[2025-11-19 17:58:14] ? Cancelled expired booking ID=17, Customer=1, Released 0 seats
[2025-11-19 17:58:14] ? Cancelled expired booking ID=18, Customer=1, Released 0 seats
[2025-11-19 17:58:14] ? Cancelled expired booking ID=19, Customer=1, Released 1 seats
[2025-11-19 17:58:14] ? Cancelled expired booking ID=20, Customer=1, Released 0 seats
[2025-11-19 17:58:14] ? Cancelled expired booking ID=21, Customer=1, Released 0 seats
[2025-11-19 17:58:14] ? Cancelled expired booking ID=22, Customer=1, Released 0 seats
[2025-11-19 17:58:14] ? Cancelled expired booking ID=23, Customer=1, Released 0 seats
[2025-11-19 17:58:14] ? Cancelled expired booking ID=24, Customer=1, Released 0 seats
[2025-11-19 17:58:14] ? Cancelled expired booking ID=25, Customer=1, Released 0 seats
[2025-11-19 17:58:14] ? Cancelled expired booking ID=26, Customer=1, Released 2 seats
[2025-11-19 17:58:14] ? Cancelled expired booking ID=27, Customer=1, Released 0 seats
[2025-11-19 17:58:14] ? Cancelled expired booking ID=28, Customer=1, Released 0 seats
[2025-11-19 17:58:14] ? Cancelled expired booking ID=29, Customer=1, Released 0 seats
[2025-11-19 17:58:14] ? Cancelled expired booking ID=30, Customer=1, Released 0 seats
[2025-11-19 17:58:14] ? Cancelled expired booking ID=31, Customer=1, Released 1 seats
[2025-11-19 17:58:14] ? Cancelled expired booking ID=32, Customer=1, Released 2 seats
[2025-11-19 17:58:14] ? Cancelled expired booking ID=33, Customer=1, Released 2 seats
[2025-11-19 17:58:14] ? Cancelled expired booking ID=34, Customer=1, Released 2 seats
[2025-11-19 17:58:14] ? Cancelled expired booking ID=35, Customer=1, Released 0 seats
[2025-11-19 17:58:14] ? Cancelled expired booking ID=36, Customer=1, Released 2 seats
[2025-11-19 17:58:14] ? Cancelled expired booking ID=37, Customer=1, Released 1 seats
[2025-11-19 17:58:14] ? Cancelled expired booking ID=38, Customer=1, Released 0 seats
[2025-11-19 17:58:14] ? Cancelled expired booking ID=39, Customer=1, Released 2 seats
[2025-11-19 17:58:14] ? Cancelled expired booking ID=40, Customer=1, Released 0 seats
[2025-11-19 17:58:14] ? Cancelled expired booking ID=41, Customer=1, Released 1 seats
[2025-11-19 17:58:14] ? Cancelled expired booking ID=42, Customer=1, Released 0 seats
[2025-11-19 17:58:14] ? Cancelled expired booking ID=58, Customer=1, Released 0 seats
[2025-11-19 17:58:14] ? Cancelled expired booking ID=64, Customer=1, Released 2 seats
[2025-11-19 17:58:14] ? Cancelled expired booking ID=65, Customer=1, Released 2 seats
[2025-11-19 17:58:14] ? Cancelled expired booking ID=67, Customer=1, Released 2 seats
[2025-11-19 17:58:14] ? Cancelled expired booking ID=68, Customer=1, Released 1 seats
[2025-11-19 17:58:14] ? Cancelled expired booking ID=69, Customer=1, Released 0 seats
[2025-11-19 17:58:14] ? Cancelled expired booking ID=75, Customer=1, Released 0 seats
[2025-11-19 17:58:14] ? Cancelled expired booking ID=76, Customer=1, Released 0 seats
[2025-11-19 17:58:14] ? Cancelled expired booking ID=77, Customer=1, Released 0 seats
[2025-11-19 17:58:14] ? Cancelled expired booking ID=78, Customer=1, Released 0 seats
[2025-11-19 17:58:14] ? Cancelled expired booking ID=79, Customer=1, Released 1 seats
[2025-11-19 17:58:14] ? Cancelled expired booking ID=80, Customer=1, Released 1 seats
[2025-11-19 17:58:14] ? Cancelled expired booking ID=81, Customer=1, Released 0 seats
[2025-11-19 17:58:14] ? Cancelled expired booking ID=82, Customer=1, Released 1 seats
[2025-11-19 17:58:14] ? Cancelled expired booking ID=83, Customer=1, Released 0 seats
[2025-11-19 17:58:14] ? Cancelled expired booking ID=84, Customer=1, Released 0 seats
[2025-11-19 17:58:14] ? Cancelled expired booking ID=85, Customer=1, Released 0 seats
[2025-11-19 17:58:14] ? Cancelled expired booking ID=86, Customer=1, Released 0 seats
[2025-11-19 17:58:14] ? Cancelled expired booking ID=87, Customer=1, Released 0 seats
[2025-11-19 17:58:14] ? Cancelled expired booking ID=88, Customer=1, Released 0 seats
[2025-11-19 17:58:14] ? Cancelled expired booking ID=89, Customer=1, Released 0 seats
[2025-11-19 17:58:14] ? Cancelled expired booking ID=90, Customer=1, Released 0 seats
[2025-11-19 17:58:14] ? Cancelled expired booking ID=92, Customer=2, Released 0 seats
[2025-11-19 17:58:14] ? Cancelled expired booking ID=95, Customer=1, Released 1 seats
[2025-11-19 17:58:14] ? Cancelled expired booking ID=96, Customer=1, Released 1 seats
[2025-11-19 17:59:14] ? Found 62 expired bookings to cancel
[2025-11-19 17:59:14] ? Cancelled expired booking ID=6, Customer=1, Released 0 seats
[2025-11-19 17:59:14] ? Cancelled expired booking ID=7, Customer=1, Released 0 seats
[2025-11-19 17:59:14] ? Cancelled expired booking ID=8, Customer=1, Released 0 seats
[2025-11-19 17:59:14] ? Cancelled expired booking ID=9, Customer=1, Released 0 seats
[2025-11-19 17:59:14] ? Cancelled expired booking ID=10, Customer=1, Released 1 seats
[2025-11-19 17:59:14] ? Cancelled expired booking ID=11, Customer=1, Released 0 seats
[2025-11-19 17:59:14] ? Cancelled expired booking ID=12, Customer=1, Released 2 seats
[2025-11-19 17:59:14] ? Cancelled expired booking ID=13, Customer=1, Released 1 seats
[2025-11-19 17:59:14] ? Cancelled expired booking ID=14, Customer=1, Released 2 seats
[2025-11-19 17:59:14] ? Cancelled expired booking ID=15, Customer=1, Released 0 seats
[2025-11-19 17:59:14] ? Cancelled expired booking ID=16, Customer=1, Released 0 seats
[2025-11-19 17:59:14] ? Cancelled expired booking ID=17, Customer=1, Released 0 seats
[2025-11-19 17:59:14] ? Cancelled expired booking ID=18, Customer=1, Released 0 seats
[2025-11-19 17:59:14] ? Cancelled expired booking ID=19, Customer=1, Released 1 seats
[2025-11-19 17:59:14] ? Cancelled expired booking ID=20, Customer=1, Released 0 seats
[2025-11-19 17:59:14] ? Cancelled expired booking ID=21, Customer=1, Released 0 seats
[2025-11-19 17:59:14] ? Cancelled expired booking ID=22, Customer=1, Released 0 seats
[2025-11-19 17:59:14] ? Cancelled expired booking ID=23, Customer=1, Released 0 seats
[2025-11-19 17:59:14] ? Cancelled expired booking ID=24, Customer=1, Released 0 seats
[2025-11-19 17:59:14] ? Cancelled expired booking ID=25, Customer=1, Released 0 seats
[2025-11-19 17:59:14] ? Cancelled expired booking ID=26, Customer=1, Released 2 seats
[2025-11-19 17:59:14] ? Cancelled expired booking ID=27, Customer=1, Released 0 seats
[2025-11-19 17:59:14] ? Cancelled expired booking ID=28, Customer=1, Released 0 seats
[2025-11-19 17:59:14] ? Cancelled expired booking ID=29, Customer=1, Released 0 seats
[2025-11-19 17:59:14] ? Cancelled expired booking ID=30, Customer=1, Released 0 seats
[2025-11-19 17:59:14] ? Cancelled expired booking ID=31, Customer=1, Released 1 seats
[2025-11-19 17:59:14] ? Cancelled expired booking ID=32, Customer=1, Released 2 seats
[2025-11-19 17:59:14] ? Cancelled expired booking ID=33, Customer=1, Released 2 seats
[2025-11-19 17:59:14] ? Cancelled expired booking ID=34, Customer=1, Released 2 seats
[2025-11-19 17:59:14] ? Cancelled expired booking ID=35, Customer=1, Released 0 seats
[2025-11-19 17:59:14] ? Cancelled expired booking ID=36, Customer=1, Released 2 seats
[2025-11-19 17:59:14] ? Cancelled expired booking ID=37, Customer=1, Released 1 seats
[2025-11-19 17:59:14] ? Cancelled expired booking ID=38, Customer=1, Released 0 seats
[2025-11-19 17:59:14] ? Cancelled expired booking ID=39, Customer=1, Released 2 seats
[2025-11-19 17:59:14] ? Cancelled expired booking ID=40, Customer=1, Released 0 seats
[2025-11-19 17:59:14] ? Cancelled expired booking ID=41, Customer=1, Released 1 seats
[2025-11-19 17:59:14] ? Cancelled expired booking ID=42, Customer=1, Released 0 seats
[2025-11-19 17:59:14] ? Cancelled expired booking ID=58, Customer=1, Released 0 seats
[2025-11-19 17:59:14] ? Cancelled expired booking ID=64, Customer=1, Released 2 seats
[2025-11-19 17:59:14] ? Cancelled expired booking ID=65, Customer=1, Released 2 seats
[2025-11-19 17:59:14] ? Cancelled expired booking ID=67, Customer=1, Released 2 seats
[2025-11-19 17:59:14] ? Cancelled expired booking ID=68, Customer=1, Released 1 seats
[2025-11-19 17:59:14] ? Cancelled expired booking ID=69, Customer=1, Released 0 seats
[2025-11-19 17:59:14] ? Cancelled expired booking ID=75, Customer=1, Released 0 seats
[2025-11-19 17:59:14] ? Cancelled expired booking ID=76, Customer=1, Released 0 seats
[2025-11-19 17:59:14] ? Cancelled expired booking ID=77, Customer=1, Released 0 seats
[2025-11-19 17:59:14] ? Cancelled expired booking ID=78, Customer=1, Released 0 seats
[2025-11-19 17:59:14] ? Cancelled expired booking ID=79, Customer=1, Released 1 seats
[2025-11-19 17:59:14] ? Cancelled expired booking ID=80, Customer=1, Released 1 seats
[2025-11-19 17:59:14] ? Cancelled expired booking ID=81, Customer=1, Released 0 seats
[2025-11-19 17:59:14] ? Cancelled expired booking ID=82, Customer=1, Released 1 seats
[2025-11-19 17:59:14] ? Cancelled expired booking ID=83, Customer=1, Released 0 seats
[2025-11-19 17:59:14] ? Cancelled expired booking ID=84, Customer=1, Released 0 seats
[2025-11-19 17:59:14] ? Cancelled expired booking ID=85, Customer=1, Released 0 seats
[2025-11-19 17:59:14] ? Cancelled expired booking ID=86, Customer=1, Released 0 seats
[2025-11-19 17:59:14] ? Cancelled expired booking ID=87, Customer=1, Released 0 seats
[2025-11-19 17:59:14] ? Cancelled expired booking ID=88, Customer=1, Released 0 seats
[2025-11-19 17:59:14] ? Cancelled expired booking ID=89, Customer=1, Released 0 seats
[2025-11-19 17:59:14] ? Cancelled expired booking ID=90, Customer=1, Released 0 seats
[2025-11-19 17:59:14] ? Cancelled expired booking ID=92, Customer=2, Released 0 seats
[2025-11-19 17:59:14] ? Cancelled expired booking ID=95, Customer=1, Released 1 seats
[2025-11-19 17:59:14] ? Cancelled expired booking ID=96, Customer=1, Released 1 seats
[2025-11-19 18:00:14] ? Found 62 expired bookings to cancel
[2025-11-19 18:00:14] ? Cancelled expired booking ID=6, Customer=1, Released 0 seats
[2025-11-19 18:00:14] ? Cancelled expired booking ID=7, Customer=1, Released 0 seats
[2025-11-19 18:00:14] ? Cancelled expired booking ID=8, Customer=1, Released 0 seats
[2025-11-19 18:00:14] ? Cancelled expired booking ID=9, Customer=1, Released 0 seats
[2025-11-19 18:00:14] ? Cancelled expired booking ID=10, Customer=1, Released 1 seats
[2025-11-19 18:00:14] ? Cancelled expired booking ID=11, Customer=1, Released 0 seats
[2025-11-19 18:00:14] ? Cancelled expired booking ID=12, Customer=1, Released 2 seats
[2025-11-19 18:00:14] ? Cancelled expired booking ID=13, Customer=1, Released 1 seats
[2025-11-19 18:00:14] ? Cancelled expired booking ID=14, Customer=1, Released 2 seats
[2025-11-19 18:00:14] ? Cancelled expired booking ID=15, Customer=1, Released 0 seats
[2025-11-19 18:00:14] ? Cancelled expired booking ID=16, Customer=1, Released 0 seats
[2025-11-19 18:00:14] ? Cancelled expired booking ID=17, Customer=1, Released 0 seats
[2025-11-19 18:00:14] ? Cancelled expired booking ID=18, Customer=1, Released 0 seats
[2025-11-19 18:00:14] ? Cancelled expired booking ID=19, Customer=1, Released 1 seats
[2025-11-19 18:00:14] ? Cancelled expired booking ID=20, Customer=1, Released 0 seats
[2025-11-19 18:00:14] ? Cancelled expired booking ID=21, Customer=1, Released 0 seats
[2025-11-19 18:00:14] ? Cancelled expired booking ID=22, Customer=1, Released 0 seats
[2025-11-19 18:00:14] ? Cancelled expired booking ID=23, Customer=1, Released 0 seats
[2025-11-19 18:00:14] ? Cancelled expired booking ID=24, Customer=1, Released 0 seats
[2025-11-19 18:00:14] ? Cancelled expired booking ID=25, Customer=1, Released 0 seats
[2025-11-19 18:00:14] ? Cancelled expired booking ID=26, Customer=1, Released 2 seats
[2025-11-19 18:00:14] ? Cancelled expired booking ID=27, Customer=1, Released 0 seats
[2025-11-19 18:00:14] ? Cancelled expired booking ID=28, Customer=1, Released 0 seats
[2025-11-19 18:00:14] ? Cancelled expired booking ID=29, Customer=1, Released 0 seats
[2025-11-19 18:00:14] ? Cancelled expired booking ID=30, Customer=1, Released 0 seats
[2025-11-19 18:00:14] ? Cancelled expired booking ID=31, Customer=1, Released 1 seats
[2025-11-19 18:00:14] ? Cancelled expired booking ID=32, Customer=1, Released 2 seats
[2025-11-19 18:00:14] ? Cancelled expired booking ID=33, Customer=1, Released 2 seats
[2025-11-19 18:00:14] ? Cancelled expired booking ID=34, Customer=1, Released 2 seats
[2025-11-19 18:00:14] ? Cancelled expired booking ID=35, Customer=1, Released 0 seats
[2025-11-19 18:00:14] ? Cancelled expired booking ID=36, Customer=1, Released 2 seats
[2025-11-19 18:00:14] ? Cancelled expired booking ID=37, Customer=1, Released 1 seats
[2025-11-19 18:00:14] ? Cancelled expired booking ID=38, Customer=1, Released 0 seats
[2025-11-19 18:00:14] ? Cancelled expired booking ID=39, Customer=1, Released 2 seats
[2025-11-19 18:00:14] ? Cancelled expired booking ID=40, Customer=1, Released 0 seats
[2025-11-19 18:00:14] ? Cancelled expired booking ID=41, Customer=1, Released 1 seats
[2025-11-19 18:00:14] ? Cancelled expired booking ID=42, Customer=1, Released 0 seats
[2025-11-19 18:00:14] ? Cancelled expired booking ID=58, Customer=1, Released 0 seats
[2025-11-19 18:00:14] ? Cancelled expired booking ID=64, Customer=1, Released 2 seats
[2025-11-19 18:00:14] ? Cancelled expired booking ID=65, Customer=1, Released 2 seats
[2025-11-19 18:00:14] ? Cancelled expired booking ID=67, Customer=1, Released 2 seats
[2025-11-19 18:00:14] ? Cancelled expired booking ID=68, Customer=1, Released 1 seats
[2025-11-19 18:00:14] ? Cancelled expired booking ID=69, Customer=1, Released 0 seats
[2025-11-19 18:00:14] ? Cancelled expired booking ID=75, Customer=1, Released 0 seats
[2025-11-19 18:00:14] ? Cancelled expired booking ID=76, Customer=1, Released 0 seats
[2025-11-19 18:00:14] ? Cancelled expired booking ID=77, Customer=1, Released 0 seats
[2025-11-19 18:00:14] ? Cancelled expired booking ID=78, Customer=1, Released 0 seats
[2025-11-19 18:00:14] ? Cancelled expired booking ID=79, Customer=1, Released 1 seats
[2025-11-19 18:00:14] ? Cancelled expired booking ID=80, Customer=1, Released 1 seats
[2025-11-19 18:00:14] ? Cancelled expired booking ID=81, Customer=1, Released 0 seats
[2025-11-19 18:00:14] ? Cancelled expired booking ID=82, Customer=1, Released 1 seats
[2025-11-19 18:00:14] ? Cancelled expired booking ID=83, Customer=1, Released 0 seats
[2025-11-19 18:00:14] ? Cancelled expired booking ID=84, Customer=1, Released 0 seats
[2025-11-19 18:00:14] ? Cancelled expired booking ID=85, Customer=1, Released 0 seats
[2025-11-19 18:00:14] ? Cancelled expired booking ID=86, Customer=1, Released 0 seats
[2025-11-19 18:00:14] ? Cancelled expired booking ID=87, Customer=1, Released 0 seats
[2025-11-19 18:00:14] ? Cancelled expired booking ID=88, Customer=1, Released 0 seats
[2025-11-19 18:00:14] ? Cancelled expired booking ID=89, Customer=1, Released 0 seats
[2025-11-19 18:00:14] ? Cancelled expired booking ID=90, Customer=1, Released 0 seats
[2025-11-19 18:00:14] ? Cancelled expired booking ID=92, Customer=2, Released 0 seats
[2025-11-19 18:00:14] ? Cancelled expired booking ID=95, Customer=1, Released 1 seats
[2025-11-19 18:00:14] ? Cancelled expired booking ID=96, Customer=1, Released 1 seats
[2025-11-19 18:01:14] ? Found 62 expired bookings to cancel
[2025-11-19 18:01:14] ? Cancelled expired booking ID=6, Customer=1, Released 0 seats
[2025-11-19 18:01:14] ? Cancelled expired booking ID=7, Customer=1, Released 0 seats
[2025-11-19 18:01:14] ? Cancelled expired booking ID=8, Customer=1, Released 0 seats
[2025-11-19 18:01:14] ? Cancelled expired booking ID=9, Customer=1, Released 0 seats
[2025-11-19 18:01:14] ? Cancelled expired booking ID=10, Customer=1, Released 1 seats
[2025-11-19 18:01:14] ? Cancelled expired booking ID=11, Customer=1, Released 0 seats
[2025-11-19 18:01:14] ? Cancelled expired booking ID=12, Customer=1, Released 2 seats
[2025-11-19 18:01:14] ? Cancelled expired booking ID=13, Customer=1, Released 1 seats
[2025-11-19 18:01:14] ? Cancelled expired booking ID=14, Customer=1, Released 2 seats
[2025-11-19 18:01:14] ? Cancelled expired booking ID=15, Customer=1, Released 0 seats
[2025-11-19 18:01:14] ? Cancelled expired booking ID=16, Customer=1, Released 0 seats
[2025-11-19 18:01:14] ? Cancelled expired booking ID=17, Customer=1, Released 0 seats
[2025-11-19 18:01:14] ? Cancelled expired booking ID=18, Customer=1, Released 0 seats
[2025-11-19 18:01:14] ? Cancelled expired booking ID=19, Customer=1, Released 1 seats
[2025-11-19 18:01:14] ? Cancelled expired booking ID=20, Customer=1, Released 0 seats
[2025-11-19 18:01:14] ? Cancelled expired booking ID=21, Customer=1, Released 0 seats
[2025-11-19 18:01:14] ? Cancelled expired booking ID=22, Customer=1, Released 0 seats
[2025-11-19 18:01:14] ? Cancelled expired booking ID=23, Customer=1, Released 0 seats
[2025-11-19 18:01:14] ? Cancelled expired booking ID=24, Customer=1, Released 0 seats
[2025-11-19 18:01:14] ? Cancelled expired booking ID=25, Customer=1, Released 0 seats
[2025-11-19 18:01:14] ? Cancelled expired booking ID=26, Customer=1, Released 2 seats
[2025-11-19 18:01:14] ? Cancelled expired booking ID=27, Customer=1, Released 0 seats
[2025-11-19 18:01:14] ? Cancelled expired booking ID=28, Customer=1, Released 0 seats
[2025-11-19 18:01:14] ? Cancelled expired booking ID=29, Customer=1, Released 0 seats
[2025-11-19 18:01:14] ? Cancelled expired booking ID=30, Customer=1, Released 0 seats
[2025-11-19 18:01:14] ? Cancelled expired booking ID=31, Customer=1, Released 1 seats
[2025-11-19 18:01:14] ? Cancelled expired booking ID=32, Customer=1, Released 2 seats
[2025-11-19 18:01:14] ? Cancelled expired booking ID=33, Customer=1, Released 2 seats
[2025-11-19 18:01:14] ? Cancelled expired booking ID=34, Customer=1, Released 2 seats
[2025-11-19 18:01:14] ? Cancelled expired booking ID=35, Customer=1, Released 0 seats
[2025-11-19 18:01:14] ? Cancelled expired booking ID=36, Customer=1, Released 2 seats
[2025-11-19 18:01:14] ? Cancelled expired booking ID=37, Customer=1, Released 1 seats
[2025-11-19 18:01:14] ? Cancelled expired booking ID=38, Customer=1, Released 0 seats
[2025-11-19 18:01:14] ? Cancelled expired booking ID=39, Customer=1, Released 2 seats
[2025-11-19 18:01:14] ? Cancelled expired booking ID=40, Customer=1, Released 0 seats
[2025-11-19 18:01:14] ? Cancelled expired booking ID=41, Customer=1, Released 1 seats
[2025-11-19 18:01:14] ? Cancelled expired booking ID=42, Customer=1, Released 0 seats
[2025-11-19 18:01:14] ? Cancelled expired booking ID=58, Customer=1, Released 0 seats
[2025-11-19 18:01:14] ? Cancelled expired booking ID=64, Customer=1, Released 2 seats
[2025-11-19 18:01:14] ? Cancelled expired booking ID=65, Customer=1, Released 2 seats
[2025-11-19 18:01:14] ? Cancelled expired booking ID=67, Customer=1, Released 2 seats
[2025-11-19 18:01:14] ? Cancelled expired booking ID=68, Customer=1, Released 1 seats
[2025-11-19 18:01:14] ? Cancelled expired booking ID=69, Customer=1, Released 0 seats
[2025-11-19 18:01:14] ? Cancelled expired booking ID=75, Customer=1, Released 0 seats
[2025-11-19 18:01:14] ? Cancelled expired booking ID=76, Customer=1, Released 0 seats
[2025-11-19 18:01:14] ? Cancelled expired booking ID=77, Customer=1, Released 0 seats
[2025-11-19 18:01:14] ? Cancelled expired booking ID=78, Customer=1, Released 0 seats
[2025-11-19 18:01:14] ? Cancelled expired booking ID=79, Customer=1, Released 1 seats
[2025-11-19 18:01:14] ? Cancelled expired booking ID=80, Customer=1, Released 1 seats
[2025-11-19 18:01:14] ? Cancelled expired booking ID=81, Customer=1, Released 0 seats
[2025-11-19 18:01:14] ? Cancelled expired booking ID=82, Customer=1, Released 1 seats
[2025-11-19 18:01:14] ? Cancelled expired booking ID=83, Customer=1, Released 0 seats
[2025-11-19 18:01:14] ? Cancelled expired booking ID=84, Customer=1, Released 0 seats
[2025-11-19 18:01:14] ? Cancelled expired booking ID=85, Customer=1, Released 0 seats
[2025-11-19 18:01:14] ? Cancelled expired booking ID=86, Customer=1, Released 0 seats
[2025-11-19 18:01:14] ? Cancelled expired booking ID=87, Customer=1, Released 0 seats
[2025-11-19 18:01:14] ? Cancelled expired booking ID=88, Customer=1, Released 0 seats
[2025-11-19 18:01:14] ? Cancelled expired booking ID=89, Customer=1, Released 0 seats
[2025-11-19 18:01:14] ? Cancelled expired booking ID=90, Customer=1, Released 0 seats
[2025-11-19 18:01:14] ? Cancelled expired booking ID=92, Customer=2, Released 0 seats
[2025-11-19 18:01:14] ? Cancelled expired booking ID=95, Customer=1, Released 1 seats
[2025-11-19 18:01:14] ? Cancelled expired booking ID=96, Customer=1, Released 1 seats
[2025-11-19 18:02:14] ? Found 62 expired bookings to cancel
[2025-11-19 18:02:14] ? Cancelled expired booking ID=6, Customer=1, Released 0 seats
[2025-11-19 18:02:14] ? Cancelled expired booking ID=7, Customer=1, Released 0 seats
[2025-11-19 18:02:14] ? Cancelled expired booking ID=8, Customer=1, Released 0 seats
[2025-11-19 18:02:14] ? Cancelled expired booking ID=9, Customer=1, Released 0 seats
[2025-11-19 18:02:14] ? Cancelled expired booking ID=10, Customer=1, Released 1 seats
[2025-11-19 18:02:14] ? Cancelled expired booking ID=11, Customer=1, Released 0 seats
[2025-11-19 18:02:14] ? Cancelled expired booking ID=12, Customer=1, Released 2 seats
[2025-11-19 18:02:14] ? Cancelled expired booking ID=13, Customer=1, Released 1 seats
[2025-11-19 18:02:14] ? Cancelled expired booking ID=14, Customer=1, Released 2 seats
[2025-11-19 18:02:14] ? Cancelled expired booking ID=15, Customer=1, Released 0 seats
[2025-11-19 18:02:14] ? Cancelled expired booking ID=16, Customer=1, Released 0 seats
[2025-11-19 18:02:14] ? Cancelled expired booking ID=17, Customer=1, Released 0 seats
[2025-11-19 18:02:14] ? Cancelled expired booking ID=18, Customer=1, Released 0 seats
[2025-11-19 18:02:14] ? Cancelled expired booking ID=19, Customer=1, Released 1 seats
[2025-11-19 18:02:14] ? Cancelled expired booking ID=20, Customer=1, Released 0 seats
[2025-11-19 18:02:14] ? Cancelled expired booking ID=21, Customer=1, Released 0 seats
[2025-11-19 18:02:14] ? Cancelled expired booking ID=22, Customer=1, Released 0 seats
[2025-11-19 18:02:14] ? Cancelled expired booking ID=23, Customer=1, Released 0 seats
[2025-11-19 18:02:14] ? Cancelled expired booking ID=24, Customer=1, Released 0 seats
[2025-11-19 18:02:14] ? Cancelled expired booking ID=25, Customer=1, Released 0 seats
[2025-11-19 18:02:14] ? Cancelled expired booking ID=26, Customer=1, Released 2 seats
[2025-11-19 18:02:14] ? Cancelled expired booking ID=27, Customer=1, Released 0 seats
[2025-11-19 18:02:14] ? Cancelled expired booking ID=28, Customer=1, Released 0 seats
[2025-11-19 18:02:14] ? Cancelled expired booking ID=29, Customer=1, Released 0 seats
[2025-11-19 18:02:14] ? Cancelled expired booking ID=30, Customer=1, Released 0 seats
[2025-11-19 18:02:14] ? Cancelled expired booking ID=31, Customer=1, Released 1 seats
[2025-11-19 18:02:14] ? Cancelled expired booking ID=32, Customer=1, Released 2 seats
[2025-11-19 18:02:14] ? Cancelled expired booking ID=33, Customer=1, Released 2 seats
[2025-11-19 18:02:14] ? Cancelled expired booking ID=34, Customer=1, Released 2 seats
[2025-11-19 18:02:14] ? Cancelled expired booking ID=35, Customer=1, Released 0 seats
[2025-11-19 18:02:14] ? Cancelled expired booking ID=36, Customer=1, Released 2 seats
[2025-11-19 18:02:14] ? Cancelled expired booking ID=37, Customer=1, Released 1 seats
[2025-11-19 18:02:14] ? Cancelled expired booking ID=38, Customer=1, Released 0 seats
[2025-11-19 18:02:14] ? Cancelled expired booking ID=39, Customer=1, Released 2 seats
[2025-11-19 18:02:14] ? Cancelled expired booking ID=40, Customer=1, Released 0 seats
[2025-11-19 18:02:14] ? Cancelled expired booking ID=41, Customer=1, Released 1 seats
[2025-11-19 18:02:14] ? Cancelled expired booking ID=42, Customer=1, Released 0 seats
[2025-11-19 18:02:14] ? Cancelled expired booking ID=58, Customer=1, Released 0 seats
[2025-11-19 18:02:14] ? Cancelled expired booking ID=64, Customer=1, Released 2 seats
[2025-11-19 18:02:14] ? Cancelled expired booking ID=65, Customer=1, Released 2 seats
[2025-11-19 18:02:14] ? Cancelled expired booking ID=67, Customer=1, Released 2 seats
[2025-11-19 18:02:14] ? Cancelled expired booking ID=68, Customer=1, Released 1 seats
[2025-11-19 18:02:14] ? Cancelled expired booking ID=69, Customer=1, Released 0 seats
[2025-11-19 18:02:14] ? Cancelled expired booking ID=75, Customer=1, Released 0 seats
[2025-11-19 18:02:14] ? Cancelled expired booking ID=76, Customer=1, Released 0 seats
[2025-11-19 18:02:14] ? Cancelled expired booking ID=77, Customer=1, Released 0 seats
[2025-11-19 18:02:14] ? Cancelled expired booking ID=78, Customer=1, Released 0 seats
[2025-11-19 18:02:14] ? Cancelled expired booking ID=79, Customer=1, Released 1 seats
[2025-11-19 18:02:14] ? Cancelled expired booking ID=80, Customer=1, Released 1 seats
[2025-11-19 18:02:14] ? Cancelled expired booking ID=81, Customer=1, Released 0 seats
[2025-11-19 18:02:14] ? Cancelled expired booking ID=82, Customer=1, Released 1 seats
[2025-11-19 18:02:14] ? Cancelled expired booking ID=83, Customer=1, Released 0 seats
[2025-11-19 18:02:14] ? Cancelled expired booking ID=84, Customer=1, Released 0 seats
[2025-11-19 18:02:14] ? Cancelled expired booking ID=85, Customer=1, Released 0 seats
[2025-11-19 18:02:14] ? Cancelled expired booking ID=86, Customer=1, Released 0 seats
[2025-11-19 18:02:14] ? Cancelled expired booking ID=87, Customer=1, Released 0 seats
[2025-11-19 18:02:14] ? Cancelled expired booking ID=88, Customer=1, Released 0 seats
[2025-11-19 18:02:14] ? Cancelled expired booking ID=89, Customer=1, Released 0 seats
[2025-11-19 18:02:14] ? Cancelled expired booking ID=90, Customer=1, Released 0 seats
[2025-11-19 18:02:14] ? Cancelled expired booking ID=92, Customer=2, Released 0 seats
[2025-11-19 18:02:14] ? Cancelled expired booking ID=95, Customer=1, Released 1 seats
[2025-11-19 18:02:14] ? Cancelled expired booking ID=96, Customer=1, Released 1 seats
[2025-11-19 18:03:14] ? Found 62 expired bookings to cancel
[2025-11-19 18:03:14] ? Cancelled expired booking ID=6, Customer=1, Released 0 seats
[2025-11-19 18:03:14] ? Cancelled expired booking ID=7, Customer=1, Released 0 seats
[2025-11-19 18:03:14] ? Cancelled expired booking ID=8, Customer=1, Released 0 seats
[2025-11-19 18:03:14] ? Cancelled expired booking ID=9, Customer=1, Released 0 seats
[2025-11-19 18:03:14] ? Cancelled expired booking ID=10, Customer=1, Released 1 seats
[2025-11-19 18:03:14] ? Cancelled expired booking ID=11, Customer=1, Released 0 seats
[2025-11-19 18:03:14] ? Cancelled expired booking ID=12, Customer=1, Released 2 seats
[2025-11-19 18:03:14] ? Cancelled expired booking ID=13, Customer=1, Released 1 seats
[2025-11-19 18:03:14] ? Cancelled expired booking ID=14, Customer=1, Released 2 seats
[2025-11-19 18:03:14] ? Cancelled expired booking ID=15, Customer=1, Released 0 seats
[2025-11-19 18:03:14] ? Cancelled expired booking ID=16, Customer=1, Released 0 seats
[2025-11-19 18:03:14] ? Cancelled expired booking ID=17, Customer=1, Released 0 seats
[2025-11-19 18:03:14] ? Cancelled expired booking ID=18, Customer=1, Released 0 seats
[2025-11-19 18:03:14] ? Cancelled expired booking ID=19, Customer=1, Released 1 seats
[2025-11-19 18:03:14] ? Cancelled expired booking ID=20, Customer=1, Released 0 seats
[2025-11-19 18:03:14] ? Cancelled expired booking ID=21, Customer=1, Released 0 seats
[2025-11-19 18:03:14] ? Cancelled expired booking ID=22, Customer=1, Released 0 seats
[2025-11-19 18:03:14] ? Cancelled expired booking ID=23, Customer=1, Released 0 seats
[2025-11-19 18:03:14] ? Cancelled expired booking ID=24, Customer=1, Released 0 seats
[2025-11-19 18:03:14] ? Cancelled expired booking ID=25, Customer=1, Released 0 seats
[2025-11-19 18:03:14] ? Cancelled expired booking ID=26, Customer=1, Released 2 seats
[2025-11-19 18:03:14] ? Cancelled expired booking ID=27, Customer=1, Released 0 seats
[2025-11-19 18:03:14] ? Cancelled expired booking ID=28, Customer=1, Released 0 seats
[2025-11-19 18:03:14] ? Cancelled expired booking ID=29, Customer=1, Released 0 seats
[2025-11-19 18:03:14] ? Cancelled expired booking ID=30, Customer=1, Released 0 seats
[2025-11-19 18:03:14] ? Cancelled expired booking ID=31, Customer=1, Released 1 seats
[2025-11-19 18:03:14] ? Cancelled expired booking ID=32, Customer=1, Released 2 seats
[2025-11-19 18:03:14] ? Cancelled expired booking ID=33, Customer=1, Released 2 seats
[2025-11-19 18:03:14] ? Cancelled expired booking ID=34, Customer=1, Released 2 seats
[2025-11-19 18:03:14] ? Cancelled expired booking ID=35, Customer=1, Released 0 seats
[2025-11-19 18:03:14] ? Cancelled expired booking ID=36, Customer=1, Released 2 seats
[2025-11-19 18:03:14] ? Cancelled expired booking ID=37, Customer=1, Released 1 seats
[2025-11-19 18:03:14] ? Cancelled expired booking ID=38, Customer=1, Released 0 seats
[2025-11-19 18:03:14] ? Cancelled expired booking ID=39, Customer=1, Released 2 seats
[2025-11-19 18:03:14] ? Cancelled expired booking ID=40, Customer=1, Released 0 seats
[2025-11-19 18:03:14] ? Cancelled expired booking ID=41, Customer=1, Released 1 seats
[2025-11-19 18:03:14] ? Cancelled expired booking ID=42, Customer=1, Released 0 seats
[2025-11-19 18:03:14] ? Cancelled expired booking ID=58, Customer=1, Released 0 seats
[2025-11-19 18:03:14] ? Cancelled expired booking ID=64, Customer=1, Released 2 seats
[2025-11-19 18:03:14] ? Cancelled expired booking ID=65, Customer=1, Released 2 seats
[2025-11-19 18:03:14] ? Cancelled expired booking ID=67, Customer=1, Released 2 seats
[2025-11-19 18:03:14] ? Cancelled expired booking ID=68, Customer=1, Released 1 seats
[2025-11-19 18:03:14] ? Cancelled expired booking ID=69, Customer=1, Released 0 seats
[2025-11-19 18:03:14] ? Cancelled expired booking ID=75, Customer=1, Released 0 seats
[2025-11-19 18:03:14] ? Cancelled expired booking ID=76, Customer=1, Released 0 seats
[2025-11-19 18:03:14] ? Cancelled expired booking ID=77, Customer=1, Released 0 seats
[2025-11-19 18:03:14] ? Cancelled expired booking ID=78, Customer=1, Released 0 seats
[2025-11-19 18:03:14] ? Cancelled expired booking ID=79, Customer=1, Released 1 seats
[2025-11-19 18:03:14] ? Cancelled expired booking ID=80, Customer=1, Released 1 seats
[2025-11-19 18:03:14] ? Cancelled expired booking ID=81, Customer=1, Released 0 seats
[2025-11-19 18:03:14] ? Cancelled expired booking ID=82, Customer=1, Released 1 seats
[2025-11-19 18:03:14] ? Cancelled expired booking ID=83, Customer=1, Released 0 seats
[2025-11-19 18:03:14] ? Cancelled expired booking ID=84, Customer=1, Released 0 seats
[2025-11-19 18:03:14] ? Cancelled expired booking ID=85, Customer=1, Released 0 seats
[2025-11-19 18:03:14] ? Cancelled expired booking ID=86, Customer=1, Released 0 seats
[2025-11-19 18:03:14] ? Cancelled expired booking ID=87, Customer=1, Released 0 seats
[2025-11-19 18:03:14] ? Cancelled expired booking ID=88, Customer=1, Released 0 seats
[2025-11-19 18:03:14] ? Cancelled expired booking ID=89, Customer=1, Released 0 seats
[2025-11-19 18:03:14] ? Cancelled expired booking ID=90, Customer=1, Released 0 seats
[2025-11-19 18:03:14] ? Cancelled expired booking ID=92, Customer=2, Released 0 seats
[2025-11-19 18:03:14] ? Cancelled expired booking ID=95, Customer=1, Released 1 seats
[2025-11-19 18:03:14] ? Cancelled expired booking ID=96, Customer=1, Released 1 seats
[2025-11-19 18:04:14] ? Found 62 expired bookings to cancel
[2025-11-19 18:04:14] ? Cancelled expired booking ID=6, Customer=1, Released 0 seats
[2025-11-19 18:04:14] ? Cancelled expired booking ID=7, Customer=1, Released 0 seats
[2025-11-19 18:04:14] ? Cancelled expired booking ID=8, Customer=1, Released 0 seats
[2025-11-19 18:04:14] ? Cancelled expired booking ID=9, Customer=1, Released 0 seats
[2025-11-19 18:04:14] ? Cancelled expired booking ID=10, Customer=1, Released 1 seats
[2025-11-19 18:04:14] ? Cancelled expired booking ID=11, Customer=1, Released 0 seats
[2025-11-19 18:04:14] ? Cancelled expired booking ID=12, Customer=1, Released 2 seats
[2025-11-19 18:04:14] ? Cancelled expired booking ID=13, Customer=1, Released 1 seats
[2025-11-19 18:04:14] ? Cancelled expired booking ID=14, Customer=1, Released 2 seats
[2025-11-19 18:04:14] ? Cancelled expired booking ID=15, Customer=1, Released 0 seats
[2025-11-19 18:04:14] ? Cancelled expired booking ID=16, Customer=1, Released 0 seats
[2025-11-19 18:04:14] ? Cancelled expired booking ID=17, Customer=1, Released 0 seats
[2025-11-19 18:04:14] ? Cancelled expired booking ID=18, Customer=1, Released 0 seats
[2025-11-19 18:04:14] ? Cancelled expired booking ID=19, Customer=1, Released 1 seats
[2025-11-19 18:04:14] ? Cancelled expired booking ID=20, Customer=1, Released 0 seats
[2025-11-19 18:04:14] ? Cancelled expired booking ID=21, Customer=1, Released 0 seats
[2025-11-19 18:04:14] ? Cancelled expired booking ID=22, Customer=1, Released 0 seats
[2025-11-19 18:04:14] ? Cancelled expired booking ID=23, Customer=1, Released 0 seats
[2025-11-19 18:04:14] ? Cancelled expired booking ID=24, Customer=1, Released 0 seats
[2025-11-19 18:04:14] ? Cancelled expired booking ID=25, Customer=1, Released 0 seats
[2025-11-19 18:04:14] ? Cancelled expired booking ID=26, Customer=1, Released 2 seats
[2025-11-19 18:04:14] ? Cancelled expired booking ID=27, Customer=1, Released 0 seats
[2025-11-19 18:04:14] ? Cancelled expired booking ID=28, Customer=1, Released 0 seats
[2025-11-19 18:04:14] ? Cancelled expired booking ID=29, Customer=1, Released 0 seats
[2025-11-19 18:04:14] ? Cancelled expired booking ID=30, Customer=1, Released 0 seats
[2025-11-19 18:04:14] ? Cancelled expired booking ID=31, Customer=1, Released 1 seats
[2025-11-19 18:04:14] ? Cancelled expired booking ID=32, Customer=1, Released 2 seats
[2025-11-19 18:04:14] ? Cancelled expired booking ID=33, Customer=1, Released 2 seats
[2025-11-19 18:04:14] ? Cancelled expired booking ID=34, Customer=1, Released 2 seats
[2025-11-19 18:04:14] ? Cancelled expired booking ID=35, Customer=1, Released 0 seats
[2025-11-19 18:04:14] ? Cancelled expired booking ID=36, Customer=1, Released 2 seats
[2025-11-19 18:04:14] ? Cancelled expired booking ID=37, Customer=1, Released 1 seats
[2025-11-19 18:04:14] ? Cancelled expired booking ID=38, Customer=1, Released 0 seats
[2025-11-19 18:04:14] ? Cancelled expired booking ID=39, Customer=1, Released 2 seats
[2025-11-19 18:04:14] ? Cancelled expired booking ID=40, Customer=1, Released 0 seats
[2025-11-19 18:04:14] ? Cancelled expired booking ID=41, Customer=1, Released 1 seats
[2025-11-19 18:04:14] ? Cancelled expired booking ID=42, Customer=1, Released 0 seats
[2025-11-19 18:04:14] ? Cancelled expired booking ID=58, Customer=1, Released 0 seats
[2025-11-19 18:04:14] ? Cancelled expired booking ID=64, Customer=1, Released 2 seats
[2025-11-19 18:04:14] ? Cancelled expired booking ID=65, Customer=1, Released 2 seats
[2025-11-19 18:04:14] ? Cancelled expired booking ID=67, Customer=1, Released 2 seats
[2025-11-19 18:04:14] ? Cancelled expired booking ID=68, Customer=1, Released 1 seats
[2025-11-19 18:04:14] ? Cancelled expired booking ID=69, Customer=1, Released 0 seats
[2025-11-19 18:04:14] ? Cancelled expired booking ID=75, Customer=1, Released 0 seats
[2025-11-19 18:04:14] ? Cancelled expired booking ID=76, Customer=1, Released 0 seats
[2025-11-19 18:04:14] ? Cancelled expired booking ID=77, Customer=1, Released 0 seats
[2025-11-19 18:04:14] ? Cancelled expired booking ID=78, Customer=1, Released 0 seats
[2025-11-19 18:04:14] ? Cancelled expired booking ID=79, Customer=1, Released 1 seats
[2025-11-19 18:04:14] ? Cancelled expired booking ID=80, Customer=1, Released 1 seats
[2025-11-19 18:04:14] ? Cancelled expired booking ID=81, Customer=1, Released 0 seats
[2025-11-19 18:04:14] ? Cancelled expired booking ID=82, Customer=1, Released 1 seats
[2025-11-19 18:04:14] ? Cancelled expired booking ID=83, Customer=1, Released 0 seats
[2025-11-19 18:04:14] ? Cancelled expired booking ID=84, Customer=1, Released 0 seats
[2025-11-19 18:04:14] ? Cancelled expired booking ID=85, Customer=1, Released 0 seats
[2025-11-19 18:04:14] ? Cancelled expired booking ID=86, Customer=1, Released 0 seats
[2025-11-19 18:04:14] ? Cancelled expired booking ID=87, Customer=1, Released 0 seats
[2025-11-19 18:04:14] ? Cancelled expired booking ID=88, Customer=1, Released 0 seats
[2025-11-19 18:04:14] ? Cancelled expired booking ID=89, Customer=1, Released 0 seats
[2025-11-19 18:04:14] ? Cancelled expired booking ID=90, Customer=1, Released 0 seats
[2025-11-19 18:04:14] ? Cancelled expired booking ID=92, Customer=2, Released 0 seats
[2025-11-19 18:04:14] ? Cancelled expired booking ID=95, Customer=1, Released 1 seats
[2025-11-19 18:04:14] ? Cancelled expired booking ID=96, Customer=1, Released 1 seats
[2025-11-19 18:05:14] ? Found 62 expired bookings to cancel
[2025-11-19 18:05:14] ? Cancelled expired booking ID=6, Customer=1, Released 0 seats
[2025-11-19 18:05:14] ? Cancelled expired booking ID=7, Customer=1, Released 0 seats
[2025-11-19 18:05:14] ? Cancelled expired booking ID=8, Customer=1, Released 0 seats
[2025-11-19 18:05:14] ? Cancelled expired booking ID=9, Customer=1, Released 0 seats
[2025-11-19 18:05:14] ? Cancelled expired booking ID=10, Customer=1, Released 1 seats
[2025-11-19 18:05:14] ? Cancelled expired booking ID=11, Customer=1, Released 0 seats
[2025-11-19 18:05:14] ? Cancelled expired booking ID=12, Customer=1, Released 2 seats
[2025-11-19 18:05:14] ? Cancelled expired booking ID=13, Customer=1, Released 1 seats
[2025-11-19 18:05:14] ? Cancelled expired booking ID=14, Customer=1, Released 2 seats
[2025-11-19 18:05:14] ? Cancelled expired booking ID=15, Customer=1, Released 0 seats
[2025-11-19 18:05:14] ? Cancelled expired booking ID=16, Customer=1, Released 0 seats
[2025-11-19 18:05:14] ? Cancelled expired booking ID=17, Customer=1, Released 0 seats
[2025-11-19 18:05:14] ? Cancelled expired booking ID=18, Customer=1, Released 0 seats
[2025-11-19 18:05:14] ? Cancelled expired booking ID=19, Customer=1, Released 1 seats
[2025-11-19 18:05:14] ? Cancelled expired booking ID=20, Customer=1, Released 0 seats
[2025-11-19 18:05:14] ? Cancelled expired booking ID=21, Customer=1, Released 0 seats
[2025-11-19 18:05:14] ? Cancelled expired booking ID=22, Customer=1, Released 0 seats
[2025-11-19 18:05:14] ? Cancelled expired booking ID=23, Customer=1, Released 0 seats
[2025-11-19 18:05:14] ? Cancelled expired booking ID=24, Customer=1, Released 0 seats
[2025-11-19 18:05:14] ? Cancelled expired booking ID=25, Customer=1, Released 0 seats
[2025-11-19 18:05:14] ? Cancelled expired booking ID=26, Customer=1, Released 2 seats
[2025-11-19 18:05:14] ? Cancelled expired booking ID=27, Customer=1, Released 0 seats
[2025-11-19 18:05:14] ? Cancelled expired booking ID=28, Customer=1, Released 0 seats
[2025-11-19 18:05:14] ? Cancelled expired booking ID=29, Customer=1, Released 0 seats
[2025-11-19 18:05:14] ? Cancelled expired booking ID=30, Customer=1, Released 0 seats
[2025-11-19 18:05:14] ? Cancelled expired booking ID=31, Customer=1, Released 1 seats
[2025-11-19 18:05:14] ? Cancelled expired booking ID=32, Customer=1, Released 2 seats
[2025-11-19 18:05:14] ? Cancelled expired booking ID=33, Customer=1, Released 2 seats
[2025-11-19 18:05:14] ? Cancelled expired booking ID=34, Customer=1, Released 2 seats
[2025-11-19 18:05:14] ? Cancelled expired booking ID=35, Customer=1, Released 0 seats
[2025-11-19 18:05:14] ? Cancelled expired booking ID=36, Customer=1, Released 2 seats
[2025-11-19 18:05:14] ? Cancelled expired booking ID=37, Customer=1, Released 1 seats
[2025-11-19 18:05:14] ? Cancelled expired booking ID=38, Customer=1, Released 0 seats
[2025-11-19 18:05:14] ? Cancelled expired booking ID=39, Customer=1, Released 2 seats
[2025-11-19 18:05:14] ? Cancelled expired booking ID=40, Customer=1, Released 0 seats
[2025-11-19 18:05:14] ? Cancelled expired booking ID=41, Customer=1, Released 1 seats
[2025-11-19 18:05:14] ? Cancelled expired booking ID=42, Customer=1, Released 0 seats
[2025-11-19 18:05:14] ? Cancelled expired booking ID=58, Customer=1, Released 0 seats
[2025-11-19 18:05:14] ? Cancelled expired booking ID=64, Customer=1, Released 2 seats
[2025-11-19 18:05:14] ? Cancelled expired booking ID=65, Customer=1, Released 2 seats
[2025-11-19 18:05:14] ? Cancelled expired booking ID=67, Customer=1, Released 2 seats
[2025-11-19 18:05:14] ? Cancelled expired booking ID=68, Customer=1, Released 1 seats
[2025-11-19 18:05:14] ? Cancelled expired booking ID=69, Customer=1, Released 0 seats
[2025-11-19 18:05:14] ? Cancelled expired booking ID=75, Customer=1, Released 0 seats
[2025-11-19 18:05:14] ? Cancelled expired booking ID=76, Customer=1, Released 0 seats
[2025-11-19 18:05:14] ? Cancelled expired booking ID=77, Customer=1, Released 0 seats
[2025-11-19 18:05:14] ? Cancelled expired booking ID=78, Customer=1, Released 0 seats
[2025-11-19 18:05:14] ? Cancelled expired booking ID=79, Customer=1, Released 1 seats
[2025-11-19 18:05:14] ? Cancelled expired booking ID=80, Customer=1, Released 1 seats
[2025-11-19 18:05:14] ? Cancelled expired booking ID=81, Customer=1, Released 0 seats
[2025-11-19 18:05:14] ? Cancelled expired booking ID=82, Customer=1, Released 1 seats
[2025-11-19 18:05:14] ? Cancelled expired booking ID=83, Customer=1, Released 0 seats
[2025-11-19 18:05:14] ? Cancelled expired booking ID=84, Customer=1, Released 0 seats
[2025-11-19 18:05:14] ? Cancelled expired booking ID=85, Customer=1, Released 0 seats
[2025-11-19 18:05:14] ? Cancelled expired booking ID=86, Customer=1, Released 0 seats
[2025-11-19 18:05:14] ? Cancelled expired booking ID=87, Customer=1, Released 0 seats
[2025-11-19 18:05:14] ? Cancelled expired booking ID=88, Customer=1, Released 0 seats
[2025-11-19 18:05:14] ? Cancelled expired booking ID=89, Customer=1, Released 0 seats
[2025-11-19 18:05:14] ? Cancelled expired booking ID=90, Customer=1, Released 0 seats
[2025-11-19 18:05:14] ? Cancelled expired booking ID=92, Customer=2, Released 0 seats
[2025-11-19 18:05:14] ? Cancelled expired booking ID=95, Customer=1, Released 1 seats
[2025-11-19 18:05:14] ? Cancelled expired booking ID=96, Customer=1, Released 1 seats
[2025-11-19 18:06:14] ? Found 62 expired bookings to cancel
[2025-11-19 18:06:14] ? Cancelled expired booking ID=6, Customer=1, Released 0 seats
[2025-11-19 18:06:14] ? Cancelled expired booking ID=7, Customer=1, Released 0 seats
[2025-11-19 18:06:14] ? Cancelled expired booking ID=8, Customer=1, Released 0 seats
[2025-11-19 18:06:14] ? Cancelled expired booking ID=9, Customer=1, Released 0 seats
[2025-11-19 18:06:14] ? Cancelled expired booking ID=10, Customer=1, Released 1 seats
[2025-11-19 18:06:14] ? Cancelled expired booking ID=11, Customer=1, Released 0 seats
[2025-11-19 18:06:14] ? Cancelled expired booking ID=12, Customer=1, Released 2 seats
[2025-11-19 18:06:14] ? Cancelled expired booking ID=13, Customer=1, Released 1 seats
[2025-11-19 18:06:14] ? Cancelled expired booking ID=14, Customer=1, Released 2 seats
[2025-11-19 18:06:14] ? Cancelled expired booking ID=15, Customer=1, Released 0 seats
[2025-11-19 18:06:14] ? Cancelled expired booking ID=16, Customer=1, Released 0 seats
[2025-11-19 18:06:14] ? Cancelled expired booking ID=17, Customer=1, Released 0 seats
[2025-11-19 18:06:14] ? Cancelled expired booking ID=18, Customer=1, Released 0 seats
[2025-11-19 18:06:14] ? Cancelled expired booking ID=19, Customer=1, Released 1 seats
[2025-11-19 18:06:14] ? Cancelled expired booking ID=20, Customer=1, Released 0 seats
[2025-11-19 18:06:14] ? Cancelled expired booking ID=21, Customer=1, Released 0 seats
[2025-11-19 18:06:14] ? Cancelled expired booking ID=22, Customer=1, Released 0 seats
[2025-11-19 18:06:14] ? Cancelled expired booking ID=23, Customer=1, Released 0 seats
[2025-11-19 18:06:14] ? Cancelled expired booking ID=24, Customer=1, Released 0 seats
[2025-11-19 18:06:14] ? Cancelled expired booking ID=25, Customer=1, Released 0 seats
[2025-11-19 18:06:14] ? Cancelled expired booking ID=26, Customer=1, Released 2 seats
[2025-11-19 18:06:14] ? Cancelled expired booking ID=27, Customer=1, Released 0 seats
[2025-11-19 18:06:14] ? Cancelled expired booking ID=28, Customer=1, Released 0 seats
[2025-11-19 18:06:14] ? Cancelled expired booking ID=29, Customer=1, Released 0 seats
[2025-11-19 18:06:14] ? Cancelled expired booking ID=30, Customer=1, Released 0 seats
[2025-11-19 18:06:14] ? Cancelled expired booking ID=31, Customer=1, Released 1 seats
[2025-11-19 18:06:14] ? Cancelled expired booking ID=32, Customer=1, Released 2 seats
[2025-11-19 18:06:14] ? Cancelled expired booking ID=33, Customer=1, Released 2 seats
[2025-11-19 18:06:14] ? Cancelled expired booking ID=34, Customer=1, Released 2 seats
[2025-11-19 18:06:14] ? Cancelled expired booking ID=35, Customer=1, Released 0 seats
[2025-11-19 18:06:14] ? Cancelled expired booking ID=36, Customer=1, Released 2 seats
[2025-11-19 18:06:14] ? Cancelled expired booking ID=37, Customer=1, Released 1 seats
[2025-11-19 18:06:14] ? Cancelled expired booking ID=38, Customer=1, Released 0 seats
[2025-11-19 18:06:14] ? Cancelled expired booking ID=39, Customer=1, Released 2 seats
[2025-11-19 18:06:14] ? Cancelled expired booking ID=40, Customer=1, Released 0 seats
[2025-11-19 18:06:14] ? Cancelled expired booking ID=41, Customer=1, Released 1 seats
[2025-11-19 18:06:14] ? Cancelled expired booking ID=42, Customer=1, Released 0 seats
[2025-11-19 18:06:14] ? Cancelled expired booking ID=58, Customer=1, Released 0 seats
[2025-11-19 18:06:14] ? Cancelled expired booking ID=64, Customer=1, Released 2 seats
[2025-11-19 18:06:14] ? Cancelled expired booking ID=65, Customer=1, Released 2 seats
[2025-11-19 18:06:14] ? Cancelled expired booking ID=67, Customer=1, Released 2 seats
[2025-11-19 18:06:14] ? Cancelled expired booking ID=68, Customer=1, Released 1 seats
[2025-11-19 18:06:14] ? Cancelled expired booking ID=69, Customer=1, Released 0 seats
[2025-11-19 18:06:14] ? Cancelled expired booking ID=75, Customer=1, Released 0 seats
[2025-11-19 18:06:14] ? Cancelled expired booking ID=76, Customer=1, Released 0 seats
[2025-11-19 18:06:14] ? Cancelled expired booking ID=77, Customer=1, Released 0 seats
[2025-11-19 18:06:14] ? Cancelled expired booking ID=78, Customer=1, Released 0 seats
[2025-11-19 18:06:14] ? Cancelled expired booking ID=79, Customer=1, Released 1 seats
[2025-11-19 18:06:14] ? Cancelled expired booking ID=80, Customer=1, Released 1 seats
[2025-11-19 18:06:14] ? Cancelled expired booking ID=81, Customer=1, Released 0 seats
[2025-11-19 18:06:14] ? Cancelled expired booking ID=82, Customer=1, Released 1 seats
[2025-11-19 18:06:14] ? Cancelled expired booking ID=83, Customer=1, Released 0 seats
[2025-11-19 18:06:14] ? Cancelled expired booking ID=84, Customer=1, Released 0 seats
[2025-11-19 18:06:14] ? Cancelled expired booking ID=85, Customer=1, Released 0 seats
[2025-11-19 18:06:14] ? Cancelled expired booking ID=86, Customer=1, Released 0 seats
[2025-11-19 18:06:14] ? Cancelled expired booking ID=87, Customer=1, Released 0 seats
[2025-11-19 18:06:14] ? Cancelled expired booking ID=88, Customer=1, Released 0 seats
[2025-11-19 18:06:14] ? Cancelled expired booking ID=89, Customer=1, Released 0 seats
[2025-11-19 18:06:14] ? Cancelled expired booking ID=90, Customer=1, Released 0 seats
[2025-11-19 18:06:14] ? Cancelled expired booking ID=92, Customer=2, Released 0 seats
[2025-11-19 18:06:14] ? Cancelled expired booking ID=95, Customer=1, Released 1 seats
[2025-11-19 18:06:14] ? Cancelled expired booking ID=96, Customer=1, Released 1 seats
[2025-11-19 18:07:14] ? Found 62 expired bookings to cancel
[2025-11-19 18:07:14] ? Cancelled expired booking ID=6, Customer=1, Released 0 seats
[2025-11-19 18:07:14] ? Cancelled expired booking ID=7, Customer=1, Released 0 seats
[2025-11-19 18:07:14] ? Cancelled expired booking ID=8, Customer=1, Released 0 seats
[2025-11-19 18:07:14] ? Cancelled expired booking ID=9, Customer=1, Released 0 seats
[2025-11-19 18:07:14] ? Cancelled expired booking ID=10, Customer=1, Released 1 seats
[2025-11-19 18:07:14] ? Cancelled expired booking ID=11, Customer=1, Released 0 seats
[2025-11-19 18:07:14] ? Cancelled expired booking ID=12, Customer=1, Released 2 seats
[2025-11-19 18:07:14] ? Cancelled expired booking ID=13, Customer=1, Released 1 seats
[2025-11-19 18:07:14] ? Cancelled expired booking ID=14, Customer=1, Released 2 seats
[2025-11-19 18:07:14] ? Cancelled expired booking ID=15, Customer=1, Released 0 seats
[2025-11-19 18:07:14] ? Cancelled expired booking ID=16, Customer=1, Released 0 seats
[2025-11-19 18:07:14] ? Cancelled expired booking ID=17, Customer=1, Released 0 seats
[2025-11-19 18:07:14] ? Cancelled expired booking ID=18, Customer=1, Released 0 seats
[2025-11-19 18:07:14] ? Cancelled expired booking ID=19, Customer=1, Released 1 seats
[2025-11-19 18:07:14] ? Cancelled expired booking ID=20, Customer=1, Released 0 seats
[2025-11-19 18:07:14] ? Cancelled expired booking ID=21, Customer=1, Released 0 seats
[2025-11-19 18:07:14] ? Cancelled expired booking ID=22, Customer=1, Released 0 seats
[2025-11-19 18:07:14] ? Cancelled expired booking ID=23, Customer=1, Released 0 seats
[2025-11-19 18:07:14] ? Cancelled expired booking ID=24, Customer=1, Released 0 seats
[2025-11-19 18:07:14] ? Cancelled expired booking ID=25, Customer=1, Released 0 seats
[2025-11-19 18:07:14] ? Cancelled expired booking ID=26, Customer=1, Released 2 seats
[2025-11-19 18:07:14] ? Cancelled expired booking ID=27, Customer=1, Released 0 seats
[2025-11-19 18:07:14] ? Cancelled expired booking ID=28, Customer=1, Released 0 seats
[2025-11-19 18:07:14] ? Cancelled expired booking ID=29, Customer=1, Released 0 seats
[2025-11-19 18:07:14] ? Cancelled expired booking ID=30, Customer=1, Released 0 seats
[2025-11-19 18:07:14] ? Cancelled expired booking ID=31, Customer=1, Released 1 seats
[2025-11-19 18:07:14] ? Cancelled expired booking ID=32, Customer=1, Released 2 seats
[2025-11-19 18:07:14] ? Cancelled expired booking ID=33, Customer=1, Released 2 seats
[2025-11-19 18:07:14] ? Cancelled expired booking ID=34, Customer=1, Released 2 seats
[2025-11-19 18:07:14] ? Cancelled expired booking ID=35, Customer=1, Released 0 seats
[2025-11-19 18:07:14] ? Cancelled expired booking ID=36, Customer=1, Released 2 seats
[2025-11-19 18:07:14] ? Cancelled expired booking ID=37, Customer=1, Released 1 seats
[2025-11-19 18:07:14] ? Cancelled expired booking ID=38, Customer=1, Released 0 seats
[2025-11-19 18:07:14] ? Cancelled expired booking ID=39, Customer=1, Released 2 seats
[2025-11-19 18:07:14] ? Cancelled expired booking ID=40, Customer=1, Released 0 seats
[2025-11-19 18:07:14] ? Cancelled expired booking ID=41, Customer=1, Released 1 seats
[2025-11-19 18:07:14] ? Cancelled expired booking ID=42, Customer=1, Released 0 seats
[2025-11-19 18:07:14] ? Cancelled expired booking ID=58, Customer=1, Released 0 seats
[2025-11-19 18:07:14] ? Cancelled expired booking ID=64, Customer=1, Released 2 seats
[2025-11-19 18:07:14] ? Cancelled expired booking ID=65, Customer=1, Released 2 seats
[2025-11-19 18:07:14] ? Cancelled expired booking ID=67, Customer=1, Released 2 seats
[2025-11-19 18:07:14] ? Cancelled expired booking ID=68, Customer=1, Released 1 seats
[2025-11-19 18:07:14] ? Cancelled expired booking ID=69, Customer=1, Released 0 seats
[2025-11-19 18:07:14] ? Cancelled expired booking ID=75, Customer=1, Released 0 seats
[2025-11-19 18:07:14] ? Cancelled expired booking ID=76, Customer=1, Released 0 seats
[2025-11-19 18:07:14] ? Cancelled expired booking ID=77, Customer=1, Released 0 seats
[2025-11-19 18:07:14] ? Cancelled expired booking ID=78, Customer=1, Released 0 seats
[2025-11-19 18:07:14] ? Cancelled expired booking ID=79, Customer=1, Released 1 seats
[2025-11-19 18:07:14] ? Cancelled expired booking ID=80, Customer=1, Released 1 seats
[2025-11-19 18:07:14] ? Cancelled expired booking ID=81, Customer=1, Released 0 seats
[2025-11-19 18:07:14] ? Cancelled expired booking ID=82, Customer=1, Released 1 seats
[2025-11-19 18:07:14] ? Cancelled expired booking ID=83, Customer=1, Released 0 seats
[2025-11-19 18:07:14] ? Cancelled expired booking ID=84, Customer=1, Released 0 seats
[2025-11-19 18:07:14] ? Cancelled expired booking ID=85, Customer=1, Released 0 seats
[2025-11-19 18:07:14] ? Cancelled expired booking ID=86, Customer=1, Released 0 seats
[2025-11-19 18:07:14] ? Cancelled expired booking ID=87, Customer=1, Released 0 seats
[2025-11-19 18:07:14] ? Cancelled expired booking ID=88, Customer=1, Released 0 seats
[2025-11-19 18:07:14] ? Cancelled expired booking ID=89, Customer=1, Released 0 seats
[2025-11-19 18:07:14] ? Cancelled expired booking ID=90, Customer=1, Released 0 seats
[2025-11-19 18:07:14] ? Cancelled expired booking ID=92, Customer=2, Released 0 seats
[2025-11-19 18:07:14] ? Cancelled expired booking ID=95, Customer=1, Released 1 seats
[2025-11-19 18:07:14] ? Cancelled expired booking ID=96, Customer=1, Released 1 seats
[2025-11-19 18:08:14] ? Found 62 expired bookings to cancel
[2025-11-19 18:08:14] ? Cancelled expired booking ID=6, Customer=1, Released 0 seats
[2025-11-19 18:08:14] ? Cancelled expired booking ID=7, Customer=1, Released 0 seats
[2025-11-19 18:08:14] ? Cancelled expired booking ID=8, Customer=1, Released 0 seats
[2025-11-19 18:08:14] ? Cancelled expired booking ID=9, Customer=1, Released 0 seats
[2025-11-19 18:08:14] ? Cancelled expired booking ID=10, Customer=1, Released 1 seats
[2025-11-19 18:08:14] ? Cancelled expired booking ID=11, Customer=1, Released 0 seats
[2025-11-19 18:08:14] ? Cancelled expired booking ID=12, Customer=1, Released 2 seats
[2025-11-19 18:08:14] ? Cancelled expired booking ID=13, Customer=1, Released 1 seats
[2025-11-19 18:08:14] ? Cancelled expired booking ID=14, Customer=1, Released 2 seats
[2025-11-19 18:08:14] ? Cancelled expired booking ID=15, Customer=1, Released 0 seats
[2025-11-19 18:08:14] ? Cancelled expired booking ID=16, Customer=1, Released 0 seats
[2025-11-19 18:08:14] ? Cancelled expired booking ID=17, Customer=1, Released 0 seats
[2025-11-19 18:08:14] ? Cancelled expired booking ID=18, Customer=1, Released 0 seats
[2025-11-19 18:08:14] ? Cancelled expired booking ID=19, Customer=1, Released 1 seats
[2025-11-19 18:08:14] ? Cancelled expired booking ID=20, Customer=1, Released 0 seats
[2025-11-19 18:08:14] ? Cancelled expired booking ID=21, Customer=1, Released 0 seats
[2025-11-19 18:08:14] ? Cancelled expired booking ID=22, Customer=1, Released 0 seats
[2025-11-19 18:08:14] ? Cancelled expired booking ID=23, Customer=1, Released 0 seats
[2025-11-19 18:08:14] ? Cancelled expired booking ID=24, Customer=1, Released 0 seats
[2025-11-19 18:08:14] ? Cancelled expired booking ID=25, Customer=1, Released 0 seats
[2025-11-19 18:08:14] ? Cancelled expired booking ID=26, Customer=1, Released 2 seats
[2025-11-19 18:08:14] ? Cancelled expired booking ID=27, Customer=1, Released 0 seats
[2025-11-19 18:08:14] ? Cancelled expired booking ID=28, Customer=1, Released 0 seats
[2025-11-19 18:08:14] ? Cancelled expired booking ID=29, Customer=1, Released 0 seats
[2025-11-19 18:08:14] ? Cancelled expired booking ID=30, Customer=1, Released 0 seats
[2025-11-19 18:08:14] ? Cancelled expired booking ID=31, Customer=1, Released 1 seats
[2025-11-19 18:08:14] ? Cancelled expired booking ID=32, Customer=1, Released 2 seats
[2025-11-19 18:08:14] ? Cancelled expired booking ID=33, Customer=1, Released 2 seats
[2025-11-19 18:08:14] ? Cancelled expired booking ID=34, Customer=1, Released 2 seats
[2025-11-19 18:08:14] ? Cancelled expired booking ID=35, Customer=1, Released 0 seats
[2025-11-19 18:08:14] ? Cancelled expired booking ID=36, Customer=1, Released 2 seats
[2025-11-19 18:08:14] ? Cancelled expired booking ID=37, Customer=1, Released 1 seats
[2025-11-19 18:08:14] ? Cancelled expired booking ID=38, Customer=1, Released 0 seats
[2025-11-19 18:08:14] ? Cancelled expired booking ID=39, Customer=1, Released 2 seats
[2025-11-19 18:08:14] ? Cancelled expired booking ID=40, Customer=1, Released 0 seats
[2025-11-19 18:08:14] ? Cancelled expired booking ID=41, Customer=1, Released 1 seats
[2025-11-19 18:08:14] ? Cancelled expired booking ID=42, Customer=1, Released 0 seats
[2025-11-19 18:08:14] ? Cancelled expired booking ID=58, Customer=1, Released 0 seats
[2025-11-19 18:08:14] ? Cancelled expired booking ID=64, Customer=1, Released 2 seats
[2025-11-19 18:08:14] ? Cancelled expired booking ID=65, Customer=1, Released 2 seats
[2025-11-19 18:08:14] ? Cancelled expired booking ID=67, Customer=1, Released 2 seats
[2025-11-19 18:08:14] ? Cancelled expired booking ID=68, Customer=1, Released 1 seats
[2025-11-19 18:08:14] ? Cancelled expired booking ID=69, Customer=1, Released 0 seats
[2025-11-19 18:08:14] ? Cancelled expired booking ID=75, Customer=1, Released 0 seats
[2025-11-19 18:08:14] ? Cancelled expired booking ID=76, Customer=1, Released 0 seats
[2025-11-19 18:08:14] ? Cancelled expired booking ID=77, Customer=1, Released 0 seats
[2025-11-19 18:08:14] ? Cancelled expired booking ID=78, Customer=1, Released 0 seats
[2025-11-19 18:08:14] ? Cancelled expired booking ID=79, Customer=1, Released 1 seats
[2025-11-19 18:08:14] ? Cancelled expired booking ID=80, Customer=1, Released 1 seats
[2025-11-19 18:08:14] ? Cancelled expired booking ID=81, Customer=1, Released 0 seats
[2025-11-19 18:08:14] ? Cancelled expired booking ID=82, Customer=1, Released 1 seats
[2025-11-19 18:08:14] ? Cancelled expired booking ID=83, Customer=1, Released 0 seats
[2025-11-19 18:08:14] ? Cancelled expired booking ID=84, Customer=1, Released 0 seats
[2025-11-19 18:08:14] ? Cancelled expired booking ID=85, Customer=1, Released 0 seats
[2025-11-19 18:08:14] ? Cancelled expired booking ID=86, Customer=1, Released 0 seats
[2025-11-19 18:08:14] ? Cancelled expired booking ID=87, Customer=1, Released 0 seats
[2025-11-19 18:08:14] ? Cancelled expired booking ID=88, Customer=1, Released 0 seats
[2025-11-19 18:08:14] ? Cancelled expired booking ID=89, Customer=1, Released 0 seats
[2025-11-19 18:08:14] ? Cancelled expired booking ID=90, Customer=1, Released 0 seats
[2025-11-19 18:08:14] ? Cancelled expired booking ID=92, Customer=2, Released 0 seats
[2025-11-19 18:08:14] ? Cancelled expired booking ID=95, Customer=1, Released 1 seats
[2025-11-19 18:08:14] ? Cancelled expired booking ID=96, Customer=1, Released 1 seats
[2025-11-19 18:09:14] ? Found 62 expired bookings to cancel
[2025-11-19 18:09:14] ? Cancelled expired booking ID=6, Customer=1, Released 0 seats
[2025-11-19 18:09:14] ? Cancelled expired booking ID=7, Customer=1, Released 0 seats
[2025-11-19 18:09:14] ? Cancelled expired booking ID=8, Customer=1, Released 0 seats
[2025-11-19 18:09:14] ? Cancelled expired booking ID=9, Customer=1, Released 0 seats
[2025-11-19 18:09:14] ? Cancelled expired booking ID=10, Customer=1, Released 1 seats
[2025-11-19 18:09:14] ? Cancelled expired booking ID=11, Customer=1, Released 0 seats
[2025-11-19 18:09:14] ? Cancelled expired booking ID=12, Customer=1, Released 2 seats
[2025-11-19 18:09:14] ? Cancelled expired booking ID=13, Customer=1, Released 1 seats
[2025-11-19 18:09:14] ? Cancelled expired booking ID=14, Customer=1, Released 2 seats
[2025-11-19 18:09:14] ? Cancelled expired booking ID=15, Customer=1, Released 0 seats
[2025-11-19 18:09:14] ? Cancelled expired booking ID=16, Customer=1, Released 0 seats
[2025-11-19 18:09:14] ? Cancelled expired booking ID=17, Customer=1, Released 0 seats
[2025-11-19 18:09:14] ? Cancelled expired booking ID=18, Customer=1, Released 0 seats
[2025-11-19 18:09:14] ? Cancelled expired booking ID=19, Customer=1, Released 1 seats
[2025-11-19 18:09:14] ? Cancelled expired booking ID=20, Customer=1, Released 0 seats
[2025-11-19 18:09:14] ? Cancelled expired booking ID=21, Customer=1, Released 0 seats
[2025-11-19 18:09:14] ? Cancelled expired booking ID=22, Customer=1, Released 0 seats
[2025-11-19 18:09:14] ? Cancelled expired booking ID=23, Customer=1, Released 0 seats
[2025-11-19 18:09:14] ? Cancelled expired booking ID=24, Customer=1, Released 0 seats
[2025-11-19 18:09:14] ? Cancelled expired booking ID=25, Customer=1, Released 0 seats
[2025-11-19 18:09:14] ? Cancelled expired booking ID=26, Customer=1, Released 2 seats
[2025-11-19 18:09:14] ? Cancelled expired booking ID=27, Customer=1, Released 0 seats
[2025-11-19 18:09:14] ? Cancelled expired booking ID=28, Customer=1, Released 0 seats
[2025-11-19 18:09:14] ? Cancelled expired booking ID=29, Customer=1, Released 0 seats
[2025-11-19 18:09:14] ? Cancelled expired booking ID=30, Customer=1, Released 0 seats
[2025-11-19 18:09:14] ? Cancelled expired booking ID=31, Customer=1, Released 1 seats
[2025-11-19 18:09:14] ? Cancelled expired booking ID=32, Customer=1, Released 2 seats
[2025-11-19 18:09:14] ? Cancelled expired booking ID=33, Customer=1, Released 2 seats
[2025-11-19 18:09:14] ? Cancelled expired booking ID=34, Customer=1, Released 2 seats
[2025-11-19 18:09:14] ? Cancelled expired booking ID=35, Customer=1, Released 0 seats
[2025-11-19 18:09:14] ? Cancelled expired booking ID=36, Customer=1, Released 2 seats
[2025-11-19 18:09:14] ? Cancelled expired booking ID=37, Customer=1, Released 1 seats
[2025-11-19 18:09:14] ? Cancelled expired booking ID=38, Customer=1, Released 0 seats
[2025-11-19 18:09:14] ? Cancelled expired booking ID=39, Customer=1, Released 2 seats
[2025-11-19 18:09:14] ? Cancelled expired booking ID=40, Customer=1, Released 0 seats
[2025-11-19 18:09:14] ? Cancelled expired booking ID=41, Customer=1, Released 1 seats
[2025-11-19 18:09:14] ? Cancelled expired booking ID=42, Customer=1, Released 0 seats
[2025-11-19 18:09:14] ? Cancelled expired booking ID=58, Customer=1, Released 0 seats
[2025-11-19 18:09:14] ? Cancelled expired booking ID=64, Customer=1, Released 2 seats
[2025-11-19 18:09:14] ? Cancelled expired booking ID=65, Customer=1, Released 2 seats
[2025-11-19 18:09:14] ? Cancelled expired booking ID=67, Customer=1, Released 2 seats
[2025-11-19 18:09:14] ? Cancelled expired booking ID=68, Customer=1, Released 1 seats
[2025-11-19 18:09:14] ? Cancelled expired booking ID=69, Customer=1, Released 0 seats
[2025-11-19 18:09:14] ? Cancelled expired booking ID=75, Customer=1, Released 0 seats
[2025-11-19 18:09:14] ? Cancelled expired booking ID=76, Customer=1, Released 0 seats
[2025-11-19 18:09:14] ? Cancelled expired booking ID=77, Customer=1, Released 0 seats
[2025-11-19 18:09:14] ? Cancelled expired booking ID=78, Customer=1, Released 0 seats
[2025-11-19 18:09:14] ? Cancelled expired booking ID=79, Customer=1, Released 1 seats
[2025-11-19 18:09:14] ? Cancelled expired booking ID=80, Customer=1, Released 1 seats
[2025-11-19 18:09:14] ? Cancelled expired booking ID=81, Customer=1, Released 0 seats
[2025-11-19 18:09:14] ? Cancelled expired booking ID=82, Customer=1, Released 1 seats
[2025-11-19 18:09:14] ? Cancelled expired booking ID=83, Customer=1, Released 0 seats
[2025-11-19 18:09:14] ? Cancelled expired booking ID=84, Customer=1, Released 0 seats
[2025-11-19 18:09:14] ? Cancelled expired booking ID=85, Customer=1, Released 0 seats
[2025-11-19 18:09:14] ? Cancelled expired booking ID=86, Customer=1, Released 0 seats
[2025-11-19 18:09:14] ? Cancelled expired booking ID=87, Customer=1, Released 0 seats
[2025-11-19 18:09:14] ? Cancelled expired booking ID=88, Customer=1, Released 0 seats
[2025-11-19 18:09:14] ? Cancelled expired booking ID=89, Customer=1, Released 0 seats
[2025-11-19 18:09:14] ? Cancelled expired booking ID=90, Customer=1, Released 0 seats
[2025-11-19 18:09:14] ? Cancelled expired booking ID=92, Customer=2, Released 0 seats
[2025-11-19 18:09:14] ? Cancelled expired booking ID=95, Customer=1, Released 1 seats
[2025-11-19 18:09:14] ? Cancelled expired booking ID=96, Customer=1, Released 1 seats
[2025-11-19 18:10:14] ? Found 62 expired bookings to cancel
[2025-11-19 18:10:14] ? Cancelled expired booking ID=6, Customer=1, Released 0 seats
[2025-11-19 18:10:14] ? Cancelled expired booking ID=7, Customer=1, Released 0 seats
[2025-11-19 18:10:14] ? Cancelled expired booking ID=8, Customer=1, Released 0 seats
[2025-11-19 18:10:14] ? Cancelled expired booking ID=9, Customer=1, Released 0 seats
[2025-11-19 18:10:14] ? Cancelled expired booking ID=10, Customer=1, Released 1 seats
[2025-11-19 18:10:14] ? Cancelled expired booking ID=11, Customer=1, Released 0 seats
[2025-11-19 18:10:14] ? Cancelled expired booking ID=12, Customer=1, Released 2 seats
[2025-11-19 18:10:14] ? Cancelled expired booking ID=13, Customer=1, Released 1 seats
[2025-11-19 18:10:14] ? Cancelled expired booking ID=14, Customer=1, Released 2 seats
[2025-11-19 18:10:14] ? Cancelled expired booking ID=15, Customer=1, Released 0 seats
[2025-11-19 18:10:14] ? Cancelled expired booking ID=16, Customer=1, Released 0 seats
[2025-11-19 18:10:14] ? Cancelled expired booking ID=17, Customer=1, Released 0 seats
[2025-11-19 18:10:14] ? Cancelled expired booking ID=18, Customer=1, Released 0 seats
[2025-11-19 18:10:14] ? Cancelled expired booking ID=19, Customer=1, Released 1 seats
[2025-11-19 18:10:14] ? Cancelled expired booking ID=20, Customer=1, Released 0 seats
[2025-11-19 18:10:14] ? Cancelled expired booking ID=21, Customer=1, Released 0 seats
[2025-11-19 18:10:14] ? Cancelled expired booking ID=22, Customer=1, Released 0 seats
[2025-11-19 18:10:14] ? Cancelled expired booking ID=23, Customer=1, Released 0 seats
[2025-11-19 18:10:14] ? Cancelled expired booking ID=24, Customer=1, Released 0 seats
[2025-11-19 18:10:14] ? Cancelled expired booking ID=25, Customer=1, Released 0 seats
[2025-11-19 18:10:14] ? Cancelled expired booking ID=26, Customer=1, Released 2 seats
[2025-11-19 18:10:14] ? Cancelled expired booking ID=27, Customer=1, Released 0 seats
[2025-11-19 18:10:14] ? Cancelled expired booking ID=28, Customer=1, Released 0 seats
[2025-11-19 18:10:14] ? Cancelled expired booking ID=29, Customer=1, Released 0 seats
[2025-11-19 18:10:14] ? Cancelled expired booking ID=30, Customer=1, Released 0 seats
[2025-11-19 18:10:14] ? Cancelled expired booking ID=31, Customer=1, Released 1 seats
[2025-11-19 18:10:14] ? Cancelled expired booking ID=32, Customer=1, Released 2 seats
[2025-11-19 18:10:14] ? Cancelled expired booking ID=33, Customer=1, Released 2 seats
[2025-11-19 18:10:14] ? Cancelled expired booking ID=34, Customer=1, Released 2 seats
[2025-11-19 18:10:14] ? Cancelled expired booking ID=35, Customer=1, Released 0 seats
[2025-11-19 18:10:14] ? Cancelled expired booking ID=36, Customer=1, Released 2 seats
[2025-11-19 18:10:14] ? Cancelled expired booking ID=37, Customer=1, Released 1 seats
[2025-11-19 18:10:14] ? Cancelled expired booking ID=38, Customer=1, Released 0 seats
[2025-11-19 18:10:14] ? Cancelled expired booking ID=39, Customer=1, Released 2 seats
[2025-11-19 18:10:14] ? Cancelled expired booking ID=40, Customer=1, Released 0 seats
[2025-11-19 18:10:14] ? Cancelled expired booking ID=41, Customer=1, Released 1 seats
[2025-11-19 18:10:14] ? Cancelled expired booking ID=42, Customer=1, Released 0 seats
[2025-11-19 18:10:14] ? Cancelled expired booking ID=58, Customer=1, Released 0 seats
[2025-11-19 18:10:14] ? Cancelled expired booking ID=64, Customer=1, Released 2 seats
[2025-11-19 18:10:14] ? Cancelled expired booking ID=65, Customer=1, Released 2 seats
[2025-11-19 18:10:14] ? Cancelled expired booking ID=67, Customer=1, Released 2 seats
[2025-11-19 18:10:14] ? Cancelled expired booking ID=68, Customer=1, Released 1 seats
[2025-11-19 18:10:14] ? Cancelled expired booking ID=69, Customer=1, Released 0 seats
[2025-11-19 18:10:14] ? Cancelled expired booking ID=75, Customer=1, Released 0 seats
[2025-11-19 18:10:14] ? Cancelled expired booking ID=76, Customer=1, Released 0 seats
[2025-11-19 18:10:14] ? Cancelled expired booking ID=77, Customer=1, Released 0 seats
[2025-11-19 18:10:14] ? Cancelled expired booking ID=78, Customer=1, Released 0 seats
[2025-11-19 18:10:14] ? Cancelled expired booking ID=79, Customer=1, Released 1 seats
[2025-11-19 18:10:14] ? Cancelled expired booking ID=80, Customer=1, Released 1 seats
[2025-11-19 18:10:14] ? Cancelled expired booking ID=81, Customer=1, Released 0 seats
[2025-11-19 18:10:14] ? Cancelled expired booking ID=82, Customer=1, Released 1 seats
[2025-11-19 18:10:14] ? Cancelled expired booking ID=83, Customer=1, Released 0 seats
[2025-11-19 18:10:14] ? Cancelled expired booking ID=84, Customer=1, Released 0 seats
[2025-11-19 18:10:14] ? Cancelled expired booking ID=85, Customer=1, Released 0 seats
[2025-11-19 18:10:14] ? Cancelled expired booking ID=86, Customer=1, Released 0 seats
[2025-11-19 18:10:14] ? Cancelled expired booking ID=87, Customer=1, Released 0 seats
[2025-11-19 18:10:14] ? Cancelled expired booking ID=88, Customer=1, Released 0 seats
[2025-11-19 18:10:14] ? Cancelled expired booking ID=89, Customer=1, Released 0 seats
[2025-11-19 18:10:14] ? Cancelled expired booking ID=90, Customer=1, Released 0 seats
[2025-11-19 18:10:14] ? Cancelled expired booking ID=92, Customer=2, Released 0 seats
[2025-11-19 18:10:14] ? Cancelled expired booking ID=95, Customer=1, Released 1 seats
[2025-11-19 18:10:14] ? Cancelled expired booking ID=96, Customer=1, Released 1 seats
[2025-11-19 18:11:14] ? Found 62 expired bookings to cancel
[2025-11-19 18:11:14] ? Cancelled expired booking ID=6, Customer=1, Released 0 seats
[2025-11-19 18:11:14] ? Cancelled expired booking ID=7, Customer=1, Released 0 seats
[2025-11-19 18:11:14] ? Cancelled expired booking ID=8, Customer=1, Released 0 seats
[2025-11-19 18:11:14] ? Cancelled expired booking ID=9, Customer=1, Released 0 seats
[2025-11-19 18:11:14] ? Cancelled expired booking ID=10, Customer=1, Released 1 seats
[2025-11-19 18:11:14] ? Cancelled expired booking ID=11, Customer=1, Released 0 seats
[2025-11-19 18:11:14] ? Cancelled expired booking ID=12, Customer=1, Released 2 seats
[2025-11-19 18:11:14] ? Cancelled expired booking ID=13, Customer=1, Released 1 seats
[2025-11-19 18:11:14] ? Cancelled expired booking ID=14, Customer=1, Released 2 seats
[2025-11-19 18:11:14] ? Cancelled expired booking ID=15, Customer=1, Released 0 seats
[2025-11-19 18:11:14] ? Cancelled expired booking ID=16, Customer=1, Released 0 seats
[2025-11-19 18:11:14] ? Cancelled expired booking ID=17, Customer=1, Released 0 seats
[2025-11-19 18:11:14] ? Cancelled expired booking ID=18, Customer=1, Released 0 seats
[2025-11-19 18:11:14] ? Cancelled expired booking ID=19, Customer=1, Released 1 seats
[2025-11-19 18:11:14] ? Cancelled expired booking ID=20, Customer=1, Released 0 seats
[2025-11-19 18:11:14] ? Cancelled expired booking ID=21, Customer=1, Released 0 seats
[2025-11-19 18:11:14] ? Cancelled expired booking ID=22, Customer=1, Released 0 seats
[2025-11-19 18:11:14] ? Cancelled expired booking ID=23, Customer=1, Released 0 seats
[2025-11-19 18:11:14] ? Cancelled expired booking ID=24, Customer=1, Released 0 seats
[2025-11-19 18:11:14] ? Cancelled expired booking ID=25, Customer=1, Released 0 seats
[2025-11-19 18:11:14] ? Cancelled expired booking ID=26, Customer=1, Released 2 seats
[2025-11-19 18:11:14] ? Cancelled expired booking ID=27, Customer=1, Released 0 seats
[2025-11-19 18:11:14] ? Cancelled expired booking ID=28, Customer=1, Released 0 seats
[2025-11-19 18:11:14] ? Cancelled expired booking ID=29, Customer=1, Released 0 seats
[2025-11-19 18:11:14] ? Cancelled expired booking ID=30, Customer=1, Released 0 seats
[2025-11-19 18:11:14] ? Cancelled expired booking ID=31, Customer=1, Released 1 seats
[2025-11-19 18:11:14] ? Cancelled expired booking ID=32, Customer=1, Released 2 seats
[2025-11-19 18:11:14] ? Cancelled expired booking ID=33, Customer=1, Released 2 seats
[2025-11-19 18:11:14] ? Cancelled expired booking ID=34, Customer=1, Released 2 seats
[2025-11-19 18:11:14] ? Cancelled expired booking ID=35, Customer=1, Released 0 seats
[2025-11-19 18:11:14] ? Cancelled expired booking ID=36, Customer=1, Released 2 seats
[2025-11-19 18:11:14] ? Cancelled expired booking ID=37, Customer=1, Released 1 seats
[2025-11-19 18:11:14] ? Cancelled expired booking ID=38, Customer=1, Released 0 seats
[2025-11-19 18:11:14] ? Cancelled expired booking ID=39, Customer=1, Released 2 seats
[2025-11-19 18:11:14] ? Cancelled expired booking ID=40, Customer=1, Released 0 seats
[2025-11-19 18:11:14] ? Cancelled expired booking ID=41, Customer=1, Released 1 seats
[2025-11-19 18:11:14] ? Cancelled expired booking ID=42, Customer=1, Released 0 seats
[2025-11-19 18:11:14] ? Cancelled expired booking ID=58, Customer=1, Released 0 seats
[2025-11-19 18:11:14] ? Cancelled expired booking ID=64, Customer=1, Released 2 seats
[2025-11-19 18:11:14] ? Cancelled expired booking ID=65, Customer=1, Released 2 seats
[2025-11-19 18:11:14] ? Cancelled expired booking ID=67, Customer=1, Released 2 seats
[2025-11-19 18:11:14] ? Cancelled expired booking ID=68, Customer=1, Released 1 seats
[2025-11-19 18:11:14] ? Cancelled expired booking ID=69, Customer=1, Released 0 seats
[2025-11-19 18:11:14] ? Cancelled expired booking ID=75, Customer=1, Released 0 seats
[2025-11-19 18:11:14] ? Cancelled expired booking ID=76, Customer=1, Released 0 seats
[2025-11-19 18:11:14] ? Cancelled expired booking ID=77, Customer=1, Released 0 seats
[2025-11-19 18:11:14] ? Cancelled expired booking ID=78, Customer=1, Released 0 seats
[2025-11-19 18:11:14] ? Cancelled expired booking ID=79, Customer=1, Released 1 seats
[2025-11-19 18:11:14] ? Cancelled expired booking ID=80, Customer=1, Released 1 seats
[2025-11-19 18:11:14] ? Cancelled expired booking ID=81, Customer=1, Released 0 seats
[2025-11-19 18:11:14] ? Cancelled expired booking ID=82, Customer=1, Released 1 seats
[2025-11-19 18:11:14] ? Cancelled expired booking ID=83, Customer=1, Released 0 seats
[2025-11-19 18:11:14] ? Cancelled expired booking ID=84, Customer=1, Released 0 seats
[2025-11-19 18:11:14] ? Cancelled expired booking ID=85, Customer=1, Released 0 seats
[2025-11-19 18:11:14] ? Cancelled expired booking ID=86, Customer=1, Released 0 seats
[2025-11-19 18:11:14] ? Cancelled expired booking ID=87, Customer=1, Released 0 seats
[2025-11-19 18:11:14] ? Cancelled expired booking ID=88, Customer=1, Released 0 seats
[2025-11-19 18:11:14] ? Cancelled expired booking ID=89, Customer=1, Released 0 seats
[2025-11-19 18:11:14] ? Cancelled expired booking ID=90, Customer=1, Released 0 seats
[2025-11-19 18:11:14] ? Cancelled expired booking ID=92, Customer=2, Released 0 seats
[2025-11-19 18:11:14] ? Cancelled expired booking ID=95, Customer=1, Released 1 seats
[2025-11-19 18:11:14] ? Cancelled expired booking ID=96, Customer=1, Released 1 seats
[2025-11-19 18:12:14] ? Found 62 expired bookings to cancel
[2025-11-19 18:12:14] ? Cancelled expired booking ID=6, Customer=1, Released 0 seats
[2025-11-19 18:12:14] ? Cancelled expired booking ID=7, Customer=1, Released 0 seats
[2025-11-19 18:12:14] ? Cancelled expired booking ID=8, Customer=1, Released 0 seats
[2025-11-19 18:12:14] ? Cancelled expired booking ID=9, Customer=1, Released 0 seats
[2025-11-19 18:12:14] ? Cancelled expired booking ID=10, Customer=1, Released 1 seats
[2025-11-19 18:12:14] ? Cancelled expired booking ID=11, Customer=1, Released 0 seats
[2025-11-19 18:12:14] ? Cancelled expired booking ID=12, Customer=1, Released 2 seats
[2025-11-19 18:12:14] ? Cancelled expired booking ID=13, Customer=1, Released 1 seats
[2025-11-19 18:12:14] ? Cancelled expired booking ID=14, Customer=1, Released 2 seats
[2025-11-19 18:12:14] ? Cancelled expired booking ID=15, Customer=1, Released 0 seats
[2025-11-19 18:12:14] ? Cancelled expired booking ID=16, Customer=1, Released 0 seats
[2025-11-19 18:12:14] ? Cancelled expired booking ID=17, Customer=1, Released 0 seats
[2025-11-19 18:12:14] ? Cancelled expired booking ID=18, Customer=1, Released 0 seats
[2025-11-19 18:12:14] ? Cancelled expired booking ID=19, Customer=1, Released 1 seats
[2025-11-19 18:12:14] ? Cancelled expired booking ID=20, Customer=1, Released 0 seats
[2025-11-19 18:12:14] ? Cancelled expired booking ID=21, Customer=1, Released 0 seats
[2025-11-19 18:12:14] ? Cancelled expired booking ID=22, Customer=1, Released 0 seats
[2025-11-19 18:12:14] ? Cancelled expired booking ID=23, Customer=1, Released 0 seats
[2025-11-19 18:12:14] ? Cancelled expired booking ID=24, Customer=1, Released 0 seats
[2025-11-19 18:12:14] ? Cancelled expired booking ID=25, Customer=1, Released 0 seats
[2025-11-19 18:12:14] ? Cancelled expired booking ID=26, Customer=1, Released 2 seats
[2025-11-19 18:12:14] ? Cancelled expired booking ID=27, Customer=1, Released 0 seats
[2025-11-19 18:12:14] ? Cancelled expired booking ID=28, Customer=1, Released 0 seats
[2025-11-19 18:12:14] ? Cancelled expired booking ID=29, Customer=1, Released 0 seats
[2025-11-19 18:12:14] ? Cancelled expired booking ID=30, Customer=1, Released 0 seats
[2025-11-19 18:12:14] ? Cancelled expired booking ID=31, Customer=1, Released 1 seats
[2025-11-19 18:12:14] ? Cancelled expired booking ID=32, Customer=1, Released 2 seats
[2025-11-19 18:12:14] ? Cancelled expired booking ID=33, Customer=1, Released 2 seats
[2025-11-19 18:12:14] ? Cancelled expired booking ID=34, Customer=1, Released 2 seats
[2025-11-19 18:12:14] ? Cancelled expired booking ID=35, Customer=1, Released 0 seats
[2025-11-19 18:12:14] ? Cancelled expired booking ID=36, Customer=1, Released 2 seats
[2025-11-19 18:12:14] ? Cancelled expired booking ID=37, Customer=1, Released 1 seats
[2025-11-19 18:12:14] ? Cancelled expired booking ID=38, Customer=1, Released 0 seats
[2025-11-19 18:12:14] ? Cancelled expired booking ID=39, Customer=1, Released 2 seats
[2025-11-19 18:12:14] ? Cancelled expired booking ID=40, Customer=1, Released 0 seats
[2025-11-19 18:12:14] ? Cancelled expired booking ID=41, Customer=1, Released 1 seats
[2025-11-19 18:12:14] ? Cancelled expired booking ID=42, Customer=1, Released 0 seats
[2025-11-19 18:12:14] ? Cancelled expired booking ID=58, Customer=1, Released 0 seats
[2025-11-19 18:12:14] ? Cancelled expired booking ID=64, Customer=1, Released 2 seats
[2025-11-19 18:12:14] ? Cancelled expired booking ID=65, Customer=1, Released 2 seats
[2025-11-19 18:12:14] ? Cancelled expired booking ID=67, Customer=1, Released 2 seats
[2025-11-19 18:12:14] ? Cancelled expired booking ID=68, Customer=1, Released 1 seats
[2025-11-19 18:12:14] ? Cancelled expired booking ID=69, Customer=1, Released 0 seats
[2025-11-19 18:12:14] ? Cancelled expired booking ID=75, Customer=1, Released 0 seats
[2025-11-19 18:12:14] ? Cancelled expired booking ID=76, Customer=1, Released 0 seats
[2025-11-19 18:12:14] ? Cancelled expired booking ID=77, Customer=1, Released 0 seats
[2025-11-19 18:12:14] ? Cancelled expired booking ID=78, Customer=1, Released 0 seats
[2025-11-19 18:12:14] ? Cancelled expired booking ID=79, Customer=1, Released 1 seats
[2025-11-19 18:12:14] ? Cancelled expired booking ID=80, Customer=1, Released 1 seats
[2025-11-19 18:12:14] ? Cancelled expired booking ID=81, Customer=1, Released 0 seats
[2025-11-19 18:12:14] ? Cancelled expired booking ID=82, Customer=1, Released 1 seats
[2025-11-19 18:12:14] ? Cancelled expired booking ID=83, Customer=1, Released 0 seats
[2025-11-19 18:12:14] ? Cancelled expired booking ID=84, Customer=1, Released 0 seats
[2025-11-19 18:12:14] ? Cancelled expired booking ID=85, Customer=1, Released 0 seats
[2025-11-19 18:12:14] ? Cancelled expired booking ID=86, Customer=1, Released 0 seats
[2025-11-19 18:12:14] ? Cancelled expired booking ID=87, Customer=1, Released 0 seats
[2025-11-19 18:12:14] ? Cancelled expired booking ID=88, Customer=1, Released 0 seats
[2025-11-19 18:12:14] ? Cancelled expired booking ID=89, Customer=1, Released 0 seats
[2025-11-19 18:12:14] ? Cancelled expired booking ID=90, Customer=1, Released 0 seats
[2025-11-19 18:12:14] ? Cancelled expired booking ID=92, Customer=2, Released 0 seats
[2025-11-19 18:12:14] ? Cancelled expired booking ID=95, Customer=1, Released 1 seats
[2025-11-19 18:12:14] ? Cancelled expired booking ID=96, Customer=1, Released 1 seats
[2025-11-19 18:13:14] ? Found 62 expired bookings to cancel
[2025-11-19 18:13:14] ? Cancelled expired booking ID=6, Customer=1, Released 0 seats
[2025-11-19 18:13:14] ? Cancelled expired booking ID=7, Customer=1, Released 0 seats
[2025-11-19 18:13:14] ? Cancelled expired booking ID=8, Customer=1, Released 0 seats
[2025-11-19 18:13:14] ? Cancelled expired booking ID=9, Customer=1, Released 0 seats
[2025-11-19 18:13:14] ? Cancelled expired booking ID=10, Customer=1, Released 1 seats
[2025-11-19 18:13:14] ? Cancelled expired booking ID=11, Customer=1, Released 0 seats
[2025-11-19 18:13:14] ? Cancelled expired booking ID=12, Customer=1, Released 2 seats
[2025-11-19 18:13:14] ? Cancelled expired booking ID=13, Customer=1, Released 1 seats
[2025-11-19 18:13:14] ? Cancelled expired booking ID=14, Customer=1, Released 2 seats
[2025-11-19 18:13:14] ? Cancelled expired booking ID=15, Customer=1, Released 0 seats
[2025-11-19 18:13:14] ? Cancelled expired booking ID=16, Customer=1, Released 0 seats
[2025-11-19 18:13:14] ? Cancelled expired booking ID=17, Customer=1, Released 0 seats
[2025-11-19 18:13:14] ? Cancelled expired booking ID=18, Customer=1, Released 0 seats
[2025-11-19 18:13:14] ? Cancelled expired booking ID=19, Customer=1, Released 1 seats
[2025-11-19 18:13:14] ? Cancelled expired booking ID=20, Customer=1, Released 0 seats
[2025-11-19 18:13:14] ? Cancelled expired booking ID=21, Customer=1, Released 0 seats
[2025-11-19 18:13:14] ? Cancelled expired booking ID=22, Customer=1, Released 0 seats
[2025-11-19 18:13:14] ? Cancelled expired booking ID=23, Customer=1, Released 0 seats
[2025-11-19 18:13:14] ? Cancelled expired booking ID=24, Customer=1, Released 0 seats
[2025-11-19 18:13:14] ? Cancelled expired booking ID=25, Customer=1, Released 0 seats
[2025-11-19 18:13:14] ? Cancelled expired booking ID=26, Customer=1, Released 2 seats
[2025-11-19 18:13:14] ? Cancelled expired booking ID=27, Customer=1, Released 0 seats
[2025-11-19 18:13:14] ? Cancelled expired booking ID=28, Customer=1, Released 0 seats
[2025-11-19 18:13:14] ? Cancelled expired booking ID=29, Customer=1, Released 0 seats
[2025-11-19 18:13:14] ? Cancelled expired booking ID=30, Customer=1, Released 0 seats
[2025-11-19 18:13:14] ? Cancelled expired booking ID=31, Customer=1, Released 1 seats
[2025-11-19 18:13:14] ? Cancelled expired booking ID=32, Customer=1, Released 2 seats
[2025-11-19 18:13:14] ? Cancelled expired booking ID=33, Customer=1, Released 2 seats
[2025-11-19 18:13:14] ? Cancelled expired booking ID=34, Customer=1, Released 2 seats
[2025-11-19 18:13:14] ? Cancelled expired booking ID=35, Customer=1, Released 0 seats
[2025-11-19 18:13:14] ? Cancelled expired booking ID=36, Customer=1, Released 2 seats
[2025-11-19 18:13:14] ? Cancelled expired booking ID=37, Customer=1, Released 1 seats
[2025-11-19 18:13:14] ? Cancelled expired booking ID=38, Customer=1, Released 0 seats
[2025-11-19 18:13:14] ? Cancelled expired booking ID=39, Customer=1, Released 2 seats
[2025-11-19 18:13:14] ? Cancelled expired booking ID=40, Customer=1, Released 0 seats
[2025-11-19 18:13:14] ? Cancelled expired booking ID=41, Customer=1, Released 1 seats
[2025-11-19 18:13:14] ? Cancelled expired booking ID=42, Customer=1, Released 0 seats
[2025-11-19 18:13:14] ? Cancelled expired booking ID=58, Customer=1, Released 0 seats
[2025-11-19 18:13:14] ? Cancelled expired booking ID=64, Customer=1, Released 2 seats
[2025-11-19 18:13:14] ? Cancelled expired booking ID=65, Customer=1, Released 2 seats
[2025-11-19 18:13:14] ? Cancelled expired booking ID=67, Customer=1, Released 2 seats
[2025-11-19 18:13:14] ? Cancelled expired booking ID=68, Customer=1, Released 1 seats
[2025-11-19 18:13:14] ? Cancelled expired booking ID=69, Customer=1, Released 0 seats
[2025-11-19 18:13:14] ? Cancelled expired booking ID=75, Customer=1, Released 0 seats
[2025-11-19 18:13:14] ? Cancelled expired booking ID=76, Customer=1, Released 0 seats
[2025-11-19 18:13:14] ? Cancelled expired booking ID=77, Customer=1, Released 0 seats
[2025-11-19 18:13:14] ? Cancelled expired booking ID=78, Customer=1, Released 0 seats
[2025-11-19 18:13:14] ? Cancelled expired booking ID=79, Customer=1, Released 1 seats
[2025-11-19 18:13:14] ? Cancelled expired booking ID=80, Customer=1, Released 1 seats
[2025-11-19 18:13:14] ? Cancelled expired booking ID=81, Customer=1, Released 0 seats
[2025-11-19 18:13:14] ? Cancelled expired booking ID=82, Customer=1, Released 1 seats
[2025-11-19 18:13:14] ? Cancelled expired booking ID=83, Customer=1, Released 0 seats
[2025-11-19 18:13:14] ? Cancelled expired booking ID=84, Customer=1, Released 0 seats
[2025-11-19 18:13:14] ? Cancelled expired booking ID=85, Customer=1, Released 0 seats
[2025-11-19 18:13:14] ? Cancelled expired booking ID=86, Customer=1, Released 0 seats
[2025-11-19 18:13:14] ? Cancelled expired booking ID=87, Customer=1, Released 0 seats
[2025-11-19 18:13:14] ? Cancelled expired booking ID=88, Customer=1, Released 0 seats
[2025-11-19 18:13:14] ? Cancelled expired booking ID=89, Customer=1, Released 0 seats
[2025-11-19 18:13:14] ? Cancelled expired booking ID=90, Customer=1, Released 0 seats
[2025-11-19 18:13:14] ? Cancelled expired booking ID=92, Customer=2, Released 0 seats
[2025-11-19 18:13:14] ? Cancelled expired booking ID=95, Customer=1, Released 1 seats
[2025-11-19 18:13:14] ? Cancelled expired booking ID=96, Customer=1, Released 1 seats
[2025-11-19 18:14:14] ? Found 62 expired bookings to cancel
[2025-11-19 18:14:14] ? Cancelled expired booking ID=6, Customer=1, Released 0 seats
[2025-11-19 18:14:14] ? Cancelled expired booking ID=7, Customer=1, Released 0 seats
[2025-11-19 18:14:14] ? Cancelled expired booking ID=8, Customer=1, Released 0 seats
[2025-11-19 18:14:14] ? Cancelled expired booking ID=9, Customer=1, Released 0 seats
[2025-11-19 18:14:14] ? Cancelled expired booking ID=10, Customer=1, Released 1 seats
[2025-11-19 18:14:14] ? Cancelled expired booking ID=11, Customer=1, Released 0 seats
[2025-11-19 18:14:14] ? Cancelled expired booking ID=12, Customer=1, Released 2 seats
[2025-11-19 18:14:14] ? Cancelled expired booking ID=13, Customer=1, Released 1 seats
[2025-11-19 18:14:14] ? Cancelled expired booking ID=14, Customer=1, Released 2 seats
[2025-11-19 18:14:14] ? Cancelled expired booking ID=15, Customer=1, Released 0 seats
[2025-11-19 18:14:14] ? Cancelled expired booking ID=16, Customer=1, Released 0 seats
[2025-11-19 18:14:14] ? Cancelled expired booking ID=17, Customer=1, Released 0 seats
[2025-11-19 18:14:14] ? Cancelled expired booking ID=18, Customer=1, Released 0 seats
[2025-11-19 18:14:14] ? Cancelled expired booking ID=19, Customer=1, Released 1 seats
[2025-11-19 18:14:14] ? Cancelled expired booking ID=20, Customer=1, Released 0 seats
[2025-11-19 18:14:14] ? Cancelled expired booking ID=21, Customer=1, Released 0 seats
[2025-11-19 18:14:14] ? Cancelled expired booking ID=22, Customer=1, Released 0 seats
[2025-11-19 18:14:14] ? Cancelled expired booking ID=23, Customer=1, Released 0 seats
[2025-11-19 18:14:14] ? Cancelled expired booking ID=24, Customer=1, Released 0 seats
[2025-11-19 18:14:14] ? Cancelled expired booking ID=25, Customer=1, Released 0 seats
[2025-11-19 18:14:14] ? Cancelled expired booking ID=26, Customer=1, Released 2 seats
[2025-11-19 18:14:14] ? Cancelled expired booking ID=27, Customer=1, Released 0 seats
[2025-11-19 18:14:14] ? Cancelled expired booking ID=28, Customer=1, Released 0 seats
[2025-11-19 18:14:14] ? Cancelled expired booking ID=29, Customer=1, Released 0 seats
[2025-11-19 18:14:14] ? Cancelled expired booking ID=30, Customer=1, Released 0 seats
[2025-11-19 18:14:14] ? Cancelled expired booking ID=31, Customer=1, Released 1 seats
[2025-11-19 18:14:14] ? Cancelled expired booking ID=32, Customer=1, Released 2 seats
[2025-11-19 18:14:14] ? Cancelled expired booking ID=33, Customer=1, Released 2 seats
[2025-11-19 18:14:14] ? Cancelled expired booking ID=34, Customer=1, Released 2 seats
[2025-11-19 18:14:14] ? Cancelled expired booking ID=35, Customer=1, Released 0 seats
[2025-11-19 18:14:14] ? Cancelled expired booking ID=36, Customer=1, Released 2 seats
[2025-11-19 18:14:14] ? Cancelled expired booking ID=37, Customer=1, Released 1 seats
[2025-11-19 18:14:14] ? Cancelled expired booking ID=38, Customer=1, Released 0 seats
[2025-11-19 18:14:14] ? Cancelled expired booking ID=39, Customer=1, Released 2 seats
[2025-11-19 18:14:14] ? Cancelled expired booking ID=40, Customer=1, Released 0 seats
[2025-11-19 18:14:14] ? Cancelled expired booking ID=41, Customer=1, Released 1 seats
[2025-11-19 18:14:14] ? Cancelled expired booking ID=42, Customer=1, Released 0 seats
[2025-11-19 18:14:14] ? Cancelled expired booking ID=58, Customer=1, Released 0 seats
[2025-11-19 18:14:14] ? Cancelled expired booking ID=64, Customer=1, Released 2 seats
[2025-11-19 18:14:14] ? Cancelled expired booking ID=65, Customer=1, Released 2 seats
[2025-11-19 18:14:14] ? Cancelled expired booking ID=67, Customer=1, Released 2 seats
[2025-11-19 18:14:14] ? Cancelled expired booking ID=68, Customer=1, Released 1 seats
[2025-11-19 18:14:14] ? Cancelled expired booking ID=69, Customer=1, Released 0 seats
[2025-11-19 18:14:14] ? Cancelled expired booking ID=75, Customer=1, Released 0 seats
[2025-11-19 18:14:14] ? Cancelled expired booking ID=76, Customer=1, Released 0 seats
[2025-11-19 18:14:14] ? Cancelled expired booking ID=77, Customer=1, Released 0 seats
[2025-11-19 18:14:14] ? Cancelled expired booking ID=78, Customer=1, Released 0 seats
[2025-11-19 18:14:14] ? Cancelled expired booking ID=79, Customer=1, Released 1 seats
[2025-11-19 18:14:14] ? Cancelled expired booking ID=80, Customer=1, Released 1 seats
[2025-11-19 18:14:14] ? Cancelled expired booking ID=81, Customer=1, Released 0 seats
[2025-11-19 18:14:14] ? Cancelled expired booking ID=82, Customer=1, Released 1 seats
[2025-11-19 18:14:14] ? Cancelled expired booking ID=83, Customer=1, Released 0 seats
[2025-11-19 18:14:14] ? Cancelled expired booking ID=84, Customer=1, Released 0 seats
[2025-11-19 18:14:14] ? Cancelled expired booking ID=85, Customer=1, Released 0 seats
[2025-11-19 18:14:14] ? Cancelled expired booking ID=86, Customer=1, Released 0 seats
[2025-11-19 18:14:14] ? Cancelled expired booking ID=87, Customer=1, Released 0 seats
[2025-11-19 18:14:14] ? Cancelled expired booking ID=88, Customer=1, Released 0 seats
[2025-11-19 18:14:14] ? Cancelled expired booking ID=89, Customer=1, Released 0 seats
[2025-11-19 18:14:14] ? Cancelled expired booking ID=90, Customer=1, Released 0 seats
[2025-11-19 18:14:14] ? Cancelled expired booking ID=92, Customer=2, Released 0 seats
[2025-11-19 18:14:14] ? Cancelled expired booking ID=95, Customer=1, Released 1 seats
[2025-11-19 18:14:14] ? Cancelled expired booking ID=96, Customer=1, Released 1 seats
[2025-11-19 18:15:14] ? Found 62 expired bookings to cancel
[2025-11-19 18:15:14] ? Cancelled expired booking ID=6, Customer=1, Released 0 seats
[2025-11-19 18:15:14] ? Cancelled expired booking ID=7, Customer=1, Released 0 seats
[2025-11-19 18:15:14] ? Cancelled expired booking ID=8, Customer=1, Released 0 seats
[2025-11-19 18:15:14] ? Cancelled expired booking ID=9, Customer=1, Released 0 seats
[2025-11-19 18:15:14] ? Cancelled expired booking ID=10, Customer=1, Released 1 seats
[2025-11-19 18:15:14] ? Cancelled expired booking ID=11, Customer=1, Released 0 seats
[2025-11-19 18:15:14] ? Cancelled expired booking ID=12, Customer=1, Released 2 seats
[2025-11-19 18:15:14] ? Cancelled expired booking ID=13, Customer=1, Released 1 seats
[2025-11-19 18:15:14] ? Cancelled expired booking ID=14, Customer=1, Released 2 seats
[2025-11-19 18:15:14] ? Cancelled expired booking ID=15, Customer=1, Released 0 seats
[2025-11-19 18:15:14] ? Cancelled expired booking ID=16, Customer=1, Released 0 seats
[2025-11-19 18:15:14] ? Cancelled expired booking ID=17, Customer=1, Released 0 seats
[2025-11-19 18:15:14] ? Cancelled expired booking ID=18, Customer=1, Released 0 seats
[2025-11-19 18:15:14] ? Cancelled expired booking ID=19, Customer=1, Released 1 seats
[2025-11-19 18:15:14] ? Cancelled expired booking ID=20, Customer=1, Released 0 seats
[2025-11-19 18:15:14] ? Cancelled expired booking ID=21, Customer=1, Released 0 seats
[2025-11-19 18:15:14] ? Cancelled expired booking ID=22, Customer=1, Released 0 seats
[2025-11-19 18:15:14] ? Cancelled expired booking ID=23, Customer=1, Released 0 seats
[2025-11-19 18:15:14] ? Cancelled expired booking ID=24, Customer=1, Released 0 seats
[2025-11-19 18:15:14] ? Cancelled expired booking ID=25, Customer=1, Released 0 seats
[2025-11-19 18:15:14] ? Cancelled expired booking ID=26, Customer=1, Released 2 seats
[2025-11-19 18:15:14] ? Cancelled expired booking ID=27, Customer=1, Released 0 seats
[2025-11-19 18:15:14] ? Cancelled expired booking ID=28, Customer=1, Released 0 seats
[2025-11-19 18:15:14] ? Cancelled expired booking ID=29, Customer=1, Released 0 seats
[2025-11-19 18:15:14] ? Cancelled expired booking ID=30, Customer=1, Released 0 seats
[2025-11-19 18:15:14] ? Cancelled expired booking ID=31, Customer=1, Released 1 seats
[2025-11-19 18:15:14] ? Cancelled expired booking ID=32, Customer=1, Released 2 seats
[2025-11-19 18:15:14] ? Cancelled expired booking ID=33, Customer=1, Released 2 seats
[2025-11-19 18:15:14] ? Cancelled expired booking ID=34, Customer=1, Released 2 seats
[2025-11-19 18:15:14] ? Cancelled expired booking ID=35, Customer=1, Released 0 seats
[2025-11-19 18:15:14] ? Cancelled expired booking ID=36, Customer=1, Released 2 seats
[2025-11-19 18:15:14] ? Cancelled expired booking ID=37, Customer=1, Released 1 seats
[2025-11-19 18:15:14] ? Cancelled expired booking ID=38, Customer=1, Released 0 seats
[2025-11-19 18:15:14] ? Cancelled expired booking ID=39, Customer=1, Released 2 seats
[2025-11-19 18:15:14] ? Cancelled expired booking ID=40, Customer=1, Released 0 seats
[2025-11-19 18:15:14] ? Cancelled expired booking ID=41, Customer=1, Released 1 seats
[2025-11-19 18:15:14] ? Cancelled expired booking ID=42, Customer=1, Released 0 seats
[2025-11-19 18:15:14] ? Cancelled expired booking ID=58, Customer=1, Released 0 seats
[2025-11-19 18:15:14] ? Cancelled expired booking ID=64, Customer=1, Released 2 seats
[2025-11-19 18:15:14] ? Cancelled expired booking ID=65, Customer=1, Released 2 seats
[2025-11-19 18:15:14] ? Cancelled expired booking ID=67, Customer=1, Released 2 seats
[2025-11-19 18:15:14] ? Cancelled expired booking ID=68, Customer=1, Released 1 seats
[2025-11-19 18:15:14] ? Cancelled expired booking ID=69, Customer=1, Released 0 seats
[2025-11-19 18:15:14] ? Cancelled expired booking ID=75, Customer=1, Released 0 seats
[2025-11-19 18:15:14] ? Cancelled expired booking ID=76, Customer=1, Released 0 seats
[2025-11-19 18:15:14] ? Cancelled expired booking ID=77, Customer=1, Released 0 seats
[2025-11-19 18:15:14] ? Cancelled expired booking ID=78, Customer=1, Released 0 seats
[2025-11-19 18:15:14] ? Cancelled expired booking ID=79, Customer=1, Released 1 seats
[2025-11-19 18:15:14] ? Cancelled expired booking ID=80, Customer=1, Released 1 seats
[2025-11-19 18:15:14] ? Cancelled expired booking ID=81, Customer=1, Released 0 seats
[2025-11-19 18:15:14] ? Cancelled expired booking ID=82, Customer=1, Released 1 seats
[2025-11-19 18:15:14] ? Cancelled expired booking ID=83, Customer=1, Released 0 seats
[2025-11-19 18:15:14] ? Cancelled expired booking ID=84, Customer=1, Released 0 seats
[2025-11-19 18:15:14] ? Cancelled expired booking ID=85, Customer=1, Released 0 seats
[2025-11-19 18:15:14] ? Cancelled expired booking ID=86, Customer=1, Released 0 seats
[2025-11-19 18:15:14] ? Cancelled expired booking ID=87, Customer=1, Released 0 seats
[2025-11-19 18:15:14] ? Cancelled expired booking ID=88, Customer=1, Released 0 seats
[2025-11-19 18:15:14] ? Cancelled expired booking ID=89, Customer=1, Released 0 seats
[2025-11-19 18:15:14] ? Cancelled expired booking ID=90, Customer=1, Released 0 seats
[2025-11-19 18:15:14] ? Cancelled expired booking ID=92, Customer=2, Released 0 seats
[2025-11-19 18:15:14] ? Cancelled expired booking ID=95, Customer=1, Released 1 seats
[2025-11-19 18:15:14] ? Cancelled expired booking ID=96, Customer=1, Released 1 seats
[2025-11-19 18:16:14] ? Found 62 expired bookings to cancel
[2025-11-19 18:16:14] ? Cancelled expired booking ID=6, Customer=1, Released 0 seats
[2025-11-19 18:16:14] ? Cancelled expired booking ID=7, Customer=1, Released 0 seats
[2025-11-19 18:16:14] ? Cancelled expired booking ID=8, Customer=1, Released 0 seats
[2025-11-19 18:16:14] ? Cancelled expired booking ID=9, Customer=1, Released 0 seats
[2025-11-19 18:16:14] ? Cancelled expired booking ID=10, Customer=1, Released 1 seats
[2025-11-19 18:16:14] ? Cancelled expired booking ID=11, Customer=1, Released 0 seats
[2025-11-19 18:16:14] ? Cancelled expired booking ID=12, Customer=1, Released 2 seats
[2025-11-19 18:16:14] ? Cancelled expired booking ID=13, Customer=1, Released 1 seats
[2025-11-19 18:16:14] ? Cancelled expired booking ID=14, Customer=1, Released 2 seats
[2025-11-19 18:16:14] ? Cancelled expired booking ID=15, Customer=1, Released 0 seats
[2025-11-19 18:16:14] ? Cancelled expired booking ID=16, Customer=1, Released 0 seats
[2025-11-19 18:16:14] ? Cancelled expired booking ID=17, Customer=1, Released 0 seats
[2025-11-19 18:16:14] ? Cancelled expired booking ID=18, Customer=1, Released 0 seats
[2025-11-19 18:16:14] ? Cancelled expired booking ID=19, Customer=1, Released 1 seats
[2025-11-19 18:16:14] ? Cancelled expired booking ID=20, Customer=1, Released 0 seats
[2025-11-19 18:16:14] ? Cancelled expired booking ID=21, Customer=1, Released 0 seats
[2025-11-19 18:16:14] ? Cancelled expired booking ID=22, Customer=1, Released 0 seats
[2025-11-19 18:16:14] ? Cancelled expired booking ID=23, Customer=1, Released 0 seats
[2025-11-19 18:16:14] ? Cancelled expired booking ID=24, Customer=1, Released 0 seats
[2025-11-19 18:16:14] ? Cancelled expired booking ID=25, Customer=1, Released 0 seats
[2025-11-19 18:16:14] ? Cancelled expired booking ID=26, Customer=1, Released 2 seats
[2025-11-19 18:16:14] ? Cancelled expired booking ID=27, Customer=1, Released 0 seats
[2025-11-19 18:16:14] ? Cancelled expired booking ID=28, Customer=1, Released 0 seats
[2025-11-19 18:16:14] ? Cancelled expired booking ID=29, Customer=1, Released 0 seats
[2025-11-19 18:16:14] ? Cancelled expired booking ID=30, Customer=1, Released 0 seats
[2025-11-19 18:16:14] ? Cancelled expired booking ID=31, Customer=1, Released 1 seats
[2025-11-19 18:16:14] ? Cancelled expired booking ID=32, Customer=1, Released 2 seats
[2025-11-19 18:16:14] ? Cancelled expired booking ID=33, Customer=1, Released 2 seats
[2025-11-19 18:16:14] ? Cancelled expired booking ID=34, Customer=1, Released 2 seats
[2025-11-19 18:16:14] ? Cancelled expired booking ID=35, Customer=1, Released 0 seats
[2025-11-19 18:16:14] ? Cancelled expired booking ID=36, Customer=1, Released 2 seats
[2025-11-19 18:16:14] ? Cancelled expired booking ID=37, Customer=1, Released 1 seats
[2025-11-19 18:16:14] ? Cancelled expired booking ID=38, Customer=1, Released 0 seats
[2025-11-19 18:16:14] ? Cancelled expired booking ID=39, Customer=1, Released 2 seats
[2025-11-19 18:16:14] ? Cancelled expired booking ID=40, Customer=1, Released 0 seats
[2025-11-19 18:16:14] ? Cancelled expired booking ID=41, Customer=1, Released 1 seats
[2025-11-19 18:16:14] ? Cancelled expired booking ID=42, Customer=1, Released 0 seats
[2025-11-19 18:16:14] ? Cancelled expired booking ID=58, Customer=1, Released 0 seats
[2025-11-19 18:16:14] ? Cancelled expired booking ID=64, Customer=1, Released 2 seats
[2025-11-19 18:16:14] ? Cancelled expired booking ID=65, Customer=1, Released 2 seats
[2025-11-19 18:16:14] ? Cancelled expired booking ID=67, Customer=1, Released 2 seats
[2025-11-19 18:16:14] ? Cancelled expired booking ID=68, Customer=1, Released 1 seats
[2025-11-19 18:16:14] ? Cancelled expired booking ID=69, Customer=1, Released 0 seats
[2025-11-19 18:16:14] ? Cancelled expired booking ID=75, Customer=1, Released 0 seats
[2025-11-19 18:16:14] ? Cancelled expired booking ID=76, Customer=1, Released 0 seats
[2025-11-19 18:16:14] ? Cancelled expired booking ID=77, Customer=1, Released 0 seats
[2025-11-19 18:16:14] ? Cancelled expired booking ID=78, Customer=1, Released 0 seats
[2025-11-19 18:16:14] ? Cancelled expired booking ID=79, Customer=1, Released 1 seats
[2025-11-19 18:16:14] ? Cancelled expired booking ID=80, Customer=1, Released 1 seats
[2025-11-19 18:16:14] ? Cancelled expired booking ID=81, Customer=1, Released 0 seats
[2025-11-19 18:16:14] ? Cancelled expired booking ID=82, Customer=1, Released 1 seats
[2025-11-19 18:16:14] ? Cancelled expired booking ID=83, Customer=1, Released 0 seats
[2025-11-19 18:16:14] ? Cancelled expired booking ID=84, Customer=1, Released 0 seats
[2025-11-19 18:16:14] ? Cancelled expired booking ID=85, Customer=1, Released 0 seats
[2025-11-19 18:16:14] ? Cancelled expired booking ID=86, Customer=1, Released 0 seats
[2025-11-19 18:16:14] ? Cancelled expired booking ID=87, Customer=1, Released 0 seats
[2025-11-19 18:16:14] ? Cancelled expired booking ID=88, Customer=1, Released 0 seats
[2025-11-19 18:16:14] ? Cancelled expired booking ID=89, Customer=1, Released 0 seats
[2025-11-19 18:16:14] ? Cancelled expired booking ID=90, Customer=1, Released 0 seats
[2025-11-19 18:16:14] ? Cancelled expired booking ID=92, Customer=2, Released 0 seats
[2025-11-19 18:16:14] ? Cancelled expired booking ID=95, Customer=1, Released 1 seats
[2025-11-19 18:16:14] ? Cancelled expired booking ID=96, Customer=1, Released 1 seats
[2025-11-19 18:23:47] ? BookingExpirationService started
[2025-11-19 18:24:47] ? Found 62 expired bookings to cancel
[2025-11-19 18:24:47] ? Cancelled expired booking ID=6, Customer=1, Released 0 seats
[2025-11-19 18:24:47] ? Cancelled expired booking ID=7, Customer=1, Released 0 seats
[2025-11-19 18:24:47] ? Cancelled expired booking ID=8, Customer=1, Released 0 seats
[2025-11-19 18:24:47] ? Cancelled expired booking ID=9, Customer=1, Released 0 seats
[2025-11-19 18:24:47] ? Cancelled expired booking ID=10, Customer=1, Released 1 seats
[2025-11-19 18:24:47] ? Cancelled expired booking ID=11, Customer=1, Released 0 seats
[2025-11-19 18:24:47] ? Cancelled expired booking ID=12, Customer=1, Released 2 seats
[2025-11-19 18:24:47] ? Cancelled expired booking ID=13, Customer=1, Released 1 seats
[2025-11-19 18:24:47] ? Cancelled expired booking ID=14, Customer=1, Released 2 seats
[2025-11-19 18:24:47] ? Cancelled expired booking ID=15, Customer=1, Released 0 seats
[2025-11-19 18:24:47] ? Cancelled expired booking ID=16, Customer=1, Released 0 seats
[2025-11-19 18:24:47] ? Cancelled expired booking ID=17, Customer=1, Released 0 seats
[2025-11-19 18:24:47] ? Cancelled expired booking ID=18, Customer=1, Released 0 seats
[2025-11-19 18:24:47] ? Cancelled expired booking ID=19, Customer=1, Released 1 seats
[2025-11-19 18:24:47] ? Cancelled expired booking ID=20, Customer=1, Released 0 seats
[2025-11-19 18:24:47] ? Cancelled expired booking ID=21, Customer=1, Released 0 seats
[2025-11-19 18:24:47] ? Cancelled expired booking ID=22, Customer=1, Released 0 seats
[2025-11-19 18:24:47] ? Cancelled expired booking ID=23, Customer=1, Released 0 seats
[2025-11-19 18:24:47] ? Cancelled expired booking ID=24, Customer=1, Released 0 seats
[2025-11-19 18:24:47] ? Cancelled expired booking ID=25, Customer=1, Released 0 seats
[2025-11-19 18:24:47] ? Cancelled expired booking ID=26, Customer=1, Released 2 seats
[2025-11-19 18:24:47] ? Cancelled expired booking ID=27, Customer=1, Released 0 seats
[2025-11-19 18:24:47] ? Cancelled expired booking ID=28, Customer=1, Released 0 seats
[2025-11-19 18:24:47] ? Cancelled expired booking ID=29, Customer=1, Released 0 seats
[2025-11-19 18:24:47] ? Cancelled expired booking ID=30, Customer=1, Released 0 seats
[2025-11-19 18:24:47] ? Cancelled expired booking ID=31, Customer=1, Released 1 seats
[2025-11-19 18:24:47] ? Cancelled expired booking ID=32, Customer=1, Released 2 seats
[2025-11-19 18:24:47] ? Cancelled expired booking ID=33, Customer=1, Released 2 seats
[2025-11-19 18:24:47] ? Cancelled expired booking ID=34, Customer=1, Released 2 seats
[2025-11-19 18:24:47] ? Cancelled expired booking ID=35, Customer=1, Released 0 seats
[2025-11-19 18:24:47] ? Cancelled expired booking ID=36, Customer=1, Released 2 seats
[2025-11-19 18:24:47] ? Cancelled expired booking ID=37, Customer=1, Released 1 seats
[2025-11-19 18:24:47] ? Cancelled expired booking ID=38, Customer=1, Released 0 seats
[2025-11-19 18:24:47] ? Cancelled expired booking ID=39, Customer=1, Released 2 seats
[2025-11-19 18:24:47] ? Cancelled expired booking ID=40, Customer=1, Released 0 seats
[2025-11-19 18:24:47] ? Cancelled expired booking ID=41, Customer=1, Released 1 seats
[2025-11-19 18:24:47] ? Cancelled expired booking ID=42, Customer=1, Released 0 seats
[2025-11-19 18:24:47] ? Cancelled expired booking ID=58, Customer=1, Released 0 seats
[2025-11-19 18:24:47] ? Cancelled expired booking ID=64, Customer=1, Released 2 seats
[2025-11-19 18:24:47] ? Cancelled expired booking ID=65, Customer=1, Released 2 seats
[2025-11-19 18:24:47] ? Cancelled expired booking ID=67, Customer=1, Released 2 seats
[2025-11-19 18:24:47] ? Cancelled expired booking ID=68, Customer=1, Released 1 seats
[2025-11-19 18:24:47] ? Cancelled expired booking ID=69, Customer=1, Released 0 seats
[2025-11-19 18:24:47] ? Cancelled expired booking ID=75, Customer=1, Released 0 seats
[2025-11-19 18:24:47] ? Cancelled expired booking ID=76, Customer=1, Released 0 seats
[2025-11-19 18:24:47] ? Cancelled expired booking ID=77, Customer=1, Released 0 seats
[2025-11-19 18:24:47] ? Cancelled expired booking ID=78, Customer=1, Released 0 seats
[2025-11-19 18:24:47] ? Cancelled expired booking ID=79, Customer=1, Released 1 seats
[2025-11-19 18:24:47] ? Cancelled expired booking ID=80, Customer=1, Released 1 seats
[2025-11-19 18:24:47] ? Cancelled expired booking ID=81, Customer=1, Released 0 seats
[2025-11-19 18:24:47] ? Cancelled expired booking ID=82, Customer=1, Released 1 seats
[2025-11-19 18:24:47] ? Cancelled expired booking ID=83, Customer=1, Released 0 seats
[2025-11-19 18:24:47] ? Cancelled expired booking ID=84, Customer=1, Released 0 seats
[2025-11-19 18:24:47] ? Cancelled expired booking ID=85, Customer=1, Released 0 seats
[2025-11-19 18:24:47] ? Cancelled expired booking ID=86, Customer=1, Released 0 seats
[2025-11-19 18:24:47] ? Cancelled expired booking ID=87, Customer=1, Released 0 seats
[2025-11-19 18:24:47] ? Cancelled expired booking ID=88, Customer=1, Released 0 seats
[2025-11-19 18:24:47] ? Cancelled expired booking ID=89, Customer=1, Released 0 seats
[2025-11-19 18:24:47] ? Cancelled expired booking ID=90, Customer=1, Released 0 seats
[2025-11-19 18:24:47] ? Cancelled expired booking ID=92, Customer=2, Released 0 seats
[2025-11-19 18:24:47] ? Cancelled expired booking ID=95, Customer=1, Released 1 seats
[2025-11-19 18:24:47] ? Cancelled expired booking ID=96, Customer=1, Released 1 seats
[2025-11-19 18:25:47] ? Found 62 expired bookings to cancel
[2025-11-19 18:25:47] ? Cancelled expired booking ID=6, Customer=1, Released 0 seats
[2025-11-19 18:25:47] ? Cancelled expired booking ID=7, Customer=1, Released 0 seats
[2025-11-19 18:25:47] ? Cancelled expired booking ID=8, Customer=1, Released 0 seats
[2025-11-19 18:25:47] ? Cancelled expired booking ID=9, Customer=1, Released 0 seats
[2025-11-19 18:25:47] ? Cancelled expired booking ID=10, Customer=1, Released 1 seats
[2025-11-19 18:25:47] ? Cancelled expired booking ID=11, Customer=1, Released 0 seats
[2025-11-19 18:25:47] ? Cancelled expired booking ID=12, Customer=1, Released 2 seats
[2025-11-19 18:25:47] ? Cancelled expired booking ID=13, Customer=1, Released 1 seats
[2025-11-19 18:25:47] ? Cancelled expired booking ID=14, Customer=1, Released 2 seats
[2025-11-19 18:25:47] ? Cancelled expired booking ID=15, Customer=1, Released 0 seats
[2025-11-19 18:25:47] ? Cancelled expired booking ID=16, Customer=1, Released 0 seats
[2025-11-19 18:25:47] ? Cancelled expired booking ID=17, Customer=1, Released 0 seats
[2025-11-19 18:25:47] ? Cancelled expired booking ID=18, Customer=1, Released 0 seats
[2025-11-19 18:25:47] ? Cancelled expired booking ID=19, Customer=1, Released 1 seats
[2025-11-19 18:25:47] ? Cancelled expired booking ID=20, Customer=1, Released 0 seats
[2025-11-19 18:25:47] ? Cancelled expired booking ID=21, Customer=1, Released 0 seats
[2025-11-19 18:25:47] ? Cancelled expired booking ID=22, Customer=1, Released 0 seats
[2025-11-19 18:25:47] ? Cancelled expired booking ID=23, Customer=1, Released 0 seats
[2025-11-19 18:25:47] ? Cancelled expired booking ID=24, Customer=1, Released 0 seats
[2025-11-19 18:25:47] ? Cancelled expired booking ID=25, Customer=1, Released 0 seats
[2025-11-19 18:25:47] ? Cancelled expired booking ID=26, Customer=1, Released 2 seats
[2025-11-19 18:25:47] ? Cancelled expired booking ID=27, Customer=1, Released 0 seats
[2025-11-19 18:25:47] ? Cancelled expired booking ID=28, Customer=1, Released 0 seats
[2025-11-19 18:25:47] ? Cancelled expired booking ID=29, Customer=1, Released 0 seats
[2025-11-19 18:25:47] ? Cancelled expired booking ID=30, Customer=1, Released 0 seats
[2025-11-19 18:25:47] ? Cancelled expired booking ID=31, Customer=1, Released 1 seats
[2025-11-19 18:25:47] ? Cancelled expired booking ID=32, Customer=1, Released 2 seats
[2025-11-19 18:25:47] ? Cancelled expired booking ID=33, Customer=1, Released 2 seats
[2025-11-19 18:25:47] ? Cancelled expired booking ID=34, Customer=1, Released 2 seats
[2025-11-19 18:25:47] ? Cancelled expired booking ID=35, Customer=1, Released 0 seats
[2025-11-19 18:25:47] ? Cancelled expired booking ID=36, Customer=1, Released 2 seats
[2025-11-19 18:25:47] ? Cancelled expired booking ID=37, Customer=1, Released 1 seats
[2025-11-19 18:25:47] ? Cancelled expired booking ID=38, Customer=1, Released 0 seats
[2025-11-19 18:25:47] ? Cancelled expired booking ID=39, Customer=1, Released 2 seats
[2025-11-19 18:25:47] ? Cancelled expired booking ID=40, Customer=1, Released 0 seats
[2025-11-19 18:25:47] ? Cancelled expired booking ID=41, Customer=1, Released 1 seats
[2025-11-19 18:25:47] ? Cancelled expired booking ID=42, Customer=1, Released 0 seats
[2025-11-19 18:25:47] ? Cancelled expired booking ID=58, Customer=1, Released 0 seats
[2025-11-19 18:25:47] ? Cancelled expired booking ID=64, Customer=1, Released 2 seats
[2025-11-19 18:25:47] ? Cancelled expired booking ID=65, Customer=1, Released 2 seats
[2025-11-19 18:25:47] ? Cancelled expired booking ID=67, Customer=1, Released 2 seats
[2025-11-19 18:25:47] ? Cancelled expired booking ID=68, Customer=1, Released 1 seats
[2025-11-19 18:25:47] ? Cancelled expired booking ID=69, Customer=1, Released 0 seats
[2025-11-19 18:25:47] ? Cancelled expired booking ID=75, Customer=1, Released 0 seats
[2025-11-19 18:25:47] ? Cancelled expired booking ID=76, Customer=1, Released 0 seats
[2025-11-19 18:25:47] ? Cancelled expired booking ID=77, Customer=1, Released 0 seats
[2025-11-19 18:25:47] ? Cancelled expired booking ID=78, Customer=1, Released 0 seats
[2025-11-19 18:25:47] ? Cancelled expired booking ID=79, Customer=1, Released 1 seats
[2025-11-19 18:25:47] ? Cancelled expired booking ID=80, Customer=1, Released 1 seats
[2025-11-19 18:25:47] ? Cancelled expired booking ID=81, Customer=1, Released 0 seats
[2025-11-19 18:25:47] ? Cancelled expired booking ID=82, Customer=1, Released 1 seats
[2025-11-19 18:25:47] ? Cancelled expired booking ID=83, Customer=1, Released 0 seats
[2025-11-19 18:25:47] ? Cancelled expired booking ID=84, Customer=1, Released 0 seats
[2025-11-19 18:25:47] ? Cancelled expired booking ID=85, Customer=1, Released 0 seats
[2025-11-19 18:25:47] ? Cancelled expired booking ID=86, Customer=1, Released 0 seats
[2025-11-19 18:25:47] ? Cancelled expired booking ID=87, Customer=1, Released 0 seats
[2025-11-19 18:25:47] ? Cancelled expired booking ID=88, Customer=1, Released 0 seats
[2025-11-19 18:25:47] ? Cancelled expired booking ID=89, Customer=1, Released 0 seats
[2025-11-19 18:25:47] ? Cancelled expired booking ID=90, Customer=1, Released 0 seats
[2025-11-19 18:25:47] ? Cancelled expired booking ID=92, Customer=2, Released 0 seats
[2025-11-19 18:25:47] ? Cancelled expired booking ID=95, Customer=1, Released 1 seats
[2025-11-19 18:25:47] ? Cancelled expired booking ID=96, Customer=1, Released 1 seats
[2025-11-19 18:26:48] ? Found 62 expired bookings to cancel
[2025-11-19 18:26:48] ? Cancelled expired booking ID=6, Customer=1, Released 0 seats
[2025-11-19 18:26:48] ? Cancelled expired booking ID=7, Customer=1, Released 0 seats
[2025-11-19 18:26:48] ? Cancelled expired booking ID=8, Customer=1, Released 0 seats
[2025-11-19 18:26:48] ? Cancelled expired booking ID=9, Customer=1, Released 0 seats
[2025-11-19 18:26:48] ? Cancelled expired booking ID=10, Customer=1, Released 1 seats
[2025-11-19 18:26:48] ? Cancelled expired booking ID=11, Customer=1, Released 0 seats
[2025-11-19 18:26:48] ? Cancelled expired booking ID=12, Customer=1, Released 2 seats
[2025-11-19 18:26:48] ? Cancelled expired booking ID=13, Customer=1, Released 1 seats
[2025-11-19 18:26:48] ? Cancelled expired booking ID=14, Customer=1, Released 2 seats
[2025-11-19 18:26:48] ? Cancelled expired booking ID=15, Customer=1, Released 0 seats
[2025-11-19 18:26:48] ? Cancelled expired booking ID=16, Customer=1, Released 0 seats
[2025-11-19 18:26:48] ? Cancelled expired booking ID=17, Customer=1, Released 0 seats
[2025-11-19 18:26:48] ? Cancelled expired booking ID=18, Customer=1, Released 0 seats
[2025-11-19 18:26:48] ? Cancelled expired booking ID=19, Customer=1, Released 1 seats
[2025-11-19 18:26:48] ? Cancelled expired booking ID=20, Customer=1, Released 0 seats
[2025-11-19 18:26:48] ? Cancelled expired booking ID=21, Customer=1, Released 0 seats
[2025-11-19 18:26:48] ? Cancelled expired booking ID=22, Customer=1, Released 0 seats
[2025-11-19 18:26:48] ? Cancelled expired booking ID=23, Customer=1, Released 0 seats
[2025-11-19 18:26:48] ? Cancelled expired booking ID=24, Customer=1, Released 0 seats
[2025-11-19 18:26:48] ? Cancelled expired booking ID=25, Customer=1, Released 0 seats
[2025-11-19 18:26:48] ? Cancelled expired booking ID=26, Customer=1, Released 2 seats
[2025-11-19 18:26:48] ? Cancelled expired booking ID=27, Customer=1, Released 0 seats
[2025-11-19 18:26:48] ? Cancelled expired booking ID=28, Customer=1, Released 0 seats
[2025-11-19 18:26:48] ? Cancelled expired booking ID=29, Customer=1, Released 0 seats
[2025-11-19 18:26:48] ? Cancelled expired booking ID=30, Customer=1, Released 0 seats
[2025-11-19 18:26:48] ? Cancelled expired booking ID=31, Customer=1, Released 1 seats
[2025-11-19 18:26:48] ? Cancelled expired booking ID=32, Customer=1, Released 2 seats
[2025-11-19 18:26:48] ? Cancelled expired booking ID=33, Customer=1, Released 2 seats
[2025-11-19 18:26:48] ? Cancelled expired booking ID=34, Customer=1, Released 2 seats
[2025-11-19 18:26:48] ? Cancelled expired booking ID=35, Customer=1, Released 0 seats
[2025-11-19 18:26:48] ? Cancelled expired booking ID=36, Customer=1, Released 2 seats
[2025-11-19 18:26:48] ? Cancelled expired booking ID=37, Customer=1, Released 1 seats
[2025-11-19 18:26:48] ? Cancelled expired booking ID=38, Customer=1, Released 0 seats
[2025-11-19 18:26:48] ? Cancelled expired booking ID=39, Customer=1, Released 2 seats
[2025-11-19 18:26:48] ? Cancelled expired booking ID=40, Customer=1, Released 0 seats
[2025-11-19 18:26:48] ? Cancelled expired booking ID=41, Customer=1, Released 1 seats
[2025-11-19 18:26:48] ? Cancelled expired booking ID=42, Customer=1, Released 0 seats
[2025-11-19 18:26:48] ? Cancelled expired booking ID=58, Customer=1, Released 0 seats
[2025-11-19 18:26:48] ? Cancelled expired booking ID=64, Customer=1, Released 2 seats
[2025-11-19 18:26:48] ? Cancelled expired booking ID=65, Customer=1, Released 2 seats
[2025-11-19 18:26:48] ? Cancelled expired booking ID=67, Customer=1, Released 2 seats
[2025-11-19 18:26:48] ? Cancelled expired booking ID=68, Customer=1, Released 1 seats
[2025-11-19 18:26:48] ? Cancelled expired booking ID=69, Customer=1, Released 0 seats
[2025-11-19 18:26:48] ? Cancelled expired booking ID=75, Customer=1, Released 0 seats
[2025-11-19 18:26:48] ? Cancelled expired booking ID=76, Customer=1, Released 0 seats
[2025-11-19 18:26:48] ? Cancelled expired booking ID=77, Customer=1, Released 0 seats
[2025-11-19 18:26:48] ? Cancelled expired booking ID=78, Customer=1, Released 0 seats
[2025-11-19 18:26:48] ? Cancelled expired booking ID=79, Customer=1, Released 1 seats
[2025-11-19 18:26:48] ? Cancelled expired booking ID=80, Customer=1, Released 1 seats
[2025-11-19 18:26:48] ? Cancelled expired booking ID=81, Customer=1, Released 0 seats
[2025-11-19 18:26:48] ? Cancelled expired booking ID=82, Customer=1, Released 1 seats
[2025-11-19 18:26:48] ? Cancelled expired booking ID=83, Customer=1, Released 0 seats
[2025-11-19 18:26:48] ? Cancelled expired booking ID=84, Customer=1, Released 0 seats
[2025-11-19 18:26:48] ? Cancelled expired booking ID=85, Customer=1, Released 0 seats
[2025-11-19 18:26:48] ? Cancelled expired booking ID=86, Customer=1, Released 0 seats
[2025-11-19 18:26:48] ? Cancelled expired booking ID=87, Customer=1, Released 0 seats
[2025-11-19 18:26:48] ? Cancelled expired booking ID=88, Customer=1, Released 0 seats
[2025-11-19 18:26:48] ? Cancelled expired booking ID=89, Customer=1, Released 0 seats
[2025-11-19 18:26:48] ? Cancelled expired booking ID=90, Customer=1, Released 0 seats
[2025-11-19 18:26:48] ? Cancelled expired booking ID=92, Customer=2, Released 0 seats
[2025-11-19 18:26:48] ? Cancelled expired booking ID=95, Customer=1, Released 1 seats
[2025-11-19 18:26:48] ? Cancelled expired booking ID=96, Customer=1, Released 1 seats
[2025-11-19 18:27:48] ? Found 62 expired bookings to cancel
[2025-11-19 18:27:48] ? Cancelled expired booking ID=6, Customer=1, Released 0 seats
[2025-11-19 18:27:48] ? Cancelled expired booking ID=7, Customer=1, Released 0 seats
[2025-11-19 18:27:48] ? Cancelled expired booking ID=8, Customer=1, Released 0 seats
[2025-11-19 18:27:48] ? Cancelled expired booking ID=9, Customer=1, Released 0 seats
[2025-11-19 18:27:48] ? Cancelled expired booking ID=10, Customer=1, Released 1 seats
[2025-11-19 18:27:48] ? Cancelled expired booking ID=11, Customer=1, Released 0 seats
[2025-11-19 18:27:48] ? Cancelled expired booking ID=12, Customer=1, Released 2 seats
[2025-11-19 18:27:48] ? Cancelled expired booking ID=13, Customer=1, Released 1 seats
[2025-11-19 18:27:48] ? Cancelled expired booking ID=14, Customer=1, Released 2 seats
[2025-11-19 18:27:48] ? Cancelled expired booking ID=15, Customer=1, Released 0 seats
[2025-11-19 18:27:48] ? Cancelled expired booking ID=16, Customer=1, Released 0 seats
[2025-11-19 18:27:48] ? Cancelled expired booking ID=17, Customer=1, Released 0 seats
[2025-11-19 18:27:48] ? Cancelled expired booking ID=18, Customer=1, Released 0 seats
[2025-11-19 18:27:48] ? Cancelled expired booking ID=19, Customer=1, Released 1 seats
[2025-11-19 18:27:48] ? Cancelled expired booking ID=20, Customer=1, Released 0 seats
[2025-11-19 18:27:48] ? Cancelled expired booking ID=21, Customer=1, Released 0 seats
[2025-11-19 18:27:48] ? Cancelled expired booking ID=22, Customer=1, Released 0 seats
[2025-11-19 18:27:48] ? Cancelled expired booking ID=23, Customer=1, Released 0 seats
[2025-11-19 18:27:48] ? Cancelled expired booking ID=24, Customer=1, Released 0 seats
[2025-11-19 18:27:48] ? Cancelled expired booking ID=25, Customer=1, Released 0 seats
[2025-11-19 18:27:48] ? Cancelled expired booking ID=26, Customer=1, Released 2 seats
[2025-11-19 18:27:48] ? Cancelled expired booking ID=27, Customer=1, Released 0 seats
[2025-11-19 18:27:48] ? Cancelled expired booking ID=28, Customer=1, Released 0 seats
[2025-11-19 18:27:48] ? Cancelled expired booking ID=29, Customer=1, Released 0 seats
[2025-11-19 18:27:48] ? Cancelled expired booking ID=30, Customer=1, Released 0 seats
[2025-11-19 18:27:48] ? Cancelled expired booking ID=31, Customer=1, Released 1 seats
[2025-11-19 18:27:48] ? Cancelled expired booking ID=32, Customer=1, Released 2 seats
[2025-11-19 18:27:48] ? Cancelled expired booking ID=33, Customer=1, Released 2 seats
[2025-11-19 18:27:48] ? Cancelled expired booking ID=34, Customer=1, Released 2 seats
[2025-11-19 18:27:48] ? Cancelled expired booking ID=35, Customer=1, Released 0 seats
[2025-11-19 18:27:48] ? Cancelled expired booking ID=36, Customer=1, Released 2 seats
[2025-11-19 18:27:48] ? Cancelled expired booking ID=37, Customer=1, Released 1 seats
[2025-11-19 18:27:48] ? Cancelled expired booking ID=38, Customer=1, Released 0 seats
[2025-11-19 18:27:48] ? Cancelled expired booking ID=39, Customer=1, Released 2 seats
[2025-11-19 18:27:48] ? Cancelled expired booking ID=40, Customer=1, Released 0 seats
[2025-11-19 18:27:48] ? Cancelled expired booking ID=41, Customer=1, Released 1 seats
[2025-11-19 18:27:48] ? Cancelled expired booking ID=42, Customer=1, Released 0 seats
[2025-11-19 18:27:48] ? Cancelled expired booking ID=58, Customer=1, Released 0 seats
[2025-11-19 18:27:48] ? Cancelled expired booking ID=64, Customer=1, Released 2 seats
[2025-11-19 18:27:48] ? Cancelled expired booking ID=65, Customer=1, Released 2 seats
[2025-11-19 18:27:48] ? Cancelled expired booking ID=67, Customer=1, Released 2 seats
[2025-11-19 18:27:48] ? Cancelled expired booking ID=68, Customer=1, Released 1 seats
[2025-11-19 18:27:48] ? Cancelled expired booking ID=69, Customer=1, Released 0 seats
[2025-11-19 18:27:48] ? Cancelled expired booking ID=75, Customer=1, Released 0 seats
[2025-11-19 18:27:48] ? Cancelled expired booking ID=76, Customer=1, Released 0 seats
[2025-11-19 18:27:48] ? Cancelled expired booking ID=77, Customer=1, Released 0 seats
[2025-11-19 18:27:48] ? Cancelled expired booking ID=78, Customer=1, Released 0 seats
[2025-11-19 18:27:48] ? Cancelled expired booking ID=79, Customer=1, Released 1 seats
[2025-11-19 18:27:48] ? Cancelled expired booking ID=80, Customer=1, Released 1 seats
[2025-11-19 18:27:48] ? Cancelled expired booking ID=81, Customer=1, Released 0 seats
[2025-11-19 18:27:48] ? Cancelled expired booking ID=82, Customer=1, Released 1 seats
[2025-11-19 18:27:48] ? Cancelled expired booking ID=83, Customer=1, Released 0 seats
[2025-11-19 18:27:48] ? Cancelled expired booking ID=84, Customer=1, Released 0 seats
[2025-11-19 18:27:48] ? Cancelled expired booking ID=85, Customer=1, Released 0 seats
[2025-11-19 18:27:48] ? Cancelled expired booking ID=86, Customer=1, Released 0 seats
[2025-11-19 18:27:48] ? Cancelled expired booking ID=87, Customer=1, Released 0 seats
[2025-11-19 18:27:48] ? Cancelled expired booking ID=88, Customer=1, Released 0 seats
[2025-11-19 18:27:48] ? Cancelled expired booking ID=89, Customer=1, Released 0 seats
[2025-11-19 18:27:48] ? Cancelled expired booking ID=90, Customer=1, Released 0 seats
[2025-11-19 18:27:48] ? Cancelled expired booking ID=92, Customer=2, Released 0 seats
[2025-11-19 18:27:48] ? Cancelled expired booking ID=95, Customer=1, Released 1 seats
[2025-11-19 18:27:48] ? Cancelled expired booking ID=96, Customer=1, Released 1 seats
[2025-11-19 18:28:01] SelectSeats (Fresh DB): showtime=10, paidBookings=27, bookedCount=21
[2025-11-19 18:28:01] Booked seat ids: 102,104,111,112,116,117,121,126,127,131,136,137,141,151,165,166,168,169,186,187,105
[2025-11-19 18:28:11] ✅ Tạo Dat_Ve mới: ID=97, Trạng thái=Chưa thanh toán
[2025-11-19 18:28:11] ✅ Sinh QR code: DAVCINEMA-97-211-638991736910482529 -> qr_DAVCINEMA-97-211-638991736910482529.png
[2025-11-19 18:28:11] ✅ Cập nhật Dat_Ve: ID=97, Tổng tiền=125000,00, Vé=1, Đồ ăn=0
[2025-11-19 18:28:11] ✅ QR Code URL (new format) generated: https://img.vietqr.io/image/VCB-1031419192-compact2.png?amount=125000&addInfo=DatVe97
[2025-11-19 18:28:11] 🔍 KM004 Start: foodItemsJson=exist
[2025-11-19 18:28:11]   → Parsed 1 food items
[2025-11-19 18:28:11] ✅ KM004 Complete: hasCombo=False
[2025-11-19 18:28:48] ? Found 62 expired bookings to cancel
[2025-11-19 18:28:48] ? Cancelled expired booking ID=6, Customer=1, Released 0 seats
[2025-11-19 18:28:48] ? Cancelled expired booking ID=7, Customer=1, Released 0 seats
[2025-11-19 18:28:48] ? Cancelled expired booking ID=8, Customer=1, Released 0 seats
[2025-11-19 18:28:48] ? Cancelled expired booking ID=9, Customer=1, Released 0 seats
[2025-11-19 18:28:48] ? Cancelled expired booking ID=10, Customer=1, Released 1 seats
[2025-11-19 18:28:48] ? Cancelled expired booking ID=11, Customer=1, Released 0 seats
[2025-11-19 18:28:48] ? Cancelled expired booking ID=12, Customer=1, Released 2 seats
[2025-11-19 18:28:48] ? Cancelled expired booking ID=13, Customer=1, Released 1 seats
[2025-11-19 18:28:48] ? Cancelled expired booking ID=14, Customer=1, Released 2 seats
[2025-11-19 18:28:48] ? Cancelled expired booking ID=15, Customer=1, Released 0 seats
[2025-11-19 18:28:48] ? Cancelled expired booking ID=16, Customer=1, Released 0 seats
[2025-11-19 18:28:48] ? Cancelled expired booking ID=17, Customer=1, Released 0 seats
[2025-11-19 18:28:48] ? Cancelled expired booking ID=18, Customer=1, Released 0 seats
[2025-11-19 18:28:48] ? Cancelled expired booking ID=19, Customer=1, Released 1 seats
[2025-11-19 18:28:48] ? Cancelled expired booking ID=20, Customer=1, Released 0 seats
[2025-11-19 18:28:48] ? Cancelled expired booking ID=21, Customer=1, Released 0 seats
[2025-11-19 18:28:48] ? Cancelled expired booking ID=22, Customer=1, Released 0 seats
[2025-11-19 18:28:48] ? Cancelled expired booking ID=23, Customer=1, Released 0 seats
[2025-11-19 18:28:48] ? Cancelled expired booking ID=24, Customer=1, Released 0 seats
[2025-11-19 18:28:48] ? Cancelled expired booking ID=25, Customer=1, Released 0 seats
[2025-11-19 18:28:48] ? Cancelled expired booking ID=26, Customer=1, Released 2 seats
[2025-11-19 18:28:48] ? Cancelled expired booking ID=27, Customer=1, Released 0 seats
[2025-11-19 18:28:48] ? Cancelled expired booking ID=28, Customer=1, Released 0 seats
[2025-11-19 18:28:48] ? Cancelled expired booking ID=29, Customer=1, Released 0 seats
[2025-11-19 18:28:48] ? Cancelled expired booking ID=30, Customer=1, Released 0 seats
[2025-11-19 18:28:48] ? Cancelled expired booking ID=31, Customer=1, Released 1 seats
[2025-11-19 18:28:48] ? Cancelled expired booking ID=32, Customer=1, Released 2 seats
[2025-11-19 18:28:48] ? Cancelled expired booking ID=33, Customer=1, Released 2 seats
[2025-11-19 18:28:48] ? Cancelled expired booking ID=34, Customer=1, Released 2 seats
[2025-11-19 18:28:48] ? Cancelled expired booking ID=35, Customer=1, Released 0 seats
[2025-11-19 18:28:48] ? Cancelled expired booking ID=36, Customer=1, Released 2 seats
[2025-11-19 18:28:48] ? Cancelled expired booking ID=37, Customer=1, Released 1 seats
[2025-11-19 18:28:48] ? Cancelled expired booking ID=38, Customer=1, Released 0 seats
[2025-11-19 18:28:48] ? Cancelled expired booking ID=39, Customer=1, Released 2 seats
[2025-11-19 18:28:48] ? Cancelled expired booking ID=40, Customer=1, Released 0 seats
[2025-11-19 18:28:48] ? Cancelled expired booking ID=41, Customer=1, Released 1 seats
[2025-11-19 18:28:48] ? Cancelled expired booking ID=42, Customer=1, Released 0 seats
[2025-11-19 18:28:48] ? Cancelled expired booking ID=58, Customer=1, Released 0 seats
[2025-11-19 18:28:48] ? Cancelled expired booking ID=64, Customer=1, Released 2 seats
[2025-11-19 18:28:48] ? Cancelled expired booking ID=65, Customer=1, Released 2 seats
[2025-11-19 18:28:48] ? Cancelled expired booking ID=67, Customer=1, Released 2 seats
[2025-11-19 18:28:48] ? Cancelled expired booking ID=68, Customer=1, Released 1 seats
[2025-11-19 18:28:48] ? Cancelled expired booking ID=69, Customer=1, Released 0 seats
[2025-11-19 18:28:48] ? Cancelled expired booking ID=75, Customer=1, Released 0 seats
[2025-11-19 18:28:48] ? Cancelled expired booking ID=76, Customer=1, Released 0 seats
[2025-11-19 18:28:48] ? Cancelled expired booking ID=77, Customer=1, Released 0 seats
[2025-11-19 18:28:48] ? Cancelled expired booking ID=78, Customer=1, Released 0 seats
[2025-11-19 18:28:48] ? Cancelled expired booking ID=79, Customer=1, Released 1 seats
[2025-11-19 18:28:48] ? Cancelled expired booking ID=80, Customer=1, Released 1 seats
[2025-11-19 18:28:48] ? Cancelled expired booking ID=81, Customer=1, Released 0 seats
[2025-11-19 18:28:48] ? Cancelled expired booking ID=82, Customer=1, Released 1 seats
[2025-11-19 18:28:48] ? Cancelled expired booking ID=83, Customer=1, Released 0 seats
[2025-11-19 18:28:48] ? Cancelled expired booking ID=84, Customer=1, Released 0 seats
[2025-11-19 18:28:48] ? Cancelled expired booking ID=85, Customer=1, Released 0 seats
[2025-11-19 18:28:48] ? Cancelled expired booking ID=86, Customer=1, Released 0 seats
[2025-11-19 18:28:48] ? Cancelled expired booking ID=87, Customer=1, Released 0 seats
[2025-11-19 18:28:48] ? Cancelled expired booking ID=88, Customer=1, Released 0 seats
[2025-11-19 18:28:48] ? Cancelled expired booking ID=89, Customer=1, Released 0 seats
[2025-11-19 18:28:48] ? Cancelled expired booking ID=90, Customer=1, Released 0 seats
[2025-11-19 18:28:48] ? Cancelled expired booking ID=92, Customer=2, Released 0 seats
[2025-11-19 18:28:48] ? Cancelled expired booking ID=95, Customer=1, Released 1 seats
[2025-11-19 18:28:48] ? Cancelled expired booking ID=96, Customer=1, Released 0 seats
[2025-11-19 18:29:48] ? Found 62 expired bookings to cancel
[2025-11-19 18:29:48] ? Cancelled expired booking ID=6, Customer=1, Released 0 seats
[2025-11-19 18:29:48] ? Cancelled expired booking ID=7, Customer=1, Released 0 seats
[2025-11-19 18:29:48] ? Cancelled expired booking ID=8, Customer=1, Released 0 seats
[2025-11-19 18:29:48] ? Cancelled expired booking ID=9, Customer=1, Released 0 seats
[2025-11-19 18:29:48] ? Cancelled expired booking ID=10, Customer=1, Released 1 seats
[2025-11-19 18:29:48] ? Cancelled expired booking ID=11, Customer=1, Released 0 seats
[2025-11-19 18:29:48] ? Cancelled expired booking ID=12, Customer=1, Released 2 seats
[2025-11-19 18:29:48] ? Cancelled expired booking ID=13, Customer=1, Released 1 seats
[2025-11-19 18:29:48] ? Cancelled expired booking ID=14, Customer=1, Released 2 seats
[2025-11-19 18:29:48] ? Cancelled expired booking ID=15, Customer=1, Released 0 seats
[2025-11-19 18:29:48] ? Cancelled expired booking ID=16, Customer=1, Released 0 seats
[2025-11-19 18:29:48] ? Cancelled expired booking ID=17, Customer=1, Released 0 seats
[2025-11-19 18:29:48] ? Cancelled expired booking ID=18, Customer=1, Released 0 seats
[2025-11-19 18:29:48] ? Cancelled expired booking ID=19, Customer=1, Released 1 seats
[2025-11-19 18:29:48] ? Cancelled expired booking ID=20, Customer=1, Released 0 seats
[2025-11-19 18:29:48] ? Cancelled expired booking ID=21, Customer=1, Released 0 seats
[2025-11-19 18:29:48] ? Cancelled expired booking ID=22, Customer=1, Released 0 seats
[2025-11-19 18:29:48] ? Cancelled expired booking ID=23, Customer=1, Released 0 seats
[2025-11-19 18:29:48] ? Cancelled expired booking ID=24, Customer=1, Released 0 seats
[2025-11-19 18:29:48] ? Cancelled expired booking ID=25, Customer=1, Released 0 seats
[2025-11-19 18:29:48] ? Cancelled expired booking ID=26, Customer=1, Released 2 seats
[2025-11-19 18:29:48] ? Cancelled expired booking ID=27, Customer=1, Released 0 seats
[2025-11-19 18:29:48] ? Cancelled expired booking ID=28, Customer=1, Released 0 seats
[2025-11-19 18:29:48] ? Cancelled expired booking ID=29, Customer=1, Released 0 seats
[2025-11-19 18:29:48] ? Cancelled expired booking ID=30, Customer=1, Released 0 seats
[2025-11-19 18:29:48] ? Cancelled expired booking ID=31, Customer=1, Released 1 seats
[2025-11-19 18:29:48] ? Cancelled expired booking ID=32, Customer=1, Released 2 seats
[2025-11-19 18:29:48] ? Cancelled expired booking ID=33, Customer=1, Released 2 seats
[2025-11-19 18:29:48] ? Cancelled expired booking ID=34, Customer=1, Released 2 seats
[2025-11-19 18:29:48] ? Cancelled expired booking ID=35, Customer=1, Released 0 seats
[2025-11-19 18:29:48] ? Cancelled expired booking ID=36, Customer=1, Released 2 seats
[2025-11-19 18:29:48] ? Cancelled expired booking ID=37, Customer=1, Released 1 seats
[2025-11-19 18:29:48] ? Cancelled expired booking ID=38, Customer=1, Released 0 seats
[2025-11-19 18:29:48] ? Cancelled expired booking ID=39, Customer=1, Released 2 seats
[2025-11-19 18:29:48] ? Cancelled expired booking ID=40, Customer=1, Released 0 seats
[2025-11-19 18:29:48] ? Cancelled expired booking ID=41, Customer=1, Released 1 seats
[2025-11-19 18:29:48] ? Cancelled expired booking ID=42, Customer=1, Released 0 seats
[2025-11-19 18:29:48] ? Cancelled expired booking ID=58, Customer=1, Released 0 seats
[2025-11-19 18:29:48] ? Cancelled expired booking ID=64, Customer=1, Released 2 seats
[2025-11-19 18:29:48] ? Cancelled expired booking ID=65, Customer=1, Released 2 seats
[2025-11-19 18:29:48] ? Cancelled expired booking ID=67, Customer=1, Released 2 seats
[2025-11-19 18:29:48] ? Cancelled expired booking ID=68, Customer=1, Released 1 seats
[2025-11-19 18:29:48] ? Cancelled expired booking ID=69, Customer=1, Released 0 seats
[2025-11-19 18:29:48] ? Cancelled expired booking ID=75, Customer=1, Released 0 seats
[2025-11-19 18:29:48] ? Cancelled expired booking ID=76, Customer=1, Released 0 seats
[2025-11-19 18:29:48] ? Cancelled expired booking ID=77, Customer=1, Released 0 seats
[2025-11-19 18:29:48] ? Cancelled expired booking ID=78, Customer=1, Released 0 seats
[2025-11-19 18:29:48] ? Cancelled expired booking ID=79, Customer=1, Released 1 seats
[2025-11-19 18:29:48] ? Cancelled expired booking ID=80, Customer=1, Released 1 seats
[2025-11-19 18:29:48] ? Cancelled expired booking ID=81, Customer=1, Released 0 seats
[2025-11-19 18:29:48] ? Cancelled expired booking ID=82, Customer=1, Released 1 seats
[2025-11-19 18:29:48] ? Cancelled expired booking ID=83, Customer=1, Released 0 seats
[2025-11-19 18:29:48] ? Cancelled expired booking ID=84, Customer=1, Released 0 seats
[2025-11-19 18:29:48] ? Cancelled expired booking ID=85, Customer=1, Released 0 seats
[2025-11-19 18:29:48] ? Cancelled expired booking ID=86, Customer=1, Released 0 seats
[2025-11-19 18:29:48] ? Cancelled expired booking ID=87, Customer=1, Released 0 seats
[2025-11-19 18:29:48] ? Cancelled expired booking ID=88, Customer=1, Released 0 seats
[2025-11-19 18:29:48] ? Cancelled expired booking ID=89, Customer=1, Released 0 seats
[2025-11-19 18:29:48] ? Cancelled expired booking ID=90, Customer=1, Released 0 seats
[2025-11-19 18:29:48] ? Cancelled expired booking ID=92, Customer=2, Released 0 seats
[2025-11-19 18:29:48] ? Cancelled expired booking ID=95, Customer=1, Released 1 seats
[2025-11-19 18:29:48] ? Cancelled expired booking ID=96, Customer=1, Released 0 seats
[2025-11-19 18:30:48] ? Found 62 expired bookings to cancel
[2025-11-19 18:30:48] ? Cancelled expired booking ID=6, Customer=1, Released 0 seats
[2025-11-19 18:30:48] ? Cancelled expired booking ID=7, Customer=1, Released 0 seats
[2025-11-19 18:30:48] ? Cancelled expired booking ID=8, Customer=1, Released 0 seats
[2025-11-19 18:30:48] ? Cancelled expired booking ID=9, Customer=1, Released 0 seats
[2025-11-19 18:30:48] ? Cancelled expired booking ID=10, Customer=1, Released 1 seats
[2025-11-19 18:30:48] ? Cancelled expired booking ID=11, Customer=1, Released 0 seats
[2025-11-19 18:30:48] ? Cancelled expired booking ID=12, Customer=1, Released 2 seats
[2025-11-19 18:30:48] ? Cancelled expired booking ID=13, Customer=1, Released 1 seats
[2025-11-19 18:30:48] ? Cancelled expired booking ID=14, Customer=1, Released 2 seats
[2025-11-19 18:30:48] ? Cancelled expired booking ID=15, Customer=1, Released 0 seats
[2025-11-19 18:30:48] ? Cancelled expired booking ID=16, Customer=1, Released 0 seats
[2025-11-19 18:30:48] ? Cancelled expired booking ID=17, Customer=1, Released 0 seats
[2025-11-19 18:30:48] ? Cancelled expired booking ID=18, Customer=1, Released 0 seats
[2025-11-19 18:30:48] ? Cancelled expired booking ID=19, Customer=1, Released 1 seats
[2025-11-19 18:30:48] ? Cancelled expired booking ID=20, Customer=1, Released 0 seats
[2025-11-19 18:30:48] ? Cancelled expired booking ID=21, Customer=1, Released 0 seats
[2025-11-19 18:30:48] ? Cancelled expired booking ID=22, Customer=1, Released 0 seats
[2025-11-19 18:30:48] ? Cancelled expired booking ID=23, Customer=1, Released 0 seats
[2025-11-19 18:30:48] ? Cancelled expired booking ID=24, Customer=1, Released 0 seats
[2025-11-19 18:30:48] ? Cancelled expired booking ID=25, Customer=1, Released 0 seats
[2025-11-19 18:30:48] ? Cancelled expired booking ID=26, Customer=1, Released 2 seats
[2025-11-19 18:30:48] ? Cancelled expired booking ID=27, Customer=1, Released 0 seats
[2025-11-19 18:30:48] ? Cancelled expired booking ID=28, Customer=1, Released 0 seats
[2025-11-19 18:30:48] ? Cancelled expired booking ID=29, Customer=1, Released 0 seats
[2025-11-19 18:30:48] ? Cancelled expired booking ID=30, Customer=1, Released 0 seats
[2025-11-19 18:30:48] ? Cancelled expired booking ID=31, Customer=1, Released 1 seats
[2025-11-19 18:30:48] ? Cancelled expired booking ID=32, Customer=1, Released 2 seats
[2025-11-19 18:30:48] ? Cancelled expired booking ID=33, Customer=1, Released 2 seats
[2025-11-19 18:30:48] ? Cancelled expired booking ID=34, Customer=1, Released 2 seats
[2025-11-19 18:30:48] ? Cancelled expired booking ID=35, Customer=1, Released 0 seats
[2025-11-19 18:30:48] ? Cancelled expired booking ID=36, Customer=1, Released 2 seats
[2025-11-19 18:30:48] ? Cancelled expired booking ID=37, Customer=1, Released 1 seats
[2025-11-19 18:30:48] ? Cancelled expired booking ID=38, Customer=1, Released 0 seats
[2025-11-19 18:30:48] ? Cancelled expired booking ID=39, Customer=1, Released 2 seats
[2025-11-19 18:30:48] ? Cancelled expired booking ID=40, Customer=1, Released 0 seats
[2025-11-19 18:30:48] ? Cancelled expired booking ID=41, Customer=1, Released 1 seats
[2025-11-19 18:30:48] ? Cancelled expired booking ID=42, Customer=1, Released 0 seats
[2025-11-19 18:30:48] ? Cancelled expired booking ID=58, Customer=1, Released 0 seats
[2025-11-19 18:30:48] ? Cancelled expired booking ID=64, Customer=1, Released 2 seats
[2025-11-19 18:30:48] ? Cancelled expired booking ID=65, Customer=1, Released 2 seats
[2025-11-19 18:30:48] ? Cancelled expired booking ID=67, Customer=1, Released 2 seats
[2025-11-19 18:30:48] ? Cancelled expired booking ID=68, Customer=1, Released 1 seats
[2025-11-19 18:30:48] ? Cancelled expired booking ID=69, Customer=1, Released 0 seats
[2025-11-19 18:30:48] ? Cancelled expired booking ID=75, Customer=1, Released 0 seats
[2025-11-19 18:30:48] ? Cancelled expired booking ID=76, Customer=1, Released 0 seats
[2025-11-19 18:30:48] ? Cancelled expired booking ID=77, Customer=1, Released 0 seats
[2025-11-19 18:30:48] ? Cancelled expired booking ID=78, Customer=1, Released 0 seats
[2025-11-19 18:30:48] ? Cancelled expired booking ID=79, Customer=1, Released 1 seats
[2025-11-19 18:30:48] ? Cancelled expired booking ID=80, Customer=1, Released 1 seats
[2025-11-19 18:30:48] ? Cancelled expired booking ID=81, Customer=1, Released 0 seats
[2025-11-19 18:30:48] ? Cancelled expired booking ID=82, Customer=1, Released 1 seats
[2025-11-19 18:30:48] ? Cancelled expired booking ID=83, Customer=1, Released 0 seats
[2025-11-19 18:30:48] ? Cancelled expired booking ID=84, Customer=1, Released 0 seats
[2025-11-19 18:30:48] ? Cancelled expired booking ID=85, Customer=1, Released 0 seats
[2025-11-19 18:30:48] ? Cancelled expired booking ID=86, Customer=1, Released 0 seats
[2025-11-19 18:30:48] ? Cancelled expired booking ID=87, Customer=1, Released 0 seats
[2025-11-19 18:30:48] ? Cancelled expired booking ID=88, Customer=1, Released 0 seats
[2025-11-19 18:30:48] ? Cancelled expired booking ID=89, Customer=1, Released 0 seats
[2025-11-19 18:30:48] ? Cancelled expired booking ID=90, Customer=1, Released 0 seats
[2025-11-19 18:30:48] ? Cancelled expired booking ID=92, Customer=2, Released 0 seats
[2025-11-19 18:30:48] ? Cancelled expired booking ID=95, Customer=1, Released 1 seats
[2025-11-19 18:30:48] ? Cancelled expired booking ID=96, Customer=1, Released 0 seats
[2025-11-19 18:31:35] SelectSeats (Fresh DB): showtime=10, paidBookings=27, bookedCount=21
[2025-11-19 18:31:35] Booked seat ids: 102,104,111,112,116,117,121,126,127,131,136,137,141,151,165,166,168,169,186,187,105
[2025-11-19 18:34:13] ? BookingExpirationService started
[2025-11-19 18:34:23] SelectSeats (Fresh DB): showtime=10, paidBookings=27, bookedCount=21
[2025-11-19 18:34:23] Booked seat ids: 102,104,111,112,116,117,121,126,127,131,136,137,141,151,165,166,168,169,186,187,105
[2025-11-19 18:34:30] ✅ Tạo Dat_Ve mới: ID=98, Trạng thái=Chưa thanh toán
[2025-11-19 18:34:30] ✅ Sinh QR code: DAVCINEMA-98-211-638991740702497194 -> qr_DAVCINEMA-98-211-638991740702497194.png
[2025-11-19 18:34:30] ✅ Cập nhật Dat_Ve: ID=98, Tổng tiền=125000,00, Vé=1, Đồ ăn=0
[2025-11-19 18:34:30] ✅ QR Code URL (new format) generated: https://img.vietqr.io/image/VCB-1031419192-compact2.png?amount=125000&addInfo=DatVe98
[2025-11-19 18:34:30] 🔍 KM004 Start: foodItemsJson=exist
[2025-11-19 18:34:30]   → Parsed 1 food items
[2025-11-19 18:34:30] ✅ KM004 Complete: hasCombo=False
[2025-11-19 18:35:13] ? Found 62 expired bookings to cancel
[2025-11-19 18:35:13] ? Cancelled expired booking ID=6, Customer=1, Released 0 seats
[2025-11-19 18:35:13] ? Cancelled expired booking ID=7, Customer=1, Released 0 seats
[2025-11-19 18:35:13] ? Cancelled expired booking ID=8, Customer=1, Released 0 seats
[2025-11-19 18:35:13] ? Cancelled expired booking ID=9, Customer=1, Released 0 seats
[2025-11-19 18:35:13] ? Cancelled expired booking ID=10, Customer=1, Released 1 seats
[2025-11-19 18:35:13] ? Cancelled expired booking ID=11, Customer=1, Released 0 seats
[2025-11-19 18:35:13] ? Cancelled expired booking ID=12, Customer=1, Released 2 seats
[2025-11-19 18:35:13] ? Cancelled expired booking ID=13, Customer=1, Released 1 seats
[2025-11-19 18:35:13] ? Cancelled expired booking ID=14, Customer=1, Released 2 seats
[2025-11-19 18:35:13] ? Cancelled expired booking ID=15, Customer=1, Released 0 seats
[2025-11-19 18:35:13] ? Cancelled expired booking ID=16, Customer=1, Released 0 seats
[2025-11-19 18:35:13] ? Cancelled expired booking ID=17, Customer=1, Released 0 seats
[2025-11-19 18:35:13] ? Cancelled expired booking ID=18, Customer=1, Released 0 seats
[2025-11-19 18:35:13] ? Cancelled expired booking ID=19, Customer=1, Released 1 seats
[2025-11-19 18:35:13] ? Cancelled expired booking ID=20, Customer=1, Released 0 seats
[2025-11-19 18:35:13] ? Cancelled expired booking ID=21, Customer=1, Released 0 seats
[2025-11-19 18:35:13] ? Cancelled expired booking ID=22, Customer=1, Released 0 seats
[2025-11-19 18:35:13] ? Cancelled expired booking ID=23, Customer=1, Released 0 seats
[2025-11-19 18:35:13] ? Cancelled expired booking ID=24, Customer=1, Released 0 seats
[2025-11-19 18:35:13] ? Cancelled expired booking ID=25, Customer=1, Released 0 seats
[2025-11-19 18:35:13] ? Cancelled expired booking ID=26, Customer=1, Released 2 seats
[2025-11-19 18:35:13] ? Cancelled expired booking ID=27, Customer=1, Released 0 seats
[2025-11-19 18:35:13] ? Cancelled expired booking ID=28, Customer=1, Released 0 seats
[2025-11-19 18:35:13] ? Cancelled expired booking ID=29, Customer=1, Released 0 seats
[2025-11-19 18:35:13] ? Cancelled expired booking ID=30, Customer=1, Released 0 seats
[2025-11-19 18:35:13] ? Cancelled expired booking ID=31, Customer=1, Released 1 seats
[2025-11-19 18:35:13] ? Cancelled expired booking ID=32, Customer=1, Released 2 seats
[2025-11-19 18:35:13] ? Cancelled expired booking ID=33, Customer=1, Released 2 seats
[2025-11-19 18:35:13] ? Cancelled expired booking ID=34, Customer=1, Released 2 seats
[2025-11-19 18:35:13] ? Cancelled expired booking ID=35, Customer=1, Released 0 seats
[2025-11-19 18:35:13] ? Cancelled expired booking ID=36, Customer=1, Released 2 seats
[2025-11-19 18:35:13] ? Cancelled expired booking ID=37, Customer=1, Released 1 seats
[2025-11-19 18:35:13] ? Cancelled expired booking ID=38, Customer=1, Released 0 seats
[2025-11-19 18:35:13] ? Cancelled expired booking ID=39, Customer=1, Released 2 seats
[2025-11-19 18:35:13] ? Cancelled expired booking ID=40, Customer=1, Released 0 seats
[2025-11-19 18:35:13] ? Cancelled expired booking ID=41, Customer=1, Released 1 seats
[2025-11-19 18:35:13] ? Cancelled expired booking ID=42, Customer=1, Released 0 seats
[2025-11-19 18:35:14] ? Cancelled expired booking ID=58, Customer=1, Released 0 seats
[2025-11-19 18:35:14] ? Cancelled expired booking ID=64, Customer=1, Released 2 seats
[2025-11-19 18:35:14] ? Cancelled expired booking ID=65, Customer=1, Released 2 seats
[2025-11-19 18:35:14] ? Cancelled expired booking ID=67, Customer=1, Released 2 seats
[2025-11-19 18:35:14] ? Cancelled expired booking ID=68, Customer=1, Released 1 seats
[2025-11-19 18:35:14] ? Cancelled expired booking ID=69, Customer=1, Released 0 seats
[2025-11-19 18:35:14] ? Cancelled expired booking ID=75, Customer=1, Released 0 seats
[2025-11-19 18:35:14] ? Cancelled expired booking ID=76, Customer=1, Released 0 seats
[2025-11-19 18:35:14] ? Cancelled expired booking ID=77, Customer=1, Released 0 seats
[2025-11-19 18:35:14] ? Cancelled expired booking ID=78, Customer=1, Released 0 seats
[2025-11-19 18:35:14] ? Cancelled expired booking ID=79, Customer=1, Released 1 seats
[2025-11-19 18:35:14] ? Cancelled expired booking ID=80, Customer=1, Released 1 seats
[2025-11-19 18:35:14] ? Cancelled expired booking ID=81, Customer=1, Released 0 seats
[2025-11-19 18:35:14] ? Cancelled expired booking ID=82, Customer=1, Released 1 seats
[2025-11-19 18:35:14] ? Cancelled expired booking ID=83, Customer=1, Released 0 seats
[2025-11-19 18:35:14] ? Cancelled expired booking ID=84, Customer=1, Released 0 seats
[2025-11-19 18:35:14] ? Cancelled expired booking ID=85, Customer=1, Released 0 seats
[2025-11-19 18:35:14] ? Cancelled expired booking ID=86, Customer=1, Released 0 seats
[2025-11-19 18:35:14] ? Cancelled expired booking ID=87, Customer=1, Released 0 seats
[2025-11-19 18:35:14] ? Cancelled expired booking ID=88, Customer=1, Released 0 seats
[2025-11-19 18:35:14] ? Cancelled expired booking ID=89, Customer=1, Released 0 seats
[2025-11-19 18:35:14] ? Cancelled expired booking ID=90, Customer=1, Released 0 seats
[2025-11-19 18:35:14] ? Cancelled expired booking ID=92, Customer=2, Released 0 seats
[2025-11-19 18:35:14] ? Cancelled expired booking ID=95, Customer=1, Released 1 seats
[2025-11-19 18:35:14] ? Cancelled expired booking ID=96, Customer=1, Released 0 seats
[2025-11-19 18:38:31] ? BookingExpirationService started
[2025-11-19 18:39:28] SelectSeats (Fresh DB): showtime=10, paidBookings=27, bookedCount=21
[2025-11-19 18:39:28] Booked seat ids: 102,104,111,112,116,117,121,126,127,131,136,137,141,151,165,166,168,169,186,187,105
[2025-11-19 18:39:31] ? Found 63 expired bookings to cancel
[2025-11-19 18:39:31] ? Cancelled expired booking ID=6, Customer=1, Released 0 seats
[2025-11-19 18:39:31] ? Cancelled expired booking ID=7, Customer=1, Released 0 seats
[2025-11-19 18:39:31] ? Cancelled expired booking ID=8, Customer=1, Released 0 seats
[2025-11-19 18:39:31] ? Cancelled expired booking ID=9, Customer=1, Released 0 seats
[2025-11-19 18:39:31] ? Cancelled expired booking ID=10, Customer=1, Released 1 seats
[2025-11-19 18:39:31] ? Cancelled expired booking ID=11, Customer=1, Released 0 seats
[2025-11-19 18:39:31] ? Cancelled expired booking ID=12, Customer=1, Released 2 seats
[2025-11-19 18:39:31] ? Cancelled expired booking ID=13, Customer=1, Released 1 seats
[2025-11-19 18:39:31] ? Cancelled expired booking ID=14, Customer=1, Released 2 seats
[2025-11-19 18:39:31] ? Cancelled expired booking ID=15, Customer=1, Released 0 seats
[2025-11-19 18:39:31] ? Cancelled expired booking ID=16, Customer=1, Released 0 seats
[2025-11-19 18:39:31] ? Cancelled expired booking ID=17, Customer=1, Released 0 seats
[2025-11-19 18:39:31] ? Cancelled expired booking ID=18, Customer=1, Released 0 seats
[2025-11-19 18:39:31] ? Cancelled expired booking ID=19, Customer=1, Released 1 seats
[2025-11-19 18:39:31] ? Cancelled expired booking ID=20, Customer=1, Released 0 seats
[2025-11-19 18:39:31] ? Cancelled expired booking ID=21, Customer=1, Released 0 seats
[2025-11-19 18:39:31] ? Cancelled expired booking ID=22, Customer=1, Released 0 seats
[2025-11-19 18:39:31] ? Cancelled expired booking ID=23, Customer=1, Released 0 seats
[2025-11-19 18:39:31] ? Cancelled expired booking ID=24, Customer=1, Released 0 seats
[2025-11-19 18:39:31] ? Cancelled expired booking ID=25, Customer=1, Released 0 seats
[2025-11-19 18:39:31] ? Cancelled expired booking ID=26, Customer=1, Released 2 seats
[2025-11-19 18:39:31] ? Cancelled expired booking ID=27, Customer=1, Released 0 seats
[2025-11-19 18:39:31] ? Cancelled expired booking ID=28, Customer=1, Released 0 seats
[2025-11-19 18:39:31] ? Cancelled expired booking ID=29, Customer=1, Released 0 seats
[2025-11-19 18:39:31] ? Cancelled expired booking ID=30, Customer=1, Released 0 seats
[2025-11-19 18:39:31] ? Cancelled expired booking ID=31, Customer=1, Released 1 seats
[2025-11-19 18:39:31] ? Cancelled expired booking ID=32, Customer=1, Released 2 seats
[2025-11-19 18:39:31] ? Cancelled expired booking ID=33, Customer=1, Released 2 seats
[2025-11-19 18:39:31] ? Cancelled expired booking ID=34, Customer=1, Released 2 seats
[2025-11-19 18:39:31] ? Cancelled expired booking ID=35, Customer=1, Released 0 seats
[2025-11-19 18:39:31] ? Cancelled expired booking ID=36, Customer=1, Released 2 seats
[2025-11-19 18:39:31] ? Cancelled expired booking ID=37, Customer=1, Released 1 seats
[2025-11-19 18:39:31] ? Cancelled expired booking ID=38, Customer=1, Released 0 seats
[2025-11-19 18:39:31] ? Cancelled expired booking ID=39, Customer=1, Released 2 seats
[2025-11-19 18:39:31] ? Cancelled expired booking ID=40, Customer=1, Released 0 seats
[2025-11-19 18:39:31] ? Cancelled expired booking ID=41, Customer=1, Released 1 seats
[2025-11-19 18:39:31] ? Cancelled expired booking ID=42, Customer=1, Released 0 seats
[2025-11-19 18:39:31] ? Cancelled expired booking ID=58, Customer=1, Released 0 seats
[2025-11-19 18:39:31] ? Cancelled expired booking ID=64, Customer=1, Released 2 seats
[2025-11-19 18:39:31] ? Cancelled expired booking ID=65, Customer=1, Released 2 seats
[2025-11-19 18:39:31] ? Cancelled expired booking ID=67, Customer=1, Released 2 seats
[2025-11-19 18:39:31] ? Cancelled expired booking ID=68, Customer=1, Released 1 seats
[2025-11-19 18:39:31] ? Cancelled expired booking ID=69, Customer=1, Released 0 seats
[2025-11-19 18:39:31] ? Cancelled expired booking ID=75, Customer=1, Released 0 seats
[2025-11-19 18:39:31] ? Cancelled expired booking ID=76, Customer=1, Released 0 seats
[2025-11-19 18:39:31] ? Cancelled expired booking ID=77, Customer=1, Released 0 seats
[2025-11-19 18:39:31] ? Cancelled expired booking ID=78, Customer=1, Released 0 seats
[2025-11-19 18:39:31] ? Cancelled expired booking ID=79, Customer=1, Released 1 seats
[2025-11-19 18:39:31] ? Cancelled expired booking ID=80, Customer=1, Released 1 seats
[2025-11-19 18:39:31] ? Cancelled expired booking ID=81, Customer=1, Released 0 seats
[2025-11-19 18:39:31] ? Cancelled expired booking ID=82, Customer=1, Released 1 seats
[2025-11-19 18:39:31] ? Cancelled expired booking ID=83, Customer=1, Released 0 seats
[2025-11-19 18:39:31] ? Cancelled expired booking ID=84, Customer=1, Released 0 seats
[2025-11-19 18:39:31] ? Cancelled expired booking ID=85, Customer=1, Released 0 seats
[2025-11-19 18:39:31] ? Cancelled expired booking ID=86, Customer=1, Released 0 seats
[2025-11-19 18:39:31] ? Cancelled expired booking ID=87, Customer=1, Released 0 seats
[2025-11-19 18:39:31] ? Cancelled expired booking ID=88, Customer=1, Released 0 seats
[2025-11-19 18:39:31] ? Cancelled expired booking ID=89, Customer=1, Released 0 seats
[2025-11-19 18:39:31] ? Cancelled expired booking ID=90, Customer=1, Released 0 seats
[2025-11-19 18:39:31] ? Cancelled expired booking ID=92, Customer=2, Released 0 seats
[2025-11-19 18:39:31] ? Cancelled expired booking ID=95, Customer=1, Released 1 seats
[2025-11-19 18:39:31] ? Cancelled expired booking ID=96, Customer=1, Released 0 seats
[2025-11-19 18:39:31] ? Cancelled expired booking ID=97, Customer=1, Released 0 seats
[2025-11-19 18:39:35] ✅ Tạo Dat_Ve mới: ID=99, Trạng thái=Chưa thanh toán
[2025-11-19 18:39:35] ✅ Sinh QR code: DAVCINEMA-99-211-638991743756724745 -> qr_DAVCINEMA-99-211-638991743756724745.png
[2025-11-19 18:39:35] ✅ Cập nhật Dat_Ve: ID=99, Tổng tiền=125000,00, Vé=1, Đồ ăn=0
[2025-11-19 18:39:35] ✅ QR Code URL (new format) generated: https://img.vietqr.io/image/VCB-1031419192-compact2.png?amount=125000&addInfo=DatVe99
[2025-11-19 18:39:36] 🔍 KM004 Start: foodItemsJson=exist
[2025-11-19 18:39:36]   → Parsed 1 food items
[2025-11-19 18:39:36] ✅ KM004 Complete: hasCombo=False
[2025-11-19 18:40:31] ? Found 63 expired bookings to cancel
[2025-11-19 18:40:31] ? Cancelled expired booking ID=6, Customer=1, Released 0 seats
[2025-11-19 18:40:31] ? Cancelled expired booking ID=7, Customer=1, Released 0 seats
[2025-11-19 18:40:31] ? Cancelled expired booking ID=8, Customer=1, Released 0 seats
[2025-11-19 18:40:31] ? Cancelled expired booking ID=9, Customer=1, Released 0 seats
[2025-11-19 18:40:31] ? Cancelled expired booking ID=10, Customer=1, Released 1 seats
[2025-11-19 18:40:31] ? Cancelled expired booking ID=11, Customer=1, Released 0 seats
[2025-11-19 18:40:31] ? Cancelled expired booking ID=12, Customer=1, Released 2 seats
[2025-11-19 18:40:31] ? Cancelled expired booking ID=13, Customer=1, Released 1 seats
[2025-11-19 18:40:31] ? Cancelled expired booking ID=14, Customer=1, Released 2 seats
[2025-11-19 18:40:31] ? Cancelled expired booking ID=15, Customer=1, Released 0 seats
[2025-11-19 18:40:31] ? Cancelled expired booking ID=16, Customer=1, Released 0 seats
[2025-11-19 18:40:31] ? Cancelled expired booking ID=17, Customer=1, Released 0 seats
[2025-11-19 18:40:31] ? Cancelled expired booking ID=18, Customer=1, Released 0 seats
[2025-11-19 18:40:31] ? Cancelled expired booking ID=19, Customer=1, Released 1 seats
[2025-11-19 18:40:31] ? Cancelled expired booking ID=20, Customer=1, Released 0 seats
[2025-11-19 18:40:31] ? Cancelled expired booking ID=21, Customer=1, Released 0 seats
[2025-11-19 18:40:31] ? Cancelled expired booking ID=22, Customer=1, Released 0 seats
[2025-11-19 18:40:31] ? Cancelled expired booking ID=23, Customer=1, Released 0 seats
[2025-11-19 18:40:31] ? Cancelled expired booking ID=24, Customer=1, Released 0 seats
[2025-11-19 18:40:31] ? Cancelled expired booking ID=25, Customer=1, Released 0 seats
[2025-11-19 18:40:31] ? Cancelled expired booking ID=26, Customer=1, Released 2 seats
[2025-11-19 18:40:31] ? Cancelled expired booking ID=27, Customer=1, Released 0 seats
[2025-11-19 18:40:31] ? Cancelled expired booking ID=28, Customer=1, Released 0 seats
[2025-11-19 18:40:31] ? Cancelled expired booking ID=29, Customer=1, Released 0 seats
[2025-11-19 18:40:31] ? Cancelled expired booking ID=30, Customer=1, Released 0 seats
[2025-11-19 18:40:31] ? Cancelled expired booking ID=31, Customer=1, Released 1 seats
[2025-11-19 18:40:31] ? Cancelled expired booking ID=32, Customer=1, Released 2 seats
[2025-11-19 18:40:31] ? Cancelled expired booking ID=33, Customer=1, Released 2 seats
[2025-11-19 18:40:31] ? Cancelled expired booking ID=34, Customer=1, Released 2 seats
[2025-11-19 18:40:31] ? Cancelled expired booking ID=35, Customer=1, Released 0 seats
[2025-11-19 18:40:31] ? Cancelled expired booking ID=36, Customer=1, Released 2 seats
[2025-11-19 18:40:31] ? Cancelled expired booking ID=37, Customer=1, Released 1 seats
[2025-11-19 18:40:31] ? Cancelled expired booking ID=38, Customer=1, Released 0 seats
[2025-11-19 18:40:31] ? Cancelled expired booking ID=39, Customer=1, Released 2 seats
[2025-11-19 18:40:31] ? Cancelled expired booking ID=40, Customer=1, Released 0 seats
[2025-11-19 18:40:31] ? Cancelled expired booking ID=41, Customer=1, Released 1 seats
[2025-11-19 18:40:31] ? Cancelled expired booking ID=42, Customer=1, Released 0 seats
[2025-11-19 18:40:31] ? Cancelled expired booking ID=58, Customer=1, Released 0 seats
[2025-11-19 18:40:31] ? Cancelled expired booking ID=64, Customer=1, Released 2 seats
[2025-11-19 18:40:31] ? Cancelled expired booking ID=65, Customer=1, Released 2 seats
[2025-11-19 18:40:31] ? Cancelled expired booking ID=67, Customer=1, Released 2 seats
[2025-11-19 18:40:31] ? Cancelled expired booking ID=68, Customer=1, Released 1 seats
[2025-11-19 18:40:31] ? Cancelled expired booking ID=69, Customer=1, Released 0 seats
[2025-11-19 18:40:31] ? Cancelled expired booking ID=75, Customer=1, Released 0 seats
[2025-11-19 18:40:31] ? Cancelled expired booking ID=76, Customer=1, Released 0 seats
[2025-11-19 18:40:31] ? Cancelled expired booking ID=77, Customer=1, Released 0 seats
[2025-11-19 18:40:31] ? Cancelled expired booking ID=78, Customer=1, Released 0 seats
[2025-11-19 18:40:31] ? Cancelled expired booking ID=79, Customer=1, Released 1 seats
[2025-11-19 18:40:31] ? Cancelled expired booking ID=80, Customer=1, Released 1 seats
[2025-11-19 18:40:31] ? Cancelled expired booking ID=81, Customer=1, Released 0 seats
[2025-11-19 18:40:31] ? Cancelled expired booking ID=82, Customer=1, Released 1 seats
[2025-11-19 18:40:31] ? Cancelled expired booking ID=83, Customer=1, Released 0 seats
[2025-11-19 18:40:31] ? Cancelled expired booking ID=84, Customer=1, Released 0 seats
[2025-11-19 18:40:31] ? Cancelled expired booking ID=85, Customer=1, Released 0 seats
[2025-11-19 18:40:31] ? Cancelled expired booking ID=86, Customer=1, Released 0 seats
[2025-11-19 18:40:31] ? Cancelled expired booking ID=87, Customer=1, Released 0 seats
[2025-11-19 18:40:31] ? Cancelled expired booking ID=88, Customer=1, Released 0 seats
[2025-11-19 18:40:31] ? Cancelled expired booking ID=89, Customer=1, Released 0 seats
[2025-11-19 18:40:31] ? Cancelled expired booking ID=90, Customer=1, Released 0 seats
[2025-11-19 18:40:31] ? Cancelled expired booking ID=92, Customer=2, Released 0 seats
[2025-11-19 18:40:31] ? Cancelled expired booking ID=95, Customer=1, Released 1 seats
[2025-11-19 18:40:31] ? Cancelled expired booking ID=96, Customer=1, Released 0 seats
[2025-11-19 18:40:31] ? Cancelled expired booking ID=97, Customer=1, Released 0 seats
[2025-11-19 18:41:31] ? Found 63 expired bookings to cancel
[2025-11-19 18:41:31] ? Cancelled expired booking ID=6, Customer=1, Released 0 seats
[2025-11-19 18:41:31] ? Cancelled expired booking ID=7, Customer=1, Released 0 seats
[2025-11-19 18:41:31] ? Cancelled expired booking ID=8, Customer=1, Released 0 seats
[2025-11-19 18:41:31] ? Cancelled expired booking ID=9, Customer=1, Released 0 seats
[2025-11-19 18:41:31] ? Cancelled expired booking ID=10, Customer=1, Released 1 seats
[2025-11-19 18:41:31] ? Cancelled expired booking ID=11, Customer=1, Released 0 seats
[2025-11-19 18:41:31] ? Cancelled expired booking ID=12, Customer=1, Released 2 seats
[2025-11-19 18:41:31] ? Cancelled expired booking ID=13, Customer=1, Released 1 seats
[2025-11-19 18:41:31] ? Cancelled expired booking ID=14, Customer=1, Released 2 seats
[2025-11-19 18:41:31] ? Cancelled expired booking ID=15, Customer=1, Released 0 seats
[2025-11-19 18:41:31] ? Cancelled expired booking ID=16, Customer=1, Released 0 seats
[2025-11-19 18:41:31] ? Cancelled expired booking ID=17, Customer=1, Released 0 seats
[2025-11-19 18:41:31] ? Cancelled expired booking ID=18, Customer=1, Released 0 seats
[2025-11-19 18:41:31] ? Cancelled expired booking ID=19, Customer=1, Released 1 seats
[2025-11-19 18:41:31] ? Cancelled expired booking ID=20, Customer=1, Released 0 seats
[2025-11-19 18:41:31] ? Cancelled expired booking ID=21, Customer=1, Released 0 seats
[2025-11-19 18:41:31] ? Cancelled expired booking ID=22, Customer=1, Released 0 seats
[2025-11-19 18:41:31] ? Cancelled expired booking ID=23, Customer=1, Released 0 seats
[2025-11-19 18:41:31] ? Cancelled expired booking ID=24, Customer=1, Released 0 seats
[2025-11-19 18:41:31] ? Cancelled expired booking ID=25, Customer=1, Released 0 seats
[2025-11-19 18:41:31] ? Cancelled expired booking ID=26, Customer=1, Released 2 seats
[2025-11-19 18:41:31] ? Cancelled expired booking ID=27, Customer=1, Released 0 seats
[2025-11-19 18:41:31] ? Cancelled expired booking ID=28, Customer=1, Released 0 seats
[2025-11-19 18:41:31] ? Cancelled expired booking ID=29, Customer=1, Released 0 seats
[2025-11-19 18:41:31] ? Cancelled expired booking ID=30, Customer=1, Released 0 seats
[2025-11-19 18:41:31] ? Cancelled expired booking ID=31, Customer=1, Released 1 seats
[2025-11-19 18:41:31] ? Cancelled expired booking ID=32, Customer=1, Released 2 seats
[2025-11-19 18:41:31] ? Cancelled expired booking ID=33, Customer=1, Released 2 seats
[2025-11-19 18:41:31] ? Cancelled expired booking ID=34, Customer=1, Released 2 seats
[2025-11-19 18:41:31] ? Cancelled expired booking ID=35, Customer=1, Released 0 seats
[2025-11-19 18:41:31] ? Cancelled expired booking ID=36, Customer=1, Released 2 seats
[2025-11-19 18:41:31] ? Cancelled expired booking ID=37, Customer=1, Released 1 seats
[2025-11-19 18:41:31] ? Cancelled expired booking ID=38, Customer=1, Released 0 seats
[2025-11-19 18:41:31] ? Cancelled expired booking ID=39, Customer=1, Released 2 seats
[2025-11-19 18:41:31] ? Cancelled expired booking ID=40, Customer=1, Released 0 seats
[2025-11-19 18:41:31] ? Cancelled expired booking ID=41, Customer=1, Released 1 seats
[2025-11-19 18:41:31] ? Cancelled expired booking ID=42, Customer=1, Released 0 seats
[2025-11-19 18:41:31] ? Cancelled expired booking ID=58, Customer=1, Released 0 seats
[2025-11-19 18:41:31] ? Cancelled expired booking ID=64, Customer=1, Released 2 seats
[2025-11-19 18:41:31] ? Cancelled expired booking ID=65, Customer=1, Released 2 seats
[2025-11-19 18:41:31] ? Cancelled expired booking ID=67, Customer=1, Released 2 seats
[2025-11-19 18:41:31] ? Cancelled expired booking ID=68, Customer=1, Released 1 seats
[2025-11-19 18:41:31] ? Cancelled expired booking ID=69, Customer=1, Released 0 seats
[2025-11-19 18:41:31] ? Cancelled expired booking ID=75, Customer=1, Released 0 seats
[2025-11-19 18:41:31] ? Cancelled expired booking ID=76, Customer=1, Released 0 seats
[2025-11-19 18:41:31] ? Cancelled expired booking ID=77, Customer=1, Released 0 seats
[2025-11-19 18:41:31] ? Cancelled expired booking ID=78, Customer=1, Released 0 seats
[2025-11-19 18:41:31] ? Cancelled expired booking ID=79, Customer=1, Released 1 seats
[2025-11-19 18:41:31] ? Cancelled expired booking ID=80, Customer=1, Released 1 seats
[2025-11-19 18:41:31] ? Cancelled expired booking ID=81, Customer=1, Released 0 seats
[2025-11-19 18:41:31] ? Cancelled expired booking ID=82, Customer=1, Released 1 seats
[2025-11-19 18:41:31] ? Cancelled expired booking ID=83, Customer=1, Released 0 seats
[2025-11-19 18:41:31] ? Cancelled expired booking ID=84, Customer=1, Released 0 seats
[2025-11-19 18:41:31] ? Cancelled expired booking ID=85, Customer=1, Released 0 seats
[2025-11-19 18:41:31] ? Cancelled expired booking ID=86, Customer=1, Released 0 seats
[2025-11-19 18:41:31] ? Cancelled expired booking ID=87, Customer=1, Released 0 seats
[2025-11-19 18:41:31] ? Cancelled expired booking ID=88, Customer=1, Released 0 seats
[2025-11-19 18:41:31] ? Cancelled expired booking ID=89, Customer=1, Released 0 seats
[2025-11-19 18:41:31] ? Cancelled expired booking ID=90, Customer=1, Released 0 seats
[2025-11-19 18:41:31] ? Cancelled expired booking ID=92, Customer=2, Released 0 seats
[2025-11-19 18:41:31] ? Cancelled expired booking ID=95, Customer=1, Released 1 seats
[2025-11-19 18:41:31] ? Cancelled expired booking ID=96, Customer=1, Released 0 seats
[2025-11-19 18:41:31] ? Cancelled expired booking ID=97, Customer=1, Released 0 seats
[2025-11-19 18:42:31] ? Found 63 expired bookings to cancel
[2025-11-19 18:42:31] ? Cancelled expired booking ID=6, Customer=1, Released 0 seats
[2025-11-19 18:42:31] ? Cancelled expired booking ID=7, Customer=1, Released 0 seats
[2025-11-19 18:42:31] ? Cancelled expired booking ID=8, Customer=1, Released 0 seats
[2025-11-19 18:42:31] ? Cancelled expired booking ID=9, Customer=1, Released 0 seats
[2025-11-19 18:42:31] ? Cancelled expired booking ID=10, Customer=1, Released 1 seats
[2025-11-19 18:42:31] ? Cancelled expired booking ID=11, Customer=1, Released 0 seats
[2025-11-19 18:42:31] ? Cancelled expired booking ID=12, Customer=1, Released 2 seats
[2025-11-19 18:42:31] ? Cancelled expired booking ID=13, Customer=1, Released 1 seats
[2025-11-19 18:42:31] ? Cancelled expired booking ID=14, Customer=1, Released 2 seats
[2025-11-19 18:42:31] ? Cancelled expired booking ID=15, Customer=1, Released 0 seats
[2025-11-19 18:42:31] ? Cancelled expired booking ID=16, Customer=1, Released 0 seats
[2025-11-19 18:42:31] ? Cancelled expired booking ID=17, Customer=1, Released 0 seats
[2025-11-19 18:42:31] ? Cancelled expired booking ID=18, Customer=1, Released 0 seats
[2025-11-19 18:42:31] ? Cancelled expired booking ID=19, Customer=1, Released 1 seats
[2025-11-19 18:42:31] ? Cancelled expired booking ID=20, Customer=1, Released 0 seats
[2025-11-19 18:42:31] ? Cancelled expired booking ID=21, Customer=1, Released 0 seats
[2025-11-19 18:42:31] ? Cancelled expired booking ID=22, Customer=1, Released 0 seats
[2025-11-19 18:42:31] ? Cancelled expired booking ID=23, Customer=1, Released 0 seats
[2025-11-19 18:42:31] ? Cancelled expired booking ID=24, Customer=1, Released 0 seats
[2025-11-19 18:42:31] ? Cancelled expired booking ID=25, Customer=1, Released 0 seats
[2025-11-19 18:42:31] ? Cancelled expired booking ID=26, Customer=1, Released 2 seats
[2025-11-19 18:42:31] ? Cancelled expired booking ID=27, Customer=1, Released 0 seats
[2025-11-19 18:42:31] ? Cancelled expired booking ID=28, Customer=1, Released 0 seats
[2025-11-19 18:42:31] ? Cancelled expired booking ID=29, Customer=1, Released 0 seats
[2025-11-19 18:42:31] ? Cancelled expired booking ID=30, Customer=1, Released 0 seats
[2025-11-19 18:42:31] ? Cancelled expired booking ID=31, Customer=1, Released 1 seats
[2025-11-19 18:42:31] ? Cancelled expired booking ID=32, Customer=1, Released 2 seats
[2025-11-19 18:42:31] ? Cancelled expired booking ID=33, Customer=1, Released 2 seats
[2025-11-19 18:42:31] ? Cancelled expired booking ID=34, Customer=1, Released 2 seats
[2025-11-19 18:42:31] ? Cancelled expired booking ID=35, Customer=1, Released 0 seats
[2025-11-19 18:42:31] ? Cancelled expired booking ID=36, Customer=1, Released 2 seats
[2025-11-19 18:42:31] ? Cancelled expired booking ID=37, Customer=1, Released 1 seats
[2025-11-19 18:42:31] ? Cancelled expired booking ID=38, Customer=1, Released 0 seats
[2025-11-19 18:42:31] ? Cancelled expired booking ID=39, Customer=1, Released 2 seats
[2025-11-19 18:42:31] ? Cancelled expired booking ID=40, Customer=1, Released 0 seats
[2025-11-19 18:42:31] ? Cancelled expired booking ID=41, Customer=1, Released 1 seats
[2025-11-19 18:42:31] ? Cancelled expired booking ID=42, Customer=1, Released 0 seats
[2025-11-19 18:42:31] ? Cancelled expired booking ID=58, Customer=1, Released 0 seats
[2025-11-19 18:42:31] ? Cancelled expired booking ID=64, Customer=1, Released 2 seats
[2025-11-19 18:42:31] ? Cancelled expired booking ID=65, Customer=1, Released 2 seats
[2025-11-19 18:42:31] ? Cancelled expired booking ID=67, Customer=1, Released 2 seats
[2025-11-19 18:42:31] ? Cancelled expired booking ID=68, Customer=1, Released 1 seats
[2025-11-19 18:42:31] ? Cancelled expired booking ID=69, Customer=1, Released 0 seats
[2025-11-19 18:42:31] ? Cancelled expired booking ID=75, Customer=1, Released 0 seats
[2025-11-19 18:42:31] ? Cancelled expired booking ID=76, Customer=1, Released 0 seats
[2025-11-19 18:42:31] ? Cancelled expired booking ID=77, Customer=1, Released 0 seats
[2025-11-19 18:42:31] ? Cancelled expired booking ID=78, Customer=1, Released 0 seats
[2025-11-19 18:42:31] ? Cancelled expired booking ID=79, Customer=1, Released 1 seats
[2025-11-19 18:42:31] ? Cancelled expired booking ID=80, Customer=1, Released 1 seats
[2025-11-19 18:42:31] ? Cancelled expired booking ID=81, Customer=1, Released 0 seats
[2025-11-19 18:42:31] ? Cancelled expired booking ID=82, Customer=1, Released 1 seats
[2025-11-19 18:42:31] ? Cancelled expired booking ID=83, Customer=1, Released 0 seats
[2025-11-19 18:42:31] ? Cancelled expired booking ID=84, Customer=1, Released 0 seats
[2025-11-19 18:42:31] ? Cancelled expired booking ID=85, Customer=1, Released 0 seats
[2025-11-19 18:42:31] ? Cancelled expired booking ID=86, Customer=1, Released 0 seats
[2025-11-19 18:42:31] ? Cancelled expired booking ID=87, Customer=1, Released 0 seats
[2025-11-19 18:42:31] ? Cancelled expired booking ID=88, Customer=1, Released 0 seats
[2025-11-19 18:42:31] ? Cancelled expired booking ID=89, Customer=1, Released 0 seats
[2025-11-19 18:42:31] ? Cancelled expired booking ID=90, Customer=1, Released 0 seats
[2025-11-19 18:42:31] ? Cancelled expired booking ID=92, Customer=2, Released 0 seats
[2025-11-19 18:42:31] ? Cancelled expired booking ID=95, Customer=1, Released 1 seats
[2025-11-19 18:42:31] ? Cancelled expired booking ID=96, Customer=1, Released 0 seats
[2025-11-19 18:42:31] ? Cancelled expired booking ID=97, Customer=1, Released 0 seats
[2025-11-19 18:50:53] ? BookingExpirationService started
[2025-11-19 18:51:03] SelectSeats (Fresh DB): showtime=10, paidBookings=27, bookedCount=21
[2025-11-19 18:51:03] Booked seat ids: 102,104,111,112,116,117,121,126,127,131,136,137,141,151,165,166,168,169,186,187,105
[2025-11-19 18:51:11] ✅ Tạo Dat_Ve mới: ID=100, Trạng thái=Chưa thanh toán
[2025-11-19 18:51:11] ✅ Sinh QR code: DAVCINEMA-100-227-638991750715979806 -> qr_DAVCINEMA-100-227-638991750715979806.png
[2025-11-19 18:51:11] ✅ Cập nhật Dat_Ve: ID=100, Tổng tiền=125000,00, Vé=1, Đồ ăn=0
[2025-11-19 18:51:11] ✅ QR Code URL (new format) generated: https://img.vietqr.io/image/VCB-1031419192-compact2.png?amount=125000&addInfo=DatVe100
[2025-11-19 18:51:11] 🔍 KM004 Start: foodItemsJson=exist
[2025-11-19 18:51:11]   → Checking FoodType='Combo', FoodName='Combo Bắp Rang và Pepsi'
[2025-11-19 18:51:11] ✅ KM004: Found Combo!
[2025-11-19 18:51:11] ✅ KM004 Complete: hasCombo=True
[2025-11-19 18:51:26] ✅ PromoCode KM004: giaTriGiam=15,00, loai=%, discount=18750,0000
[2025-11-19 18:51:26] ✅ QR Code URL (new format) generated: https://img.vietqr.io/image/VCB-1031419192-compact2.png?amount=106250&addInfo=DatVe100
[2025-11-19 18:51:26] ✅ UpdateQRCode: BookingId=100, Original=125000,00, Discount=18750,0000, Final=106250,0000, PromoCode=KM004
[2025-11-19 18:51:32] ✅ PromoCode KM003: giaTriGiam=15,00, loai=%, discount=15937,5000
[2025-11-19 18:51:32] ✅ QR Code URL (new format) generated: https://img.vietqr.io/image/VCB-1031419192-compact2.png?amount=90312&addInfo=DatVe100
[2025-11-19 18:51:32] ✅ UpdateQRCode: BookingId=100, Original=106250,00, Discount=15937,5000, Final=90312,5000, PromoCode=KM003
[2025-11-19 18:51:32] ✅ PromoCode KM004: giaTriGiam=15,00, loai=%, discount=13546,8750
[2025-11-19 18:51:32] ✅ QR Code URL (new format) generated: https://img.vietqr.io/image/VCB-1031419192-compact2.png?amount=76765&addInfo=DatVe100
[2025-11-19 18:51:32] ✅ UpdateQRCode: BookingId=100, Original=90312,50, Discount=13546,8750, Final=76765,6250, PromoCode=KM004
[2025-11-19 18:51:53] ? Found 65 expired bookings to cancel
[2025-11-19 18:51:53] ? Cancelled expired booking ID=6, Customer=1, Released 0 seats
[2025-11-19 18:51:54] ? Cancelled expired booking ID=7, Customer=1, Released 0 seats
[2025-11-19 18:51:54] ? Cancelled expired booking ID=8, Customer=1, Released 0 seats
[2025-11-19 18:51:54] ? Cancelled expired booking ID=9, Customer=1, Released 0 seats
[2025-11-19 18:51:54] ? Cancelled expired booking ID=10, Customer=1, Released 1 seats
[2025-11-19 18:51:54] ? Cancelled expired booking ID=11, Customer=1, Released 0 seats
[2025-11-19 18:51:54] ? Cancelled expired booking ID=12, Customer=1, Released 2 seats
[2025-11-19 18:51:54] ? Cancelled expired booking ID=13, Customer=1, Released 1 seats
[2025-11-19 18:51:54] ? Cancelled expired booking ID=14, Customer=1, Released 2 seats
[2025-11-19 18:51:54] ? Cancelled expired booking ID=15, Customer=1, Released 0 seats
[2025-11-19 18:51:54] ? Cancelled expired booking ID=16, Customer=1, Released 0 seats
[2025-11-19 18:51:54] ? Cancelled expired booking ID=17, Customer=1, Released 0 seats
[2025-11-19 18:51:54] ? Cancelled expired booking ID=18, Customer=1, Released 0 seats
[2025-11-19 18:51:54] ? Cancelled expired booking ID=19, Customer=1, Released 1 seats
[2025-11-19 18:51:54] ? Cancelled expired booking ID=20, Customer=1, Released 0 seats
[2025-11-19 18:51:54] ? Cancelled expired booking ID=21, Customer=1, Released 0 seats
[2025-11-19 18:51:54] ? Cancelled expired booking ID=22, Customer=1, Released 0 seats
[2025-11-19 18:51:54] ? Cancelled expired booking ID=23, Customer=1, Released 0 seats
[2025-11-19 18:51:54] ? Cancelled expired booking ID=24, Customer=1, Released 0 seats
[2025-11-19 18:51:54] ? Cancelled expired booking ID=25, Customer=1, Released 0 seats
[2025-11-19 18:51:54] ? Cancelled expired booking ID=26, Customer=1, Released 2 seats
[2025-11-19 18:51:54] ? Cancelled expired booking ID=27, Customer=1, Released 0 seats
[2025-11-19 18:51:54] ? Cancelled expired booking ID=28, Customer=1, Released 0 seats
[2025-11-19 18:51:54] ? Cancelled expired booking ID=29, Customer=1, Released 0 seats
[2025-11-19 18:51:54] ? Cancelled expired booking ID=30, Customer=1, Released 0 seats
[2025-11-19 18:51:54] ? Cancelled expired booking ID=31, Customer=1, Released 1 seats
[2025-11-19 18:51:54] ? Cancelled expired booking ID=32, Customer=1, Released 2 seats
[2025-11-19 18:51:54] ? Cancelled expired booking ID=33, Customer=1, Released 2 seats
[2025-11-19 18:51:54] ? Cancelled expired booking ID=34, Customer=1, Released 2 seats
[2025-11-19 18:51:54] ? Cancelled expired booking ID=35, Customer=1, Released 0 seats
[2025-11-19 18:51:54] ? Cancelled expired booking ID=36, Customer=1, Released 2 seats
[2025-11-19 18:51:54] ? Cancelled expired booking ID=37, Customer=1, Released 1 seats
[2025-11-19 18:51:54] ? Cancelled expired booking ID=38, Customer=1, Released 0 seats
[2025-11-19 18:51:54] ? Cancelled expired booking ID=39, Customer=1, Released 2 seats
[2025-11-19 18:51:54] ? Cancelled expired booking ID=40, Customer=1, Released 0 seats
[2025-11-19 18:51:54] ? Cancelled expired booking ID=41, Customer=1, Released 1 seats
[2025-11-19 18:51:54] ? Cancelled expired booking ID=42, Customer=1, Released 0 seats
[2025-11-19 18:51:54] ? Cancelled expired booking ID=58, Customer=1, Released 0 seats
[2025-11-19 18:51:54] ? Cancelled expired booking ID=64, Customer=1, Released 2 seats
[2025-11-19 18:51:54] ? Cancelled expired booking ID=65, Customer=1, Released 2 seats
[2025-11-19 18:51:54] ? Cancelled expired booking ID=67, Customer=1, Released 2 seats
[2025-11-19 18:51:54] ? Cancelled expired booking ID=68, Customer=1, Released 1 seats
[2025-11-19 18:51:54] ? Cancelled expired booking ID=69, Customer=1, Released 0 seats
[2025-11-19 18:51:54] ? Cancelled expired booking ID=75, Customer=1, Released 0 seats
[2025-11-19 18:51:54] ? Cancelled expired booking ID=76, Customer=1, Released 0 seats
[2025-11-19 18:51:54] ? Cancelled expired booking ID=77, Customer=1, Released 0 seats
[2025-11-19 18:51:54] ? Cancelled expired booking ID=78, Customer=1, Released 0 seats
[2025-11-19 18:51:54] ? Cancelled expired booking ID=79, Customer=1, Released 1 seats
[2025-11-19 18:51:54] ? Cancelled expired booking ID=80, Customer=1, Released 1 seats
[2025-11-19 18:51:54] ? Cancelled expired booking ID=81, Customer=1, Released 0 seats
[2025-11-19 18:51:54] ? Cancelled expired booking ID=82, Customer=1, Released 1 seats
[2025-11-19 18:51:54] ? Cancelled expired booking ID=83, Customer=1, Released 0 seats
[2025-11-19 18:51:54] ? Cancelled expired booking ID=84, Customer=1, Released 0 seats
[2025-11-19 18:51:54] ? Cancelled expired booking ID=85, Customer=1, Released 0 seats
[2025-11-19 18:51:54] ? Cancelled expired booking ID=86, Customer=1, Released 0 seats
[2025-11-19 18:51:54] ? Cancelled expired booking ID=87, Customer=1, Released 0 seats
[2025-11-19 18:51:54] ? Cancelled expired booking ID=88, Customer=1, Released 0 seats
[2025-11-19 18:51:54] ? Cancelled expired booking ID=89, Customer=1, Released 0 seats
[2025-11-19 18:51:54] ? Cancelled expired booking ID=90, Customer=1, Released 0 seats
[2025-11-19 18:51:54] ? Cancelled expired booking ID=92, Customer=2, Released 0 seats
[2025-11-19 18:51:54] ? Cancelled expired booking ID=95, Customer=1, Released 1 seats
[2025-11-19 18:51:54] ? Cancelled expired booking ID=96, Customer=1, Released 0 seats
[2025-11-19 18:51:54] ? Cancelled expired booking ID=97, Customer=1, Released 0 seats
[2025-11-19 18:51:54] ? Cancelled expired booking ID=98, Customer=1, Released 0 seats
[2025-11-19 18:51:54] ? Cancelled expired booking ID=99, Customer=1, Released 1 seats
[2025-11-19 18:52:24] ✅ PromoCode KM003: giaTriGiam=15,00, loai=%, discount=11514,8430
[2025-11-19 18:52:24] ✅ QR Code URL (new format) generated: https://img.vietqr.io/image/VCB-1031419192-compact2.png?amount=65250&addInfo=DatVe100
[2025-11-19 18:52:24] ✅ UpdateQRCode: BookingId=100, Original=76765,62, Discount=11514,8430, Final=65250,7770, PromoCode=KM003
[2025-11-19 18:52:25] ✅ PromoCode KM004: giaTriGiam=15,00, loai=%, discount=9787,6155
[2025-11-19 18:52:25] ✅ QR Code URL (new format) generated: https://img.vietqr.io/image/VCB-1031419192-compact2.png?amount=55463&addInfo=DatVe100
[2025-11-19 18:52:25] ✅ UpdateQRCode: BookingId=100, Original=65250,77, Discount=9787,6155, Final=55463,1545, PromoCode=KM004
[2025-11-19 18:52:26] ✅ PromoCode KM003: giaTriGiam=15,00, loai=%, discount=8319,4725
[2025-11-19 18:52:26] ✅ QR Code URL (new format) generated: https://img.vietqr.io/image/VCB-1031419192-compact2.png?amount=47143&addInfo=DatVe100
[2025-11-19 18:52:26] ✅ UpdateQRCode: BookingId=100, Original=55463,15, Discount=8319,4725, Final=47143,6775, PromoCode=KM003
[2025-11-19 18:52:26] ✅ PromoCode KM004: giaTriGiam=15,00, loai=%, discount=7071,5505
[2025-11-19 18:52:26] ✅ QR Code URL (new format) generated: https://img.vietqr.io/image/VCB-1031419192-compact2.png?amount=40072&addInfo=DatVe100
[2025-11-19 18:52:26] ✅ UpdateQRCode: BookingId=100, Original=47143,67, Discount=7071,5505, Final=40072,1195, PromoCode=KM004
[2025-11-19 18:52:29] ✅ PromoCode KM003: giaTriGiam=15,00, loai=%, discount=6010,8165
[2025-11-19 18:52:29] ✅ QR Code URL (new format) generated: https://img.vietqr.io/image/VCB-1031419192-compact2.png?amount=34061&addInfo=DatVe100
[2025-11-19 18:52:29] ✅ UpdateQRCode: BookingId=100, Original=40072,11, Discount=6010,8165, Final=34061,2935, PromoCode=KM003
[2025-11-19 18:52:29] ✅ PromoCode KM004: giaTriGiam=15,00, loai=%, discount=5109,1935
[2025-11-19 18:52:29] ✅ QR Code URL (new format) generated: https://img.vietqr.io/image/VCB-1031419192-compact2.png?amount=28952&addInfo=DatVe100
[2025-11-19 18:52:29] ✅ UpdateQRCode: BookingId=100, Original=34061,29, Discount=5109,1935, Final=28952,0965, PromoCode=KM004
[2025-11-19 18:52:29] ✅ PromoCode KM003: giaTriGiam=15,00, loai=%, discount=4342,8135
[2025-11-19 18:52:29] ✅ QR Code URL (new format) generated: https://img.vietqr.io/image/VCB-1031419192-compact2.png?amount=24609&addInfo=DatVe100
[2025-11-19 18:52:29] ✅ UpdateQRCode: BookingId=100, Original=28952,09, Discount=4342,8135, Final=24609,2765, PromoCode=KM003
[2025-11-19 18:52:53] ? Found 65 expired bookings to cancel
[2025-11-19 18:52:54] ? Cancelled expired booking ID=6, Customer=1, Released 0 seats
[2025-11-19 18:52:54] ? Cancelled expired booking ID=7, Customer=1, Released 0 seats
[2025-11-19 18:52:54] ? Cancelled expired booking ID=8, Customer=1, Released 0 seats
[2025-11-19 18:52:54] ? Cancelled expired booking ID=9, Customer=1, Released 0 seats
[2025-11-19 18:52:54] ? Cancelled expired booking ID=10, Customer=1, Released 1 seats
[2025-11-19 18:52:54] ? Cancelled expired booking ID=11, Customer=1, Released 0 seats
[2025-11-19 18:52:54] ? Cancelled expired booking ID=12, Customer=1, Released 2 seats
[2025-11-19 18:52:54] ? Cancelled expired booking ID=13, Customer=1, Released 1 seats
[2025-11-19 18:52:54] ? Cancelled expired booking ID=14, Customer=1, Released 2 seats
[2025-11-19 18:52:54] ? Cancelled expired booking ID=15, Customer=1, Released 0 seats
[2025-11-19 18:52:54] ? Cancelled expired booking ID=16, Customer=1, Released 0 seats
[2025-11-19 18:52:54] ? Cancelled expired booking ID=17, Customer=1, Released 0 seats
[2025-11-19 18:52:54] ? Cancelled expired booking ID=18, Customer=1, Released 0 seats
[2025-11-19 18:52:54] ? Cancelled expired booking ID=19, Customer=1, Released 1 seats
[2025-11-19 18:52:54] ? Cancelled expired booking ID=20, Customer=1, Released 0 seats
[2025-11-19 18:52:54] ? Cancelled expired booking ID=21, Customer=1, Released 0 seats
[2025-11-19 18:52:54] ? Cancelled expired booking ID=22, Customer=1, Released 0 seats
[2025-11-19 18:52:54] ? Cancelled expired booking ID=23, Customer=1, Released 0 seats
[2025-11-19 18:52:54] ? Cancelled expired booking ID=24, Customer=1, Released 0 seats
[2025-11-19 18:52:54] ? Cancelled expired booking ID=25, Customer=1, Released 0 seats
[2025-11-19 18:52:54] ? Cancelled expired booking ID=26, Customer=1, Released 2 seats
[2025-11-19 18:52:54] ? Cancelled expired booking ID=27, Customer=1, Released 0 seats
[2025-11-19 18:52:54] ? Cancelled expired booking ID=28, Customer=1, Released 0 seats
[2025-11-19 18:52:54] ? Cancelled expired booking ID=29, Customer=1, Released 0 seats
[2025-11-19 18:52:54] ? Cancelled expired booking ID=30, Customer=1, Released 0 seats
[2025-11-19 18:52:54] ? Cancelled expired booking ID=31, Customer=1, Released 1 seats
[2025-11-19 18:52:54] ? Cancelled expired booking ID=32, Customer=1, Released 2 seats
[2025-11-19 18:52:54] ? Cancelled expired booking ID=33, Customer=1, Released 2 seats
[2025-11-19 18:52:54] ? Cancelled expired booking ID=34, Customer=1, Released 2 seats
[2025-11-19 18:52:54] ? Cancelled expired booking ID=35, Customer=1, Released 0 seats
[2025-11-19 18:52:54] ? Cancelled expired booking ID=36, Customer=1, Released 2 seats
[2025-11-19 18:52:54] ? Cancelled expired booking ID=37, Customer=1, Released 1 seats
[2025-11-19 18:52:54] ? Cancelled expired booking ID=38, Customer=1, Released 0 seats
[2025-11-19 18:52:54] ? Cancelled expired booking ID=39, Customer=1, Released 2 seats
[2025-11-19 18:52:54] ? Cancelled expired booking ID=40, Customer=1, Released 0 seats
[2025-11-19 18:52:54] ? Cancelled expired booking ID=41, Customer=1, Released 1 seats
[2025-11-19 18:52:54] ? Cancelled expired booking ID=42, Customer=1, Released 0 seats
[2025-11-19 18:52:54] ? Cancelled expired booking ID=58, Customer=1, Released 0 seats
[2025-11-19 18:52:54] ? Cancelled expired booking ID=64, Customer=1, Released 2 seats
[2025-11-19 18:52:54] ? Cancelled expired booking ID=65, Customer=1, Released 2 seats
[2025-11-19 18:52:54] ? Cancelled expired booking ID=67, Customer=1, Released 2 seats
[2025-11-19 18:52:54] ? Cancelled expired booking ID=68, Customer=1, Released 1 seats
[2025-11-19 18:52:54] ? Cancelled expired booking ID=69, Customer=1, Released 0 seats
[2025-11-19 18:52:54] ? Cancelled expired booking ID=75, Customer=1, Released 0 seats
[2025-11-19 18:52:54] ? Cancelled expired booking ID=76, Customer=1, Released 0 seats
[2025-11-19 18:52:54] ? Cancelled expired booking ID=77, Customer=1, Released 0 seats
[2025-11-19 18:52:54] ? Cancelled expired booking ID=78, Customer=1, Released 0 seats
[2025-11-19 18:52:54] ? Cancelled expired booking ID=79, Customer=1, Released 1 seats
[2025-11-19 18:52:54] ? Cancelled expired booking ID=80, Customer=1, Released 1 seats
[2025-11-19 18:52:54] ? Cancelled expired booking ID=81, Customer=1, Released 0 seats
[2025-11-19 18:52:54] ? Cancelled expired booking ID=82, Customer=1, Released 1 seats
[2025-11-19 18:52:54] ? Cancelled expired booking ID=83, Customer=1, Released 0 seats
[2025-11-19 18:52:54] ? Cancelled expired booking ID=84, Customer=1, Released 0 seats
[2025-11-19 18:52:54] ? Cancelled expired booking ID=85, Customer=1, Released 0 seats
[2025-11-19 18:52:54] ? Cancelled expired booking ID=86, Customer=1, Released 0 seats
[2025-11-19 18:52:54] ? Cancelled expired booking ID=87, Customer=1, Released 0 seats
[2025-11-19 18:52:54] ? Cancelled expired booking ID=88, Customer=1, Released 0 seats
[2025-11-19 18:52:54] ? Cancelled expired booking ID=89, Customer=1, Released 0 seats
[2025-11-19 18:52:54] ? Cancelled expired booking ID=90, Customer=1, Released 0 seats
[2025-11-19 18:52:54] ? Cancelled expired booking ID=92, Customer=2, Released 0 seats
[2025-11-19 18:52:54] ? Cancelled expired booking ID=95, Customer=1, Released 1 seats
[2025-11-19 18:52:54] ? Cancelled expired booking ID=96, Customer=1, Released 0 seats
[2025-11-19 18:52:54] ? Cancelled expired booking ID=97, Customer=1, Released 0 seats
[2025-11-19 18:52:54] ? Cancelled expired booking ID=98, Customer=1, Released 0 seats
[2025-11-19 18:52:54] ? Cancelled expired booking ID=99, Customer=1, Released 1 seats
[2025-11-19 18:53:13] ✅ PromoCode KM004: giaTriGiam=15,00, loai=%, discount=3691,3905
[2025-11-19 18:53:13] ✅ QR Code URL (new format) generated: https://img.vietqr.io/image/VCB-1031419192-compact2.png?amount=20917&addInfo=DatVe100
[2025-11-19 18:53:13] ✅ UpdateQRCode: BookingId=100, Original=24609,27, Discount=3691,3905, Final=20917,8795, PromoCode=KM004
[2025-11-19 18:53:14] ✅ PromoCode KM003: giaTriGiam=15,00, loai=%, discount=3137,6805
[2025-11-19 18:53:14] ✅ QR Code URL (new format) generated: https://img.vietqr.io/image/VCB-1031419192-compact2.png?amount=17780&addInfo=DatVe100
[2025-11-19 18:53:14] ✅ UpdateQRCode: BookingId=100, Original=20917,87, Discount=3137,6805, Final=17780,1895, PromoCode=KM003
[2025-11-19 18:53:16] ✅ PromoCode KM004: giaTriGiam=15,00, loai=%, discount=2667,0270
[2025-11-19 18:53:16] ✅ QR Code URL (new format) generated: https://img.vietqr.io/image/VCB-1031419192-compact2.png?amount=15113&addInfo=DatVe100
[2025-11-19 18:53:16] ✅ UpdateQRCode: BookingId=100, Original=17780,18, Discount=2667,0270, Final=15113,1530, PromoCode=KM004
[2025-11-19 18:53:16] ✅ PromoCode KM003: giaTriGiam=15,00, loai=%, discount=2266,9725
[2025-11-19 18:53:16] ✅ QR Code URL (new format) generated: https://img.vietqr.io/image/VCB-1031419192-compact2.png?amount=12846&addInfo=DatVe100
[2025-11-19 18:53:16] ✅ UpdateQRCode: BookingId=100, Original=15113,15, Discount=2266,9725, Final=12846,1775, PromoCode=KM003
[2025-11-19 18:53:17] ✅ PromoCode KM004: giaTriGiam=15,00, loai=%, discount=1926,9255
[2025-11-19 18:53:17] ✅ QR Code URL (new format) generated: https://img.vietqr.io/image/VCB-1031419192-compact2.png?amount=10919&addInfo=DatVe100
[2025-11-19 18:53:17] ✅ UpdateQRCode: BookingId=100, Original=12846,17, Discount=1926,9255, Final=10919,2445, PromoCode=KM004
[2025-11-19 18:53:17] ✅ PromoCode KM003: giaTriGiam=15,00, loai=%, discount=1637,8860
[2025-11-19 18:53:17] ✅ QR Code URL (new format) generated: https://img.vietqr.io/image/VCB-1031419192-compact2.png?amount=9281&addInfo=DatVe100
[2025-11-19 18:53:17] ✅ UpdateQRCode: BookingId=100, Original=10919,24, Discount=1637,8860, Final=9281,3540, PromoCode=KM003
[2025-11-19 18:53:17] ✅ PromoCode KM004: giaTriGiam=15,00, loai=%, discount=1392,2025
[2025-11-19 18:53:17] ✅ QR Code URL (new format) generated: https://img.vietqr.io/image/VCB-1031419192-compact2.png?amount=7889&addInfo=DatVe100
[2025-11-19 18:53:17] ✅ UpdateQRCode: BookingId=100, Original=9281,35, Discount=1392,2025, Final=7889,1475, PromoCode=KM004
[2025-11-19 18:53:18] ✅ PromoCode KM003: giaTriGiam=15,00, loai=%, discount=1183,3710
[2025-11-19 18:53:18] ✅ QR Code URL (new format) generated: https://img.vietqr.io/image/VCB-1031419192-compact2.png?amount=6705&addInfo=DatVe100
[2025-11-19 18:53:18] ✅ UpdateQRCode: BookingId=100, Original=7889,14, Discount=1183,3710, Final=6705,7690, PromoCode=KM003
[2025-11-19 18:53:18] ✅ PromoCode KM004: giaTriGiam=15,00, loai=%, discount=1005,8640
[2025-11-19 18:53:18] ✅ QR Code URL (new format) generated: https://img.vietqr.io/image/VCB-1031419192-compact2.png?amount=5699&addInfo=DatVe100
[2025-11-19 18:53:18] ✅ UpdateQRCode: BookingId=100, Original=6705,76, Discount=1005,8640, Final=5699,8960, PromoCode=KM004
[2025-11-19 18:53:18] ✅ PromoCode KM003: giaTriGiam=15,00, loai=%, discount=854,9835
[2025-11-19 18:53:18] ✅ QR Code URL (new format) generated: https://img.vietqr.io/image/VCB-1031419192-compact2.png?amount=4844&addInfo=DatVe100
[2025-11-19 18:53:18] ✅ UpdateQRCode: BookingId=100, Original=5699,89, Discount=854,9835, Final=4844,9065, PromoCode=KM003
[2025-11-19 18:53:19] ✅ PromoCode KM004: giaTriGiam=15,00, loai=%, discount=726,7350
[2025-11-19 18:53:19] ✅ QR Code URL (new format) generated: https://img.vietqr.io/image/VCB-1031419192-compact2.png?amount=4118&addInfo=DatVe100
[2025-11-19 18:53:19] ✅ UpdateQRCode: BookingId=100, Original=4844,90, Discount=726,7350, Final=4118,1650, PromoCode=KM004
[2025-11-19 18:53:21] ✅ PromoCode KM003: giaTriGiam=15,00, loai=%, discount=617,7240
[2025-11-19 18:53:21] ✅ QR Code URL (new format) generated: https://img.vietqr.io/image/VCB-1031419192-compact2.png?amount=3500&addInfo=DatVe100
[2025-11-19 18:53:21] ✅ UpdateQRCode: BookingId=100, Original=4118,16, Discount=617,7240, Final=3500,4360, PromoCode=KM003
[2025-11-19 18:53:23] ✅ PromoCode KM004: giaTriGiam=15,00, loai=%, discount=525,0645
[2025-11-19 18:53:23] ✅ QR Code URL (new format) generated: https://img.vietqr.io/image/VCB-1031419192-compact2.png?amount=2975&addInfo=DatVe100
[2025-11-19 18:53:23] ✅ UpdateQRCode: BookingId=100, Original=3500,43, Discount=525,0645, Final=2975,3655, PromoCode=KM004
[2025-11-19 18:53:37] ✅ PromoCode KM003: giaTriGiam=15,00, loai=%, discount=446,3040
[2025-11-19 18:53:37] ✅ QR Code URL (new format) generated: https://img.vietqr.io/image/VCB-1031419192-compact2.png?amount=2529&addInfo=DatVe100
[2025-11-19 18:53:37] ✅ UpdateQRCode: BookingId=100, Original=2975,36, Discount=446,3040, Final=2529,0560, PromoCode=KM003
[2025-11-19 18:53:53] ? Found 65 expired bookings to cancel
[2025-11-19 18:53:54] ? Cancelled expired booking ID=6, Customer=1, Released 0 seats
[2025-11-19 18:53:54] ? Cancelled expired booking ID=7, Customer=1, Released 0 seats
[2025-11-19 18:53:54] ? Cancelled expired booking ID=8, Customer=1, Released 0 seats
[2025-11-19 18:53:54] ? Cancelled expired booking ID=9, Customer=1, Released 0 seats
[2025-11-19 18:53:54] ? Cancelled expired booking ID=10, Customer=1, Released 1 seats
[2025-11-19 18:53:54] ? Cancelled expired booking ID=11, Customer=1, Released 0 seats
[2025-11-19 18:53:54] ? Cancelled expired booking ID=12, Customer=1, Released 2 seats
[2025-11-19 18:53:54] ? Cancelled expired booking ID=13, Customer=1, Released 1 seats
[2025-11-19 18:53:54] ? Cancelled expired booking ID=14, Customer=1, Released 2 seats
[2025-11-19 18:53:54] ? Cancelled expired booking ID=15, Customer=1, Released 0 seats
[2025-11-19 18:53:54] ? Cancelled expired booking ID=16, Customer=1, Released 0 seats
[2025-11-19 18:53:54] ? Cancelled expired booking ID=17, Customer=1, Released 0 seats
[2025-11-19 18:53:54] ? Cancelled expired booking ID=18, Customer=1, Released 0 seats
[2025-11-19 18:53:54] ? Cancelled expired booking ID=19, Customer=1, Released 1 seats
[2025-11-19 18:53:54] ? Cancelled expired booking ID=20, Customer=1, Released 0 seats
[2025-11-19 18:53:54] ? Cancelled expired booking ID=21, Customer=1, Released 0 seats
[2025-11-19 18:53:54] ? Cancelled expired booking ID=22, Customer=1, Released 0 seats
[2025-11-19 18:53:54] ? Cancelled expired booking ID=23, Customer=1, Released 0 seats
[2025-11-19 18:53:54] ? Cancelled expired booking ID=24, Customer=1, Released 0 seats
[2025-11-19 18:53:54] ? Cancelled expired booking ID=25, Customer=1, Released 0 seats
[2025-11-19 18:53:54] ? Cancelled expired booking ID=26, Customer=1, Released 2 seats
[2025-11-19 18:53:54] ? Cancelled expired booking ID=27, Customer=1, Released 0 seats
[2025-11-19 18:53:54] ? Cancelled expired booking ID=28, Customer=1, Released 0 seats
[2025-11-19 18:53:54] ? Cancelled expired booking ID=29, Customer=1, Released 0 seats
[2025-11-19 18:53:54] ? Cancelled expired booking ID=30, Customer=1, Released 0 seats
[2025-11-19 18:53:54] ? Cancelled expired booking ID=31, Customer=1, Released 1 seats
[2025-11-19 18:53:54] ? Cancelled expired booking ID=32, Customer=1, Released 2 seats
[2025-11-19 18:53:54] ? Cancelled expired booking ID=33, Customer=1, Released 2 seats
[2025-11-19 18:53:54] ? Cancelled expired booking ID=34, Customer=1, Released 2 seats
[2025-11-19 18:53:54] ? Cancelled expired booking ID=35, Customer=1, Released 0 seats
[2025-11-19 18:53:54] ? Cancelled expired booking ID=36, Customer=1, Released 2 seats
[2025-11-19 18:53:54] ? Cancelled expired booking ID=37, Customer=1, Released 1 seats
[2025-11-19 18:53:54] ? Cancelled expired booking ID=38, Customer=1, Released 0 seats
[2025-11-19 18:53:54] ? Cancelled expired booking ID=39, Customer=1, Released 2 seats
[2025-11-19 18:53:54] ? Cancelled expired booking ID=40, Customer=1, Released 0 seats
[2025-11-19 18:53:54] ? Cancelled expired booking ID=41, Customer=1, Released 1 seats
[2025-11-19 18:53:54] ? Cancelled expired booking ID=42, Customer=1, Released 0 seats
[2025-11-19 18:53:54] ? Cancelled expired booking ID=58, Customer=1, Released 0 seats
[2025-11-19 18:53:54] ? Cancelled expired booking ID=64, Customer=1, Released 2 seats
[2025-11-19 18:53:54] ? Cancelled expired booking ID=65, Customer=1, Released 2 seats
[2025-11-19 18:53:54] ? Cancelled expired booking ID=67, Customer=1, Released 2 seats
[2025-11-19 18:53:54] ? Cancelled expired booking ID=68, Customer=1, Released 1 seats
[2025-11-19 18:53:54] ? Cancelled expired booking ID=69, Customer=1, Released 0 seats
[2025-11-19 18:53:54] ? Cancelled expired booking ID=75, Customer=1, Released 0 seats
[2025-11-19 18:53:54] ? Cancelled expired booking ID=76, Customer=1, Released 0 seats
[2025-11-19 18:53:54] ? Cancelled expired booking ID=77, Customer=1, Released 0 seats
[2025-11-19 18:53:54] ? Cancelled expired booking ID=78, Customer=1, Released 0 seats
[2025-11-19 18:53:54] ? Cancelled expired booking ID=79, Customer=1, Released 1 seats
[2025-11-19 18:53:54] ? Cancelled expired booking ID=80, Customer=1, Released 1 seats
[2025-11-19 18:53:54] ? Cancelled expired booking ID=81, Customer=1, Released 0 seats
[2025-11-19 18:53:54] ? Cancelled expired booking ID=82, Customer=1, Released 1 seats
[2025-11-19 18:53:54] ? Cancelled expired booking ID=83, Customer=1, Released 0 seats
[2025-11-19 18:53:54] ? Cancelled expired booking ID=84, Customer=1, Released 0 seats
[2025-11-19 18:53:54] ? Cancelled expired booking ID=85, Customer=1, Released 0 seats
[2025-11-19 18:53:54] ? Cancelled expired booking ID=86, Customer=1, Released 0 seats
[2025-11-19 18:53:54] ? Cancelled expired booking ID=87, Customer=1, Released 0 seats
[2025-11-19 18:53:54] ? Cancelled expired booking ID=88, Customer=1, Released 0 seats
[2025-11-19 18:53:54] ? Cancelled expired booking ID=89, Customer=1, Released 0 seats
[2025-11-19 18:53:54] ? Cancelled expired booking ID=90, Customer=1, Released 0 seats
[2025-11-19 18:53:54] ? Cancelled expired booking ID=92, Customer=2, Released 0 seats
[2025-11-19 18:53:54] ? Cancelled expired booking ID=95, Customer=1, Released 1 seats
[2025-11-19 18:53:54] ? Cancelled expired booking ID=96, Customer=1, Released 0 seats
[2025-11-19 18:53:54] ? Cancelled expired booking ID=97, Customer=1, Released 0 seats
[2025-11-19 18:53:54] ? Cancelled expired booking ID=98, Customer=1, Released 0 seats
[2025-11-19 18:53:54] ? Cancelled expired booking ID=99, Customer=1, Released 1 seats
[2025-11-19 18:53:54] SelectSeats (Fresh DB): showtime=10, paidBookings=27, bookedCount=21
[2025-11-19 18:53:54] Booked seat ids: 102,104,111,112,116,117,121,126,127,131,136,137,141,151,165,166,168,169,186,187,105
[2025-11-19 18:54:00] ✅ Tạo Dat_Ve mới: ID=101, Trạng thái=Chưa thanh toán
[2025-11-19 18:54:00] ✅ Sinh QR code: DAVCINEMA-101-211-638991752407324246 -> qr_DAVCINEMA-101-211-638991752407324246.png
[2025-11-19 18:54:00] ✅ Cập nhật Dat_Ve: ID=101, Tổng tiền=125000,00, Vé=1, Đồ ăn=0
[2025-11-19 18:54:00] ✅ QR Code URL (new format) generated: https://img.vietqr.io/image/VCB-1031419192-compact2.png?amount=125000&addInfo=DatVe101
[2025-11-19 18:54:00] 🔍 KM004 Start: foodItemsJson=exist
[2025-11-19 18:54:00]   → Checking FoodType='Combo', FoodName='Combo Bắp Rang và Pepsi'
[2025-11-19 18:54:00] ✅ KM004: Found Combo!
[2025-11-19 18:54:00] ✅ KM004 Complete: hasCombo=True
[2025-11-19 18:54:05] ✅ PromoCode KM004: giaTriGiam=15,00, loai=%, discount=18750,0000
[2025-11-19 18:54:05] ✅ QR Code URL (new format) generated: https://img.vietqr.io/image/VCB-1031419192-compact2.png?amount=106250&addInfo=DatVe101
[2025-11-19 18:54:05] ✅ UpdateQRCode: BookingId=101, Original=125000,00, Discount=18750,0000, Final=106250,0000, PromoCode=KM004
[2025-11-19 18:54:54] ? Found 65 expired bookings to cancel
[2025-11-19 18:54:54] ? Cancelled expired booking ID=6, Customer=1, Released 0 seats
[2025-11-19 18:54:54] ? Cancelled expired booking ID=7, Customer=1, Released 0 seats
[2025-11-19 18:54:54] ? Cancelled expired booking ID=8, Customer=1, Released 0 seats
[2025-11-19 18:54:54] ? Cancelled expired booking ID=9, Customer=1, Released 0 seats
[2025-11-19 18:54:54] ? Cancelled expired booking ID=10, Customer=1, Released 1 seats
[2025-11-19 18:54:54] ? Cancelled expired booking ID=11, Customer=1, Released 0 seats
[2025-11-19 18:54:54] ? Cancelled expired booking ID=12, Customer=1, Released 2 seats
[2025-11-19 18:54:54] ? Cancelled expired booking ID=13, Customer=1, Released 1 seats
[2025-11-19 18:54:54] ? Cancelled expired booking ID=14, Customer=1, Released 2 seats
[2025-11-19 18:54:54] ? Cancelled expired booking ID=15, Customer=1, Released 0 seats
[2025-11-19 18:54:54] ? Cancelled expired booking ID=16, Customer=1, Released 0 seats
[2025-11-19 18:54:54] ? Cancelled expired booking ID=17, Customer=1, Released 0 seats
[2025-11-19 18:54:54] ? Cancelled expired booking ID=18, Customer=1, Released 0 seats
[2025-11-19 18:54:54] ? Cancelled expired booking ID=19, Customer=1, Released 1 seats
[2025-11-19 18:54:54] ? Cancelled expired booking ID=20, Customer=1, Released 0 seats
[2025-11-19 18:54:54] ? Cancelled expired booking ID=21, Customer=1, Released 0 seats
[2025-11-19 18:54:54] ? Cancelled expired booking ID=22, Customer=1, Released 0 seats
[2025-11-19 18:54:54] ? Cancelled expired booking ID=23, Customer=1, Released 0 seats
[2025-11-19 18:54:54] ? Cancelled expired booking ID=24, Customer=1, Released 0 seats
[2025-11-19 18:54:54] ? Cancelled expired booking ID=25, Customer=1, Released 0 seats
[2025-11-19 18:54:54] ? Cancelled expired booking ID=26, Customer=1, Released 2 seats
[2025-11-19 18:54:54] ? Cancelled expired booking ID=27, Customer=1, Released 0 seats
[2025-11-19 18:54:54] ? Cancelled expired booking ID=28, Customer=1, Released 0 seats
[2025-11-19 18:54:54] ? Cancelled expired booking ID=29, Customer=1, Released 0 seats
[2025-11-19 18:54:54] ? Cancelled expired booking ID=30, Customer=1, Released 0 seats
[2025-11-19 18:54:54] ? Cancelled expired booking ID=31, Customer=1, Released 1 seats
[2025-11-19 18:54:54] ? Cancelled expired booking ID=32, Customer=1, Released 2 seats
[2025-11-19 18:54:54] ? Cancelled expired booking ID=33, Customer=1, Released 2 seats
[2025-11-19 18:54:54] ? Cancelled expired booking ID=34, Customer=1, Released 2 seats
[2025-11-19 18:54:54] ? Cancelled expired booking ID=35, Customer=1, Released 0 seats
[2025-11-19 18:54:54] ? Cancelled expired booking ID=36, Customer=1, Released 2 seats
[2025-11-19 18:54:54] ? Cancelled expired booking ID=37, Customer=1, Released 1 seats
[2025-11-19 18:54:54] ? Cancelled expired booking ID=38, Customer=1, Released 0 seats
[2025-11-19 18:54:54] ? Cancelled expired booking ID=39, Customer=1, Released 2 seats
[2025-11-19 18:54:54] ? Cancelled expired booking ID=40, Customer=1, Released 0 seats
[2025-11-19 18:54:54] ? Cancelled expired booking ID=41, Customer=1, Released 1 seats
[2025-11-19 18:54:54] ? Cancelled expired booking ID=42, Customer=1, Released 0 seats
[2025-11-19 18:54:54] ? Cancelled expired booking ID=58, Customer=1, Released 0 seats
[2025-11-19 18:54:54] ? Cancelled expired booking ID=64, Customer=1, Released 2 seats
[2025-11-19 18:54:54] ? Cancelled expired booking ID=65, Customer=1, Released 2 seats
[2025-11-19 18:54:54] ? Cancelled expired booking ID=67, Customer=1, Released 2 seats
[2025-11-19 18:54:54] ? Cancelled expired booking ID=68, Customer=1, Released 1 seats
[2025-11-19 18:54:54] ? Cancelled expired booking ID=69, Customer=1, Released 0 seats
[2025-11-19 18:54:54] ? Cancelled expired booking ID=75, Customer=1, Released 0 seats
[2025-11-19 18:54:54] ? Cancelled expired booking ID=76, Customer=1, Released 0 seats
[2025-11-19 18:54:54] ? Cancelled expired booking ID=77, Customer=1, Released 0 seats
[2025-11-19 18:54:54] ? Cancelled expired booking ID=78, Customer=1, Released 0 seats
[2025-11-19 18:54:54] ? Cancelled expired booking ID=79, Customer=1, Released 1 seats
[2025-11-19 18:54:54] ? Cancelled expired booking ID=80, Customer=1, Released 1 seats
[2025-11-19 18:54:54] ? Cancelled expired booking ID=81, Customer=1, Released 0 seats
[2025-11-19 18:54:54] ? Cancelled expired booking ID=82, Customer=1, Released 1 seats
[2025-11-19 18:54:54] ? Cancelled expired booking ID=83, Customer=1, Released 0 seats
[2025-11-19 18:54:54] ? Cancelled expired booking ID=84, Customer=1, Released 0 seats
[2025-11-19 18:54:54] ? Cancelled expired booking ID=85, Customer=1, Released 0 seats
[2025-11-19 18:54:54] ? Cancelled expired booking ID=86, Customer=1, Released 0 seats
[2025-11-19 18:54:54] ? Cancelled expired booking ID=87, Customer=1, Released 0 seats
[2025-11-19 18:54:54] ? Cancelled expired booking ID=88, Customer=1, Released 0 seats
[2025-11-19 18:54:54] ? Cancelled expired booking ID=89, Customer=1, Released 0 seats
[2025-11-19 18:54:54] ? Cancelled expired booking ID=90, Customer=1, Released 0 seats
[2025-11-19 18:54:54] ? Cancelled expired booking ID=92, Customer=2, Released 0 seats
[2025-11-19 18:54:54] ? Cancelled expired booking ID=95, Customer=1, Released 1 seats
[2025-11-19 18:54:54] ? Cancelled expired booking ID=96, Customer=1, Released 0 seats
[2025-11-19 18:54:54] ? Cancelled expired booking ID=97, Customer=1, Released 0 seats
[2025-11-19 18:54:54] ? Cancelled expired booking ID=98, Customer=1, Released 0 seats
[2025-11-19 18:54:54] ? Cancelled expired booking ID=99, Customer=1, Released 0 seats
[2025-11-19 18:55:03] ✅ Giảm mã khuyến mãi: KM004, Còn lại: 999999
[2025-11-19 18:55:03] ✅ Đơn hàng chờ duyệt: Booking ID 101, PromoCode: KM004
[2025-11-19 18:55:31] ✅ ApproveBooking: Duyệt Dat_Ve ID=101, khách hàng: Lê Minh Khách
[2025-11-19 18:55:31] ✅ QR Code URL (new format) generated: https://img.vietqr.io/image/VCB-1031419192-compact2.png?amount=125000&addInfo=DatVe101
[2025-11-19 18:55:31] ✅ Hiển thị trang thanh toán thành công: Booking 101
[2025-11-19 18:55:54] ? Found 65 expired bookings to cancel
[2025-11-19 18:55:54] ? Cancelled expired booking ID=6, Customer=1, Released 0 seats
[2025-11-19 18:55:54] ? Cancelled expired booking ID=7, Customer=1, Released 0 seats
[2025-11-19 18:55:54] ? Cancelled expired booking ID=8, Customer=1, Released 0 seats
[2025-11-19 18:55:54] ? Cancelled expired booking ID=9, Customer=1, Released 0 seats
[2025-11-19 18:55:54] ? Cancelled expired booking ID=10, Customer=1, Released 1 seats
[2025-11-19 18:55:54] ? Cancelled expired booking ID=11, Customer=1, Released 0 seats
[2025-11-19 18:55:54] ? Cancelled expired booking ID=12, Customer=1, Released 2 seats
[2025-11-19 18:55:54] ? Cancelled expired booking ID=13, Customer=1, Released 1 seats
[2025-11-19 18:55:54] ? Cancelled expired booking ID=14, Customer=1, Released 2 seats
[2025-11-19 18:55:54] ? Cancelled expired booking ID=15, Customer=1, Released 0 seats
[2025-11-19 18:55:54] ? Cancelled expired booking ID=16, Customer=1, Released 0 seats
[2025-11-19 18:55:54] ? Cancelled expired booking ID=17, Customer=1, Released 0 seats
[2025-11-19 18:55:54] ? Cancelled expired booking ID=18, Customer=1, Released 0 seats
[2025-11-19 18:55:54] ? Cancelled expired booking ID=19, Customer=1, Released 1 seats
[2025-11-19 18:55:54] ? Cancelled expired booking ID=20, Customer=1, Released 0 seats
[2025-11-19 18:55:54] ? Cancelled expired booking ID=21, Customer=1, Released 0 seats
[2025-11-19 18:55:54] ? Cancelled expired booking ID=22, Customer=1, Released 0 seats
[2025-11-19 18:55:54] ? Cancelled expired booking ID=23, Customer=1, Released 0 seats
[2025-11-19 18:55:54] ? Cancelled expired booking ID=24, Customer=1, Released 0 seats
[2025-11-19 18:55:54] ? Cancelled expired booking ID=25, Customer=1, Released 0 seats
[2025-11-19 18:55:54] ? Cancelled expired booking ID=26, Customer=1, Released 2 seats
[2025-11-19 18:55:54] ? Cancelled expired booking ID=27, Customer=1, Released 0 seats
[2025-11-19 18:55:54] ? Cancelled expired booking ID=28, Customer=1, Released 0 seats
[2025-11-19 18:55:54] ? Cancelled expired booking ID=29, Customer=1, Released 0 seats
[2025-11-19 18:55:54] ? Cancelled expired booking ID=30, Customer=1, Released 0 seats
[2025-11-19 18:55:54] ? Cancelled expired booking ID=31, Customer=1, Released 1 seats
[2025-11-19 18:55:54] ? Cancelled expired booking ID=32, Customer=1, Released 2 seats
[2025-11-19 18:55:54] ? Cancelled expired booking ID=33, Customer=1, Released 2 seats
[2025-11-19 18:55:54] ? Cancelled expired booking ID=34, Customer=1, Released 2 seats
[2025-11-19 18:55:54] ? Cancelled expired booking ID=35, Customer=1, Released 0 seats
[2025-11-19 18:55:54] ? Cancelled expired booking ID=36, Customer=1, Released 2 seats
[2025-11-19 18:55:54] ? Cancelled expired booking ID=37, Customer=1, Released 1 seats
[2025-11-19 18:55:54] ? Cancelled expired booking ID=38, Customer=1, Released 0 seats
[2025-11-19 18:55:54] ? Cancelled expired booking ID=39, Customer=1, Released 2 seats
[2025-11-19 18:55:54] ? Cancelled expired booking ID=40, Customer=1, Released 0 seats
[2025-11-19 18:55:54] ? Cancelled expired booking ID=41, Customer=1, Released 1 seats
[2025-11-19 18:55:54] ? Cancelled expired booking ID=42, Customer=1, Released 0 seats
[2025-11-19 18:55:54] ? Cancelled expired booking ID=58, Customer=1, Released 0 seats
[2025-11-19 18:55:54] ? Cancelled expired booking ID=64, Customer=1, Released 2 seats
[2025-11-19 18:55:54] ? Cancelled expired booking ID=65, Customer=1, Released 2 seats
[2025-11-19 18:55:54] ? Cancelled expired booking ID=67, Customer=1, Released 2 seats
[2025-11-19 18:55:54] ? Cancelled expired booking ID=68, Customer=1, Released 1 seats
[2025-11-19 18:55:54] ? Cancelled expired booking ID=69, Customer=1, Released 0 seats
[2025-11-19 18:55:54] ? Cancelled expired booking ID=75, Customer=1, Released 0 seats
[2025-11-19 18:55:54] ? Cancelled expired booking ID=76, Customer=1, Released 0 seats
[2025-11-19 18:55:54] ? Cancelled expired booking ID=77, Customer=1, Released 0 seats
[2025-11-19 18:55:54] ? Cancelled expired booking ID=78, Customer=1, Released 0 seats
[2025-11-19 18:55:54] ? Cancelled expired booking ID=79, Customer=1, Released 1 seats
[2025-11-19 18:55:54] ? Cancelled expired booking ID=80, Customer=1, Released 1 seats
[2025-11-19 18:55:54] ? Cancelled expired booking ID=81, Customer=1, Released 0 seats
[2025-11-19 18:55:54] ? Cancelled expired booking ID=82, Customer=1, Released 1 seats
[2025-11-19 18:55:54] ? Cancelled expired booking ID=83, Customer=1, Released 0 seats
[2025-11-19 18:55:54] ? Cancelled expired booking ID=84, Customer=1, Released 0 seats
[2025-11-19 18:55:54] ? Cancelled expired booking ID=85, Customer=1, Released 0 seats
[2025-11-19 18:55:54] ? Cancelled expired booking ID=86, Customer=1, Released 0 seats
[2025-11-19 18:55:54] ? Cancelled expired booking ID=87, Customer=1, Released 0 seats
[2025-11-19 18:55:54] ? Cancelled expired booking ID=88, Customer=1, Released 0 seats
[2025-11-19 18:55:54] ? Cancelled expired booking ID=89, Customer=1, Released 0 seats
[2025-11-19 18:55:54] ? Cancelled expired booking ID=90, Customer=1, Released 0 seats
[2025-11-19 18:55:54] ? Cancelled expired booking ID=92, Customer=2, Released 0 seats
[2025-11-19 18:55:54] ? Cancelled expired booking ID=95, Customer=1, Released 1 seats
[2025-11-19 18:55:54] ? Cancelled expired booking ID=96, Customer=1, Released 0 seats
[2025-11-19 18:55:54] ? Cancelled expired booking ID=97, Customer=1, Released 0 seats
[2025-11-19 18:55:54] ? Cancelled expired booking ID=98, Customer=1, Released 0 seats
[2025-11-19 18:55:54] ? Cancelled expired booking ID=99, Customer=1, Released 0 seats
[2025-11-19 18:56:54] ? Found 65 expired bookings to cancel
[2025-11-19 18:56:54] ? Cancelled expired booking ID=6, Customer=1, Released 0 seats
[2025-11-19 18:56:54] ? Cancelled expired booking ID=7, Customer=1, Released 0 seats
[2025-11-19 18:56:54] ? Cancelled expired booking ID=8, Customer=1, Released 0 seats
[2025-11-19 18:56:54] ? Cancelled expired booking ID=9, Customer=1, Released 0 seats
[2025-11-19 18:56:54] ? Cancelled expired booking ID=10, Customer=1, Released 1 seats
[2025-11-19 18:56:54] ? Cancelled expired booking ID=11, Customer=1, Released 0 seats
[2025-11-19 18:56:54] ? Cancelled expired booking ID=12, Customer=1, Released 2 seats
[2025-11-19 18:56:54] ? Cancelled expired booking ID=13, Customer=1, Released 1 seats
[2025-11-19 18:56:54] ? Cancelled expired booking ID=14, Customer=1, Released 2 seats
[2025-11-19 18:56:54] ? Cancelled expired booking ID=15, Customer=1, Released 0 seats
[2025-11-19 18:56:54] ? Cancelled expired booking ID=16, Customer=1, Released 0 seats
[2025-11-19 18:56:54] ? Cancelled expired booking ID=17, Customer=1, Released 0 seats
[2025-11-19 18:56:54] ? Cancelled expired booking ID=18, Customer=1, Released 0 seats
[2025-11-19 18:56:54] ? Cancelled expired booking ID=19, Customer=1, Released 1 seats
[2025-11-19 18:56:54] ? Cancelled expired booking ID=20, Customer=1, Released 0 seats
[2025-11-19 18:56:54] ? Cancelled expired booking ID=21, Customer=1, Released 0 seats
[2025-11-19 18:56:54] ? Cancelled expired booking ID=22, Customer=1, Released 0 seats
[2025-11-19 18:56:54] ? Cancelled expired booking ID=23, Customer=1, Released 0 seats
[2025-11-19 18:56:54] ? Cancelled expired booking ID=24, Customer=1, Released 0 seats
[2025-11-19 18:56:54] ? Cancelled expired booking ID=25, Customer=1, Released 0 seats
[2025-11-19 18:56:54] ? Cancelled expired booking ID=26, Customer=1, Released 2 seats
[2025-11-19 18:56:54] ? Cancelled expired booking ID=27, Customer=1, Released 0 seats
[2025-11-19 18:56:54] ? Cancelled expired booking ID=28, Customer=1, Released 0 seats
[2025-11-19 18:56:54] ? Cancelled expired booking ID=29, Customer=1, Released 0 seats
[2025-11-19 18:56:54] ? Cancelled expired booking ID=30, Customer=1, Released 0 seats
[2025-11-19 18:56:54] ? Cancelled expired booking ID=31, Customer=1, Released 1 seats
[2025-11-19 18:56:54] ? Cancelled expired booking ID=32, Customer=1, Released 2 seats
[2025-11-19 18:56:54] ? Cancelled expired booking ID=33, Customer=1, Released 2 seats
[2025-11-19 18:56:54] ? Cancelled expired booking ID=34, Customer=1, Released 2 seats
[2025-11-19 18:56:54] ? Cancelled expired booking ID=35, Customer=1, Released 0 seats
[2025-11-19 18:56:54] ? Cancelled expired booking ID=36, Customer=1, Released 2 seats
[2025-11-19 18:56:54] ? Cancelled expired booking ID=37, Customer=1, Released 1 seats
[2025-11-19 18:56:54] ? Cancelled expired booking ID=38, Customer=1, Released 0 seats
[2025-11-19 18:56:54] ? Cancelled expired booking ID=39, Customer=1, Released 2 seats
[2025-11-19 18:56:54] ? Cancelled expired booking ID=40, Customer=1, Released 0 seats
[2025-11-19 18:56:54] ? Cancelled expired booking ID=41, Customer=1, Released 1 seats
[2025-11-19 18:56:54] ? Cancelled expired booking ID=42, Customer=1, Released 0 seats
[2025-11-19 18:56:54] ? Cancelled expired booking ID=58, Customer=1, Released 0 seats
[2025-11-19 18:56:54] ? Cancelled expired booking ID=64, Customer=1, Released 2 seats
[2025-11-19 18:56:54] ? Cancelled expired booking ID=65, Customer=1, Released 2 seats
[2025-11-19 18:56:54] ? Cancelled expired booking ID=67, Customer=1, Released 2 seats
[2025-11-19 18:56:54] ? Cancelled expired booking ID=68, Customer=1, Released 1 seats
[2025-11-19 18:56:54] ? Cancelled expired booking ID=69, Customer=1, Released 0 seats
[2025-11-19 18:56:54] ? Cancelled expired booking ID=75, Customer=1, Released 0 seats
[2025-11-19 18:56:54] ? Cancelled expired booking ID=76, Customer=1, Released 0 seats
[2025-11-19 18:56:54] ? Cancelled expired booking ID=77, Customer=1, Released 0 seats
[2025-11-19 18:56:54] ? Cancelled expired booking ID=78, Customer=1, Released 0 seats
[2025-11-19 18:56:54] ? Cancelled expired booking ID=79, Customer=1, Released 1 seats
[2025-11-19 18:56:54] ? Cancelled expired booking ID=80, Customer=1, Released 1 seats
[2025-11-19 18:56:54] ? Cancelled expired booking ID=81, Customer=1, Released 0 seats
[2025-11-19 18:56:54] ? Cancelled expired booking ID=82, Customer=1, Released 1 seats
[2025-11-19 18:56:54] ? Cancelled expired booking ID=83, Customer=1, Released 0 seats
[2025-11-19 18:56:54] ? Cancelled expired booking ID=84, Customer=1, Released 0 seats
[2025-11-19 18:56:54] ? Cancelled expired booking ID=85, Customer=1, Released 0 seats
[2025-11-19 18:56:54] ? Cancelled expired booking ID=86, Customer=1, Released 0 seats
[2025-11-19 18:56:54] ? Cancelled expired booking ID=87, Customer=1, Released 0 seats
[2025-11-19 18:56:54] ? Cancelled expired booking ID=88, Customer=1, Released 0 seats
[2025-11-19 18:56:54] ? Cancelled expired booking ID=89, Customer=1, Released 0 seats
[2025-11-19 18:56:54] ? Cancelled expired booking ID=90, Customer=1, Released 0 seats
[2025-11-19 18:56:54] ? Cancelled expired booking ID=92, Customer=2, Released 0 seats
[2025-11-19 18:56:54] ? Cancelled expired booking ID=95, Customer=1, Released 1 seats
[2025-11-19 18:56:54] ? Cancelled expired booking ID=96, Customer=1, Released 0 seats
[2025-11-19 18:56:54] ? Cancelled expired booking ID=97, Customer=1, Released 0 seats
[2025-11-19 18:56:54] ? Cancelled expired booking ID=98, Customer=1, Released 0 seats
[2025-11-19 18:56:54] ? Cancelled expired booking ID=99, Customer=1, Released 0 seats
[2025-11-19 18:57:54] ? Found 65 expired bookings to cancel
[2025-11-19 18:57:54] ? Cancelled expired booking ID=6, Customer=1, Released 0 seats
[2025-11-19 18:57:54] ? Cancelled expired booking ID=7, Customer=1, Released 0 seats
[2025-11-19 18:57:54] ? Cancelled expired booking ID=8, Customer=1, Released 0 seats
[2025-11-19 18:57:54] ? Cancelled expired booking ID=9, Customer=1, Released 0 seats
[2025-11-19 18:57:54] ? Cancelled expired booking ID=10, Customer=1, Released 1 seats
[2025-11-19 18:57:54] ? Cancelled expired booking ID=11, Customer=1, Released 0 seats
[2025-11-19 18:57:54] ? Cancelled expired booking ID=12, Customer=1, Released 2 seats
[2025-11-19 18:57:54] ? Cancelled expired booking ID=13, Customer=1, Released 1 seats
[2025-11-19 18:57:54] ? Cancelled expired booking ID=14, Customer=1, Released 2 seats
[2025-11-19 18:57:54] ? Cancelled expired booking ID=15, Customer=1, Released 0 seats
[2025-11-19 18:57:54] ? Cancelled expired booking ID=16, Customer=1, Released 0 seats
[2025-11-19 18:57:54] ? Cancelled expired booking ID=17, Customer=1, Released 0 seats
[2025-11-19 18:57:54] ? Cancelled expired booking ID=18, Customer=1, Released 0 seats
[2025-11-19 18:57:54] ? Cancelled expired booking ID=19, Customer=1, Released 1 seats
[2025-11-19 18:57:54] ? Cancelled expired booking ID=20, Customer=1, Released 0 seats
[2025-11-19 18:57:54] ? Cancelled expired booking ID=21, Customer=1, Released 0 seats
[2025-11-19 18:57:54] ? Cancelled expired booking ID=22, Customer=1, Released 0 seats
[2025-11-19 18:57:54] ? Cancelled expired booking ID=23, Customer=1, Released 0 seats
[2025-11-19 18:57:54] ? Cancelled expired booking ID=24, Customer=1, Released 0 seats
[2025-11-19 18:57:54] ? Cancelled expired booking ID=25, Customer=1, Released 0 seats
[2025-11-19 18:57:54] ? Cancelled expired booking ID=26, Customer=1, Released 2 seats
[2025-11-19 18:57:54] ? Cancelled expired booking ID=27, Customer=1, Released 0 seats
[2025-11-19 18:57:54] ? Cancelled expired booking ID=28, Customer=1, Released 0 seats
[2025-11-19 18:57:54] ? Cancelled expired booking ID=29, Customer=1, Released 0 seats
[2025-11-19 18:57:54] ? Cancelled expired booking ID=30, Customer=1, Released 0 seats
[2025-11-19 18:57:54] ? Cancelled expired booking ID=31, Customer=1, Released 1 seats
[2025-11-19 18:57:54] ? Cancelled expired booking ID=32, Customer=1, Released 2 seats
[2025-11-19 18:57:54] ? Cancelled expired booking ID=33, Customer=1, Released 2 seats
[2025-11-19 18:57:54] ? Cancelled expired booking ID=34, Customer=1, Released 2 seats
[2025-11-19 18:57:54] ? Cancelled expired booking ID=35, Customer=1, Released 0 seats
[2025-11-19 18:57:54] ? Cancelled expired booking ID=36, Customer=1, Released 2 seats
[2025-11-19 18:57:54] ? Cancelled expired booking ID=37, Customer=1, Released 1 seats
[2025-11-19 18:57:54] ? Cancelled expired booking ID=38, Customer=1, Released 0 seats
[2025-11-19 18:57:54] ? Cancelled expired booking ID=39, Customer=1, Released 2 seats
[2025-11-19 18:57:54] ? Cancelled expired booking ID=40, Customer=1, Released 0 seats
[2025-11-19 18:57:54] ? Cancelled expired booking ID=41, Customer=1, Released 1 seats
[2025-11-19 18:57:54] ? Cancelled expired booking ID=42, Customer=1, Released 0 seats
[2025-11-19 18:57:54] ? Cancelled expired booking ID=58, Customer=1, Released 0 seats
[2025-11-19 18:57:54] ? Cancelled expired booking ID=64, Customer=1, Released 2 seats
[2025-11-19 18:57:54] ? Cancelled expired booking ID=65, Customer=1, Released 2 seats
[2025-11-19 18:57:54] ? Cancelled expired booking ID=67, Customer=1, Released 2 seats
[2025-11-19 18:57:54] ? Cancelled expired booking ID=68, Customer=1, Released 1 seats
[2025-11-19 18:57:54] ? Cancelled expired booking ID=69, Customer=1, Released 0 seats
[2025-11-19 18:57:54] ? Cancelled expired booking ID=75, Customer=1, Released 0 seats
[2025-11-19 18:57:54] ? Cancelled expired booking ID=76, Customer=1, Released 0 seats
[2025-11-19 18:57:54] ? Cancelled expired booking ID=77, Customer=1, Released 0 seats
[2025-11-19 18:57:54] ? Cancelled expired booking ID=78, Customer=1, Released 0 seats
[2025-11-19 18:57:54] ? Cancelled expired booking ID=79, Customer=1, Released 1 seats
[2025-11-19 18:57:54] ? Cancelled expired booking ID=80, Customer=1, Released 1 seats
[2025-11-19 18:57:54] ? Cancelled expired booking ID=81, Customer=1, Released 0 seats
[2025-11-19 18:57:54] ? Cancelled expired booking ID=82, Customer=1, Released 1 seats
[2025-11-19 18:57:54] ? Cancelled expired booking ID=83, Customer=1, Released 0 seats
[2025-11-19 18:57:54] ? Cancelled expired booking ID=84, Customer=1, Released 0 seats
[2025-11-19 18:57:54] ? Cancelled expired booking ID=85, Customer=1, Released 0 seats
[2025-11-19 18:57:54] ? Cancelled expired booking ID=86, Customer=1, Released 0 seats
[2025-11-19 18:57:54] ? Cancelled expired booking ID=87, Customer=1, Released 0 seats
[2025-11-19 18:57:54] ? Cancelled expired booking ID=88, Customer=1, Released 0 seats
[2025-11-19 18:57:54] ? Cancelled expired booking ID=89, Customer=1, Released 0 seats
[2025-11-19 18:57:54] ? Cancelled expired booking ID=90, Customer=1, Released 0 seats
[2025-11-19 18:57:54] ? Cancelled expired booking ID=92, Customer=2, Released 0 seats
[2025-11-19 18:57:54] ? Cancelled expired booking ID=95, Customer=1, Released 1 seats
[2025-11-19 18:57:54] ? Cancelled expired booking ID=96, Customer=1, Released 0 seats
[2025-11-19 18:57:54] ? Cancelled expired booking ID=97, Customer=1, Released 0 seats
[2025-11-19 18:57:54] ? Cancelled expired booking ID=98, Customer=1, Released 0 seats
[2025-11-19 18:57:54] ? Cancelled expired booking ID=99, Customer=1, Released 0 seats
[2025-11-19 18:58:54] ? Found 65 expired bookings to cancel
[2025-11-19 18:58:54] ? Cancelled expired booking ID=6, Customer=1, Released 0 seats
[2025-11-19 18:58:54] ? Cancelled expired booking ID=7, Customer=1, Released 0 seats
[2025-11-19 18:58:54] ? Cancelled expired booking ID=8, Customer=1, Released 0 seats
[2025-11-19 18:58:54] ? Cancelled expired booking ID=9, Customer=1, Released 0 seats
[2025-11-19 18:58:54] ? Cancelled expired booking ID=10, Customer=1, Released 1 seats
[2025-11-19 18:58:54] ? Cancelled expired booking ID=11, Customer=1, Released 0 seats
[2025-11-19 18:58:54] ? Cancelled expired booking ID=12, Customer=1, Released 2 seats
[2025-11-19 18:58:54] ? Cancelled expired booking ID=13, Customer=1, Released 1 seats
[2025-11-19 18:58:54] ? Cancelled expired booking ID=14, Customer=1, Released 2 seats
[2025-11-19 18:58:54] ? Cancelled expired booking ID=15, Customer=1, Released 0 seats
[2025-11-19 18:58:54] ? Cancelled expired booking ID=16, Customer=1, Released 0 seats
[2025-11-19 18:58:54] ? Cancelled expired booking ID=17, Customer=1, Released 0 seats
[2025-11-19 18:58:54] ? Cancelled expired booking ID=18, Customer=1, Released 0 seats
[2025-11-19 18:58:54] ? Cancelled expired booking ID=19, Customer=1, Released 1 seats
[2025-11-19 18:58:54] ? Cancelled expired booking ID=20, Customer=1, Released 0 seats
[2025-11-19 18:58:54] ? Cancelled expired booking ID=21, Customer=1, Released 0 seats
[2025-11-19 18:58:54] ? Cancelled expired booking ID=22, Customer=1, Released 0 seats
[2025-11-19 18:58:54] ? Cancelled expired booking ID=23, Customer=1, Released 0 seats
[2025-11-19 18:58:54] ? Cancelled expired booking ID=24, Customer=1, Released 0 seats
[2025-11-19 18:58:54] ? Cancelled expired booking ID=25, Customer=1, Released 0 seats
[2025-11-19 18:58:54] ? Cancelled expired booking ID=26, Customer=1, Released 2 seats
[2025-11-19 18:58:54] ? Cancelled expired booking ID=27, Customer=1, Released 0 seats
[2025-11-19 18:58:54] ? Cancelled expired booking ID=28, Customer=1, Released 0 seats
[2025-11-19 18:58:54] ? Cancelled expired booking ID=29, Customer=1, Released 0 seats
[2025-11-19 18:58:54] ? Cancelled expired booking ID=30, Customer=1, Released 0 seats
[2025-11-19 18:58:54] ? Cancelled expired booking ID=31, Customer=1, Released 1 seats
[2025-11-19 18:58:54] ? Cancelled expired booking ID=32, Customer=1, Released 2 seats
[2025-11-19 18:58:54] ? Cancelled expired booking ID=33, Customer=1, Released 2 seats
[2025-11-19 18:58:54] ? Cancelled expired booking ID=34, Customer=1, Released 2 seats
[2025-11-19 18:58:54] ? Cancelled expired booking ID=35, Customer=1, Released 0 seats
[2025-11-19 18:58:54] ? Cancelled expired booking ID=36, Customer=1, Released 2 seats
[2025-11-19 18:58:54] ? Cancelled expired booking ID=37, Customer=1, Released 1 seats
[2025-11-19 18:58:54] ? Cancelled expired booking ID=38, Customer=1, Released 0 seats
[2025-11-19 18:58:54] ? Cancelled expired booking ID=39, Customer=1, Released 2 seats
[2025-11-19 18:58:54] ? Cancelled expired booking ID=40, Customer=1, Released 0 seats
[2025-11-19 18:58:54] ? Cancelled expired booking ID=41, Customer=1, Released 1 seats
[2025-11-19 18:58:54] ? Cancelled expired booking ID=42, Customer=1, Released 0 seats
[2025-11-19 18:58:54] ? Cancelled expired booking ID=58, Customer=1, Released 0 seats
[2025-11-19 18:58:54] ? Cancelled expired booking ID=64, Customer=1, Released 2 seats
[2025-11-19 18:58:54] ? Cancelled expired booking ID=65, Customer=1, Released 2 seats
[2025-11-19 18:58:54] ? Cancelled expired booking ID=67, Customer=1, Released 2 seats
[2025-11-19 18:58:54] ? Cancelled expired booking ID=68, Customer=1, Released 1 seats
[2025-11-19 18:58:54] ? Cancelled expired booking ID=69, Customer=1, Released 0 seats
[2025-11-19 18:58:54] ? Cancelled expired booking ID=75, Customer=1, Released 0 seats
[2025-11-19 18:58:54] ? Cancelled expired booking ID=76, Customer=1, Released 0 seats
[2025-11-19 18:58:54] ? Cancelled expired booking ID=77, Customer=1, Released 0 seats
[2025-11-19 18:58:54] ? Cancelled expired booking ID=78, Customer=1, Released 0 seats
[2025-11-19 18:58:54] ? Cancelled expired booking ID=79, Customer=1, Released 1 seats
[2025-11-19 18:58:54] ? Cancelled expired booking ID=80, Customer=1, Released 1 seats
[2025-11-19 18:58:54] ? Cancelled expired booking ID=81, Customer=1, Released 0 seats
[2025-11-19 18:58:54] ? Cancelled expired booking ID=82, Customer=1, Released 1 seats
[2025-11-19 18:58:54] ? Cancelled expired booking ID=83, Customer=1, Released 0 seats
[2025-11-19 18:58:54] ? Cancelled expired booking ID=84, Customer=1, Released 0 seats
[2025-11-19 18:58:54] ? Cancelled expired booking ID=85, Customer=1, Released 0 seats
[2025-11-19 18:58:54] ? Cancelled expired booking ID=86, Customer=1, Released 0 seats
[2025-11-19 18:58:54] ? Cancelled expired booking ID=87, Customer=1, Released 0 seats
[2025-11-19 18:58:54] ? Cancelled expired booking ID=88, Customer=1, Released 0 seats
[2025-11-19 18:58:54] ? Cancelled expired booking ID=89, Customer=1, Released 0 seats
[2025-11-19 18:58:54] ? Cancelled expired booking ID=90, Customer=1, Released 0 seats
[2025-11-19 18:58:54] ? Cancelled expired booking ID=92, Customer=2, Released 0 seats
[2025-11-19 18:58:54] ? Cancelled expired booking ID=95, Customer=1, Released 1 seats
[2025-11-19 18:58:54] ? Cancelled expired booking ID=96, Customer=1, Released 0 seats
[2025-11-19 18:58:54] ? Cancelled expired booking ID=97, Customer=1, Released 0 seats
[2025-11-19 18:58:54] ? Cancelled expired booking ID=98, Customer=1, Released 0 seats
[2025-11-19 18:58:54] ? Cancelled expired booking ID=99, Customer=1, Released 0 seats
[2025-11-19 18:59:54] ? Found 65 expired bookings to cancel
[2025-11-19 18:59:54] ? Cancelled expired booking ID=6, Customer=1, Released 0 seats
[2025-11-19 18:59:54] ? Cancelled expired booking ID=7, Customer=1, Released 0 seats
[2025-11-19 18:59:54] ? Cancelled expired booking ID=8, Customer=1, Released 0 seats
[2025-11-19 18:59:54] ? Cancelled expired booking ID=9, Customer=1, Released 0 seats
[2025-11-19 18:59:54] ? Cancelled expired booking ID=10, Customer=1, Released 1 seats
[2025-11-19 18:59:54] ? Cancelled expired booking ID=11, Customer=1, Released 0 seats
[2025-11-19 18:59:54] ? Cancelled expired booking ID=12, Customer=1, Released 2 seats
[2025-11-19 18:59:54] ? Cancelled expired booking ID=13, Customer=1, Released 1 seats
[2025-11-19 18:59:54] ? Cancelled expired booking ID=14, Customer=1, Released 2 seats
[2025-11-19 18:59:54] ? Cancelled expired booking ID=15, Customer=1, Released 0 seats
[2025-11-19 18:59:54] ? Cancelled expired booking ID=16, Customer=1, Released 0 seats
[2025-11-19 18:59:54] ? Cancelled expired booking ID=17, Customer=1, Released 0 seats
[2025-11-19 18:59:54] ? Cancelled expired booking ID=18, Customer=1, Released 0 seats
[2025-11-19 18:59:54] ? Cancelled expired booking ID=19, Customer=1, Released 1 seats
[2025-11-19 18:59:54] ? Cancelled expired booking ID=20, Customer=1, Released 0 seats
[2025-11-19 18:59:54] ? Cancelled expired booking ID=21, Customer=1, Released 0 seats
[2025-11-19 18:59:54] ? Cancelled expired booking ID=22, Customer=1, Released 0 seats
[2025-11-19 18:59:54] ? Cancelled expired booking ID=23, Customer=1, Released 0 seats
[2025-11-19 18:59:54] ? Cancelled expired booking ID=24, Customer=1, Released 0 seats
[2025-11-19 18:59:54] ? Cancelled expired booking ID=25, Customer=1, Released 0 seats
[2025-11-19 18:59:54] ? Cancelled expired booking ID=26, Customer=1, Released 2 seats
[2025-11-19 18:59:54] ? Cancelled expired booking ID=27, Customer=1, Released 0 seats
[2025-11-19 18:59:54] ? Cancelled expired booking ID=28, Customer=1, Released 0 seats
[2025-11-19 18:59:54] ? Cancelled expired booking ID=29, Customer=1, Released 0 seats
[2025-11-19 18:59:54] ? Cancelled expired booking ID=30, Customer=1, Released 0 seats
[2025-11-19 18:59:54] ? Cancelled expired booking ID=31, Customer=1, Released 1 seats
[2025-11-19 18:59:54] ? Cancelled expired booking ID=32, Customer=1, Released 2 seats
[2025-11-19 18:59:54] ? Cancelled expired booking ID=33, Customer=1, Released 2 seats
[2025-11-19 18:59:54] ? Cancelled expired booking ID=34, Customer=1, Released 2 seats
[2025-11-19 18:59:54] ? Cancelled expired booking ID=35, Customer=1, Released 0 seats
[2025-11-19 18:59:54] ? Cancelled expired booking ID=36, Customer=1, Released 2 seats
[2025-11-19 18:59:54] ? Cancelled expired booking ID=37, Customer=1, Released 1 seats
[2025-11-19 18:59:54] ? Cancelled expired booking ID=38, Customer=1, Released 0 seats
[2025-11-19 18:59:54] ? Cancelled expired booking ID=39, Customer=1, Released 2 seats
[2025-11-19 18:59:54] ? Cancelled expired booking ID=40, Customer=1, Released 0 seats
[2025-11-19 18:59:54] ? Cancelled expired booking ID=41, Customer=1, Released 1 seats
[2025-11-19 18:59:54] ? Cancelled expired booking ID=42, Customer=1, Released 0 seats
[2025-11-19 18:59:54] ? Cancelled expired booking ID=58, Customer=1, Released 0 seats
[2025-11-19 18:59:54] ? Cancelled expired booking ID=64, Customer=1, Released 2 seats
[2025-11-19 18:59:54] ? Cancelled expired booking ID=65, Customer=1, Released 2 seats
[2025-11-19 18:59:54] ? Cancelled expired booking ID=67, Customer=1, Released 2 seats
[2025-11-19 18:59:54] ? Cancelled expired booking ID=68, Customer=1, Released 1 seats
[2025-11-19 18:59:54] ? Cancelled expired booking ID=69, Customer=1, Released 0 seats
[2025-11-19 18:59:54] ? Cancelled expired booking ID=75, Customer=1, Released 0 seats
[2025-11-19 18:59:54] ? Cancelled expired booking ID=76, Customer=1, Released 0 seats
[2025-11-19 18:59:54] ? Cancelled expired booking ID=77, Customer=1, Released 0 seats
[2025-11-19 18:59:54] ? Cancelled expired booking ID=78, Customer=1, Released 0 seats
[2025-11-19 18:59:54] ? Cancelled expired booking ID=79, Customer=1, Released 1 seats
[2025-11-19 18:59:54] ? Cancelled expired booking ID=80, Customer=1, Released 1 seats
[2025-11-19 18:59:54] ? Cancelled expired booking ID=81, Customer=1, Released 0 seats
[2025-11-19 18:59:54] ? Cancelled expired booking ID=82, Customer=1, Released 1 seats
[2025-11-19 18:59:54] ? Cancelled expired booking ID=83, Customer=1, Released 0 seats
[2025-11-19 18:59:54] ? Cancelled expired booking ID=84, Customer=1, Released 0 seats
[2025-11-19 18:59:54] ? Cancelled expired booking ID=85, Customer=1, Released 0 seats
[2025-11-19 18:59:54] ? Cancelled expired booking ID=86, Customer=1, Released 0 seats
[2025-11-19 18:59:54] ? Cancelled expired booking ID=87, Customer=1, Released 0 seats
[2025-11-19 18:59:54] ? Cancelled expired booking ID=88, Customer=1, Released 0 seats
[2025-11-19 18:59:54] ? Cancelled expired booking ID=89, Customer=1, Released 0 seats
[2025-11-19 18:59:54] ? Cancelled expired booking ID=90, Customer=1, Released 0 seats
[2025-11-19 18:59:54] ? Cancelled expired booking ID=92, Customer=2, Released 0 seats
[2025-11-19 18:59:54] ? Cancelled expired booking ID=95, Customer=1, Released 1 seats
[2025-11-19 18:59:54] ? Cancelled expired booking ID=96, Customer=1, Released 0 seats
[2025-11-19 18:59:54] ? Cancelled expired booking ID=97, Customer=1, Released 0 seats
[2025-11-19 18:59:54] ? Cancelled expired booking ID=98, Customer=1, Released 0 seats
[2025-11-19 18:59:54] ? Cancelled expired booking ID=99, Customer=1, Released 0 seats
[2025-11-19 19:00:54] ? Found 65 expired bookings to cancel
[2025-11-19 19:00:54] ? Cancelled expired booking ID=6, Customer=1, Released 0 seats
[2025-11-19 19:00:54] ? Cancelled expired booking ID=7, Customer=1, Released 0 seats
[2025-11-19 19:00:54] ? Cancelled expired booking ID=8, Customer=1, Released 0 seats
[2025-11-19 19:00:54] ? Cancelled expired booking ID=9, Customer=1, Released 0 seats
[2025-11-19 19:00:54] ? Cancelled expired booking ID=10, Customer=1, Released 1 seats
[2025-11-19 19:00:54] ? Cancelled expired booking ID=11, Customer=1, Released 0 seats
[2025-11-19 19:00:54] ? Cancelled expired booking ID=12, Customer=1, Released 2 seats
[2025-11-19 19:00:54] ? Cancelled expired booking ID=13, Customer=1, Released 1 seats
[2025-11-19 19:00:54] ? Cancelled expired booking ID=14, Customer=1, Released 2 seats
[2025-11-19 19:00:54] ? Cancelled expired booking ID=15, Customer=1, Released 0 seats
[2025-11-19 19:00:54] ? Cancelled expired booking ID=16, Customer=1, Released 0 seats
[2025-11-19 19:00:54] ? Cancelled expired booking ID=17, Customer=1, Released 0 seats
[2025-11-19 19:00:54] ? Cancelled expired booking ID=18, Customer=1, Released 0 seats
[2025-11-19 19:00:54] ? Cancelled expired booking ID=19, Customer=1, Released 1 seats
[2025-11-19 19:00:54] ? Cancelled expired booking ID=20, Customer=1, Released 0 seats
[2025-11-19 19:00:54] ? Cancelled expired booking ID=21, Customer=1, Released 0 seats
[2025-11-19 19:00:54] ? Cancelled expired booking ID=22, Customer=1, Released 0 seats
[2025-11-19 19:00:54] ? Cancelled expired booking ID=23, Customer=1, Released 0 seats
[2025-11-19 19:00:54] ? Cancelled expired booking ID=24, Customer=1, Released 0 seats
[2025-11-19 19:00:54] ? Cancelled expired booking ID=25, Customer=1, Released 0 seats
[2025-11-19 19:00:54] ? Cancelled expired booking ID=26, Customer=1, Released 2 seats
[2025-11-19 19:00:54] ? Cancelled expired booking ID=27, Customer=1, Released 0 seats
[2025-11-19 19:00:54] ? Cancelled expired booking ID=28, Customer=1, Released 0 seats
[2025-11-19 19:00:54] ? Cancelled expired booking ID=29, Customer=1, Released 0 seats
[2025-11-19 19:00:54] ? Cancelled expired booking ID=30, Customer=1, Released 0 seats
[2025-11-19 19:00:54] ? Cancelled expired booking ID=31, Customer=1, Released 1 seats
[2025-11-19 19:00:54] ? Cancelled expired booking ID=32, Customer=1, Released 2 seats
[2025-11-19 19:00:54] ? Cancelled expired booking ID=33, Customer=1, Released 2 seats
[2025-11-19 19:00:54] ? Cancelled expired booking ID=34, Customer=1, Released 2 seats
[2025-11-19 19:00:54] ? Cancelled expired booking ID=35, Customer=1, Released 0 seats
[2025-11-19 19:00:54] ? Cancelled expired booking ID=36, Customer=1, Released 2 seats
[2025-11-19 19:00:54] ? Cancelled expired booking ID=37, Customer=1, Released 1 seats
[2025-11-19 19:00:54] ? Cancelled expired booking ID=38, Customer=1, Released 0 seats
[2025-11-19 19:00:54] ? Cancelled expired booking ID=39, Customer=1, Released 2 seats
[2025-11-19 19:00:54] ? Cancelled expired booking ID=40, Customer=1, Released 0 seats
[2025-11-19 19:00:54] ? Cancelled expired booking ID=41, Customer=1, Released 1 seats
[2025-11-19 19:00:54] ? Cancelled expired booking ID=42, Customer=1, Released 0 seats
[2025-11-19 19:00:54] ? Cancelled expired booking ID=58, Customer=1, Released 0 seats
[2025-11-19 19:00:54] ? Cancelled expired booking ID=64, Customer=1, Released 2 seats
[2025-11-19 19:00:54] ? Cancelled expired booking ID=65, Customer=1, Released 2 seats
[2025-11-19 19:00:54] ? Cancelled expired booking ID=67, Customer=1, Released 2 seats
[2025-11-19 19:00:54] ? Cancelled expired booking ID=68, Customer=1, Released 1 seats
[2025-11-19 19:00:54] ? Cancelled expired booking ID=69, Customer=1, Released 0 seats
[2025-11-19 19:00:54] ? Cancelled expired booking ID=75, Customer=1, Released 0 seats
[2025-11-19 19:00:54] ? Cancelled expired booking ID=76, Customer=1, Released 0 seats
[2025-11-19 19:00:54] ? Cancelled expired booking ID=77, Customer=1, Released 0 seats
[2025-11-19 19:00:54] ? Cancelled expired booking ID=78, Customer=1, Released 0 seats
[2025-11-19 19:00:54] ? Cancelled expired booking ID=79, Customer=1, Released 1 seats
[2025-11-19 19:00:54] ? Cancelled expired booking ID=80, Customer=1, Released 1 seats
[2025-11-19 19:00:54] ? Cancelled expired booking ID=81, Customer=1, Released 0 seats
[2025-11-19 19:00:54] ? Cancelled expired booking ID=82, Customer=1, Released 1 seats
[2025-11-19 19:00:54] ? Cancelled expired booking ID=83, Customer=1, Released 0 seats
[2025-11-19 19:00:54] ? Cancelled expired booking ID=84, Customer=1, Released 0 seats
[2025-11-19 19:00:54] ? Cancelled expired booking ID=85, Customer=1, Released 0 seats
[2025-11-19 19:00:54] ? Cancelled expired booking ID=86, Customer=1, Released 0 seats
[2025-11-19 19:00:54] ? Cancelled expired booking ID=87, Customer=1, Released 0 seats
[2025-11-19 19:00:54] ? Cancelled expired booking ID=88, Customer=1, Released 0 seats
[2025-11-19 19:00:54] ? Cancelled expired booking ID=89, Customer=1, Released 0 seats
[2025-11-19 19:00:54] ? Cancelled expired booking ID=90, Customer=1, Released 0 seats
[2025-11-19 19:00:54] ? Cancelled expired booking ID=92, Customer=2, Released 0 seats
[2025-11-19 19:00:54] ? Cancelled expired booking ID=95, Customer=1, Released 1 seats
[2025-11-19 19:00:54] ? Cancelled expired booking ID=96, Customer=1, Released 0 seats
[2025-11-19 19:00:54] ? Cancelled expired booking ID=97, Customer=1, Released 0 seats
[2025-11-19 19:00:54] ? Cancelled expired booking ID=98, Customer=1, Released 0 seats
[2025-11-19 19:00:54] ? Cancelled expired booking ID=99, Customer=1, Released 0 seats
[2025-11-19 19:01:54] ? Found 66 expired bookings to cancel
[2025-11-19 19:01:54] ? Cancelled expired booking ID=6, Customer=1, Released 0 seats
[2025-11-19 19:01:54] ? Cancelled expired booking ID=7, Customer=1, Released 0 seats
[2025-11-19 19:01:54] ? Cancelled expired booking ID=8, Customer=1, Released 0 seats
[2025-11-19 19:01:54] ? Cancelled expired booking ID=9, Customer=1, Released 0 seats
[2025-11-19 19:01:54] ? Cancelled expired booking ID=10, Customer=1, Released 1 seats
[2025-11-19 19:01:54] ? Cancelled expired booking ID=11, Customer=1, Released 0 seats
[2025-11-19 19:01:54] ? Cancelled expired booking ID=12, Customer=1, Released 2 seats
[2025-11-19 19:01:54] ? Cancelled expired booking ID=13, Customer=1, Released 1 seats
[2025-11-19 19:01:54] ? Cancelled expired booking ID=14, Customer=1, Released 2 seats
[2025-11-19 19:01:54] ? Cancelled expired booking ID=15, Customer=1, Released 0 seats
[2025-11-19 19:01:54] ? Cancelled expired booking ID=16, Customer=1, Released 0 seats
[2025-11-19 19:01:54] ? Cancelled expired booking ID=17, Customer=1, Released 0 seats
[2025-11-19 19:01:54] ? Cancelled expired booking ID=18, Customer=1, Released 0 seats
[2025-11-19 19:01:54] ? Cancelled expired booking ID=19, Customer=1, Released 1 seats
[2025-11-19 19:01:54] ? Cancelled expired booking ID=20, Customer=1, Released 0 seats
[2025-11-19 19:01:54] ? Cancelled expired booking ID=21, Customer=1, Released 0 seats
[2025-11-19 19:01:54] ? Cancelled expired booking ID=22, Customer=1, Released 0 seats
[2025-11-19 19:01:54] ? Cancelled expired booking ID=23, Customer=1, Released 0 seats
[2025-11-19 19:01:54] ? Cancelled expired booking ID=24, Customer=1, Released 0 seats
[2025-11-19 19:01:54] ? Cancelled expired booking ID=25, Customer=1, Released 0 seats
[2025-11-19 19:01:54] ? Cancelled expired booking ID=26, Customer=1, Released 2 seats
[2025-11-19 19:01:54] ? Cancelled expired booking ID=27, Customer=1, Released 0 seats
[2025-11-19 19:01:54] ? Cancelled expired booking ID=28, Customer=1, Released 0 seats
[2025-11-19 19:01:54] ? Cancelled expired booking ID=29, Customer=1, Released 0 seats
[2025-11-19 19:01:54] ? Cancelled expired booking ID=30, Customer=1, Released 0 seats
[2025-11-19 19:01:54] ? Cancelled expired booking ID=31, Customer=1, Released 1 seats
[2025-11-19 19:01:54] ? Cancelled expired booking ID=32, Customer=1, Released 2 seats
[2025-11-19 19:01:54] ? Cancelled expired booking ID=33, Customer=1, Released 2 seats
[2025-11-19 19:01:54] ? Cancelled expired booking ID=34, Customer=1, Released 2 seats
[2025-11-19 19:01:54] ? Cancelled expired booking ID=35, Customer=1, Released 0 seats
[2025-11-19 19:01:54] ? Cancelled expired booking ID=36, Customer=1, Released 2 seats
[2025-11-19 19:01:54] ? Cancelled expired booking ID=37, Customer=1, Released 1 seats
[2025-11-19 19:01:54] ? Cancelled expired booking ID=38, Customer=1, Released 0 seats
[2025-11-19 19:01:54] ? Cancelled expired booking ID=39, Customer=1, Released 2 seats
[2025-11-19 19:01:54] ? Cancelled expired booking ID=40, Customer=1, Released 0 seats
[2025-11-19 19:01:54] ? Cancelled expired booking ID=41, Customer=1, Released 1 seats
[2025-11-19 19:01:54] ? Cancelled expired booking ID=42, Customer=1, Released 0 seats
[2025-11-19 19:01:54] ? Cancelled expired booking ID=58, Customer=1, Released 0 seats
[2025-11-19 19:01:54] ? Cancelled expired booking ID=64, Customer=1, Released 2 seats
[2025-11-19 19:01:54] ? Cancelled expired booking ID=65, Customer=1, Released 2 seats
[2025-11-19 19:01:54] ? Cancelled expired booking ID=67, Customer=1, Released 2 seats
[2025-11-19 19:01:54] ? Cancelled expired booking ID=68, Customer=1, Released 1 seats
[2025-11-19 19:01:54] ? Cancelled expired booking ID=69, Customer=1, Released 0 seats
[2025-11-19 19:01:54] ? Cancelled expired booking ID=75, Customer=1, Released 0 seats
[2025-11-19 19:01:54] ? Cancelled expired booking ID=76, Customer=1, Released 0 seats
[2025-11-19 19:01:54] ? Cancelled expired booking ID=77, Customer=1, Released 0 seats
[2025-11-19 19:01:54] ? Cancelled expired booking ID=78, Customer=1, Released 0 seats
[2025-11-19 19:01:54] ? Cancelled expired booking ID=79, Customer=1, Released 1 seats
[2025-11-19 19:01:54] ? Cancelled expired booking ID=80, Customer=1, Released 1 seats
[2025-11-19 19:01:54] ? Cancelled expired booking ID=81, Customer=1, Released 0 seats
[2025-11-19 19:01:54] ? Cancelled expired booking ID=82, Customer=1, Released 1 seats
[2025-11-19 19:01:54] ? Cancelled expired booking ID=83, Customer=1, Released 0 seats
[2025-11-19 19:01:54] ? Cancelled expired booking ID=84, Customer=1, Released 0 seats
[2025-11-19 19:01:54] ? Cancelled expired booking ID=85, Customer=1, Released 0 seats
[2025-11-19 19:01:54] ? Cancelled expired booking ID=86, Customer=1, Released 0 seats
[2025-11-19 19:01:54] ? Cancelled expired booking ID=87, Customer=1, Released 0 seats
[2025-11-19 19:01:54] ? Cancelled expired booking ID=88, Customer=1, Released 0 seats
[2025-11-19 19:01:54] ? Cancelled expired booking ID=89, Customer=1, Released 0 seats
[2025-11-19 19:01:54] ? Cancelled expired booking ID=90, Customer=1, Released 0 seats
[2025-11-19 19:01:54] ? Cancelled expired booking ID=92, Customer=2, Released 0 seats
[2025-11-19 19:01:54] ? Cancelled expired booking ID=95, Customer=1, Released 1 seats
[2025-11-19 19:01:54] ? Cancelled expired booking ID=96, Customer=1, Released 0 seats
[2025-11-19 19:01:54] ? Cancelled expired booking ID=97, Customer=1, Released 0 seats
[2025-11-19 19:01:54] ? Cancelled expired booking ID=98, Customer=1, Released 0 seats
[2025-11-19 19:01:54] ? Cancelled expired booking ID=99, Customer=1, Released 0 seats
[2025-11-19 19:01:54] ? Cancelled expired booking ID=100, Customer=1, Released 1 seats
[2025-11-19 19:15:21] ? BookingExpirationService started
[2025-11-19 19:16:08] SelectSeats (Fresh DB): showtime=10, paidBookings=28, bookedCount=22
[2025-11-19 19:16:08] Booked seat ids: 102,104,111,112,116,117,121,126,127,131,136,137,141,151,161,165,166,168,169,186,187,105
[2025-11-19 19:16:14] ✅ Tạo Dat_Ve mới: ID=102, Trạng thái=Chưa thanh toán
[2025-11-19 19:16:14] ✅ Sinh QR code: DAVCINEMA-102-219-638991765743158929 -> qr_DAVCINEMA-102-219-638991765743158929.png
[2025-11-19 19:16:14] ✅ Cập nhật Dat_Ve: ID=102, Tổng tiền=125000,00, Vé=1, Đồ ăn=0
[2025-11-19 19:16:14] ✅ QR Code URL (new format) generated: https://img.vietqr.io/image/VCB-1031419192-compact2.png?amount=125000&addInfo=DatVe102
[2025-11-19 19:16:14] 🔍 KM004 Start: foodItemsJson=exist
[2025-11-19 19:16:14]   → Checking FoodType='Combo', FoodName='Combo Bắp Rang và Pepsi'
[2025-11-19 19:16:14] ✅ KM004: Found Combo!
[2025-11-19 19:16:14] ✅ KM004 Complete: hasCombo=True
[2025-11-19 19:16:18] ✅ PromoCode KM003: giaTriGiam=15,00, loai=%, discount=18750,0000
[2025-11-19 19:16:18] ✅ QR Code URL (new format) generated: https://img.vietqr.io/image/VCB-1031419192-compact2.png?amount=106250&addInfo=DatVe102
[2025-11-19 19:16:18] ✅ UpdateQRCode: BookingId=102, Original=125000,00, Discount=18750,0000, Final=106250,0000, PromoCode=KM003
[2025-11-19 19:16:19] ✅ PromoCode KM004: giaTriGiam=15,00, loai=%, discount=18750,0000
[2025-11-19 19:16:19] ✅ QR Code URL (new format) generated: https://img.vietqr.io/image/VCB-1031419192-compact2.png?amount=106250&addInfo=DatVe102
[2025-11-19 19:16:19] ✅ UpdateQRCode: BookingId=102, Original=125000,00, Discount=18750,0000, Final=106250,0000, PromoCode=KM004
[2025-11-19 19:16:21] ? Found 66 expired bookings to cancel
[2025-11-19 19:16:21] ? Cancelled expired booking ID=6, Customer=1, Released 0 seats
[2025-11-19 19:16:21] ? Cancelled expired booking ID=7, Customer=1, Released 0 seats
[2025-11-19 19:16:21] ? Cancelled expired booking ID=8, Customer=1, Released 0 seats
[2025-11-19 19:16:21] ? Cancelled expired booking ID=9, Customer=1, Released 0 seats
[2025-11-19 19:16:21] ? Cancelled expired booking ID=10, Customer=1, Released 1 seats
[2025-11-19 19:16:21] ? Cancelled expired booking ID=11, Customer=1, Released 0 seats
[2025-11-19 19:16:21] ? Cancelled expired booking ID=12, Customer=1, Released 2 seats
[2025-11-19 19:16:21] ? Cancelled expired booking ID=13, Customer=1, Released 1 seats
[2025-11-19 19:16:21] ? Cancelled expired booking ID=14, Customer=1, Released 2 seats
[2025-11-19 19:16:21] ? Cancelled expired booking ID=15, Customer=1, Released 0 seats
[2025-11-19 19:16:21] ? Cancelled expired booking ID=16, Customer=1, Released 0 seats
[2025-11-19 19:16:21] ? Cancelled expired booking ID=17, Customer=1, Released 0 seats
[2025-11-19 19:16:21] ? Cancelled expired booking ID=18, Customer=1, Released 0 seats
[2025-11-19 19:16:21] ? Cancelled expired booking ID=19, Customer=1, Released 1 seats
[2025-11-19 19:16:21] ? Cancelled expired booking ID=20, Customer=1, Released 0 seats
[2025-11-19 19:16:21] ? Cancelled expired booking ID=21, Customer=1, Released 0 seats
[2025-11-19 19:16:21] ? Cancelled expired booking ID=22, Customer=1, Released 0 seats
[2025-11-19 19:16:21] ? Cancelled expired booking ID=23, Customer=1, Released 0 seats
[2025-11-19 19:16:21] ? Cancelled expired booking ID=24, Customer=1, Released 0 seats
[2025-11-19 19:16:21] ? Cancelled expired booking ID=25, Customer=1, Released 0 seats
[2025-11-19 19:16:21] ? Cancelled expired booking ID=26, Customer=1, Released 2 seats
[2025-11-19 19:16:21] ? Cancelled expired booking ID=27, Customer=1, Released 0 seats
[2025-11-19 19:16:21] ? Cancelled expired booking ID=28, Customer=1, Released 0 seats
[2025-11-19 19:16:21] ? Cancelled expired booking ID=29, Customer=1, Released 0 seats
[2025-11-19 19:16:21] ? Cancelled expired booking ID=30, Customer=1, Released 0 seats
[2025-11-19 19:16:21] ? Cancelled expired booking ID=31, Customer=1, Released 1 seats
[2025-11-19 19:16:21] ? Cancelled expired booking ID=32, Customer=1, Released 2 seats
[2025-11-19 19:16:21] ? Cancelled expired booking ID=33, Customer=1, Released 2 seats
[2025-11-19 19:16:21] ? Cancelled expired booking ID=34, Customer=1, Released 2 seats
[2025-11-19 19:16:21] ? Cancelled expired booking ID=35, Customer=1, Released 0 seats
[2025-11-19 19:16:21] ? Cancelled expired booking ID=36, Customer=1, Released 2 seats
[2025-11-19 19:16:21] ? Cancelled expired booking ID=37, Customer=1, Released 1 seats
[2025-11-19 19:16:21] ? Cancelled expired booking ID=38, Customer=1, Released 0 seats
[2025-11-19 19:16:21] ? Cancelled expired booking ID=39, Customer=1, Released 2 seats
[2025-11-19 19:16:21] ? Cancelled expired booking ID=40, Customer=1, Released 0 seats
[2025-11-19 19:16:21] ? Cancelled expired booking ID=41, Customer=1, Released 1 seats
[2025-11-19 19:16:21] ? Cancelled expired booking ID=42, Customer=1, Released 0 seats
[2025-11-19 19:16:21] ? Cancelled expired booking ID=58, Customer=1, Released 0 seats
[2025-11-19 19:16:21] ? Cancelled expired booking ID=64, Customer=1, Released 2 seats
[2025-11-19 19:16:21] ? Cancelled expired booking ID=65, Customer=1, Released 2 seats
[2025-11-19 19:16:21] ? Cancelled expired booking ID=67, Customer=1, Released 2 seats
[2025-11-19 19:16:21] ? Cancelled expired booking ID=68, Customer=1, Released 1 seats
[2025-11-19 19:16:21] ? Cancelled expired booking ID=69, Customer=1, Released 0 seats
[2025-11-19 19:16:21] ? Cancelled expired booking ID=75, Customer=1, Released 0 seats
[2025-11-19 19:16:21] ? Cancelled expired booking ID=76, Customer=1, Released 0 seats
[2025-11-19 19:16:21] ? Cancelled expired booking ID=77, Customer=1, Released 0 seats
[2025-11-19 19:16:21] ? Cancelled expired booking ID=78, Customer=1, Released 0 seats
[2025-11-19 19:16:21] ? Cancelled expired booking ID=79, Customer=1, Released 1 seats
[2025-11-19 19:16:21] ? Cancelled expired booking ID=80, Customer=1, Released 1 seats
[2025-11-19 19:16:21] ? Cancelled expired booking ID=81, Customer=1, Released 0 seats
[2025-11-19 19:16:21] ? Cancelled expired booking ID=82, Customer=1, Released 1 seats
[2025-11-19 19:16:21] ? Cancelled expired booking ID=83, Customer=1, Released 0 seats
[2025-11-19 19:16:21] ? Cancelled expired booking ID=84, Customer=1, Released 0 seats
[2025-11-19 19:16:21] ? Cancelled expired booking ID=85, Customer=1, Released 0 seats
[2025-11-19 19:16:21] ? Cancelled expired booking ID=86, Customer=1, Released 0 seats
[2025-11-19 19:16:21] ? Cancelled expired booking ID=87, Customer=1, Released 0 seats
[2025-11-19 19:16:21] ? Cancelled expired booking ID=88, Customer=1, Released 0 seats
[2025-11-19 19:16:21] ? Cancelled expired booking ID=89, Customer=1, Released 0 seats
[2025-11-19 19:16:21] ? Cancelled expired booking ID=90, Customer=1, Released 0 seats
[2025-11-19 19:16:21] ? Cancelled expired booking ID=92, Customer=2, Released 0 seats
[2025-11-19 19:16:21] ? Cancelled expired booking ID=95, Customer=1, Released 0 seats
[2025-11-19 19:16:21] ? Cancelled expired booking ID=96, Customer=1, Released 0 seats
[2025-11-19 19:16:21] ? Cancelled expired booking ID=97, Customer=1, Released 0 seats
[2025-11-19 19:16:21] ? Cancelled expired booking ID=98, Customer=1, Released 0 seats
[2025-11-19 19:16:21] ? Cancelled expired booking ID=99, Customer=1, Released 0 seats
[2025-11-19 19:16:21] ? Cancelled expired booking ID=100, Customer=1, Released 1 seats
[2025-11-19 19:18:05] ? Found 66 expired bookings to cancel
[2025-11-19 19:18:05] ? Cancelled expired booking ID=6, Customer=1, Released 0 seats
[2025-11-19 19:18:05] ? Cancelled expired booking ID=7, Customer=1, Released 0 seats
[2025-11-19 19:18:05] ? Cancelled expired booking ID=8, Customer=1, Released 0 seats
[2025-11-19 19:18:05] ? Cancelled expired booking ID=9, Customer=1, Released 0 seats
[2025-11-19 19:18:05] ? Cancelled expired booking ID=10, Customer=1, Released 1 seats
[2025-11-19 19:18:05] ? Cancelled expired booking ID=11, Customer=1, Released 0 seats
[2025-11-19 19:18:05] ? Cancelled expired booking ID=12, Customer=1, Released 2 seats
[2025-11-19 19:18:05] ? Cancelled expired booking ID=13, Customer=1, Released 1 seats
[2025-11-19 19:18:05] ? Cancelled expired booking ID=14, Customer=1, Released 2 seats
[2025-11-19 19:18:05] ? Cancelled expired booking ID=15, Customer=1, Released 0 seats
[2025-11-19 19:18:05] ? Cancelled expired booking ID=16, Customer=1, Released 0 seats
[2025-11-19 19:18:05] ? Cancelled expired booking ID=17, Customer=1, Released 0 seats
[2025-11-19 19:18:05] ? Cancelled expired booking ID=18, Customer=1, Released 0 seats
[2025-11-19 19:18:05] ? Cancelled expired booking ID=19, Customer=1, Released 1 seats
[2025-11-19 19:18:05] ? Cancelled expired booking ID=20, Customer=1, Released 0 seats
[2025-11-19 19:18:05] ? Cancelled expired booking ID=21, Customer=1, Released 0 seats
[2025-11-19 19:18:05] ? Cancelled expired booking ID=22, Customer=1, Released 0 seats
[2025-11-19 19:18:05] ? Cancelled expired booking ID=23, Customer=1, Released 0 seats
[2025-11-19 19:18:05] ? Cancelled expired booking ID=24, Customer=1, Released 0 seats
[2025-11-19 19:18:05] ? Cancelled expired booking ID=25, Customer=1, Released 0 seats
[2025-11-19 19:18:05] ? Cancelled expired booking ID=26, Customer=1, Released 2 seats
[2025-11-19 19:18:05] ? Cancelled expired booking ID=27, Customer=1, Released 0 seats
[2025-11-19 19:18:05] ? Cancelled expired booking ID=28, Customer=1, Released 0 seats
[2025-11-19 19:18:05] ? Cancelled expired booking ID=29, Customer=1, Released 0 seats
[2025-11-19 19:18:05] ? Cancelled expired booking ID=30, Customer=1, Released 0 seats
[2025-11-19 19:18:05] ? Cancelled expired booking ID=31, Customer=1, Released 1 seats
[2025-11-19 19:18:05] ? Cancelled expired booking ID=32, Customer=1, Released 2 seats
[2025-11-19 19:18:05] ? Cancelled expired booking ID=33, Customer=1, Released 2 seats
[2025-11-19 19:18:05] ? Cancelled expired booking ID=34, Customer=1, Released 2 seats
[2025-11-19 19:18:05] ? Cancelled expired booking ID=35, Customer=1, Released 0 seats
[2025-11-19 19:18:05] ? Cancelled expired booking ID=36, Customer=1, Released 2 seats
[2025-11-19 19:18:05] ? Cancelled expired booking ID=37, Customer=1, Released 1 seats
[2025-11-19 19:18:05] ? Cancelled expired booking ID=38, Customer=1, Released 0 seats
[2025-11-19 19:18:05] ? Cancelled expired booking ID=39, Customer=1, Released 2 seats
[2025-11-19 19:18:05] ? Cancelled expired booking ID=40, Customer=1, Released 0 seats
[2025-11-19 19:18:05] ? Cancelled expired booking ID=41, Customer=1, Released 1 seats
[2025-11-19 19:18:05] ? Cancelled expired booking ID=42, Customer=1, Released 0 seats
[2025-11-19 19:18:05] ? Cancelled expired booking ID=58, Customer=1, Released 0 seats
[2025-11-19 19:18:05] ? Cancelled expired booking ID=64, Customer=1, Released 2 seats
[2025-11-19 19:18:05] ? Cancelled expired booking ID=65, Customer=1, Released 2 seats
[2025-11-19 19:18:05] ? Cancelled expired booking ID=67, Customer=1, Released 2 seats
[2025-11-19 19:18:05] ? Cancelled expired booking ID=68, Customer=1, Released 1 seats
[2025-11-19 19:18:05] ? Cancelled expired booking ID=69, Customer=1, Released 0 seats
[2025-11-19 19:18:05] ? Cancelled expired booking ID=75, Customer=1, Released 0 seats
[2025-11-19 19:18:05] ? Cancelled expired booking ID=76, Customer=1, Released 0 seats
[2025-11-19 19:18:05] ? Cancelled expired booking ID=77, Customer=1, Released 0 seats
[2025-11-19 19:18:05] ? Cancelled expired booking ID=78, Customer=1, Released 0 seats
[2025-11-19 19:18:05] ? Cancelled expired booking ID=79, Customer=1, Released 1 seats
[2025-11-19 19:18:05] ? Cancelled expired booking ID=80, Customer=1, Released 1 seats
[2025-11-19 19:18:05] ? Cancelled expired booking ID=81, Customer=1, Released 0 seats
[2025-11-19 19:18:05] ? Cancelled expired booking ID=82, Customer=1, Released 1 seats
[2025-11-19 19:18:05] ? Cancelled expired booking ID=83, Customer=1, Released 0 seats
[2025-11-19 19:18:05] ? Cancelled expired booking ID=84, Customer=1, Released 0 seats
[2025-11-19 19:18:05] ? Cancelled expired booking ID=85, Customer=1, Released 0 seats
[2025-11-19 19:18:05] ? Cancelled expired booking ID=86, Customer=1, Released 0 seats
[2025-11-19 19:18:05] ? Cancelled expired booking ID=87, Customer=1, Released 0 seats
[2025-11-19 19:18:05] ? Cancelled expired booking ID=88, Customer=1, Released 0 seats
[2025-11-19 19:18:05] ? Cancelled expired booking ID=89, Customer=1, Released 0 seats
[2025-11-19 19:18:05] ? Cancelled expired booking ID=90, Customer=1, Released 0 seats
[2025-11-19 19:18:05] ? Cancelled expired booking ID=92, Customer=2, Released 0 seats
[2025-11-19 19:18:05] ? Cancelled expired booking ID=95, Customer=1, Released 0 seats
[2025-11-19 19:18:05] ? Cancelled expired booking ID=96, Customer=1, Released 0 seats
[2025-11-19 19:18:05] ? Cancelled expired booking ID=97, Customer=1, Released 0 seats
[2025-11-19 19:18:05] ? Cancelled expired booking ID=98, Customer=1, Released 0 seats
[2025-11-19 19:18:05] ? Cancelled expired booking ID=99, Customer=1, Released 0 seats
[2025-11-19 19:18:05] ? Cancelled expired booking ID=100, Customer=1, Released 1 seats
[2025-11-19 19:19:02] ? Found 66 expired bookings to cancel
[2025-11-19 19:19:02] ? Cancelled expired booking ID=6, Customer=1, Released 0 seats
[2025-11-19 19:19:02] ? Cancelled expired booking ID=7, Customer=1, Released 0 seats
[2025-11-19 19:19:02] ? Cancelled expired booking ID=8, Customer=1, Released 0 seats
[2025-11-19 19:19:02] ? Cancelled expired booking ID=9, Customer=1, Released 0 seats
[2025-11-19 19:19:02] ? Cancelled expired booking ID=10, Customer=1, Released 1 seats
[2025-11-19 19:19:02] ? Cancelled expired booking ID=11, Customer=1, Released 0 seats
[2025-11-19 19:19:02] ? Cancelled expired booking ID=12, Customer=1, Released 2 seats
[2025-11-19 19:19:02] ? Cancelled expired booking ID=13, Customer=1, Released 1 seats
[2025-11-19 19:19:02] ? Cancelled expired booking ID=14, Customer=1, Released 2 seats
[2025-11-19 19:19:02] ? Cancelled expired booking ID=15, Customer=1, Released 0 seats
[2025-11-19 19:19:02] ? Cancelled expired booking ID=16, Customer=1, Released 0 seats
[2025-11-19 19:19:02] ? Cancelled expired booking ID=17, Customer=1, Released 0 seats
[2025-11-19 19:19:02] ? Cancelled expired booking ID=18, Customer=1, Released 0 seats
[2025-11-19 19:19:02] ? Cancelled expired booking ID=19, Customer=1, Released 1 seats
[2025-11-19 19:19:02] ? Cancelled expired booking ID=20, Customer=1, Released 0 seats
[2025-11-19 19:19:02] ? Cancelled expired booking ID=21, Customer=1, Released 0 seats
[2025-11-19 19:19:02] ? Cancelled expired booking ID=22, Customer=1, Released 0 seats
[2025-11-19 19:19:02] ? Cancelled expired booking ID=23, Customer=1, Released 0 seats
[2025-11-19 19:19:02] ? Cancelled expired booking ID=24, Customer=1, Released 0 seats
[2025-11-19 19:19:02] ? Cancelled expired booking ID=25, Customer=1, Released 0 seats
[2025-11-19 19:19:02] ? Cancelled expired booking ID=26, Customer=1, Released 2 seats
[2025-11-19 19:19:02] ? Cancelled expired booking ID=27, Customer=1, Released 0 seats
[2025-11-19 19:19:02] ? Cancelled expired booking ID=28, Customer=1, Released 0 seats
[2025-11-19 19:19:02] ? Cancelled expired booking ID=29, Customer=1, Released 0 seats
[2025-11-19 19:19:02] ? Cancelled expired booking ID=30, Customer=1, Released 0 seats
[2025-11-19 19:19:02] ? Cancelled expired booking ID=31, Customer=1, Released 1 seats
[2025-11-19 19:19:02] ? Cancelled expired booking ID=32, Customer=1, Released 2 seats
[2025-11-19 19:19:02] ? Cancelled expired booking ID=33, Customer=1, Released 2 seats
[2025-11-19 19:19:02] ? Cancelled expired booking ID=34, Customer=1, Released 2 seats
[2025-11-19 19:19:02] ? Cancelled expired booking ID=35, Customer=1, Released 0 seats
[2025-11-19 19:19:02] ? Cancelled expired booking ID=36, Customer=1, Released 2 seats
[2025-11-19 19:19:02] ? Cancelled expired booking ID=37, Customer=1, Released 1 seats
[2025-11-19 19:19:02] ? Cancelled expired booking ID=38, Customer=1, Released 0 seats
[2025-11-19 19:19:02] ? Cancelled expired booking ID=39, Customer=1, Released 2 seats
[2025-11-19 19:19:02] ? Cancelled expired booking ID=40, Customer=1, Released 0 seats
[2025-11-19 19:19:02] ? Cancelled expired booking ID=41, Customer=1, Released 1 seats
[2025-11-19 19:19:02] ? Cancelled expired booking ID=42, Customer=1, Released 0 seats
[2025-11-19 19:19:02] ? Cancelled expired booking ID=58, Customer=1, Released 0 seats
[2025-11-19 19:19:02] ? Cancelled expired booking ID=64, Customer=1, Released 2 seats
[2025-11-19 19:19:02] ? Cancelled expired booking ID=65, Customer=1, Released 2 seats
[2025-11-19 19:19:02] ? Cancelled expired booking ID=67, Customer=1, Released 2 seats
[2025-11-19 19:19:02] ? Cancelled expired booking ID=68, Customer=1, Released 1 seats
[2025-11-19 19:19:02] ? Cancelled expired booking ID=69, Customer=1, Released 0 seats
[2025-11-19 19:19:02] ? Cancelled expired booking ID=75, Customer=1, Released 0 seats
[2025-11-19 19:19:02] ? Cancelled expired booking ID=76, Customer=1, Released 0 seats
[2025-11-19 19:19:02] ? Cancelled expired booking ID=77, Customer=1, Released 0 seats
[2025-11-19 19:19:02] ? Cancelled expired booking ID=78, Customer=1, Released 0 seats
[2025-11-19 19:19:02] ? Cancelled expired booking ID=79, Customer=1, Released 1 seats
[2025-11-19 19:19:02] ? Cancelled expired booking ID=80, Customer=1, Released 1 seats
[2025-11-19 19:19:02] ? Cancelled expired booking ID=81, Customer=1, Released 0 seats
[2025-11-19 19:19:02] ? Cancelled expired booking ID=82, Customer=1, Released 1 seats
[2025-11-19 19:19:02] ? Cancelled expired booking ID=83, Customer=1, Released 0 seats
[2025-11-19 19:19:02] ? Cancelled expired booking ID=84, Customer=1, Released 0 seats
[2025-11-19 19:19:02] ? Cancelled expired booking ID=85, Customer=1, Released 0 seats
[2025-11-19 19:19:02] ? Cancelled expired booking ID=86, Customer=1, Released 0 seats
[2025-11-19 19:19:02] ? Cancelled expired booking ID=87, Customer=1, Released 0 seats
[2025-11-19 19:19:02] ? Cancelled expired booking ID=88, Customer=1, Released 0 seats
[2025-11-19 19:19:02] ? Cancelled expired booking ID=89, Customer=1, Released 0 seats
[2025-11-19 19:19:02] ? Cancelled expired booking ID=90, Customer=1, Released 0 seats
[2025-11-19 19:19:02] ? Cancelled expired booking ID=92, Customer=2, Released 0 seats
[2025-11-19 19:19:02] ? Cancelled expired booking ID=95, Customer=1, Released 0 seats
[2025-11-19 19:19:02] ? Cancelled expired booking ID=96, Customer=1, Released 0 seats
[2025-11-19 19:19:02] ? Cancelled expired booking ID=97, Customer=1, Released 0 seats
[2025-11-19 19:19:02] ? Cancelled expired booking ID=98, Customer=1, Released 0 seats
[2025-11-19 19:19:02] ? Cancelled expired booking ID=99, Customer=1, Released 0 seats
[2025-11-19 19:19:02] ? Cancelled expired booking ID=100, Customer=1, Released 1 seats
[2025-11-19 19:19:08] ✅ Cập nhật mã khuyến mãi: KM001
[2025-11-19 19:20:02] ? Found 66 expired bookings to cancel
[2025-11-19 19:20:02] ? Cancelled expired booking ID=6, Customer=1, Released 0 seats
[2025-11-19 19:20:02] ? Cancelled expired booking ID=7, Customer=1, Released 0 seats
[2025-11-19 19:20:02] ? Cancelled expired booking ID=8, Customer=1, Released 0 seats
[2025-11-19 19:20:02] ? Cancelled expired booking ID=9, Customer=1, Released 0 seats
[2025-11-19 19:20:02] ? Cancelled expired booking ID=10, Customer=1, Released 1 seats
[2025-11-19 19:20:02] ? Cancelled expired booking ID=11, Customer=1, Released 0 seats
[2025-11-19 19:20:02] ? Cancelled expired booking ID=12, Customer=1, Released 2 seats
[2025-11-19 19:20:02] ? Cancelled expired booking ID=13, Customer=1, Released 1 seats
[2025-11-19 19:20:02] ? Cancelled expired booking ID=14, Customer=1, Released 2 seats
[2025-11-19 19:20:02] ? Cancelled expired booking ID=15, Customer=1, Released 0 seats
[2025-11-19 19:20:02] ? Cancelled expired booking ID=16, Customer=1, Released 0 seats
[2025-11-19 19:20:02] ? Cancelled expired booking ID=17, Customer=1, Released 0 seats
[2025-11-19 19:20:02] ? Cancelled expired booking ID=18, Customer=1, Released 0 seats
[2025-11-19 19:20:02] ? Cancelled expired booking ID=19, Customer=1, Released 1 seats
[2025-11-19 19:20:02] ? Cancelled expired booking ID=20, Customer=1, Released 0 seats
[2025-11-19 19:20:02] ? Cancelled expired booking ID=21, Customer=1, Released 0 seats
[2025-11-19 19:20:02] ? Cancelled expired booking ID=22, Customer=1, Released 0 seats
[2025-11-19 19:20:02] ? Cancelled expired booking ID=23, Customer=1, Released 0 seats
[2025-11-19 19:20:02] ? Cancelled expired booking ID=24, Customer=1, Released 0 seats
[2025-11-19 19:20:02] ? Cancelled expired booking ID=25, Customer=1, Released 0 seats
[2025-11-19 19:20:02] ? Cancelled expired booking ID=26, Customer=1, Released 2 seats
[2025-11-19 19:20:02] ? Cancelled expired booking ID=27, Customer=1, Released 0 seats
[2025-11-19 19:20:02] ? Cancelled expired booking ID=28, Customer=1, Released 0 seats
[2025-11-19 19:20:02] ? Cancelled expired booking ID=29, Customer=1, Released 0 seats
[2025-11-19 19:20:02] ? Cancelled expired booking ID=30, Customer=1, Released 0 seats
[2025-11-19 19:20:02] ? Cancelled expired booking ID=31, Customer=1, Released 1 seats
[2025-11-19 19:20:02] ? Cancelled expired booking ID=32, Customer=1, Released 2 seats
[2025-11-19 19:20:02] ? Cancelled expired booking ID=33, Customer=1, Released 2 seats
[2025-11-19 19:20:02] ? Cancelled expired booking ID=34, Customer=1, Released 2 seats
[2025-11-19 19:20:02] ? Cancelled expired booking ID=35, Customer=1, Released 0 seats
[2025-11-19 19:20:02] ? Cancelled expired booking ID=36, Customer=1, Released 2 seats
[2025-11-19 19:20:02] ? Cancelled expired booking ID=37, Customer=1, Released 1 seats
[2025-11-19 19:20:02] ? Cancelled expired booking ID=38, Customer=1, Released 0 seats
[2025-11-19 19:20:02] ? Cancelled expired booking ID=39, Customer=1, Released 2 seats
[2025-11-19 19:20:02] ? Cancelled expired booking ID=40, Customer=1, Released 0 seats
[2025-11-19 19:20:02] ? Cancelled expired booking ID=41, Customer=1, Released 1 seats
[2025-11-19 19:20:02] ? Cancelled expired booking ID=42, Customer=1, Released 0 seats
[2025-11-19 19:20:02] ? Cancelled expired booking ID=58, Customer=1, Released 0 seats
[2025-11-19 19:20:02] ? Cancelled expired booking ID=64, Customer=1, Released 2 seats
[2025-11-19 19:20:02] ? Cancelled expired booking ID=65, Customer=1, Released 2 seats
[2025-11-19 19:20:02] ? Cancelled expired booking ID=67, Customer=1, Released 2 seats
[2025-11-19 19:20:02] ? Cancelled expired booking ID=68, Customer=1, Released 1 seats
[2025-11-19 19:20:02] ? Cancelled expired booking ID=69, Customer=1, Released 0 seats
[2025-11-19 19:20:02] ? Cancelled expired booking ID=75, Customer=1, Released 0 seats
[2025-11-19 19:20:02] ? Cancelled expired booking ID=76, Customer=1, Released 0 seats
[2025-11-19 19:20:02] ? Cancelled expired booking ID=77, Customer=1, Released 0 seats
[2025-11-19 19:20:02] ? Cancelled expired booking ID=78, Customer=1, Released 0 seats
[2025-11-19 19:20:02] ? Cancelled expired booking ID=79, Customer=1, Released 1 seats
[2025-11-19 19:20:02] ? Cancelled expired booking ID=80, Customer=1, Released 1 seats
[2025-11-19 19:20:02] ? Cancelled expired booking ID=81, Customer=1, Released 0 seats
[2025-11-19 19:20:02] ? Cancelled expired booking ID=82, Customer=1, Released 1 seats
[2025-11-19 19:20:02] ? Cancelled expired booking ID=83, Customer=1, Released 0 seats
[2025-11-19 19:20:02] ? Cancelled expired booking ID=84, Customer=1, Released 0 seats
[2025-11-19 19:20:02] ? Cancelled expired booking ID=85, Customer=1, Released 0 seats
[2025-11-19 19:20:02] ? Cancelled expired booking ID=86, Customer=1, Released 0 seats
[2025-11-19 19:20:02] ? Cancelled expired booking ID=87, Customer=1, Released 0 seats
[2025-11-19 19:20:02] ? Cancelled expired booking ID=88, Customer=1, Released 0 seats
[2025-11-19 19:20:02] ? Cancelled expired booking ID=89, Customer=1, Released 0 seats
[2025-11-19 19:20:02] ? Cancelled expired booking ID=90, Customer=1, Released 0 seats
[2025-11-19 19:20:02] ? Cancelled expired booking ID=92, Customer=2, Released 0 seats
[2025-11-19 19:20:02] ? Cancelled expired booking ID=95, Customer=1, Released 0 seats
[2025-11-19 19:20:02] ? Cancelled expired booking ID=96, Customer=1, Released 0 seats
[2025-11-19 19:20:02] ? Cancelled expired booking ID=97, Customer=1, Released 0 seats
[2025-11-19 19:20:02] ? Cancelled expired booking ID=98, Customer=1, Released 0 seats
[2025-11-19 19:20:02] ? Cancelled expired booking ID=99, Customer=1, Released 0 seats
[2025-11-19 19:20:02] ? Cancelled expired booking ID=100, Customer=1, Released 1 seats
[2025-11-19 19:21:02] ? Found 66 expired bookings to cancel
[2025-11-19 19:21:02] ? Cancelled expired booking ID=6, Customer=1, Released 0 seats
[2025-11-19 19:21:02] ? Cancelled expired booking ID=7, Customer=1, Released 0 seats
[2025-11-19 19:21:02] ? Cancelled expired booking ID=8, Customer=1, Released 0 seats
[2025-11-19 19:21:02] ? Cancelled expired booking ID=9, Customer=1, Released 0 seats
[2025-11-19 19:21:02] ? Cancelled expired booking ID=10, Customer=1, Released 1 seats
[2025-11-19 19:21:02] ? Cancelled expired booking ID=11, Customer=1, Released 0 seats
[2025-11-19 19:21:02] ? Cancelled expired booking ID=12, Customer=1, Released 2 seats
[2025-11-19 19:21:02] ? Cancelled expired booking ID=13, Customer=1, Released 1 seats
[2025-11-19 19:21:02] ? Cancelled expired booking ID=14, Customer=1, Released 2 seats
[2025-11-19 19:21:02] ? Cancelled expired booking ID=15, Customer=1, Released 0 seats
[2025-11-19 19:21:02] ? Cancelled expired booking ID=16, Customer=1, Released 0 seats
[2025-11-19 19:21:02] ? Cancelled expired booking ID=17, Customer=1, Released 0 seats
[2025-11-19 19:21:02] ? Cancelled expired booking ID=18, Customer=1, Released 0 seats
[2025-11-19 19:21:02] ? Cancelled expired booking ID=19, Customer=1, Released 1 seats
[2025-11-19 19:21:02] ? Cancelled expired booking ID=20, Customer=1, Released 0 seats
[2025-11-19 19:21:02] ? Cancelled expired booking ID=21, Customer=1, Released 0 seats
[2025-11-19 19:21:02] ? Cancelled expired booking ID=22, Customer=1, Released 0 seats
[2025-11-19 19:21:02] ? Cancelled expired booking ID=23, Customer=1, Released 0 seats
[2025-11-19 19:21:02] ? Cancelled expired booking ID=24, Customer=1, Released 0 seats
[2025-11-19 19:21:02] ? Cancelled expired booking ID=25, Customer=1, Released 0 seats
[2025-11-19 19:21:02] ? Cancelled expired booking ID=26, Customer=1, Released 2 seats
[2025-11-19 19:21:02] ? Cancelled expired booking ID=27, Customer=1, Released 0 seats
[2025-11-19 19:21:02] ? Cancelled expired booking ID=28, Customer=1, Released 0 seats
[2025-11-19 19:21:02] ? Cancelled expired booking ID=29, Customer=1, Released 0 seats
[2025-11-19 19:21:02] ? Cancelled expired booking ID=30, Customer=1, Released 0 seats
[2025-11-19 19:21:02] ? Cancelled expired booking ID=31, Customer=1, Released 1 seats
[2025-11-19 19:21:02] ? Cancelled expired booking ID=32, Customer=1, Released 2 seats
[2025-11-19 19:21:02] ? Cancelled expired booking ID=33, Customer=1, Released 2 seats
[2025-11-19 19:21:02] ? Cancelled expired booking ID=34, Customer=1, Released 2 seats
[2025-11-19 19:21:02] ? Cancelled expired booking ID=35, Customer=1, Released 0 seats
[2025-11-19 19:21:02] ? Cancelled expired booking ID=36, Customer=1, Released 2 seats
[2025-11-19 19:21:02] ? Cancelled expired booking ID=37, Customer=1, Released 1 seats
[2025-11-19 19:21:02] ? Cancelled expired booking ID=38, Customer=1, Released 0 seats
[2025-11-19 19:21:02] ? Cancelled expired booking ID=39, Customer=1, Released 2 seats
[2025-11-19 19:21:02] ? Cancelled expired booking ID=40, Customer=1, Released 0 seats
[2025-11-19 19:21:02] ? Cancelled expired booking ID=41, Customer=1, Released 1 seats
[2025-11-19 19:21:02] ? Cancelled expired booking ID=42, Customer=1, Released 0 seats
[2025-11-19 19:21:02] ? Cancelled expired booking ID=58, Customer=1, Released 0 seats
[2025-11-19 19:21:02] ? Cancelled expired booking ID=64, Customer=1, Released 2 seats
[2025-11-19 19:21:02] ? Cancelled expired booking ID=65, Customer=1, Released 2 seats
[2025-11-19 19:21:02] ? Cancelled expired booking ID=67, Customer=1, Released 2 seats
[2025-11-19 19:21:02] ? Cancelled expired booking ID=68, Customer=1, Released 1 seats
[2025-11-19 19:21:02] ? Cancelled expired booking ID=69, Customer=1, Released 0 seats
[2025-11-19 19:21:02] ? Cancelled expired booking ID=75, Customer=1, Released 0 seats
[2025-11-19 19:21:02] ? Cancelled expired booking ID=76, Customer=1, Released 0 seats
[2025-11-19 19:21:02] ? Cancelled expired booking ID=77, Customer=1, Released 0 seats
[2025-11-19 19:21:02] ? Cancelled expired booking ID=78, Customer=1, Released 0 seats
[2025-11-19 19:21:02] ? Cancelled expired booking ID=79, Customer=1, Released 1 seats
[2025-11-19 19:21:02] ? Cancelled expired booking ID=80, Customer=1, Released 1 seats
[2025-11-19 19:21:02] ? Cancelled expired booking ID=81, Customer=1, Released 0 seats
[2025-11-19 19:21:02] ? Cancelled expired booking ID=82, Customer=1, Released 1 seats
[2025-11-19 19:21:02] ? Cancelled expired booking ID=83, Customer=1, Released 0 seats
[2025-11-19 19:21:02] ? Cancelled expired booking ID=84, Customer=1, Released 0 seats
[2025-11-19 19:21:02] ? Cancelled expired booking ID=85, Customer=1, Released 0 seats
[2025-11-19 19:21:02] ? Cancelled expired booking ID=86, Customer=1, Released 0 seats
[2025-11-19 19:21:02] ? Cancelled expired booking ID=87, Customer=1, Released 0 seats
[2025-11-19 19:21:02] ? Cancelled expired booking ID=88, Customer=1, Released 0 seats
[2025-11-19 19:21:02] ? Cancelled expired booking ID=89, Customer=1, Released 0 seats
[2025-11-19 19:21:02] ? Cancelled expired booking ID=90, Customer=1, Released 0 seats
[2025-11-19 19:21:02] ? Cancelled expired booking ID=92, Customer=2, Released 0 seats
[2025-11-19 19:21:02] ? Cancelled expired booking ID=95, Customer=1, Released 0 seats
[2025-11-19 19:21:02] ? Cancelled expired booking ID=96, Customer=1, Released 0 seats
[2025-11-19 19:21:02] ? Cancelled expired booking ID=97, Customer=1, Released 0 seats
[2025-11-19 19:21:02] ? Cancelled expired booking ID=98, Customer=1, Released 0 seats
[2025-11-19 19:21:02] ? Cancelled expired booking ID=99, Customer=1, Released 0 seats
[2025-11-19 19:21:02] ? Cancelled expired booking ID=100, Customer=1, Released 1 seats
[2025-11-19 19:22:02] ? Found 66 expired bookings to cancel
[2025-11-19 19:22:02] ? Cancelled expired booking ID=6, Customer=1, Released 0 seats
[2025-11-19 19:22:02] ? Cancelled expired booking ID=7, Customer=1, Released 0 seats
[2025-11-19 19:22:02] ? Cancelled expired booking ID=8, Customer=1, Released 0 seats
[2025-11-19 19:22:02] ? Cancelled expired booking ID=9, Customer=1, Released 0 seats
[2025-11-19 19:22:02] ? Cancelled expired booking ID=10, Customer=1, Released 1 seats
[2025-11-19 19:22:02] ? Cancelled expired booking ID=11, Customer=1, Released 0 seats
[2025-11-19 19:22:02] ? Cancelled expired booking ID=12, Customer=1, Released 2 seats
[2025-11-19 19:22:02] ? Cancelled expired booking ID=13, Customer=1, Released 1 seats
[2025-11-19 19:22:02] ? Cancelled expired booking ID=14, Customer=1, Released 2 seats
[2025-11-19 19:22:02] ? Cancelled expired booking ID=15, Customer=1, Released 0 seats
[2025-11-19 19:22:02] ? Cancelled expired booking ID=16, Customer=1, Released 0 seats
[2025-11-19 19:22:02] ? Cancelled expired booking ID=17, Customer=1, Released 0 seats
[2025-11-19 19:22:02] ? Cancelled expired booking ID=18, Customer=1, Released 0 seats
[2025-11-19 19:22:02] ? Cancelled expired booking ID=19, Customer=1, Released 1 seats
[2025-11-19 19:22:02] ? Cancelled expired booking ID=20, Customer=1, Released 0 seats
[2025-11-19 19:22:02] ? Cancelled expired booking ID=21, Customer=1, Released 0 seats
[2025-11-19 19:22:02] ? Cancelled expired booking ID=22, Customer=1, Released 0 seats
[2025-11-19 19:22:02] ? Cancelled expired booking ID=23, Customer=1, Released 0 seats
[2025-11-19 19:22:02] ? Cancelled expired booking ID=24, Customer=1, Released 0 seats
[2025-11-19 19:22:02] ? Cancelled expired booking ID=25, Customer=1, Released 0 seats
[2025-11-19 19:22:02] ? Cancelled expired booking ID=26, Customer=1, Released 2 seats
[2025-11-19 19:22:02] ? Cancelled expired booking ID=27, Customer=1, Released 0 seats
[2025-11-19 19:22:02] ? Cancelled expired booking ID=28, Customer=1, Released 0 seats
[2025-11-19 19:22:02] ? Cancelled expired booking ID=29, Customer=1, Released 0 seats
[2025-11-19 19:22:02] ? Cancelled expired booking ID=30, Customer=1, Released 0 seats
[2025-11-19 19:22:02] ? Cancelled expired booking ID=31, Customer=1, Released 1 seats
[2025-11-19 19:22:02] ? Cancelled expired booking ID=32, Customer=1, Released 2 seats
[2025-11-19 19:22:02] ? Cancelled expired booking ID=33, Customer=1, Released 2 seats
[2025-11-19 19:22:02] ? Cancelled expired booking ID=34, Customer=1, Released 2 seats
[2025-11-19 19:22:02] ? Cancelled expired booking ID=35, Customer=1, Released 0 seats
[2025-11-19 19:22:02] ? Cancelled expired booking ID=36, Customer=1, Released 2 seats
[2025-11-19 19:22:02] ? Cancelled expired booking ID=37, Customer=1, Released 1 seats
[2025-11-19 19:22:02] ? Cancelled expired booking ID=38, Customer=1, Released 0 seats
[2025-11-19 19:22:02] ? Cancelled expired booking ID=39, Customer=1, Released 2 seats
[2025-11-19 19:22:02] ? Cancelled expired booking ID=40, Customer=1, Released 0 seats
[2025-11-19 19:22:02] ? Cancelled expired booking ID=41, Customer=1, Released 1 seats
[2025-11-19 19:22:02] ? Cancelled expired booking ID=42, Customer=1, Released 0 seats
[2025-11-19 19:22:02] ? Cancelled expired booking ID=58, Customer=1, Released 0 seats
[2025-11-19 19:22:02] ? Cancelled expired booking ID=64, Customer=1, Released 2 seats
[2025-11-19 19:22:02] ? Cancelled expired booking ID=65, Customer=1, Released 2 seats
[2025-11-19 19:22:02] ? Cancelled expired booking ID=67, Customer=1, Released 2 seats
[2025-11-19 19:22:02] ? Cancelled expired booking ID=68, Customer=1, Released 1 seats
[2025-11-19 19:22:02] ? Cancelled expired booking ID=69, Customer=1, Released 0 seats
[2025-11-19 19:22:02] ? Cancelled expired booking ID=75, Customer=1, Released 0 seats
[2025-11-19 19:22:02] ? Cancelled expired booking ID=76, Customer=1, Released 0 seats
[2025-11-19 19:22:02] ? Cancelled expired booking ID=77, Customer=1, Released 0 seats
[2025-11-19 19:22:02] ? Cancelled expired booking ID=78, Customer=1, Released 0 seats
[2025-11-19 19:22:02] ? Cancelled expired booking ID=79, Customer=1, Released 1 seats
[2025-11-19 19:22:02] ? Cancelled expired booking ID=80, Customer=1, Released 1 seats
[2025-11-19 19:22:02] ? Cancelled expired booking ID=81, Customer=1, Released 0 seats
[2025-11-19 19:22:02] ? Cancelled expired booking ID=82, Customer=1, Released 1 seats
[2025-11-19 19:22:02] ? Cancelled expired booking ID=83, Customer=1, Released 0 seats
[2025-11-19 19:22:02] ? Cancelled expired booking ID=84, Customer=1, Released 0 seats
[2025-11-19 19:22:02] ? Cancelled expired booking ID=85, Customer=1, Released 0 seats
[2025-11-19 19:22:02] ? Cancelled expired booking ID=86, Customer=1, Released 0 seats
[2025-11-19 19:22:02] ? Cancelled expired booking ID=87, Customer=1, Released 0 seats
[2025-11-19 19:22:02] ? Cancelled expired booking ID=88, Customer=1, Released 0 seats
[2025-11-19 19:22:02] ? Cancelled expired booking ID=89, Customer=1, Released 0 seats
[2025-11-19 19:22:02] ? Cancelled expired booking ID=90, Customer=1, Released 0 seats
[2025-11-19 19:22:02] ? Cancelled expired booking ID=92, Customer=2, Released 0 seats
[2025-11-19 19:22:02] ? Cancelled expired booking ID=95, Customer=1, Released 0 seats
[2025-11-19 19:22:02] ? Cancelled expired booking ID=96, Customer=1, Released 0 seats
[2025-11-19 19:22:02] ? Cancelled expired booking ID=97, Customer=1, Released 0 seats
[2025-11-19 19:22:02] ? Cancelled expired booking ID=98, Customer=1, Released 0 seats
[2025-11-19 19:22:02] ? Cancelled expired booking ID=99, Customer=1, Released 0 seats
[2025-11-19 19:22:02] ? Cancelled expired booking ID=100, Customer=1, Released 1 seats
[2025-11-19 19:23:02] ? Found 66 expired bookings to cancel
[2025-11-19 19:23:02] ? Cancelled expired booking ID=6, Customer=1, Released 0 seats
[2025-11-19 19:23:02] ? Cancelled expired booking ID=7, Customer=1, Released 0 seats
[2025-11-19 19:23:02] ? Cancelled expired booking ID=8, Customer=1, Released 0 seats
[2025-11-19 19:23:02] ? Cancelled expired booking ID=9, Customer=1, Released 0 seats
[2025-11-19 19:23:02] ? Cancelled expired booking ID=10, Customer=1, Released 1 seats
[2025-11-19 19:23:02] ? Cancelled expired booking ID=11, Customer=1, Released 0 seats
[2025-11-19 19:23:02] ? Cancelled expired booking ID=12, Customer=1, Released 2 seats
[2025-11-19 19:23:02] ? Cancelled expired booking ID=13, Customer=1, Released 1 seats
[2025-11-19 19:23:02] ? Cancelled expired booking ID=14, Customer=1, Released 2 seats
[2025-11-19 19:23:02] ? Cancelled expired booking ID=15, Customer=1, Released 0 seats
[2025-11-19 19:23:02] ? Cancelled expired booking ID=16, Customer=1, Released 0 seats
[2025-11-19 19:23:02] ? Cancelled expired booking ID=17, Customer=1, Released 0 seats
[2025-11-19 19:23:02] ? Cancelled expired booking ID=18, Customer=1, Released 0 seats
[2025-11-19 19:23:02] ? Cancelled expired booking ID=19, Customer=1, Released 1 seats
[2025-11-19 19:23:02] ? Cancelled expired booking ID=20, Customer=1, Released 0 seats
[2025-11-19 19:23:02] ? Cancelled expired booking ID=21, Customer=1, Released 0 seats
[2025-11-19 19:23:02] ? Cancelled expired booking ID=22, Customer=1, Released 0 seats
[2025-11-19 19:23:02] ? Cancelled expired booking ID=23, Customer=1, Released 0 seats
[2025-11-19 19:23:02] ? Cancelled expired booking ID=24, Customer=1, Released 0 seats
[2025-11-19 19:23:02] ? Cancelled expired booking ID=25, Customer=1, Released 0 seats
[2025-11-19 19:23:02] ? Cancelled expired booking ID=26, Customer=1, Released 2 seats
[2025-11-19 19:23:02] ? Cancelled expired booking ID=27, Customer=1, Released 0 seats
[2025-11-19 19:23:02] ? Cancelled expired booking ID=28, Customer=1, Released 0 seats
[2025-11-19 19:23:02] ? Cancelled expired booking ID=29, Customer=1, Released 0 seats
[2025-11-19 19:23:02] ? Cancelled expired booking ID=30, Customer=1, Released 0 seats
[2025-11-19 19:23:02] ? Cancelled expired booking ID=31, Customer=1, Released 1 seats
[2025-11-19 19:23:02] ? Cancelled expired booking ID=32, Customer=1, Released 2 seats
[2025-11-19 19:23:02] ? Cancelled expired booking ID=33, Customer=1, Released 2 seats
[2025-11-19 19:23:02] ? Cancelled expired booking ID=34, Customer=1, Released 2 seats
[2025-11-19 19:23:02] ? Cancelled expired booking ID=35, Customer=1, Released 0 seats
[2025-11-19 19:23:02] ? Cancelled expired booking ID=36, Customer=1, Released 2 seats
[2025-11-19 19:23:02] ? Cancelled expired booking ID=37, Customer=1, Released 1 seats
[2025-11-19 19:23:02] ? Cancelled expired booking ID=38, Customer=1, Released 0 seats
[2025-11-19 19:23:02] ? Cancelled expired booking ID=39, Customer=1, Released 2 seats
[2025-11-19 19:23:02] ? Cancelled expired booking ID=40, Customer=1, Released 0 seats
[2025-11-19 19:23:02] ? Cancelled expired booking ID=41, Customer=1, Released 1 seats
[2025-11-19 19:23:02] ? Cancelled expired booking ID=42, Customer=1, Released 0 seats
[2025-11-19 19:23:02] ? Cancelled expired booking ID=58, Customer=1, Released 0 seats
[2025-11-19 19:23:02] ? Cancelled expired booking ID=64, Customer=1, Released 2 seats
[2025-11-19 19:23:02] ? Cancelled expired booking ID=65, Customer=1, Released 2 seats
[2025-11-19 19:23:02] ? Cancelled expired booking ID=67, Customer=1, Released 2 seats
[2025-11-19 19:23:02] ? Cancelled expired booking ID=68, Customer=1, Released 1 seats
[2025-11-19 19:23:02] ? Cancelled expired booking ID=69, Customer=1, Released 0 seats
[2025-11-19 19:23:02] ? Cancelled expired booking ID=75, Customer=1, Released 0 seats
[2025-11-19 19:23:02] ? Cancelled expired booking ID=76, Customer=1, Released 0 seats
[2025-11-19 19:23:02] ? Cancelled expired booking ID=77, Customer=1, Released 0 seats
[2025-11-19 19:23:02] ? Cancelled expired booking ID=78, Customer=1, Released 0 seats
[2025-11-19 19:23:02] ? Cancelled expired booking ID=79, Customer=1, Released 1 seats
[2025-11-19 19:23:02] ? Cancelled expired booking ID=80, Customer=1, Released 1 seats
[2025-11-19 19:23:02] ? Cancelled expired booking ID=81, Customer=1, Released 0 seats
[2025-11-19 19:23:02] ? Cancelled expired booking ID=82, Customer=1, Released 1 seats
[2025-11-19 19:23:02] ? Cancelled expired booking ID=83, Customer=1, Released 0 seats
[2025-11-19 19:23:02] ? Cancelled expired booking ID=84, Customer=1, Released 0 seats
[2025-11-19 19:23:02] ? Cancelled expired booking ID=85, Customer=1, Released 0 seats
[2025-11-19 19:23:02] ? Cancelled expired booking ID=86, Customer=1, Released 0 seats
[2025-11-19 19:23:02] ? Cancelled expired booking ID=87, Customer=1, Released 0 seats
[2025-11-19 19:23:02] ? Cancelled expired booking ID=88, Customer=1, Released 0 seats
[2025-11-19 19:23:02] ? Cancelled expired booking ID=89, Customer=1, Released 0 seats
[2025-11-19 19:23:02] ? Cancelled expired booking ID=90, Customer=1, Released 0 seats
[2025-11-19 19:23:02] ? Cancelled expired booking ID=92, Customer=2, Released 0 seats
[2025-11-19 19:23:02] ? Cancelled expired booking ID=95, Customer=1, Released 0 seats
[2025-11-19 19:23:02] ? Cancelled expired booking ID=96, Customer=1, Released 0 seats
[2025-11-19 19:23:02] ? Cancelled expired booking ID=97, Customer=1, Released 0 seats
[2025-11-19 19:23:02] ? Cancelled expired booking ID=98, Customer=1, Released 0 seats
[2025-11-19 19:23:02] ? Cancelled expired booking ID=99, Customer=1, Released 0 seats
[2025-11-19 19:23:02] ? Cancelled expired booking ID=100, Customer=1, Released 1 seats
[2025-11-19 19:24:02] ? Found 66 expired bookings to cancel
[2025-11-19 19:24:02] ? Cancelled expired booking ID=6, Customer=1, Released 0 seats
[2025-11-19 19:24:02] ? Cancelled expired booking ID=7, Customer=1, Released 0 seats
[2025-11-19 19:24:02] ? Cancelled expired booking ID=8, Customer=1, Released 0 seats
[2025-11-19 19:24:02] ? Cancelled expired booking ID=9, Customer=1, Released 0 seats
[2025-11-19 19:24:02] ? Cancelled expired booking ID=10, Customer=1, Released 1 seats
[2025-11-19 19:24:02] ? Cancelled expired booking ID=11, Customer=1, Released 0 seats
[2025-11-19 19:24:02] ? Cancelled expired booking ID=12, Customer=1, Released 2 seats
[2025-11-19 19:24:02] ? Cancelled expired booking ID=13, Customer=1, Released 1 seats
[2025-11-19 19:24:02] ? Cancelled expired booking ID=14, Customer=1, Released 2 seats
[2025-11-19 19:24:02] ? Cancelled expired booking ID=15, Customer=1, Released 0 seats
[2025-11-19 19:24:02] ? Cancelled expired booking ID=16, Customer=1, Released 0 seats
[2025-11-19 19:24:02] ? Cancelled expired booking ID=17, Customer=1, Released 0 seats
[2025-11-19 19:24:02] ? Cancelled expired booking ID=18, Customer=1, Released 0 seats
[2025-11-19 19:24:02] ? Cancelled expired booking ID=19, Customer=1, Released 1 seats
[2025-11-19 19:24:02] ? Cancelled expired booking ID=20, Customer=1, Released 0 seats
[2025-11-19 19:24:02] ? Cancelled expired booking ID=21, Customer=1, Released 0 seats
[2025-11-19 19:24:02] ? Cancelled expired booking ID=22, Customer=1, Released 0 seats
[2025-11-19 19:24:02] ? Cancelled expired booking ID=23, Customer=1, Released 0 seats
[2025-11-19 19:24:02] ? Cancelled expired booking ID=24, Customer=1, Released 0 seats
[2025-11-19 19:24:02] ? Cancelled expired booking ID=25, Customer=1, Released 0 seats
[2025-11-19 19:24:02] ? Cancelled expired booking ID=26, Customer=1, Released 2 seats
[2025-11-19 19:24:02] ? Cancelled expired booking ID=27, Customer=1, Released 0 seats
[2025-11-19 19:24:02] ? Cancelled expired booking ID=28, Customer=1, Released 0 seats
[2025-11-19 19:24:02] ? Cancelled expired booking ID=29, Customer=1, Released 0 seats
[2025-11-19 19:24:02] ? Cancelled expired booking ID=30, Customer=1, Released 0 seats
[2025-11-19 19:24:02] ? Cancelled expired booking ID=31, Customer=1, Released 1 seats
[2025-11-19 19:24:02] ? Cancelled expired booking ID=32, Customer=1, Released 2 seats
[2025-11-19 19:24:02] ? Cancelled expired booking ID=33, Customer=1, Released 2 seats
[2025-11-19 19:24:02] ? Cancelled expired booking ID=34, Customer=1, Released 2 seats
[2025-11-19 19:24:02] ? Cancelled expired booking ID=35, Customer=1, Released 0 seats
[2025-11-19 19:24:02] ? Cancelled expired booking ID=36, Customer=1, Released 2 seats
[2025-11-19 19:24:02] ? Cancelled expired booking ID=37, Customer=1, Released 1 seats
[2025-11-19 19:24:02] ? Cancelled expired booking ID=38, Customer=1, Released 0 seats
[2025-11-19 19:24:02] ? Cancelled expired booking ID=39, Customer=1, Released 2 seats
[2025-11-19 19:24:02] ? Cancelled expired booking ID=40, Customer=1, Released 0 seats
[2025-11-19 19:24:02] ? Cancelled expired booking ID=41, Customer=1, Released 1 seats
[2025-11-19 19:24:02] ? Cancelled expired booking ID=42, Customer=1, Released 0 seats
[2025-11-19 19:24:02] ? Cancelled expired booking ID=58, Customer=1, Released 0 seats
[2025-11-19 19:24:02] ? Cancelled expired booking ID=64, Customer=1, Released 2 seats
[2025-11-19 19:24:02] ? Cancelled expired booking ID=65, Customer=1, Released 2 seats
[2025-11-19 19:24:02] ? Cancelled expired booking ID=67, Customer=1, Released 2 seats
[2025-11-19 19:24:02] ? Cancelled expired booking ID=68, Customer=1, Released 1 seats
[2025-11-19 19:24:02] ? Cancelled expired booking ID=69, Customer=1, Released 0 seats
[2025-11-19 19:24:02] ? Cancelled expired booking ID=75, Customer=1, Released 0 seats
[2025-11-19 19:24:02] ? Cancelled expired booking ID=76, Customer=1, Released 0 seats
[2025-11-19 19:24:02] ? Cancelled expired booking ID=77, Customer=1, Released 0 seats
[2025-11-19 19:24:02] ? Cancelled expired booking ID=78, Customer=1, Released 0 seats
[2025-11-19 19:24:02] ? Cancelled expired booking ID=79, Customer=1, Released 1 seats
[2025-11-19 19:24:02] ? Cancelled expired booking ID=80, Customer=1, Released 1 seats
[2025-11-19 19:24:02] ? Cancelled expired booking ID=81, Customer=1, Released 0 seats
[2025-11-19 19:24:02] ? Cancelled expired booking ID=82, Customer=1, Released 1 seats
[2025-11-19 19:24:02] ? Cancelled expired booking ID=83, Customer=1, Released 0 seats
[2025-11-19 19:24:02] ? Cancelled expired booking ID=84, Customer=1, Released 0 seats
[2025-11-19 19:24:02] ? Cancelled expired booking ID=85, Customer=1, Released 0 seats
[2025-11-19 19:24:02] ? Cancelled expired booking ID=86, Customer=1, Released 0 seats
[2025-11-19 19:24:02] ? Cancelled expired booking ID=87, Customer=1, Released 0 seats
[2025-11-19 19:24:02] ? Cancelled expired booking ID=88, Customer=1, Released 0 seats
[2025-11-19 19:24:02] ? Cancelled expired booking ID=89, Customer=1, Released 0 seats
[2025-11-19 19:24:02] ? Cancelled expired booking ID=90, Customer=1, Released 0 seats
[2025-11-19 19:24:02] ? Cancelled expired booking ID=92, Customer=2, Released 0 seats
[2025-11-19 19:24:02] ? Cancelled expired booking ID=95, Customer=1, Released 0 seats
[2025-11-19 19:24:02] ? Cancelled expired booking ID=96, Customer=1, Released 0 seats
[2025-11-19 19:24:02] ? Cancelled expired booking ID=97, Customer=1, Released 0 seats
[2025-11-19 19:24:02] ? Cancelled expired booking ID=98, Customer=1, Released 0 seats
[2025-11-19 19:24:02] ? Cancelled expired booking ID=99, Customer=1, Released 0 seats
[2025-11-19 19:24:02] ? Cancelled expired booking ID=100, Customer=1, Released 1 seats
[2025-11-19 19:25:02] ? Found 66 expired bookings to cancel
[2025-11-19 19:25:02] ? Cancelled expired booking ID=6, Customer=1, Released 0 seats
[2025-11-19 19:25:02] ? Cancelled expired booking ID=7, Customer=1, Released 0 seats
[2025-11-19 19:25:02] ? Cancelled expired booking ID=8, Customer=1, Released 0 seats
[2025-11-19 19:25:02] ? Cancelled expired booking ID=9, Customer=1, Released 0 seats
[2025-11-19 19:25:02] ? Cancelled expired booking ID=10, Customer=1, Released 1 seats
[2025-11-19 19:25:02] ? Cancelled expired booking ID=11, Customer=1, Released 0 seats
[2025-11-19 19:25:02] ? Cancelled expired booking ID=12, Customer=1, Released 2 seats
[2025-11-19 19:25:02] ? Cancelled expired booking ID=13, Customer=1, Released 1 seats
[2025-11-19 19:25:02] ? Cancelled expired booking ID=14, Customer=1, Released 2 seats
[2025-11-19 19:25:02] ? Cancelled expired booking ID=15, Customer=1, Released 0 seats
[2025-11-19 19:25:02] ? Cancelled expired booking ID=16, Customer=1, Released 0 seats
[2025-11-19 19:25:02] ? Cancelled expired booking ID=17, Customer=1, Released 0 seats
[2025-11-19 19:25:02] ? Cancelled expired booking ID=18, Customer=1, Released 0 seats
[2025-11-19 19:25:02] ? Cancelled expired booking ID=19, Customer=1, Released 1 seats
[2025-11-19 19:25:02] ? Cancelled expired booking ID=20, Customer=1, Released 0 seats
[2025-11-19 19:25:02] ? Cancelled expired booking ID=21, Customer=1, Released 0 seats
[2025-11-19 19:25:02] ? Cancelled expired booking ID=22, Customer=1, Released 0 seats
[2025-11-19 19:25:02] ? Cancelled expired booking ID=23, Customer=1, Released 0 seats
[2025-11-19 19:25:02] ? Cancelled expired booking ID=24, Customer=1, Released 0 seats
[2025-11-19 19:25:02] ? Cancelled expired booking ID=25, Customer=1, Released 0 seats
[2025-11-19 19:25:02] ? Cancelled expired booking ID=26, Customer=1, Released 2 seats
[2025-11-19 19:25:02] ? Cancelled expired booking ID=27, Customer=1, Released 0 seats
[2025-11-19 19:25:02] ? Cancelled expired booking ID=28, Customer=1, Released 0 seats
[2025-11-19 19:25:02] ? Cancelled expired booking ID=29, Customer=1, Released 0 seats
[2025-11-19 19:25:02] ? Cancelled expired booking ID=30, Customer=1, Released 0 seats
[2025-11-19 19:25:02] ? Cancelled expired booking ID=31, Customer=1, Released 1 seats
[2025-11-19 19:25:02] ? Cancelled expired booking ID=32, Customer=1, Released 2 seats
[2025-11-19 19:25:02] ? Cancelled expired booking ID=33, Customer=1, Released 2 seats
[2025-11-19 19:25:02] ? Cancelled expired booking ID=34, Customer=1, Released 2 seats
[2025-11-19 19:25:02] ? Cancelled expired booking ID=35, Customer=1, Released 0 seats
[2025-11-19 19:25:02] ? Cancelled expired booking ID=36, Customer=1, Released 2 seats
[2025-11-19 19:25:02] ? Cancelled expired booking ID=37, Customer=1, Released 1 seats
[2025-11-19 19:25:02] ? Cancelled expired booking ID=38, Customer=1, Released 0 seats
[2025-11-19 19:25:02] ? Cancelled expired booking ID=39, Customer=1, Released 2 seats
[2025-11-19 19:25:02] ? Cancelled expired booking ID=40, Customer=1, Released 0 seats
[2025-11-19 19:25:02] ? Cancelled expired booking ID=41, Customer=1, Released 1 seats
[2025-11-19 19:25:02] ? Cancelled expired booking ID=42, Customer=1, Released 0 seats
[2025-11-19 19:25:02] ? Cancelled expired booking ID=58, Customer=1, Released 0 seats
[2025-11-19 19:25:02] ? Cancelled expired booking ID=64, Customer=1, Released 2 seats
[2025-11-19 19:25:02] ? Cancelled expired booking ID=65, Customer=1, Released 2 seats
[2025-11-19 19:25:02] ? Cancelled expired booking ID=67, Customer=1, Released 2 seats
[2025-11-19 19:25:02] ? Cancelled expired booking ID=68, Customer=1, Released 1 seats
[2025-11-19 19:25:02] ? Cancelled expired booking ID=69, Customer=1, Released 0 seats
[2025-11-19 19:25:02] ? Cancelled expired booking ID=75, Customer=1, Released 0 seats
[2025-11-19 19:25:02] ? Cancelled expired booking ID=76, Customer=1, Released 0 seats
[2025-11-19 19:25:02] ? Cancelled expired booking ID=77, Customer=1, Released 0 seats
[2025-11-19 19:25:02] ? Cancelled expired booking ID=78, Customer=1, Released 0 seats
[2025-11-19 19:25:02] ? Cancelled expired booking ID=79, Customer=1, Released 1 seats
[2025-11-19 19:25:02] ? Cancelled expired booking ID=80, Customer=1, Released 1 seats
[2025-11-19 19:25:02] ? Cancelled expired booking ID=81, Customer=1, Released 0 seats
[2025-11-19 19:25:02] ? Cancelled expired booking ID=82, Customer=1, Released 1 seats
[2025-11-19 19:25:02] ? Cancelled expired booking ID=83, Customer=1, Released 0 seats
[2025-11-19 19:25:02] ? Cancelled expired booking ID=84, Customer=1, Released 0 seats
[2025-11-19 19:25:02] ? Cancelled expired booking ID=85, Customer=1, Released 0 seats
[2025-11-19 19:25:02] ? Cancelled expired booking ID=86, Customer=1, Released 0 seats
[2025-11-19 19:25:02] ? Cancelled expired booking ID=87, Customer=1, Released 0 seats
[2025-11-19 19:25:02] ? Cancelled expired booking ID=88, Customer=1, Released 0 seats
[2025-11-19 19:25:02] ? Cancelled expired booking ID=89, Customer=1, Released 0 seats
[2025-11-19 19:25:02] ? Cancelled expired booking ID=90, Customer=1, Released 0 seats
[2025-11-19 19:25:02] ? Cancelled expired booking ID=92, Customer=2, Released 0 seats
[2025-11-19 19:25:02] ? Cancelled expired booking ID=95, Customer=1, Released 0 seats
[2025-11-19 19:25:02] ? Cancelled expired booking ID=96, Customer=1, Released 0 seats
[2025-11-19 19:25:02] ? Cancelled expired booking ID=97, Customer=1, Released 0 seats
[2025-11-19 19:25:02] ? Cancelled expired booking ID=98, Customer=1, Released 0 seats
[2025-11-19 19:25:02] ? Cancelled expired booking ID=99, Customer=1, Released 0 seats
[2025-11-19 19:25:02] ? Cancelled expired booking ID=100, Customer=1, Released 1 seats
[2025-11-19 19:26:02] ? Found 66 expired bookings to cancel
[2025-11-19 19:26:02] ? Cancelled expired booking ID=6, Customer=1, Released 0 seats
[2025-11-19 19:26:02] ? Cancelled expired booking ID=7, Customer=1, Released 0 seats
[2025-11-19 19:26:02] ? Cancelled expired booking ID=8, Customer=1, Released 0 seats
[2025-11-19 19:26:02] ? Cancelled expired booking ID=9, Customer=1, Released 0 seats
[2025-11-19 19:26:02] ? Cancelled expired booking ID=10, Customer=1, Released 1 seats
[2025-11-19 19:26:02] ? Cancelled expired booking ID=11, Customer=1, Released 0 seats
[2025-11-19 19:26:02] ? Cancelled expired booking ID=12, Customer=1, Released 2 seats
[2025-11-19 19:26:02] ? Cancelled expired booking ID=13, Customer=1, Released 1 seats
[2025-11-19 19:26:02] ? Cancelled expired booking ID=14, Customer=1, Released 2 seats
[2025-11-19 19:26:02] ? Cancelled expired booking ID=15, Customer=1, Released 0 seats
[2025-11-19 19:26:02] ? Cancelled expired booking ID=16, Customer=1, Released 0 seats
[2025-11-19 19:26:02] ? Cancelled expired booking ID=17, Customer=1, Released 0 seats
[2025-11-19 19:26:02] ? Cancelled expired booking ID=18, Customer=1, Released 0 seats
[2025-11-19 19:26:02] ? Cancelled expired booking ID=19, Customer=1, Released 1 seats
[2025-11-19 19:26:02] ? Cancelled expired booking ID=20, Customer=1, Released 0 seats
[2025-11-19 19:26:02] ? Cancelled expired booking ID=21, Customer=1, Released 0 seats
[2025-11-19 19:26:02] ? Cancelled expired booking ID=22, Customer=1, Released 0 seats
[2025-11-19 19:26:02] ? Cancelled expired booking ID=23, Customer=1, Released 0 seats
[2025-11-19 19:26:02] ? Cancelled expired booking ID=24, Customer=1, Released 0 seats
[2025-11-19 19:26:02] ? Cancelled expired booking ID=25, Customer=1, Released 0 seats
[2025-11-19 19:26:02] ? Cancelled expired booking ID=26, Customer=1, Released 2 seats
[2025-11-19 19:26:02] ? Cancelled expired booking ID=27, Customer=1, Released 0 seats
[2025-11-19 19:26:02] ? Cancelled expired booking ID=28, Customer=1, Released 0 seats
[2025-11-19 19:26:02] ? Cancelled expired booking ID=29, Customer=1, Released 0 seats
[2025-11-19 19:26:02] ? Cancelled expired booking ID=30, Customer=1, Released 0 seats
[2025-11-19 19:26:02] ? Cancelled expired booking ID=31, Customer=1, Released 1 seats
[2025-11-19 19:26:02] ? Cancelled expired booking ID=32, Customer=1, Released 2 seats
[2025-11-19 19:26:02] ? Cancelled expired booking ID=33, Customer=1, Released 2 seats
[2025-11-19 19:26:02] ? Cancelled expired booking ID=34, Customer=1, Released 2 seats
[2025-11-19 19:26:02] ? Cancelled expired booking ID=35, Customer=1, Released 0 seats
[2025-11-19 19:26:02] ? Cancelled expired booking ID=36, Customer=1, Released 2 seats
[2025-11-19 19:26:02] ? Cancelled expired booking ID=37, Customer=1, Released 1 seats
[2025-11-19 19:26:02] ? Cancelled expired booking ID=38, Customer=1, Released 0 seats
[2025-11-19 19:26:02] ? Cancelled expired booking ID=39, Customer=1, Released 2 seats
[2025-11-19 19:26:02] ? Cancelled expired booking ID=40, Customer=1, Released 0 seats
[2025-11-19 19:26:02] ? Cancelled expired booking ID=41, Customer=1, Released 1 seats
[2025-11-19 19:26:02] ? Cancelled expired booking ID=42, Customer=1, Released 0 seats
[2025-11-19 19:26:02] ? Cancelled expired booking ID=58, Customer=1, Released 0 seats
[2025-11-19 19:26:02] ? Cancelled expired booking ID=64, Customer=1, Released 2 seats
[2025-11-19 19:26:02] ? Cancelled expired booking ID=65, Customer=1, Released 2 seats
[2025-11-19 19:26:02] ? Cancelled expired booking ID=67, Customer=1, Released 2 seats
[2025-11-19 19:26:02] ? Cancelled expired booking ID=68, Customer=1, Released 1 seats
[2025-11-19 19:26:02] ? Cancelled expired booking ID=69, Customer=1, Released 0 seats
[2025-11-19 19:26:02] ? Cancelled expired booking ID=75, Customer=1, Released 0 seats
[2025-11-19 19:26:02] ? Cancelled expired booking ID=76, Customer=1, Released 0 seats
[2025-11-19 19:26:02] ? Cancelled expired booking ID=77, Customer=1, Released 0 seats
[2025-11-19 19:26:02] ? Cancelled expired booking ID=78, Customer=1, Released 0 seats
[2025-11-19 19:26:02] ? Cancelled expired booking ID=79, Customer=1, Released 1 seats
[2025-11-19 19:26:02] ? Cancelled expired booking ID=80, Customer=1, Released 1 seats
[2025-11-19 19:26:02] ? Cancelled expired booking ID=81, Customer=1, Released 0 seats
[2025-11-19 19:26:02] ? Cancelled expired booking ID=82, Customer=1, Released 1 seats
[2025-11-19 19:26:02] ? Cancelled expired booking ID=83, Customer=1, Released 0 seats
[2025-11-19 19:26:02] ? Cancelled expired booking ID=84, Customer=1, Released 0 seats
[2025-11-19 19:26:02] ? Cancelled expired booking ID=85, Customer=1, Released 0 seats
[2025-11-19 19:26:02] ? Cancelled expired booking ID=86, Customer=1, Released 0 seats
[2025-11-19 19:26:02] ? Cancelled expired booking ID=87, Customer=1, Released 0 seats
[2025-11-19 19:26:02] ? Cancelled expired booking ID=88, Customer=1, Released 0 seats
[2025-11-19 19:26:02] ? Cancelled expired booking ID=89, Customer=1, Released 0 seats
[2025-11-19 19:26:02] ? Cancelled expired booking ID=90, Customer=1, Released 0 seats
[2025-11-19 19:26:02] ? Cancelled expired booking ID=92, Customer=2, Released 0 seats
[2025-11-19 19:26:02] ? Cancelled expired booking ID=95, Customer=1, Released 0 seats
[2025-11-19 19:26:02] ? Cancelled expired booking ID=96, Customer=1, Released 0 seats
[2025-11-19 19:26:02] ? Cancelled expired booking ID=97, Customer=1, Released 0 seats
[2025-11-19 19:26:02] ? Cancelled expired booking ID=98, Customer=1, Released 0 seats
[2025-11-19 19:26:02] ? Cancelled expired booking ID=99, Customer=1, Released 0 seats
[2025-11-19 19:26:02] ? Cancelled expired booking ID=100, Customer=1, Released 1 seats
[2025-11-19 19:27:30] ? BookingExpirationService started
[2025-11-19 19:28:30] ? Found 67 expired bookings to cancel
[2025-11-19 19:28:30] ? Cancelled expired booking ID=6, Customer=1, Released 0 seats
[2025-11-19 19:28:30] ? Cancelled expired booking ID=7, Customer=1, Released 0 seats
[2025-11-19 19:28:30] ? Cancelled expired booking ID=8, Customer=1, Released 0 seats
[2025-11-19 19:28:30] ? Cancelled expired booking ID=9, Customer=1, Released 0 seats
[2025-11-19 19:28:30] ? Cancelled expired booking ID=10, Customer=1, Released 1 seats
[2025-11-19 19:28:30] ? Cancelled expired booking ID=11, Customer=1, Released 0 seats
[2025-11-19 19:28:30] ? Cancelled expired booking ID=12, Customer=1, Released 2 seats
[2025-11-19 19:28:30] ? Cancelled expired booking ID=13, Customer=1, Released 1 seats
[2025-11-19 19:28:30] ? Cancelled expired booking ID=14, Customer=1, Released 2 seats
[2025-11-19 19:28:30] ? Cancelled expired booking ID=15, Customer=1, Released 0 seats
[2025-11-19 19:28:30] ? Cancelled expired booking ID=16, Customer=1, Released 0 seats
[2025-11-19 19:28:30] ? Cancelled expired booking ID=17, Customer=1, Released 0 seats
[2025-11-19 19:28:30] ? Cancelled expired booking ID=18, Customer=1, Released 0 seats
[2025-11-19 19:28:30] ? Cancelled expired booking ID=19, Customer=1, Released 1 seats
[2025-11-19 19:28:30] ? Cancelled expired booking ID=20, Customer=1, Released 0 seats
[2025-11-19 19:28:30] ? Cancelled expired booking ID=21, Customer=1, Released 0 seats
[2025-11-19 19:28:30] ? Cancelled expired booking ID=22, Customer=1, Released 0 seats
[2025-11-19 19:28:30] ? Cancelled expired booking ID=23, Customer=1, Released 0 seats
[2025-11-19 19:28:30] ? Cancelled expired booking ID=24, Customer=1, Released 0 seats
[2025-11-19 19:28:30] ? Cancelled expired booking ID=25, Customer=1, Released 0 seats
[2025-11-19 19:28:30] ? Cancelled expired booking ID=26, Customer=1, Released 2 seats
[2025-11-19 19:28:30] ? Cancelled expired booking ID=27, Customer=1, Released 0 seats
[2025-11-19 19:28:30] ? Cancelled expired booking ID=28, Customer=1, Released 0 seats
[2025-11-19 19:28:30] ? Cancelled expired booking ID=29, Customer=1, Released 0 seats
[2025-11-19 19:28:30] ? Cancelled expired booking ID=30, Customer=1, Released 0 seats
[2025-11-19 19:28:30] ? Cancelled expired booking ID=31, Customer=1, Released 1 seats
[2025-11-19 19:28:30] ? Cancelled expired booking ID=32, Customer=1, Released 2 seats
[2025-11-19 19:28:30] ? Cancelled expired booking ID=33, Customer=1, Released 2 seats
[2025-11-19 19:28:30] ? Cancelled expired booking ID=34, Customer=1, Released 2 seats
[2025-11-19 19:28:30] ? Cancelled expired booking ID=35, Customer=1, Released 0 seats
[2025-11-19 19:28:30] ? Cancelled expired booking ID=36, Customer=1, Released 2 seats
[2025-11-19 19:28:30] ? Cancelled expired booking ID=37, Customer=1, Released 1 seats
[2025-11-19 19:28:30] ? Cancelled expired booking ID=38, Customer=1, Released 0 seats
[2025-11-19 19:28:30] ? Cancelled expired booking ID=39, Customer=1, Released 2 seats
[2025-11-19 19:28:30] ? Cancelled expired booking ID=40, Customer=1, Released 0 seats
[2025-11-19 19:28:30] ? Cancelled expired booking ID=41, Customer=1, Released 1 seats
[2025-11-19 19:28:30] ? Cancelled expired booking ID=42, Customer=1, Released 0 seats
[2025-11-19 19:28:30] ? Cancelled expired booking ID=58, Customer=1, Released 0 seats
[2025-11-19 19:28:30] ? Cancelled expired booking ID=64, Customer=1, Released 2 seats
[2025-11-19 19:28:30] ? Cancelled expired booking ID=65, Customer=1, Released 2 seats
[2025-11-19 19:28:30] ? Cancelled expired booking ID=67, Customer=1, Released 2 seats
[2025-11-19 19:28:30] ? Cancelled expired booking ID=68, Customer=1, Released 1 seats
[2025-11-19 19:28:30] ? Cancelled expired booking ID=69, Customer=1, Released 0 seats
[2025-11-19 19:28:30] ? Cancelled expired booking ID=75, Customer=1, Released 0 seats
[2025-11-19 19:28:30] ? Cancelled expired booking ID=76, Customer=1, Released 0 seats
[2025-11-19 19:28:30] ? Cancelled expired booking ID=77, Customer=1, Released 0 seats
[2025-11-19 19:28:30] ? Cancelled expired booking ID=78, Customer=1, Released 0 seats
[2025-11-19 19:28:30] ? Cancelled expired booking ID=79, Customer=1, Released 1 seats
[2025-11-19 19:28:30] ? Cancelled expired booking ID=80, Customer=1, Released 1 seats
[2025-11-19 19:28:30] ? Cancelled expired booking ID=81, Customer=1, Released 0 seats
[2025-11-19 19:28:30] ? Cancelled expired booking ID=82, Customer=1, Released 1 seats
[2025-11-19 19:28:30] ? Cancelled expired booking ID=83, Customer=1, Released 0 seats
[2025-11-19 19:28:30] ? Cancelled expired booking ID=84, Customer=1, Released 0 seats
[2025-11-19 19:28:30] ? Cancelled expired booking ID=85, Customer=1, Released 0 seats
[2025-11-19 19:28:30] ? Cancelled expired booking ID=86, Customer=1, Released 0 seats
[2025-11-19 19:28:30] ? Cancelled expired booking ID=87, Customer=1, Released 0 seats
[2025-11-19 19:28:30] ? Cancelled expired booking ID=88, Customer=1, Released 0 seats
[2025-11-19 19:28:30] ? Cancelled expired booking ID=89, Customer=1, Released 0 seats
[2025-11-19 19:28:30] ? Cancelled expired booking ID=90, Customer=1, Released 0 seats
[2025-11-19 19:28:30] ? Cancelled expired booking ID=92, Customer=2, Released 0 seats
[2025-11-19 19:28:30] ? Cancelled expired booking ID=95, Customer=1, Released 0 seats
[2025-11-19 19:28:30] ? Cancelled expired booking ID=96, Customer=1, Released 0 seats
[2025-11-19 19:28:30] ? Cancelled expired booking ID=97, Customer=1, Released 0 seats
[2025-11-19 19:28:30] ? Cancelled expired booking ID=98, Customer=1, Released 0 seats
[2025-11-19 19:28:30] ? Cancelled expired booking ID=99, Customer=1, Released 0 seats
[2025-11-19 19:28:30] ? Cancelled expired booking ID=100, Customer=1, Released 1 seats
[2025-11-19 19:28:30] ? Cancelled expired booking ID=102, Customer=1, Released 1 seats
[2025-11-19 19:28:51] ✅ Tạo mã khuyến mãi mới: KM005
[2025-11-19 19:28:59] ✅ Xóa mã khuyến mãi: KM005
[2025-11-19 19:29:30] ? Found 67 expired bookings to cancel
[2025-11-19 19:29:30] ? Cancelled expired booking ID=6, Customer=1, Released 0 seats
[2025-11-19 19:29:30] ? Cancelled expired booking ID=7, Customer=1, Released 0 seats
[2025-11-19 19:29:30] ? Cancelled expired booking ID=8, Customer=1, Released 0 seats
[2025-11-19 19:29:30] ? Cancelled expired booking ID=9, Customer=1, Released 0 seats
[2025-11-19 19:29:30] ? Cancelled expired booking ID=10, Customer=1, Released 1 seats
[2025-11-19 19:29:30] ? Cancelled expired booking ID=11, Customer=1, Released 0 seats
[2025-11-19 19:29:30] ? Cancelled expired booking ID=12, Customer=1, Released 2 seats
[2025-11-19 19:29:30] ? Cancelled expired booking ID=13, Customer=1, Released 1 seats
[2025-11-19 19:29:30] ? Cancelled expired booking ID=14, Customer=1, Released 2 seats
[2025-11-19 19:29:30] ? Cancelled expired booking ID=15, Customer=1, Released 0 seats
[2025-11-19 19:29:30] ? Cancelled expired booking ID=16, Customer=1, Released 0 seats
[2025-11-19 19:29:30] ? Cancelled expired booking ID=17, Customer=1, Released 0 seats
[2025-11-19 19:29:30] ? Cancelled expired booking ID=18, Customer=1, Released 0 seats
[2025-11-19 19:29:30] ? Cancelled expired booking ID=19, Customer=1, Released 1 seats
[2025-11-19 19:29:30] ? Cancelled expired booking ID=20, Customer=1, Released 0 seats
[2025-11-19 19:29:30] ? Cancelled expired booking ID=21, Customer=1, Released 0 seats
[2025-11-19 19:29:30] ? Cancelled expired booking ID=22, Customer=1, Released 0 seats
[2025-11-19 19:29:30] ? Cancelled expired booking ID=23, Customer=1, Released 0 seats
[2025-11-19 19:29:30] ? Cancelled expired booking ID=24, Customer=1, Released 0 seats
[2025-11-19 19:29:30] ? Cancelled expired booking ID=25, Customer=1, Released 0 seats
[2025-11-19 19:29:30] ? Cancelled expired booking ID=26, Customer=1, Released 2 seats
[2025-11-19 19:29:30] ? Cancelled expired booking ID=27, Customer=1, Released 0 seats
[2025-11-19 19:29:30] ? Cancelled expired booking ID=28, Customer=1, Released 0 seats
[2025-11-19 19:29:30] ? Cancelled expired booking ID=29, Customer=1, Released 0 seats
[2025-11-19 19:29:30] ? Cancelled expired booking ID=30, Customer=1, Released 0 seats
[2025-11-19 19:29:30] ? Cancelled expired booking ID=31, Customer=1, Released 1 seats
[2025-11-19 19:29:30] ? Cancelled expired booking ID=32, Customer=1, Released 2 seats
[2025-11-19 19:29:30] ? Cancelled expired booking ID=33, Customer=1, Released 2 seats
[2025-11-19 19:29:30] ? Cancelled expired booking ID=34, Customer=1, Released 2 seats
[2025-11-19 19:29:30] ? Cancelled expired booking ID=35, Customer=1, Released 0 seats
[2025-11-19 19:29:30] ? Cancelled expired booking ID=36, Customer=1, Released 2 seats
[2025-11-19 19:29:30] ? Cancelled expired booking ID=37, Customer=1, Released 1 seats
[2025-11-19 19:29:30] ? Cancelled expired booking ID=38, Customer=1, Released 0 seats
[2025-11-19 19:29:30] ? Cancelled expired booking ID=39, Customer=1, Released 2 seats
[2025-11-19 19:29:30] ? Cancelled expired booking ID=40, Customer=1, Released 0 seats
[2025-11-19 19:29:30] ? Cancelled expired booking ID=41, Customer=1, Released 1 seats
[2025-11-19 19:29:30] ? Cancelled expired booking ID=42, Customer=1, Released 0 seats
[2025-11-19 19:29:30] ? Cancelled expired booking ID=58, Customer=1, Released 0 seats
[2025-11-19 19:29:30] ? Cancelled expired booking ID=64, Customer=1, Released 2 seats
[2025-11-19 19:29:30] ? Cancelled expired booking ID=65, Customer=1, Released 2 seats
[2025-11-19 19:29:30] ? Cancelled expired booking ID=67, Customer=1, Released 2 seats
[2025-11-19 19:29:30] ? Cancelled expired booking ID=68, Customer=1, Released 1 seats
[2025-11-19 19:29:30] ? Cancelled expired booking ID=69, Customer=1, Released 0 seats
[2025-11-19 19:29:30] ? Cancelled expired booking ID=75, Customer=1, Released 0 seats
[2025-11-19 19:29:30] ? Cancelled expired booking ID=76, Customer=1, Released 0 seats
[2025-11-19 19:29:30] ? Cancelled expired booking ID=77, Customer=1, Released 0 seats
[2025-11-19 19:29:30] ? Cancelled expired booking ID=78, Customer=1, Released 0 seats
[2025-11-19 19:29:30] ? Cancelled expired booking ID=79, Customer=1, Released 1 seats
[2025-11-19 19:29:30] ? Cancelled expired booking ID=80, Customer=1, Released 1 seats
[2025-11-19 19:29:30] ? Cancelled expired booking ID=81, Customer=1, Released 0 seats
[2025-11-19 19:29:30] ? Cancelled expired booking ID=82, Customer=1, Released 1 seats
[2025-11-19 19:29:30] ? Cancelled expired booking ID=83, Customer=1, Released 0 seats
[2025-11-19 19:29:30] ? Cancelled expired booking ID=84, Customer=1, Released 0 seats
[2025-11-19 19:29:30] ? Cancelled expired booking ID=85, Customer=1, Released 0 seats
[2025-11-19 19:29:30] ? Cancelled expired booking ID=86, Customer=1, Released 0 seats
[2025-11-19 19:29:30] ? Cancelled expired booking ID=87, Customer=1, Released 0 seats
[2025-11-19 19:29:30] ? Cancelled expired booking ID=88, Customer=1, Released 0 seats
[2025-11-19 19:29:30] ? Cancelled expired booking ID=89, Customer=1, Released 0 seats
[2025-11-19 19:29:30] ? Cancelled expired booking ID=90, Customer=1, Released 0 seats
[2025-11-19 19:29:30] ? Cancelled expired booking ID=92, Customer=2, Released 0 seats
[2025-11-19 19:29:30] ? Cancelled expired booking ID=95, Customer=1, Released 0 seats
[2025-11-19 19:29:30] ? Cancelled expired booking ID=96, Customer=1, Released 0 seats
[2025-11-19 19:29:30] ? Cancelled expired booking ID=97, Customer=1, Released 0 seats
[2025-11-19 19:29:30] ? Cancelled expired booking ID=98, Customer=1, Released 0 seats
[2025-11-19 19:29:30] ? Cancelled expired booking ID=99, Customer=1, Released 0 seats
[2025-11-19 19:29:30] ? Cancelled expired booking ID=100, Customer=1, Released 1 seats
[2025-11-19 19:29:30] ? Cancelled expired booking ID=102, Customer=1, Released 1 seats
[2025-11-19 19:30:30] ? Found 67 expired bookings to cancel
[2025-11-19 19:30:30] ? Cancelled expired booking ID=6, Customer=1, Released 0 seats
[2025-11-19 19:30:30] ? Cancelled expired booking ID=7, Customer=1, Released 0 seats
[2025-11-19 19:30:30] ? Cancelled expired booking ID=8, Customer=1, Released 0 seats
[2025-11-19 19:30:30] ? Cancelled expired booking ID=9, Customer=1, Released 0 seats
[2025-11-19 19:30:30] ? Cancelled expired booking ID=10, Customer=1, Released 1 seats
[2025-11-19 19:30:30] ? Cancelled expired booking ID=11, Customer=1, Released 0 seats
[2025-11-19 19:30:30] ? Cancelled expired booking ID=12, Customer=1, Released 2 seats
[2025-11-19 19:30:30] ? Cancelled expired booking ID=13, Customer=1, Released 1 seats
[2025-11-19 19:30:30] ? Cancelled expired booking ID=14, Customer=1, Released 2 seats
[2025-11-19 19:30:30] ? Cancelled expired booking ID=15, Customer=1, Released 0 seats
[2025-11-19 19:30:30] ? Cancelled expired booking ID=16, Customer=1, Released 0 seats
[2025-11-19 19:30:30] ? Cancelled expired booking ID=17, Customer=1, Released 0 seats
[2025-11-19 19:30:30] ? Cancelled expired booking ID=18, Customer=1, Released 0 seats
[2025-11-19 19:30:30] ? Cancelled expired booking ID=19, Customer=1, Released 1 seats
[2025-11-19 19:30:30] ? Cancelled expired booking ID=20, Customer=1, Released 0 seats
[2025-11-19 19:30:30] ? Cancelled expired booking ID=21, Customer=1, Released 0 seats
[2025-11-19 19:30:30] ? Cancelled expired booking ID=22, Customer=1, Released 0 seats
[2025-11-19 19:30:30] ? Cancelled expired booking ID=23, Customer=1, Released 0 seats
[2025-11-19 19:30:30] ? Cancelled expired booking ID=24, Customer=1, Released 0 seats
[2025-11-19 19:30:30] ? Cancelled expired booking ID=25, Customer=1, Released 0 seats
[2025-11-19 19:30:30] ? Cancelled expired booking ID=26, Customer=1, Released 2 seats
[2025-11-19 19:30:30] ? Cancelled expired booking ID=27, Customer=1, Released 0 seats
[2025-11-19 19:30:30] ? Cancelled expired booking ID=28, Customer=1, Released 0 seats
[2025-11-19 19:30:30] ? Cancelled expired booking ID=29, Customer=1, Released 0 seats
[2025-11-19 19:30:30] ? Cancelled expired booking ID=30, Customer=1, Released 0 seats
[2025-11-19 19:30:30] ? Cancelled expired booking ID=31, Customer=1, Released 1 seats
[2025-11-19 19:30:30] ? Cancelled expired booking ID=32, Customer=1, Released 2 seats
[2025-11-19 19:30:30] ? Cancelled expired booking ID=33, Customer=1, Released 2 seats
[2025-11-19 19:30:30] ? Cancelled expired booking ID=34, Customer=1, Released 2 seats
[2025-11-19 19:30:30] ? Cancelled expired booking ID=35, Customer=1, Released 0 seats
[2025-11-19 19:30:30] ? Cancelled expired booking ID=36, Customer=1, Released 2 seats
[2025-11-19 19:30:30] ? Cancelled expired booking ID=37, Customer=1, Released 1 seats
[2025-11-19 19:30:30] ? Cancelled expired booking ID=38, Customer=1, Released 0 seats
[2025-11-19 19:30:30] ? Cancelled expired booking ID=39, Customer=1, Released 2 seats
[2025-11-19 19:30:30] ? Cancelled expired booking ID=40, Customer=1, Released 0 seats
[2025-11-19 19:30:30] ? Cancelled expired booking ID=41, Customer=1, Released 1 seats
[2025-11-19 19:30:30] ? Cancelled expired booking ID=42, Customer=1, Released 0 seats
[2025-11-19 19:30:30] ? Cancelled expired booking ID=58, Customer=1, Released 0 seats
[2025-11-19 19:30:30] ? Cancelled expired booking ID=64, Customer=1, Released 2 seats
[2025-11-19 19:30:30] ? Cancelled expired booking ID=65, Customer=1, Released 2 seats
[2025-11-19 19:30:30] ? Cancelled expired booking ID=67, Customer=1, Released 2 seats
[2025-11-19 19:30:30] ? Cancelled expired booking ID=68, Customer=1, Released 1 seats
[2025-11-19 19:30:30] ? Cancelled expired booking ID=69, Customer=1, Released 0 seats
[2025-11-19 19:30:30] ? Cancelled expired booking ID=75, Customer=1, Released 0 seats
[2025-11-19 19:30:30] ? Cancelled expired booking ID=76, Customer=1, Released 0 seats
[2025-11-19 19:30:30] ? Cancelled expired booking ID=77, Customer=1, Released 0 seats
[2025-11-19 19:30:30] ? Cancelled expired booking ID=78, Customer=1, Released 0 seats
[2025-11-19 19:30:30] ? Cancelled expired booking ID=79, Customer=1, Released 1 seats
[2025-11-19 19:30:30] ? Cancelled expired booking ID=80, Customer=1, Released 1 seats
[2025-11-19 19:30:30] ? Cancelled expired booking ID=81, Customer=1, Released 0 seats
[2025-11-19 19:30:30] ? Cancelled expired booking ID=82, Customer=1, Released 1 seats
[2025-11-19 19:30:30] ? Cancelled expired booking ID=83, Customer=1, Released 0 seats
[2025-11-19 19:30:30] ? Cancelled expired booking ID=84, Customer=1, Released 0 seats
[2025-11-19 19:30:30] ? Cancelled expired booking ID=85, Customer=1, Released 0 seats
[2025-11-19 19:30:30] ? Cancelled expired booking ID=86, Customer=1, Released 0 seats
[2025-11-19 19:30:30] ? Cancelled expired booking ID=87, Customer=1, Released 0 seats
[2025-11-19 19:30:30] ? Cancelled expired booking ID=88, Customer=1, Released 0 seats
[2025-11-19 19:30:30] ? Cancelled expired booking ID=89, Customer=1, Released 0 seats
[2025-11-19 19:30:30] ? Cancelled expired booking ID=90, Customer=1, Released 0 seats
[2025-11-19 19:30:30] ? Cancelled expired booking ID=92, Customer=2, Released 0 seats
[2025-11-19 19:30:30] ? Cancelled expired booking ID=95, Customer=1, Released 0 seats
[2025-11-19 19:30:30] ? Cancelled expired booking ID=96, Customer=1, Released 0 seats
[2025-11-19 19:30:30] ? Cancelled expired booking ID=97, Customer=1, Released 0 seats
[2025-11-19 19:30:30] ? Cancelled expired booking ID=98, Customer=1, Released 0 seats
[2025-11-19 19:30:30] ? Cancelled expired booking ID=99, Customer=1, Released 0 seats
[2025-11-19 19:30:30] ? Cancelled expired booking ID=100, Customer=1, Released 1 seats
[2025-11-19 19:30:30] ? Cancelled expired booking ID=102, Customer=1, Released 1 seats
[2025-11-19 19:31:30] ? Found 67 expired bookings to cancel
[2025-11-19 19:31:30] ? Cancelled expired booking ID=6, Customer=1, Released 0 seats
[2025-11-19 19:31:30] ? Cancelled expired booking ID=7, Customer=1, Released 0 seats
[2025-11-19 19:31:30] ? Cancelled expired booking ID=8, Customer=1, Released 0 seats
[2025-11-19 19:31:30] ? Cancelled expired booking ID=9, Customer=1, Released 0 seats
[2025-11-19 19:31:30] ? Cancelled expired booking ID=10, Customer=1, Released 1 seats
[2025-11-19 19:31:30] ? Cancelled expired booking ID=11, Customer=1, Released 0 seats
[2025-11-19 19:31:30] ? Cancelled expired booking ID=12, Customer=1, Released 2 seats
[2025-11-19 19:31:30] ? Cancelled expired booking ID=13, Customer=1, Released 1 seats
[2025-11-19 19:31:30] ? Cancelled expired booking ID=14, Customer=1, Released 2 seats
[2025-11-19 19:31:30] ? Cancelled expired booking ID=15, Customer=1, Released 0 seats
[2025-11-19 19:31:30] ? Cancelled expired booking ID=16, Customer=1, Released 0 seats
[2025-11-19 19:31:30] ? Cancelled expired booking ID=17, Customer=1, Released 0 seats
[2025-11-19 19:31:30] ? Cancelled expired booking ID=18, Customer=1, Released 0 seats
[2025-11-19 19:31:30] ? Cancelled expired booking ID=19, Customer=1, Released 1 seats
[2025-11-19 19:31:30] ? Cancelled expired booking ID=20, Customer=1, Released 0 seats
[2025-11-19 19:31:30] ? Cancelled expired booking ID=21, Customer=1, Released 0 seats
[2025-11-19 19:31:30] ? Cancelled expired booking ID=22, Customer=1, Released 0 seats
[2025-11-19 19:31:30] ? Cancelled expired booking ID=23, Customer=1, Released 0 seats
[2025-11-19 19:31:30] ? Cancelled expired booking ID=24, Customer=1, Released 0 seats
[2025-11-19 19:31:30] ? Cancelled expired booking ID=25, Customer=1, Released 0 seats
[2025-11-19 19:31:30] ? Cancelled expired booking ID=26, Customer=1, Released 2 seats
[2025-11-19 19:31:30] ? Cancelled expired booking ID=27, Customer=1, Released 0 seats
[2025-11-19 19:31:30] ? Cancelled expired booking ID=28, Customer=1, Released 0 seats
[2025-11-19 19:31:30] ? Cancelled expired booking ID=29, Customer=1, Released 0 seats
[2025-11-19 19:31:30] ? Cancelled expired booking ID=30, Customer=1, Released 0 seats
[2025-11-19 19:31:30] ? Cancelled expired booking ID=31, Customer=1, Released 1 seats
[2025-11-19 19:31:30] ? Cancelled expired booking ID=32, Customer=1, Released 2 seats
[2025-11-19 19:31:30] ? Cancelled expired booking ID=33, Customer=1, Released 2 seats
[2025-11-19 19:31:30] ? Cancelled expired booking ID=34, Customer=1, Released 2 seats
[2025-11-19 19:31:30] ? Cancelled expired booking ID=35, Customer=1, Released 0 seats
[2025-11-19 19:31:30] ? Cancelled expired booking ID=36, Customer=1, Released 2 seats
[2025-11-19 19:31:30] ? Cancelled expired booking ID=37, Customer=1, Released 1 seats
[2025-11-19 19:31:30] ? Cancelled expired booking ID=38, Customer=1, Released 0 seats
[2025-11-19 19:31:30] ? Cancelled expired booking ID=39, Customer=1, Released 2 seats
[2025-11-19 19:31:30] ? Cancelled expired booking ID=40, Customer=1, Released 0 seats
[2025-11-19 19:31:30] ? Cancelled expired booking ID=41, Customer=1, Released 1 seats
[2025-11-19 19:31:30] ? Cancelled expired booking ID=42, Customer=1, Released 0 seats
[2025-11-19 19:31:30] ? Cancelled expired booking ID=58, Customer=1, Released 0 seats
[2025-11-19 19:31:30] ? Cancelled expired booking ID=64, Customer=1, Released 2 seats
[2025-11-19 19:31:30] ? Cancelled expired booking ID=65, Customer=1, Released 2 seats
[2025-11-19 19:31:30] ? Cancelled expired booking ID=67, Customer=1, Released 2 seats
[2025-11-19 19:31:30] ? Cancelled expired booking ID=68, Customer=1, Released 1 seats
[2025-11-19 19:31:30] ? Cancelled expired booking ID=69, Customer=1, Released 0 seats
[2025-11-19 19:31:30] ? Cancelled expired booking ID=75, Customer=1, Released 0 seats
[2025-11-19 19:31:30] ? Cancelled expired booking ID=76, Customer=1, Released 0 seats
[2025-11-19 19:31:30] ? Cancelled expired booking ID=77, Customer=1, Released 0 seats
[2025-11-19 19:31:30] ? Cancelled expired booking ID=78, Customer=1, Released 0 seats
[2025-11-19 19:31:30] ? Cancelled expired booking ID=79, Customer=1, Released 1 seats
[2025-11-19 19:31:30] ? Cancelled expired booking ID=80, Customer=1, Released 1 seats
[2025-11-19 19:31:30] ? Cancelled expired booking ID=81, Customer=1, Released 0 seats
[2025-11-19 19:31:30] ? Cancelled expired booking ID=82, Customer=1, Released 1 seats
[2025-11-19 19:31:30] ? Cancelled expired booking ID=83, Customer=1, Released 0 seats
[2025-11-19 19:31:30] ? Cancelled expired booking ID=84, Customer=1, Released 0 seats
[2025-11-19 19:31:30] ? Cancelled expired booking ID=85, Customer=1, Released 0 seats
[2025-11-19 19:31:30] ? Cancelled expired booking ID=86, Customer=1, Released 0 seats
[2025-11-19 19:31:30] ? Cancelled expired booking ID=87, Customer=1, Released 0 seats
[2025-11-19 19:31:30] ? Cancelled expired booking ID=88, Customer=1, Released 0 seats
[2025-11-19 19:31:30] ? Cancelled expired booking ID=89, Customer=1, Released 0 seats
[2025-11-19 19:31:30] ? Cancelled expired booking ID=90, Customer=1, Released 0 seats
[2025-11-19 19:31:30] ? Cancelled expired booking ID=92, Customer=2, Released 0 seats
[2025-11-19 19:31:30] ? Cancelled expired booking ID=95, Customer=1, Released 0 seats
[2025-11-19 19:31:30] ? Cancelled expired booking ID=96, Customer=1, Released 0 seats
[2025-11-19 19:31:30] ? Cancelled expired booking ID=97, Customer=1, Released 0 seats
[2025-11-19 19:31:30] ? Cancelled expired booking ID=98, Customer=1, Released 0 seats
[2025-11-19 19:31:30] ? Cancelled expired booking ID=99, Customer=1, Released 0 seats
[2025-11-19 19:31:30] ? Cancelled expired booking ID=100, Customer=1, Released 1 seats
[2025-11-19 19:31:30] ? Cancelled expired booking ID=102, Customer=1, Released 1 seats
[2025-11-19 19:31:48] ✅ QR Code URL (new format) generated: https://img.vietqr.io/image/VCB-1031419192-compact2.png?amount=70000&addInfo=VeThe%20Dark%20K
[2025-11-19 19:32:30] ? Found 67 expired bookings to cancel
[2025-11-19 19:32:30] ? Cancelled expired booking ID=6, Customer=1, Released 0 seats
[2025-11-19 19:32:30] ? Cancelled expired booking ID=7, Customer=1, Released 0 seats
[2025-11-19 19:32:30] ? Cancelled expired booking ID=8, Customer=1, Released 0 seats
[2025-11-19 19:32:30] ? Cancelled expired booking ID=9, Customer=1, Released 0 seats
[2025-11-19 19:32:30] ? Cancelled expired booking ID=10, Customer=1, Released 1 seats
[2025-11-19 19:32:30] ? Cancelled expired booking ID=11, Customer=1, Released 0 seats
[2025-11-19 19:32:30] ? Cancelled expired booking ID=12, Customer=1, Released 2 seats
[2025-11-19 19:32:30] ? Cancelled expired booking ID=13, Customer=1, Released 1 seats
[2025-11-19 19:32:30] ? Cancelled expired booking ID=14, Customer=1, Released 2 seats
[2025-11-19 19:32:30] ? Cancelled expired booking ID=15, Customer=1, Released 0 seats
[2025-11-19 19:32:30] ? Cancelled expired booking ID=16, Customer=1, Released 0 seats
[2025-11-19 19:32:30] ? Cancelled expired booking ID=17, Customer=1, Released 0 seats
[2025-11-19 19:32:30] ? Cancelled expired booking ID=18, Customer=1, Released 0 seats
[2025-11-19 19:32:30] ? Cancelled expired booking ID=19, Customer=1, Released 1 seats
[2025-11-19 19:32:30] ? Cancelled expired booking ID=20, Customer=1, Released 0 seats
[2025-11-19 19:32:30] ? Cancelled expired booking ID=21, Customer=1, Released 0 seats
[2025-11-19 19:32:30] ? Cancelled expired booking ID=22, Customer=1, Released 0 seats
[2025-11-19 19:32:30] ? Cancelled expired booking ID=23, Customer=1, Released 0 seats
[2025-11-19 19:32:30] ? Cancelled expired booking ID=24, Customer=1, Released 0 seats
[2025-11-19 19:32:30] ? Cancelled expired booking ID=25, Customer=1, Released 0 seats
[2025-11-19 19:32:30] ? Cancelled expired booking ID=26, Customer=1, Released 2 seats
[2025-11-19 19:32:30] ? Cancelled expired booking ID=27, Customer=1, Released 0 seats
[2025-11-19 19:32:30] ? Cancelled expired booking ID=28, Customer=1, Released 0 seats
[2025-11-19 19:32:30] ? Cancelled expired booking ID=29, Customer=1, Released 0 seats
[2025-11-19 19:32:30] ? Cancelled expired booking ID=30, Customer=1, Released 0 seats
[2025-11-19 19:32:30] ? Cancelled expired booking ID=31, Customer=1, Released 1 seats
[2025-11-19 19:32:30] ? Cancelled expired booking ID=32, Customer=1, Released 2 seats
[2025-11-19 19:32:30] ? Cancelled expired booking ID=33, Customer=1, Released 2 seats
[2025-11-19 19:32:30] ? Cancelled expired booking ID=34, Customer=1, Released 2 seats
[2025-11-19 19:32:30] ? Cancelled expired booking ID=35, Customer=1, Released 0 seats
[2025-11-19 19:32:30] ? Cancelled expired booking ID=36, Customer=1, Released 2 seats
[2025-11-19 19:32:30] ? Cancelled expired booking ID=37, Customer=1, Released 1 seats
[2025-11-19 19:32:30] ? Cancelled expired booking ID=38, Customer=1, Released 0 seats
[2025-11-19 19:32:30] ? Cancelled expired booking ID=39, Customer=1, Released 2 seats
[2025-11-19 19:32:30] ? Cancelled expired booking ID=40, Customer=1, Released 0 seats
[2025-11-19 19:32:30] ? Cancelled expired booking ID=41, Customer=1, Released 1 seats
[2025-11-19 19:32:30] ? Cancelled expired booking ID=42, Customer=1, Released 0 seats
[2025-11-19 19:32:30] ? Cancelled expired booking ID=58, Customer=1, Released 0 seats
[2025-11-19 19:32:30] ? Cancelled expired booking ID=64, Customer=1, Released 2 seats
[2025-11-19 19:32:30] ? Cancelled expired booking ID=65, Customer=1, Released 2 seats
[2025-11-19 19:32:30] ? Cancelled expired booking ID=67, Customer=1, Released 2 seats
[2025-11-19 19:32:30] ? Cancelled expired booking ID=68, Customer=1, Released 1 seats
[2025-11-19 19:32:30] ? Cancelled expired booking ID=69, Customer=1, Released 0 seats
[2025-11-19 19:32:30] ? Cancelled expired booking ID=75, Customer=1, Released 0 seats
[2025-11-19 19:32:30] ? Cancelled expired booking ID=76, Customer=1, Released 0 seats
[2025-11-19 19:32:30] ? Cancelled expired booking ID=77, Customer=1, Released 0 seats
[2025-11-19 19:32:30] ? Cancelled expired booking ID=78, Customer=1, Released 0 seats
[2025-11-19 19:32:30] ? Cancelled expired booking ID=79, Customer=1, Released 1 seats
[2025-11-19 19:32:30] ? Cancelled expired booking ID=80, Customer=1, Released 1 seats
[2025-11-19 19:32:30] ? Cancelled expired booking ID=81, Customer=1, Released 0 seats
[2025-11-19 19:32:30] ? Cancelled expired booking ID=82, Customer=1, Released 1 seats
[2025-11-19 19:32:30] ? Cancelled expired booking ID=83, Customer=1, Released 0 seats
[2025-11-19 19:32:30] ? Cancelled expired booking ID=84, Customer=1, Released 0 seats
[2025-11-19 19:32:30] ? Cancelled expired booking ID=85, Customer=1, Released 0 seats
[2025-11-19 19:32:30] ? Cancelled expired booking ID=86, Customer=1, Released 0 seats
[2025-11-19 19:32:30] ? Cancelled expired booking ID=87, Customer=1, Released 0 seats
[2025-11-19 19:32:30] ? Cancelled expired booking ID=88, Customer=1, Released 0 seats
[2025-11-19 19:32:30] ? Cancelled expired booking ID=89, Customer=1, Released 0 seats
[2025-11-19 19:32:30] ? Cancelled expired booking ID=90, Customer=1, Released 0 seats
[2025-11-19 19:32:30] ? Cancelled expired booking ID=92, Customer=2, Released 0 seats
[2025-11-19 19:32:30] ? Cancelled expired booking ID=95, Customer=1, Released 0 seats
[2025-11-19 19:32:30] ? Cancelled expired booking ID=96, Customer=1, Released 0 seats
[2025-11-19 19:32:30] ? Cancelled expired booking ID=97, Customer=1, Released 0 seats
[2025-11-19 19:32:30] ? Cancelled expired booking ID=98, Customer=1, Released 0 seats
[2025-11-19 19:32:30] ? Cancelled expired booking ID=99, Customer=1, Released 0 seats
[2025-11-19 19:32:30] ? Cancelled expired booking ID=100, Customer=1, Released 1 seats
[2025-11-19 19:32:30] ? Cancelled expired booking ID=102, Customer=1, Released 1 seats
[2025-11-19 19:33:30] ? Found 67 expired bookings to cancel
[2025-11-19 19:33:30] ? Cancelled expired booking ID=6, Customer=1, Released 0 seats
[2025-11-19 19:33:30] ? Cancelled expired booking ID=7, Customer=1, Released 0 seats
[2025-11-19 19:33:30] ? Cancelled expired booking ID=8, Customer=1, Released 0 seats
[2025-11-19 19:33:30] ? Cancelled expired booking ID=9, Customer=1, Released 0 seats
[2025-11-19 19:33:30] ? Cancelled expired booking ID=10, Customer=1, Released 1 seats
[2025-11-19 19:33:30] ? Cancelled expired booking ID=11, Customer=1, Released 0 seats
[2025-11-19 19:33:30] ? Cancelled expired booking ID=12, Customer=1, Released 2 seats
[2025-11-19 19:33:30] ? Cancelled expired booking ID=13, Customer=1, Released 1 seats
[2025-11-19 19:33:30] ? Cancelled expired booking ID=14, Customer=1, Released 2 seats
[2025-11-19 19:33:30] ? Cancelled expired booking ID=15, Customer=1, Released 0 seats
[2025-11-19 19:33:30] ? Cancelled expired booking ID=16, Customer=1, Released 0 seats
[2025-11-19 19:33:30] ? Cancelled expired booking ID=17, Customer=1, Released 0 seats
[2025-11-19 19:33:30] ? Cancelled expired booking ID=18, Customer=1, Released 0 seats
[2025-11-19 19:33:30] ? Cancelled expired booking ID=19, Customer=1, Released 1 seats
[2025-11-19 19:33:30] ? Cancelled expired booking ID=20, Customer=1, Released 0 seats
[2025-11-19 19:33:30] ? Cancelled expired booking ID=21, Customer=1, Released 0 seats
[2025-11-19 19:33:30] ? Cancelled expired booking ID=22, Customer=1, Released 0 seats
[2025-11-19 19:33:30] ? Cancelled expired booking ID=23, Customer=1, Released 0 seats
[2025-11-19 19:33:30] ? Cancelled expired booking ID=24, Customer=1, Released 0 seats
[2025-11-19 19:33:30] ? Cancelled expired booking ID=25, Customer=1, Released 0 seats
[2025-11-19 19:33:30] ? Cancelled expired booking ID=26, Customer=1, Released 2 seats
[2025-11-19 19:33:30] ? Cancelled expired booking ID=27, Customer=1, Released 0 seats
[2025-11-19 19:33:30] ? Cancelled expired booking ID=28, Customer=1, Released 0 seats
[2025-11-19 19:33:30] ? Cancelled expired booking ID=29, Customer=1, Released 0 seats
[2025-11-19 19:33:30] ? Cancelled expired booking ID=30, Customer=1, Released 0 seats
[2025-11-19 19:33:30] ? Cancelled expired booking ID=31, Customer=1, Released 1 seats
[2025-11-19 19:33:30] ? Cancelled expired booking ID=32, Customer=1, Released 2 seats
[2025-11-19 19:33:30] ? Cancelled expired booking ID=33, Customer=1, Released 2 seats
[2025-11-19 19:33:30] ? Cancelled expired booking ID=34, Customer=1, Released 2 seats
[2025-11-19 19:33:30] ? Cancelled expired booking ID=35, Customer=1, Released 0 seats
[2025-11-19 19:33:30] ? Cancelled expired booking ID=36, Customer=1, Released 2 seats
[2025-11-19 19:33:30] ? Cancelled expired booking ID=37, Customer=1, Released 1 seats
[2025-11-19 19:33:30] ? Cancelled expired booking ID=38, Customer=1, Released 0 seats
[2025-11-19 19:33:30] ? Cancelled expired booking ID=39, Customer=1, Released 2 seats
[2025-11-19 19:33:30] ? Cancelled expired booking ID=40, Customer=1, Released 0 seats
[2025-11-19 19:33:30] ? Cancelled expired booking ID=41, Customer=1, Released 1 seats
[2025-11-19 19:33:30] ? Cancelled expired booking ID=42, Customer=1, Released 0 seats
[2025-11-19 19:33:30] ? Cancelled expired booking ID=58, Customer=1, Released 0 seats
[2025-11-19 19:33:30] ? Cancelled expired booking ID=64, Customer=1, Released 2 seats
[2025-11-19 19:33:30] ? Cancelled expired booking ID=65, Customer=1, Released 2 seats
[2025-11-19 19:33:30] ? Cancelled expired booking ID=67, Customer=1, Released 2 seats
[2025-11-19 19:33:30] ? Cancelled expired booking ID=68, Customer=1, Released 1 seats
[2025-11-19 19:33:30] ? Cancelled expired booking ID=69, Customer=1, Released 0 seats
[2025-11-19 19:33:30] ? Cancelled expired booking ID=75, Customer=1, Released 0 seats
[2025-11-19 19:33:30] ? Cancelled expired booking ID=76, Customer=1, Released 0 seats
[2025-11-19 19:33:30] ? Cancelled expired booking ID=77, Customer=1, Released 0 seats
[2025-11-19 19:33:30] ? Cancelled expired booking ID=78, Customer=1, Released 0 seats
[2025-11-19 19:33:30] ? Cancelled expired booking ID=79, Customer=1, Released 1 seats
[2025-11-19 19:33:30] ? Cancelled expired booking ID=80, Customer=1, Released 1 seats
[2025-11-19 19:33:30] ? Cancelled expired booking ID=81, Customer=1, Released 0 seats
[2025-11-19 19:33:30] ? Cancelled expired booking ID=82, Customer=1, Released 1 seats
[2025-11-19 19:33:30] ? Cancelled expired booking ID=83, Customer=1, Released 0 seats
[2025-11-19 19:33:30] ? Cancelled expired booking ID=84, Customer=1, Released 0 seats
[2025-11-19 19:33:30] ? Cancelled expired booking ID=85, Customer=1, Released 0 seats
[2025-11-19 19:33:31] ? Cancelled expired booking ID=86, Customer=1, Released 0 seats
[2025-11-19 19:33:31] ? Cancelled expired booking ID=87, Customer=1, Released 0 seats
[2025-11-19 19:33:31] ? Cancelled expired booking ID=88, Customer=1, Released 0 seats
[2025-11-19 19:33:31] ? Cancelled expired booking ID=89, Customer=1, Released 0 seats
[2025-11-19 19:33:31] ? Cancelled expired booking ID=90, Customer=1, Released 0 seats
[2025-11-19 19:33:31] ? Cancelled expired booking ID=92, Customer=2, Released 0 seats
[2025-11-19 19:33:31] ? Cancelled expired booking ID=95, Customer=1, Released 0 seats
[2025-11-19 19:33:31] ? Cancelled expired booking ID=96, Customer=1, Released 0 seats
[2025-11-19 19:33:31] ? Cancelled expired booking ID=97, Customer=1, Released 0 seats
[2025-11-19 19:33:31] ? Cancelled expired booking ID=98, Customer=1, Released 0 seats
[2025-11-19 19:33:31] ? Cancelled expired booking ID=99, Customer=1, Released 0 seats
[2025-11-19 19:33:31] ? Cancelled expired booking ID=100, Customer=1, Released 1 seats
[2025-11-19 19:33:31] ? Cancelled expired booking ID=102, Customer=1, Released 1 seats
[2025-11-19 19:34:30] ? Found 67 expired bookings to cancel
[2025-11-19 19:34:30] ? Cancelled expired booking ID=6, Customer=1, Released 0 seats
[2025-11-19 19:34:30] ? Cancelled expired booking ID=7, Customer=1, Released 0 seats
[2025-11-19 19:34:30] ? Cancelled expired booking ID=8, Customer=1, Released 0 seats
[2025-11-19 19:34:30] ? Cancelled expired booking ID=9, Customer=1, Released 0 seats
[2025-11-19 19:34:30] ? Cancelled expired booking ID=10, Customer=1, Released 1 seats
[2025-11-19 19:34:30] ? Cancelled expired booking ID=11, Customer=1, Released 0 seats
[2025-11-19 19:34:30] ? Cancelled expired booking ID=12, Customer=1, Released 2 seats
[2025-11-19 19:34:30] ? Cancelled expired booking ID=13, Customer=1, Released 1 seats
[2025-11-19 19:34:30] ? Cancelled expired booking ID=14, Customer=1, Released 2 seats
[2025-11-19 19:34:30] ? Cancelled expired booking ID=15, Customer=1, Released 0 seats
[2025-11-19 19:34:30] ? Cancelled expired booking ID=16, Customer=1, Released 0 seats
[2025-11-19 19:34:30] ? Cancelled expired booking ID=17, Customer=1, Released 0 seats
[2025-11-19 19:34:30] ? Cancelled expired booking ID=18, Customer=1, Released 0 seats
[2025-11-19 19:34:30] ? Cancelled expired booking ID=19, Customer=1, Released 1 seats
[2025-11-19 19:34:30] ? Cancelled expired booking ID=20, Customer=1, Released 0 seats
[2025-11-19 19:34:30] ? Cancelled expired booking ID=21, Customer=1, Released 0 seats
[2025-11-19 19:34:30] ? Cancelled expired booking ID=22, Customer=1, Released 0 seats
[2025-11-19 19:34:30] ? Cancelled expired booking ID=23, Customer=1, Released 0 seats
[2025-11-19 19:34:30] ? Cancelled expired booking ID=24, Customer=1, Released 0 seats
[2025-11-19 19:34:30] ? Cancelled expired booking ID=25, Customer=1, Released 0 seats
[2025-11-19 19:34:30] ? Cancelled expired booking ID=26, Customer=1, Released 2 seats
[2025-11-19 19:34:30] ? Cancelled expired booking ID=27, Customer=1, Released 0 seats
[2025-11-19 19:34:30] ? Cancelled expired booking ID=28, Customer=1, Released 0 seats
[2025-11-19 19:34:30] ? Cancelled expired booking ID=29, Customer=1, Released 0 seats
[2025-11-19 19:34:30] ? Cancelled expired booking ID=30, Customer=1, Released 0 seats
[2025-11-19 19:34:30] ? Cancelled expired booking ID=31, Customer=1, Released 1 seats
[2025-11-19 19:34:30] ? Cancelled expired booking ID=32, Customer=1, Released 2 seats
[2025-11-19 19:34:30] ? Cancelled expired booking ID=33, Customer=1, Released 2 seats
[2025-11-19 19:34:30] ? Cancelled expired booking ID=34, Customer=1, Released 2 seats
[2025-11-19 19:34:30] ? Cancelled expired booking ID=35, Customer=1, Released 0 seats
[2025-11-19 19:34:30] ? Cancelled expired booking ID=36, Customer=1, Released 2 seats
[2025-11-19 19:34:30] ? Cancelled expired booking ID=37, Customer=1, Released 1 seats
[2025-11-19 19:34:30] ? Cancelled expired booking ID=38, Customer=1, Released 0 seats
[2025-11-19 19:34:30] ? Cancelled expired booking ID=39, Customer=1, Released 2 seats
[2025-11-19 19:34:30] ? Cancelled expired booking ID=40, Customer=1, Released 0 seats
[2025-11-19 19:34:30] ? Cancelled expired booking ID=41, Customer=1, Released 1 seats
[2025-11-19 19:34:30] ? Cancelled expired booking ID=42, Customer=1, Released 0 seats
[2025-11-19 19:34:30] ? Cancelled expired booking ID=58, Customer=1, Released 0 seats
[2025-11-19 19:34:30] ? Cancelled expired booking ID=64, Customer=1, Released 2 seats
[2025-11-19 19:34:30] ? Cancelled expired booking ID=65, Customer=1, Released 2 seats
[2025-11-19 19:34:30] ? Cancelled expired booking ID=67, Customer=1, Released 2 seats
[2025-11-19 19:34:30] ? Cancelled expired booking ID=68, Customer=1, Released 1 seats
[2025-11-19 19:34:30] ? Cancelled expired booking ID=69, Customer=1, Released 0 seats
[2025-11-19 19:34:30] ? Cancelled expired booking ID=75, Customer=1, Released 0 seats
[2025-11-19 19:34:30] ? Cancelled expired booking ID=76, Customer=1, Released 0 seats
[2025-11-19 19:34:30] ? Cancelled expired booking ID=77, Customer=1, Released 0 seats
[2025-11-19 19:34:30] ? Cancelled expired booking ID=78, Customer=1, Released 0 seats
[2025-11-19 19:34:30] ? Cancelled expired booking ID=79, Customer=1, Released 1 seats
[2025-11-19 19:34:30] ? Cancelled expired booking ID=80, Customer=1, Released 1 seats
[2025-11-19 19:34:30] ? Cancelled expired booking ID=81, Customer=1, Released 0 seats
[2025-11-19 19:34:30] ? Cancelled expired booking ID=82, Customer=1, Released 1 seats
[2025-11-19 19:34:30] ? Cancelled expired booking ID=83, Customer=1, Released 0 seats
[2025-11-19 19:34:30] ? Cancelled expired booking ID=84, Customer=1, Released 0 seats
[2025-11-19 19:34:30] ? Cancelled expired booking ID=85, Customer=1, Released 0 seats
[2025-11-19 19:34:30] ? Cancelled expired booking ID=86, Customer=1, Released 0 seats
[2025-11-19 19:34:30] ? Cancelled expired booking ID=87, Customer=1, Released 0 seats
[2025-11-19 19:34:30] ? Cancelled expired booking ID=88, Customer=1, Released 0 seats
[2025-11-19 19:34:30] ? Cancelled expired booking ID=89, Customer=1, Released 0 seats
[2025-11-19 19:34:30] ? Cancelled expired booking ID=90, Customer=1, Released 0 seats
[2025-11-19 19:34:30] ? Cancelled expired booking ID=92, Customer=2, Released 0 seats
[2025-11-19 19:34:30] ? Cancelled expired booking ID=95, Customer=1, Released 0 seats
[2025-11-19 19:34:30] ? Cancelled expired booking ID=96, Customer=1, Released 0 seats
[2025-11-19 19:34:30] ? Cancelled expired booking ID=97, Customer=1, Released 0 seats
[2025-11-19 19:34:30] ? Cancelled expired booking ID=98, Customer=1, Released 0 seats
[2025-11-19 19:34:31] ? Cancelled expired booking ID=99, Customer=1, Released 0 seats
[2025-11-19 19:34:31] ? Cancelled expired booking ID=100, Customer=1, Released 1 seats
[2025-11-19 19:34:31] ? Cancelled expired booking ID=102, Customer=1, Released 1 seats
[2025-11-19 19:35:30] ? Found 67 expired bookings to cancel
[2025-11-19 19:35:30] ? Cancelled expired booking ID=6, Customer=1, Released 0 seats
[2025-11-19 19:35:30] ? Cancelled expired booking ID=7, Customer=1, Released 0 seats
[2025-11-19 19:35:30] ? Cancelled expired booking ID=8, Customer=1, Released 0 seats
[2025-11-19 19:35:30] ? Cancelled expired booking ID=9, Customer=1, Released 0 seats
[2025-11-19 19:35:30] ? Cancelled expired booking ID=10, Customer=1, Released 1 seats
[2025-11-19 19:35:30] ? Cancelled expired booking ID=11, Customer=1, Released 0 seats
[2025-11-19 19:35:30] ? Cancelled expired booking ID=12, Customer=1, Released 2 seats
[2025-11-19 19:35:30] ? Cancelled expired booking ID=13, Customer=1, Released 1 seats
[2025-11-19 19:35:30] ? Cancelled expired booking ID=14, Customer=1, Released 2 seats
[2025-11-19 19:35:30] ? Cancelled expired booking ID=15, Customer=1, Released 0 seats
[2025-11-19 19:35:30] ? Cancelled expired booking ID=16, Customer=1, Released 0 seats
[2025-11-19 19:35:30] ? Cancelled expired booking ID=17, Customer=1, Released 0 seats
[2025-11-19 19:35:30] ? Cancelled expired booking ID=18, Customer=1, Released 0 seats
[2025-11-19 19:35:30] ? Cancelled expired booking ID=19, Customer=1, Released 1 seats
[2025-11-19 19:35:30] ? Cancelled expired booking ID=20, Customer=1, Released 0 seats
[2025-11-19 19:35:30] ? Cancelled expired booking ID=21, Customer=1, Released 0 seats
[2025-11-19 19:35:30] ? Cancelled expired booking ID=22, Customer=1, Released 0 seats
[2025-11-19 19:35:30] ? Cancelled expired booking ID=23, Customer=1, Released 0 seats
[2025-11-19 19:35:30] ? Cancelled expired booking ID=24, Customer=1, Released 0 seats
[2025-11-19 19:35:30] ? Cancelled expired booking ID=25, Customer=1, Released 0 seats
[2025-11-19 19:35:30] ? Cancelled expired booking ID=26, Customer=1, Released 2 seats
[2025-11-19 19:35:30] ? Cancelled expired booking ID=27, Customer=1, Released 0 seats
[2025-11-19 19:35:30] ? Cancelled expired booking ID=28, Customer=1, Released 0 seats
[2025-11-19 19:35:30] ? Cancelled expired booking ID=29, Customer=1, Released 0 seats
[2025-11-19 19:35:30] ? Cancelled expired booking ID=30, Customer=1, Released 0 seats
[2025-11-19 19:35:30] ? Cancelled expired booking ID=31, Customer=1, Released 1 seats
[2025-11-19 19:35:30] ? Cancelled expired booking ID=32, Customer=1, Released 2 seats
[2025-11-19 19:35:30] ? Cancelled expired booking ID=33, Customer=1, Released 2 seats
[2025-11-19 19:35:30] ? Cancelled expired booking ID=34, Customer=1, Released 2 seats
[2025-11-19 19:35:30] ? Cancelled expired booking ID=35, Customer=1, Released 0 seats
[2025-11-19 19:35:30] ? Cancelled expired booking ID=36, Customer=1, Released 2 seats
[2025-11-19 19:35:30] ? Cancelled expired booking ID=37, Customer=1, Released 1 seats
[2025-11-19 19:35:30] ? Cancelled expired booking ID=38, Customer=1, Released 0 seats
[2025-11-19 19:35:30] ? Cancelled expired booking ID=39, Customer=1, Released 2 seats
[2025-11-19 19:35:30] ? Cancelled expired booking ID=40, Customer=1, Released 0 seats
[2025-11-19 19:35:30] ? Cancelled expired booking ID=41, Customer=1, Released 1 seats
[2025-11-19 19:35:30] ? Cancelled expired booking ID=42, Customer=1, Released 0 seats
[2025-11-19 19:35:30] ? Cancelled expired booking ID=58, Customer=1, Released 0 seats
[2025-11-19 19:35:30] ? Cancelled expired booking ID=64, Customer=1, Released 2 seats
[2025-11-19 19:35:30] ? Cancelled expired booking ID=65, Customer=1, Released 2 seats
[2025-11-19 19:35:30] ? Cancelled expired booking ID=67, Customer=1, Released 2 seats
[2025-11-19 19:35:30] ? Cancelled expired booking ID=68, Customer=1, Released 1 seats
[2025-11-19 19:35:30] ? Cancelled expired booking ID=69, Customer=1, Released 0 seats
[2025-11-19 19:35:30] ? Cancelled expired booking ID=75, Customer=1, Released 0 seats
[2025-11-19 19:35:30] ? Cancelled expired booking ID=76, Customer=1, Released 0 seats
[2025-11-19 19:35:30] ? Cancelled expired booking ID=77, Customer=1, Released 0 seats
[2025-11-19 19:35:30] ? Cancelled expired booking ID=78, Customer=1, Released 0 seats
[2025-11-19 19:35:30] ? Cancelled expired booking ID=79, Customer=1, Released 1 seats
[2025-11-19 19:35:31] ? Cancelled expired booking ID=80, Customer=1, Released 1 seats
[2025-11-19 19:35:31] ? Cancelled expired booking ID=81, Customer=1, Released 0 seats
[2025-11-19 19:35:31] ? Cancelled expired booking ID=82, Customer=1, Released 1 seats
[2025-11-19 19:35:31] ? Cancelled expired booking ID=83, Customer=1, Released 0 seats
[2025-11-19 19:35:31] ? Cancelled expired booking ID=84, Customer=1, Released 0 seats
[2025-11-19 19:35:31] ? Cancelled expired booking ID=85, Customer=1, Released 0 seats
[2025-11-19 19:35:31] ? Cancelled expired booking ID=86, Customer=1, Released 0 seats
[2025-11-19 19:35:31] ? Cancelled expired booking ID=87, Customer=1, Released 0 seats
[2025-11-19 19:35:31] ? Cancelled expired booking ID=88, Customer=1, Released 0 seats
[2025-11-19 19:35:31] ? Cancelled expired booking ID=89, Customer=1, Released 0 seats
[2025-11-19 19:35:31] ? Cancelled expired booking ID=90, Customer=1, Released 0 seats
[2025-11-19 19:35:31] ? Cancelled expired booking ID=92, Customer=2, Released 0 seats
[2025-11-19 19:35:31] ? Cancelled expired booking ID=95, Customer=1, Released 0 seats
[2025-11-19 19:35:31] ? Cancelled expired booking ID=96, Customer=1, Released 0 seats
[2025-11-19 19:35:31] ? Cancelled expired booking ID=97, Customer=1, Released 0 seats
[2025-11-19 19:35:31] ? Cancelled expired booking ID=98, Customer=1, Released 0 seats
[2025-11-19 19:35:31] ? Cancelled expired booking ID=99, Customer=1, Released 0 seats
[2025-11-19 19:35:31] ? Cancelled expired booking ID=100, Customer=1, Released 1 seats
[2025-11-19 19:35:31] ? Cancelled expired booking ID=102, Customer=1, Released 1 seats
[2025-11-19 19:36:30] ? Found 67 expired bookings to cancel
[2025-11-19 19:36:30] ? Cancelled expired booking ID=6, Customer=1, Released 0 seats
[2025-11-19 19:36:30] ? Cancelled expired booking ID=7, Customer=1, Released 0 seats
[2025-11-19 19:36:30] ? Cancelled expired booking ID=8, Customer=1, Released 0 seats
[2025-11-19 19:36:30] ? Cancelled expired booking ID=9, Customer=1, Released 0 seats
[2025-11-19 19:36:30] ? Cancelled expired booking ID=10, Customer=1, Released 1 seats
[2025-11-19 19:36:30] ? Cancelled expired booking ID=11, Customer=1, Released 0 seats
[2025-11-19 19:36:30] ? Cancelled expired booking ID=12, Customer=1, Released 2 seats
[2025-11-19 19:36:30] ? Cancelled expired booking ID=13, Customer=1, Released 1 seats
[2025-11-19 19:36:30] ? Cancelled expired booking ID=14, Customer=1, Released 2 seats
[2025-11-19 19:36:30] ? Cancelled expired booking ID=15, Customer=1, Released 0 seats
[2025-11-19 19:36:30] ? Cancelled expired booking ID=16, Customer=1, Released 0 seats
[2025-11-19 19:36:30] ? Cancelled expired booking ID=17, Customer=1, Released 0 seats
[2025-11-19 19:36:30] ? Cancelled expired booking ID=18, Customer=1, Released 0 seats
[2025-11-19 19:36:30] ? Cancelled expired booking ID=19, Customer=1, Released 1 seats
[2025-11-19 19:36:30] ? Cancelled expired booking ID=20, Customer=1, Released 0 seats
[2025-11-19 19:36:30] ? Cancelled expired booking ID=21, Customer=1, Released 0 seats
[2025-11-19 19:36:30] ? Cancelled expired booking ID=22, Customer=1, Released 0 seats
[2025-11-19 19:36:30] ? Cancelled expired booking ID=23, Customer=1, Released 0 seats
[2025-11-19 19:36:30] ? Cancelled expired booking ID=24, Customer=1, Released 0 seats
[2025-11-19 19:36:30] ? Cancelled expired booking ID=25, Customer=1, Released 0 seats
[2025-11-19 19:36:30] ? Cancelled expired booking ID=26, Customer=1, Released 2 seats
[2025-11-19 19:36:30] ? Cancelled expired booking ID=27, Customer=1, Released 0 seats
[2025-11-19 19:36:30] ? Cancelled expired booking ID=28, Customer=1, Released 0 seats
[2025-11-19 19:36:30] ? Cancelled expired booking ID=29, Customer=1, Released 0 seats
[2025-11-19 19:36:30] ? Cancelled expired booking ID=30, Customer=1, Released 0 seats
[2025-11-19 19:36:30] ? Cancelled expired booking ID=31, Customer=1, Released 1 seats
[2025-11-19 19:36:30] ? Cancelled expired booking ID=32, Customer=1, Released 2 seats
[2025-11-19 19:36:30] ? Cancelled expired booking ID=33, Customer=1, Released 2 seats
[2025-11-19 19:36:30] ? Cancelled expired booking ID=34, Customer=1, Released 2 seats
[2025-11-19 19:36:30] ? Cancelled expired booking ID=35, Customer=1, Released 0 seats
[2025-11-19 19:36:30] ? Cancelled expired booking ID=36, Customer=1, Released 2 seats
[2025-11-19 19:36:30] ? Cancelled expired booking ID=37, Customer=1, Released 1 seats
[2025-11-19 19:36:30] ? Cancelled expired booking ID=38, Customer=1, Released 0 seats
[2025-11-19 19:36:30] ? Cancelled expired booking ID=39, Customer=1, Released 2 seats
[2025-11-19 19:36:30] ? Cancelled expired booking ID=40, Customer=1, Released 0 seats
[2025-11-19 19:36:30] ? Cancelled expired booking ID=41, Customer=1, Released 1 seats
[2025-11-19 19:36:30] ? Cancelled expired booking ID=42, Customer=1, Released 0 seats
[2025-11-19 19:36:30] ? Cancelled expired booking ID=58, Customer=1, Released 0 seats
[2025-11-19 19:36:30] ? Cancelled expired booking ID=64, Customer=1, Released 2 seats
[2025-11-19 19:36:30] ? Cancelled expired booking ID=65, Customer=1, Released 2 seats
[2025-11-19 19:36:30] ? Cancelled expired booking ID=67, Customer=1, Released 2 seats
[2025-11-19 19:36:30] ? Cancelled expired booking ID=68, Customer=1, Released 1 seats
[2025-11-19 19:36:30] ? Cancelled expired booking ID=69, Customer=1, Released 0 seats
[2025-11-19 19:36:30] ? Cancelled expired booking ID=75, Customer=1, Released 0 seats
[2025-11-19 19:36:30] ? Cancelled expired booking ID=76, Customer=1, Released 0 seats
[2025-11-19 19:36:30] ? Cancelled expired booking ID=77, Customer=1, Released 0 seats
[2025-11-19 19:36:30] ? Cancelled expired booking ID=78, Customer=1, Released 0 seats
[2025-11-19 19:36:30] ? Cancelled expired booking ID=79, Customer=1, Released 1 seats
[2025-11-19 19:36:30] ? Cancelled expired booking ID=80, Customer=1, Released 1 seats
[2025-11-19 19:36:30] ? Cancelled expired booking ID=81, Customer=1, Released 0 seats
[2025-11-19 19:36:30] ? Cancelled expired booking ID=82, Customer=1, Released 1 seats
[2025-11-19 19:36:30] ? Cancelled expired booking ID=83, Customer=1, Released 0 seats
[2025-11-19 19:36:30] ? Cancelled expired booking ID=84, Customer=1, Released 0 seats
[2025-11-19 19:36:31] ? Cancelled expired booking ID=85, Customer=1, Released 0 seats
[2025-11-19 19:36:31] ? Cancelled expired booking ID=86, Customer=1, Released 0 seats
[2025-11-19 19:36:31] ? Cancelled expired booking ID=87, Customer=1, Released 0 seats
[2025-11-19 19:36:31] ? Cancelled expired booking ID=88, Customer=1, Released 0 seats
[2025-11-19 19:36:31] ? Cancelled expired booking ID=89, Customer=1, Released 0 seats
[2025-11-19 19:36:31] ? Cancelled expired booking ID=90, Customer=1, Released 0 seats
[2025-11-19 19:36:31] ? Cancelled expired booking ID=92, Customer=2, Released 0 seats
[2025-11-19 19:36:31] ? Cancelled expired booking ID=95, Customer=1, Released 0 seats
[2025-11-19 19:36:31] ? Cancelled expired booking ID=96, Customer=1, Released 0 seats
[2025-11-19 19:36:31] ? Cancelled expired booking ID=97, Customer=1, Released 0 seats
[2025-11-19 19:36:31] ? Cancelled expired booking ID=98, Customer=1, Released 0 seats
[2025-11-19 19:36:31] ? Cancelled expired booking ID=99, Customer=1, Released 0 seats
[2025-11-19 19:36:31] ? Cancelled expired booking ID=100, Customer=1, Released 1 seats
[2025-11-19 19:36:31] ? Cancelled expired booking ID=102, Customer=1, Released 1 seats
[2025-11-19 19:48:45] ? BookingExpirationService started
[2025-11-19 19:49:25] ✅ QR Code URL (new format) generated: https://img.vietqr.io/image/VCB-1031419192-compact2.png?amount=70000&addInfo=VeThe%20Dark%20K
[2025-11-19 19:49:45] ? Found 67 expired bookings to cancel
[2025-11-19 19:49:45] ? Cancelled expired booking ID=6, Customer=1, Released 0 seats
[2025-11-19 19:49:45] ? Cancelled expired booking ID=7, Customer=1, Released 0 seats
[2025-11-19 19:49:45] ? Cancelled expired booking ID=8, Customer=1, Released 0 seats
[2025-11-19 19:49:45] ? Cancelled expired booking ID=9, Customer=1, Released 0 seats
[2025-11-19 19:49:45] ? Cancelled expired booking ID=10, Customer=1, Released 1 seats
[2025-11-19 19:49:45] ? Cancelled expired booking ID=11, Customer=1, Released 0 seats
[2025-11-19 19:49:45] ? Cancelled expired booking ID=12, Customer=1, Released 2 seats
[2025-11-19 19:49:45] ? Cancelled expired booking ID=13, Customer=1, Released 1 seats
[2025-11-19 19:49:45] ? Cancelled expired booking ID=14, Customer=1, Released 2 seats
[2025-11-19 19:49:45] ? Cancelled expired booking ID=15, Customer=1, Released 0 seats
[2025-11-19 19:49:45] ? Cancelled expired booking ID=16, Customer=1, Released 0 seats
[2025-11-19 19:49:45] ? Cancelled expired booking ID=17, Customer=1, Released 0 seats
[2025-11-19 19:49:45] ? Cancelled expired booking ID=18, Customer=1, Released 0 seats
[2025-11-19 19:49:45] ? Cancelled expired booking ID=19, Customer=1, Released 1 seats
[2025-11-19 19:49:45] ? Cancelled expired booking ID=20, Customer=1, Released 0 seats
[2025-11-19 19:49:45] ? Cancelled expired booking ID=21, Customer=1, Released 0 seats
[2025-11-19 19:49:45] ? Cancelled expired booking ID=22, Customer=1, Released 0 seats
[2025-11-19 19:49:45] ? Cancelled expired booking ID=23, Customer=1, Released 0 seats
[2025-11-19 19:49:45] ? Cancelled expired booking ID=24, Customer=1, Released 0 seats
[2025-11-19 19:49:45] ? Cancelled expired booking ID=25, Customer=1, Released 0 seats
[2025-11-19 19:49:45] ? Cancelled expired booking ID=26, Customer=1, Released 2 seats
[2025-11-19 19:49:45] ? Cancelled expired booking ID=27, Customer=1, Released 0 seats
[2025-11-19 19:49:45] ? Cancelled expired booking ID=28, Customer=1, Released 0 seats
[2025-11-19 19:49:45] ? Cancelled expired booking ID=29, Customer=1, Released 0 seats
[2025-11-19 19:49:45] ? Cancelled expired booking ID=30, Customer=1, Released 0 seats
[2025-11-19 19:49:45] ? Cancelled expired booking ID=31, Customer=1, Released 1 seats
[2025-11-19 19:49:45] ? Cancelled expired booking ID=32, Customer=1, Released 2 seats
[2025-11-19 19:49:45] ? Cancelled expired booking ID=33, Customer=1, Released 2 seats
[2025-11-19 19:49:45] ? Cancelled expired booking ID=34, Customer=1, Released 2 seats
[2025-11-19 19:49:45] ? Cancelled expired booking ID=35, Customer=1, Released 0 seats
[2025-11-19 19:49:45] ? Cancelled expired booking ID=36, Customer=1, Released 2 seats
[2025-11-19 19:49:45] ? Cancelled expired booking ID=37, Customer=1, Released 1 seats
[2025-11-19 19:49:45] ? Cancelled expired booking ID=38, Customer=1, Released 0 seats
[2025-11-19 19:49:45] ? Cancelled expired booking ID=39, Customer=1, Released 2 seats
[2025-11-19 19:49:45] ? Cancelled expired booking ID=40, Customer=1, Released 0 seats
[2025-11-19 19:49:45] ? Cancelled expired booking ID=41, Customer=1, Released 1 seats
[2025-11-19 19:49:45] ? Cancelled expired booking ID=42, Customer=1, Released 0 seats
[2025-11-19 19:49:45] ? Cancelled expired booking ID=58, Customer=1, Released 0 seats
[2025-11-19 19:49:45] ? Cancelled expired booking ID=64, Customer=1, Released 2 seats
[2025-11-19 19:49:45] ? Cancelled expired booking ID=65, Customer=1, Released 2 seats
[2025-11-19 19:49:45] ? Cancelled expired booking ID=67, Customer=1, Released 2 seats
[2025-11-19 19:49:45] ? Cancelled expired booking ID=68, Customer=1, Released 1 seats
[2025-11-19 19:49:45] ? Cancelled expired booking ID=69, Customer=1, Released 0 seats
[2025-11-19 19:49:45] ? Cancelled expired booking ID=75, Customer=1, Released 0 seats
[2025-11-19 19:49:45] ? Cancelled expired booking ID=76, Customer=1, Released 0 seats
[2025-11-19 19:49:45] ? Cancelled expired booking ID=77, Customer=1, Released 0 seats
[2025-11-19 19:49:45] ? Cancelled expired booking ID=78, Customer=1, Released 0 seats
[2025-11-19 19:49:45] ? Cancelled expired booking ID=79, Customer=1, Released 1 seats
[2025-11-19 19:49:45] ? Cancelled expired booking ID=80, Customer=1, Released 1 seats
[2025-11-19 19:49:45] ? Cancelled expired booking ID=81, Customer=1, Released 0 seats
[2025-11-19 19:49:45] ? Cancelled expired booking ID=82, Customer=1, Released 1 seats
[2025-11-19 19:49:45] ? Cancelled expired booking ID=83, Customer=1, Released 0 seats
[2025-11-19 19:49:45] ? Cancelled expired booking ID=84, Customer=1, Released 0 seats
[2025-11-19 19:49:45] ? Cancelled expired booking ID=85, Customer=1, Released 0 seats
[2025-11-19 19:49:45] ? Cancelled expired booking ID=86, Customer=1, Released 0 seats
[2025-11-19 19:49:45] ? Cancelled expired booking ID=87, Customer=1, Released 0 seats
[2025-11-19 19:49:45] ? Cancelled expired booking ID=88, Customer=1, Released 0 seats
[2025-11-19 19:49:45] ? Cancelled expired booking ID=89, Customer=1, Released 0 seats
[2025-11-19 19:49:45] ? Cancelled expired booking ID=90, Customer=1, Released 0 seats
[2025-11-19 19:49:45] ? Cancelled expired booking ID=92, Customer=2, Released 0 seats
[2025-11-19 19:49:45] ? Cancelled expired booking ID=95, Customer=1, Released 0 seats
[2025-11-19 19:49:45] ? Cancelled expired booking ID=96, Customer=1, Released 0 seats
[2025-11-19 19:49:45] ? Cancelled expired booking ID=97, Customer=1, Released 0 seats
[2025-11-19 19:49:45] ? Cancelled expired booking ID=98, Customer=1, Released 0 seats
[2025-11-19 19:49:45] ? Cancelled expired booking ID=99, Customer=1, Released 0 seats
[2025-11-19 19:49:45] ? Cancelled expired booking ID=100, Customer=1, Released 1 seats
[2025-11-19 19:49:45] ? Cancelled expired booking ID=102, Customer=1, Released 1 seats
[2025-11-19 19:50:45] ? Found 67 expired bookings to cancel
[2025-11-19 19:50:45] ? Cancelled expired booking ID=6, Customer=1, Released 0 seats
[2025-11-19 19:50:45] ? Cancelled expired booking ID=7, Customer=1, Released 0 seats
[2025-11-19 19:50:45] ? Cancelled expired booking ID=8, Customer=1, Released 0 seats
[2025-11-19 19:50:45] ? Cancelled expired booking ID=9, Customer=1, Released 0 seats
[2025-11-19 19:50:45] ? Cancelled expired booking ID=10, Customer=1, Released 1 seats
[2025-11-19 19:50:45] ? Cancelled expired booking ID=11, Customer=1, Released 0 seats
[2025-11-19 19:50:45] ? Cancelled expired booking ID=12, Customer=1, Released 2 seats
[2025-11-19 19:50:45] ? Cancelled expired booking ID=13, Customer=1, Released 1 seats
[2025-11-19 19:50:45] ? Cancelled expired booking ID=14, Customer=1, Released 2 seats
[2025-11-19 19:50:45] ? Cancelled expired booking ID=15, Customer=1, Released 0 seats
[2025-11-19 19:50:45] ? Cancelled expired booking ID=16, Customer=1, Released 0 seats
[2025-11-19 19:50:45] ? Cancelled expired booking ID=17, Customer=1, Released 0 seats
[2025-11-19 19:50:45] ? Cancelled expired booking ID=18, Customer=1, Released 0 seats
[2025-11-19 19:50:45] ? Cancelled expired booking ID=19, Customer=1, Released 1 seats
[2025-11-19 19:50:45] ? Cancelled expired booking ID=20, Customer=1, Released 0 seats
[2025-11-19 19:50:45] ? Cancelled expired booking ID=21, Customer=1, Released 0 seats
[2025-11-19 19:50:45] ? Cancelled expired booking ID=22, Customer=1, Released 0 seats
[2025-11-19 19:50:45] ? Cancelled expired booking ID=23, Customer=1, Released 0 seats
[2025-11-19 19:50:45] ? Cancelled expired booking ID=24, Customer=1, Released 0 seats
[2025-11-19 19:50:45] ? Cancelled expired booking ID=25, Customer=1, Released 0 seats
[2025-11-19 19:50:45] ? Cancelled expired booking ID=26, Customer=1, Released 2 seats
[2025-11-19 19:50:45] ? Cancelled expired booking ID=27, Customer=1, Released 0 seats
[2025-11-19 19:50:45] ? Cancelled expired booking ID=28, Customer=1, Released 0 seats
[2025-11-19 19:50:45] ? Cancelled expired booking ID=29, Customer=1, Released 0 seats
[2025-11-19 19:50:45] ? Cancelled expired booking ID=30, Customer=1, Released 0 seats
[2025-11-19 19:50:45] ? Cancelled expired booking ID=31, Customer=1, Released 1 seats
[2025-11-19 19:50:45] ? Cancelled expired booking ID=32, Customer=1, Released 2 seats
[2025-11-19 19:50:45] ? Cancelled expired booking ID=33, Customer=1, Released 2 seats
[2025-11-19 19:50:45] ? Cancelled expired booking ID=34, Customer=1, Released 2 seats
[2025-11-19 19:50:45] ? Cancelled expired booking ID=35, Customer=1, Released 0 seats
[2025-11-19 19:50:45] ? Cancelled expired booking ID=36, Customer=1, Released 2 seats
[2025-11-19 19:50:45] ? Cancelled expired booking ID=37, Customer=1, Released 1 seats
[2025-11-19 19:50:45] ? Cancelled expired booking ID=38, Customer=1, Released 0 seats
[2025-11-19 19:50:45] ? Cancelled expired booking ID=39, Customer=1, Released 2 seats
[2025-11-19 19:50:45] ? Cancelled expired booking ID=40, Customer=1, Released 0 seats
[2025-11-19 19:50:45] ? Cancelled expired booking ID=41, Customer=1, Released 1 seats
[2025-11-19 19:50:45] ? Cancelled expired booking ID=42, Customer=1, Released 0 seats
[2025-11-19 19:50:45] ? Cancelled expired booking ID=58, Customer=1, Released 0 seats
[2025-11-19 19:50:45] ? Cancelled expired booking ID=64, Customer=1, Released 2 seats
[2025-11-19 19:50:45] ? Cancelled expired booking ID=65, Customer=1, Released 2 seats
[2025-11-19 19:50:45] ? Cancelled expired booking ID=67, Customer=1, Released 2 seats
[2025-11-19 19:50:45] ? Cancelled expired booking ID=68, Customer=1, Released 1 seats
[2025-11-19 19:50:45] ? Cancelled expired booking ID=69, Customer=1, Released 0 seats
[2025-11-19 19:50:45] ? Cancelled expired booking ID=75, Customer=1, Released 0 seats
[2025-11-19 19:50:45] ? Cancelled expired booking ID=76, Customer=1, Released 0 seats
[2025-11-19 19:50:45] ? Cancelled expired booking ID=77, Customer=1, Released 0 seats
[2025-11-19 19:50:45] ? Cancelled expired booking ID=78, Customer=1, Released 0 seats
[2025-11-19 19:50:45] ? Cancelled expired booking ID=79, Customer=1, Released 1 seats
[2025-11-19 19:50:45] ? Cancelled expired booking ID=80, Customer=1, Released 1 seats
[2025-11-19 19:50:45] ? Cancelled expired booking ID=81, Customer=1, Released 0 seats
[2025-11-19 19:50:45] ? Cancelled expired booking ID=82, Customer=1, Released 1 seats
[2025-11-19 19:50:45] ? Cancelled expired booking ID=83, Customer=1, Released 0 seats
[2025-11-19 19:50:45] ? Cancelled expired booking ID=84, Customer=1, Released 0 seats
[2025-11-19 19:50:45] ? Cancelled expired booking ID=85, Customer=1, Released 0 seats
[2025-11-19 19:50:45] ? Cancelled expired booking ID=86, Customer=1, Released 0 seats
[2025-11-19 19:50:45] ? Cancelled expired booking ID=87, Customer=1, Released 0 seats
[2025-11-19 19:50:45] ? Cancelled expired booking ID=88, Customer=1, Released 0 seats
[2025-11-19 19:50:45] ? Cancelled expired booking ID=89, Customer=1, Released 0 seats
[2025-11-19 19:50:45] ? Cancelled expired booking ID=90, Customer=1, Released 0 seats
[2025-11-19 19:50:45] ? Cancelled expired booking ID=92, Customer=2, Released 0 seats
[2025-11-19 19:50:45] ? Cancelled expired booking ID=95, Customer=1, Released 0 seats
[2025-11-19 19:50:45] ? Cancelled expired booking ID=96, Customer=1, Released 0 seats
[2025-11-19 19:50:45] ? Cancelled expired booking ID=97, Customer=1, Released 0 seats
[2025-11-19 19:50:45] ? Cancelled expired booking ID=98, Customer=1, Released 0 seats
[2025-11-19 19:50:45] ? Cancelled expired booking ID=99, Customer=1, Released 0 seats
[2025-11-19 19:50:45] ? Cancelled expired booking ID=100, Customer=1, Released 1 seats
[2025-11-19 19:50:45] ? Cancelled expired booking ID=102, Customer=1, Released 1 seats
[2025-11-19 19:51:45] ? Found 67 expired bookings to cancel
[2025-11-19 19:51:45] ? Cancelled expired booking ID=6, Customer=1, Released 0 seats
[2025-11-19 19:51:45] ? Cancelled expired booking ID=7, Customer=1, Released 0 seats
[2025-11-19 19:51:45] ? Cancelled expired booking ID=8, Customer=1, Released 0 seats
[2025-11-19 19:51:45] ? Cancelled expired booking ID=9, Customer=1, Released 0 seats
[2025-11-19 19:51:45] ? Cancelled expired booking ID=10, Customer=1, Released 1 seats
[2025-11-19 19:51:45] ? Cancelled expired booking ID=11, Customer=1, Released 0 seats
[2025-11-19 19:51:45] ? Cancelled expired booking ID=12, Customer=1, Released 2 seats
[2025-11-19 19:51:45] ? Cancelled expired booking ID=13, Customer=1, Released 1 seats
[2025-11-19 19:51:45] ? Cancelled expired booking ID=14, Customer=1, Released 2 seats
[2025-11-19 19:51:45] ? Cancelled expired booking ID=15, Customer=1, Released 0 seats
[2025-11-19 19:51:45] ? Cancelled expired booking ID=16, Customer=1, Released 0 seats
[2025-11-19 19:51:45] ? Cancelled expired booking ID=17, Customer=1, Released 0 seats
[2025-11-19 19:51:45] ? Cancelled expired booking ID=18, Customer=1, Released 0 seats
[2025-11-19 19:51:45] ? Cancelled expired booking ID=19, Customer=1, Released 1 seats
[2025-11-19 19:51:45] ? Cancelled expired booking ID=20, Customer=1, Released 0 seats
[2025-11-19 19:51:45] ? Cancelled expired booking ID=21, Customer=1, Released 0 seats
[2025-11-19 19:51:45] ? Cancelled expired booking ID=22, Customer=1, Released 0 seats
[2025-11-19 19:51:45] ? Cancelled expired booking ID=23, Customer=1, Released 0 seats
[2025-11-19 19:51:45] ? Cancelled expired booking ID=24, Customer=1, Released 0 seats
[2025-11-19 19:51:45] ? Cancelled expired booking ID=25, Customer=1, Released 0 seats
[2025-11-19 19:51:45] ? Cancelled expired booking ID=26, Customer=1, Released 2 seats
[2025-11-19 19:51:45] ? Cancelled expired booking ID=27, Customer=1, Released 0 seats
[2025-11-19 19:51:45] ? Cancelled expired booking ID=28, Customer=1, Released 0 seats
[2025-11-19 19:51:45] ? Cancelled expired booking ID=29, Customer=1, Released 0 seats
[2025-11-19 19:51:45] ? Cancelled expired booking ID=30, Customer=1, Released 0 seats
[2025-11-19 19:51:45] ? Cancelled expired booking ID=31, Customer=1, Released 1 seats
[2025-11-19 19:51:45] ? Cancelled expired booking ID=32, Customer=1, Released 2 seats
[2025-11-19 19:51:45] ? Cancelled expired booking ID=33, Customer=1, Released 2 seats
[2025-11-19 19:51:45] ? Cancelled expired booking ID=34, Customer=1, Released 2 seats
[2025-11-19 19:51:45] ? Cancelled expired booking ID=35, Customer=1, Released 0 seats
[2025-11-19 19:51:45] ? Cancelled expired booking ID=36, Customer=1, Released 2 seats
[2025-11-19 19:51:45] ? Cancelled expired booking ID=37, Customer=1, Released 1 seats
[2025-11-19 19:51:45] ? Cancelled expired booking ID=38, Customer=1, Released 0 seats
[2025-11-19 19:51:45] ? Cancelled expired booking ID=39, Customer=1, Released 2 seats
[2025-11-19 19:51:45] ? Cancelled expired booking ID=40, Customer=1, Released 0 seats
[2025-11-19 19:51:45] ? Cancelled expired booking ID=41, Customer=1, Released 1 seats
[2025-11-19 19:51:45] ? Cancelled expired booking ID=42, Customer=1, Released 0 seats
[2025-11-19 19:51:45] ? Cancelled expired booking ID=58, Customer=1, Released 0 seats
[2025-11-19 19:51:45] ? Cancelled expired booking ID=64, Customer=1, Released 2 seats
[2025-11-19 19:51:45] ? Cancelled expired booking ID=65, Customer=1, Released 2 seats
[2025-11-19 19:51:45] ? Cancelled expired booking ID=67, Customer=1, Released 2 seats
[2025-11-19 19:51:45] ? Cancelled expired booking ID=68, Customer=1, Released 1 seats
[2025-11-19 19:51:45] ? Cancelled expired booking ID=69, Customer=1, Released 0 seats
[2025-11-19 19:51:45] ? Cancelled expired booking ID=75, Customer=1, Released 0 seats
[2025-11-19 19:51:45] ? Cancelled expired booking ID=76, Customer=1, Released 0 seats
[2025-11-19 19:51:45] ? Cancelled expired booking ID=77, Customer=1, Released 0 seats
[2025-11-19 19:51:45] ? Cancelled expired booking ID=78, Customer=1, Released 0 seats
[2025-11-19 19:51:45] ? Cancelled expired booking ID=79, Customer=1, Released 1 seats
[2025-11-19 19:51:45] ? Cancelled expired booking ID=80, Customer=1, Released 1 seats
[2025-11-19 19:51:45] ? Cancelled expired booking ID=81, Customer=1, Released 0 seats
[2025-11-19 19:51:45] ? Cancelled expired booking ID=82, Customer=1, Released 1 seats
[2025-11-19 19:51:45] ? Cancelled expired booking ID=83, Customer=1, Released 0 seats
[2025-11-19 19:51:45] ? Cancelled expired booking ID=84, Customer=1, Released 0 seats
[2025-11-19 19:51:45] ? Cancelled expired booking ID=85, Customer=1, Released 0 seats
[2025-11-19 19:51:45] ? Cancelled expired booking ID=86, Customer=1, Released 0 seats
[2025-11-19 19:51:45] ? Cancelled expired booking ID=87, Customer=1, Released 0 seats
[2025-11-19 19:51:45] ? Cancelled expired booking ID=88, Customer=1, Released 0 seats
[2025-11-19 19:51:45] ? Cancelled expired booking ID=89, Customer=1, Released 0 seats
[2025-11-19 19:51:45] ? Cancelled expired booking ID=90, Customer=1, Released 0 seats
[2025-11-19 19:51:45] ? Cancelled expired booking ID=92, Customer=2, Released 0 seats
[2025-11-19 19:51:45] ? Cancelled expired booking ID=95, Customer=1, Released 0 seats
[2025-11-19 19:51:45] ? Cancelled expired booking ID=96, Customer=1, Released 0 seats
[2025-11-19 19:51:45] ? Cancelled expired booking ID=97, Customer=1, Released 0 seats
[2025-11-19 19:51:45] ? Cancelled expired booking ID=98, Customer=1, Released 0 seats
[2025-11-19 19:51:45] ? Cancelled expired booking ID=99, Customer=1, Released 0 seats
[2025-11-19 19:51:45] ? Cancelled expired booking ID=100, Customer=1, Released 1 seats
[2025-11-19 19:51:45] ? Cancelled expired booking ID=102, Customer=1, Released 1 seats
[2025-11-19 19:52:45] ? Found 67 expired bookings to cancel
[2025-11-19 19:52:45] ? Cancelled expired booking ID=6, Customer=1, Released 0 seats
[2025-11-19 19:52:45] ? Cancelled expired booking ID=7, Customer=1, Released 0 seats
[2025-11-19 19:52:45] ? Cancelled expired booking ID=8, Customer=1, Released 0 seats
[2025-11-19 19:52:45] ? Cancelled expired booking ID=9, Customer=1, Released 0 seats
[2025-11-19 19:52:45] ? Cancelled expired booking ID=10, Customer=1, Released 1 seats
[2025-11-19 19:52:45] ? Cancelled expired booking ID=11, Customer=1, Released 0 seats
[2025-11-19 19:52:45] ? Cancelled expired booking ID=12, Customer=1, Released 2 seats
[2025-11-19 19:52:45] ? Cancelled expired booking ID=13, Customer=1, Released 1 seats
[2025-11-19 19:52:45] ? Cancelled expired booking ID=14, Customer=1, Released 2 seats
[2025-11-19 19:52:45] ? Cancelled expired booking ID=15, Customer=1, Released 0 seats
[2025-11-19 19:52:45] ? Cancelled expired booking ID=16, Customer=1, Released 0 seats
[2025-11-19 19:52:45] ? Cancelled expired booking ID=17, Customer=1, Released 0 seats
[2025-11-19 19:52:45] ? Cancelled expired booking ID=18, Customer=1, Released 0 seats
[2025-11-19 19:52:45] ? Cancelled expired booking ID=19, Customer=1, Released 1 seats
[2025-11-19 19:52:45] ? Cancelled expired booking ID=20, Customer=1, Released 0 seats
[2025-11-19 19:52:45] ? Cancelled expired booking ID=21, Customer=1, Released 0 seats
[2025-11-19 19:52:45] ? Cancelled expired booking ID=22, Customer=1, Released 0 seats
[2025-11-19 19:52:45] ? Cancelled expired booking ID=23, Customer=1, Released 0 seats
[2025-11-19 19:52:45] ? Cancelled expired booking ID=24, Customer=1, Released 0 seats
[2025-11-19 19:52:45] ? Cancelled expired booking ID=25, Customer=1, Released 0 seats
[2025-11-19 19:52:45] ? Cancelled expired booking ID=26, Customer=1, Released 2 seats
[2025-11-19 19:52:45] ? Cancelled expired booking ID=27, Customer=1, Released 0 seats
[2025-11-19 19:52:45] ? Cancelled expired booking ID=28, Customer=1, Released 0 seats
[2025-11-19 19:52:45] ? Cancelled expired booking ID=29, Customer=1, Released 0 seats
[2025-11-19 19:52:45] ? Cancelled expired booking ID=30, Customer=1, Released 0 seats
[2025-11-19 19:52:45] ? Cancelled expired booking ID=31, Customer=1, Released 1 seats
[2025-11-19 19:52:45] ? Cancelled expired booking ID=32, Customer=1, Released 2 seats
[2025-11-19 19:52:45] ? Cancelled expired booking ID=33, Customer=1, Released 2 seats
[2025-11-19 19:52:45] ? Cancelled expired booking ID=34, Customer=1, Released 2 seats
[2025-11-19 19:52:45] ? Cancelled expired booking ID=35, Customer=1, Released 0 seats
[2025-11-19 19:52:45] ? Cancelled expired booking ID=36, Customer=1, Released 2 seats
[2025-11-19 19:52:45] ? Cancelled expired booking ID=37, Customer=1, Released 1 seats
[2025-11-19 19:52:45] ? Cancelled expired booking ID=38, Customer=1, Released 0 seats
[2025-11-19 19:52:45] ? Cancelled expired booking ID=39, Customer=1, Released 2 seats
[2025-11-19 19:52:45] ? Cancelled expired booking ID=40, Customer=1, Released 0 seats
[2025-11-19 19:52:45] ? Cancelled expired booking ID=41, Customer=1, Released 1 seats
[2025-11-19 19:52:45] ? Cancelled expired booking ID=42, Customer=1, Released 0 seats
[2025-11-19 19:52:45] ? Cancelled expired booking ID=58, Customer=1, Released 0 seats
[2025-11-19 19:52:45] ? Cancelled expired booking ID=64, Customer=1, Released 2 seats
[2025-11-19 19:52:45] ? Cancelled expired booking ID=65, Customer=1, Released 2 seats
[2025-11-19 19:52:45] ? Cancelled expired booking ID=67, Customer=1, Released 2 seats
[2025-11-19 19:52:45] ? Cancelled expired booking ID=68, Customer=1, Released 1 seats
[2025-11-19 19:52:45] ? Cancelled expired booking ID=69, Customer=1, Released 0 seats
[2025-11-19 19:52:45] ? Cancelled expired booking ID=75, Customer=1, Released 0 seats
[2025-11-19 19:52:45] ? Cancelled expired booking ID=76, Customer=1, Released 0 seats
[2025-11-19 19:52:45] ? Cancelled expired booking ID=77, Customer=1, Released 0 seats
[2025-11-19 19:52:45] ? Cancelled expired booking ID=78, Customer=1, Released 0 seats
[2025-11-19 19:52:45] ? Cancelled expired booking ID=79, Customer=1, Released 1 seats
[2025-11-19 19:52:45] ? Cancelled expired booking ID=80, Customer=1, Released 1 seats
[2025-11-19 19:52:45] ? Cancelled expired booking ID=81, Customer=1, Released 0 seats
[2025-11-19 19:52:45] ? Cancelled expired booking ID=82, Customer=1, Released 1 seats
[2025-11-19 19:52:45] ? Cancelled expired booking ID=83, Customer=1, Released 0 seats
[2025-11-19 19:52:45] ? Cancelled expired booking ID=84, Customer=1, Released 0 seats
[2025-11-19 19:52:45] ? Cancelled expired booking ID=85, Customer=1, Released 0 seats
[2025-11-19 19:52:45] ? Cancelled expired booking ID=86, Customer=1, Released 0 seats
[2025-11-19 19:52:45] ? Cancelled expired booking ID=87, Customer=1, Released 0 seats
[2025-11-19 19:52:45] ? Cancelled expired booking ID=88, Customer=1, Released 0 seats
[2025-11-19 19:52:45] ? Cancelled expired booking ID=89, Customer=1, Released 0 seats
[2025-11-19 19:52:45] ? Cancelled expired booking ID=90, Customer=1, Released 0 seats
[2025-11-19 19:52:45] ? Cancelled expired booking ID=92, Customer=2, Released 0 seats
[2025-11-19 19:52:45] ? Cancelled expired booking ID=95, Customer=1, Released 0 seats
[2025-11-19 19:52:45] ? Cancelled expired booking ID=96, Customer=1, Released 0 seats
[2025-11-19 19:52:45] ? Cancelled expired booking ID=97, Customer=1, Released 0 seats
[2025-11-19 19:52:45] ? Cancelled expired booking ID=98, Customer=1, Released 0 seats
[2025-11-19 19:52:45] ? Cancelled expired booking ID=99, Customer=1, Released 0 seats
[2025-11-19 19:52:45] ? Cancelled expired booking ID=100, Customer=1, Released 1 seats
[2025-11-19 19:52:45] ? Cancelled expired booking ID=102, Customer=1, Released 1 seats
[2025-11-19 19:53:45] ? Found 67 expired bookings to cancel
[2025-11-19 19:53:45] ? Cancelled expired booking ID=6, Customer=1, Released 0 seats
[2025-11-19 19:53:45] ? Cancelled expired booking ID=7, Customer=1, Released 0 seats
[2025-11-19 19:53:45] ? Cancelled expired booking ID=8, Customer=1, Released 0 seats
[2025-11-19 19:53:45] ? Cancelled expired booking ID=9, Customer=1, Released 0 seats
[2025-11-19 19:53:45] ? Cancelled expired booking ID=10, Customer=1, Released 1 seats
[2025-11-19 19:53:45] ? Cancelled expired booking ID=11, Customer=1, Released 0 seats
[2025-11-19 19:53:45] ? Cancelled expired booking ID=12, Customer=1, Released 2 seats
[2025-11-19 19:53:45] ? Cancelled expired booking ID=13, Customer=1, Released 1 seats
[2025-11-19 19:53:45] ? Cancelled expired booking ID=14, Customer=1, Released 2 seats
[2025-11-19 19:53:45] ? Cancelled expired booking ID=15, Customer=1, Released 0 seats
[2025-11-19 19:53:45] ? Cancelled expired booking ID=16, Customer=1, Released 0 seats
[2025-11-19 19:53:45] ? Cancelled expired booking ID=17, Customer=1, Released 0 seats
[2025-11-19 19:53:45] ? Cancelled expired booking ID=18, Customer=1, Released 0 seats
[2025-11-19 19:53:45] ? Cancelled expired booking ID=19, Customer=1, Released 1 seats
[2025-11-19 19:53:45] ? Cancelled expired booking ID=20, Customer=1, Released 0 seats
[2025-11-19 19:53:45] ? Cancelled expired booking ID=21, Customer=1, Released 0 seats
[2025-11-19 19:53:45] ? Cancelled expired booking ID=22, Customer=1, Released 0 seats
[2025-11-19 19:53:45] ? Cancelled expired booking ID=23, Customer=1, Released 0 seats
[2025-11-19 19:53:45] ? Cancelled expired booking ID=24, Customer=1, Released 0 seats
[2025-11-19 19:53:45] ? Cancelled expired booking ID=25, Customer=1, Released 0 seats
[2025-11-19 19:53:45] ? Cancelled expired booking ID=26, Customer=1, Released 2 seats
[2025-11-19 19:53:45] ? Cancelled expired booking ID=27, Customer=1, Released 0 seats
[2025-11-19 19:53:45] ? Cancelled expired booking ID=28, Customer=1, Released 0 seats
[2025-11-19 19:53:45] ? Cancelled expired booking ID=29, Customer=1, Released 0 seats
[2025-11-19 19:53:45] ? Cancelled expired booking ID=30, Customer=1, Released 0 seats
[2025-11-19 19:53:45] ? Cancelled expired booking ID=31, Customer=1, Released 1 seats
[2025-11-19 19:53:45] ? Cancelled expired booking ID=32, Customer=1, Released 2 seats
[2025-11-19 19:53:45] ? Cancelled expired booking ID=33, Customer=1, Released 2 seats
[2025-11-19 19:53:45] ? Cancelled expired booking ID=34, Customer=1, Released 2 seats
[2025-11-19 19:53:45] ? Cancelled expired booking ID=35, Customer=1, Released 0 seats
[2025-11-19 19:53:45] ? Cancelled expired booking ID=36, Customer=1, Released 2 seats
[2025-11-19 19:53:45] ? Cancelled expired booking ID=37, Customer=1, Released 1 seats
[2025-11-19 19:53:45] ? Cancelled expired booking ID=38, Customer=1, Released 0 seats
[2025-11-19 19:53:45] ? Cancelled expired booking ID=39, Customer=1, Released 2 seats
[2025-11-19 19:53:45] ? Cancelled expired booking ID=40, Customer=1, Released 0 seats
[2025-11-19 19:53:45] ? Cancelled expired booking ID=41, Customer=1, Released 1 seats
[2025-11-19 19:53:45] ? Cancelled expired booking ID=42, Customer=1, Released 0 seats
[2025-11-19 19:53:45] ? Cancelled expired booking ID=58, Customer=1, Released 0 seats
[2025-11-19 19:53:45] ? Cancelled expired booking ID=64, Customer=1, Released 2 seats
[2025-11-19 19:53:45] ? Cancelled expired booking ID=65, Customer=1, Released 2 seats
[2025-11-19 19:53:45] ? Cancelled expired booking ID=67, Customer=1, Released 2 seats
[2025-11-19 19:53:45] ? Cancelled expired booking ID=68, Customer=1, Released 1 seats
[2025-11-19 19:53:45] ? Cancelled expired booking ID=69, Customer=1, Released 0 seats
[2025-11-19 19:53:45] ? Cancelled expired booking ID=75, Customer=1, Released 0 seats
[2025-11-19 19:53:45] ? Cancelled expired booking ID=76, Customer=1, Released 0 seats
[2025-11-19 19:53:45] ? Cancelled expired booking ID=77, Customer=1, Released 0 seats
[2025-11-19 19:53:45] ? Cancelled expired booking ID=78, Customer=1, Released 0 seats
[2025-11-19 19:53:45] ? Cancelled expired booking ID=79, Customer=1, Released 1 seats
[2025-11-19 19:53:45] ? Cancelled expired booking ID=80, Customer=1, Released 1 seats
[2025-11-19 19:53:45] ? Cancelled expired booking ID=81, Customer=1, Released 0 seats
[2025-11-19 19:53:45] ? Cancelled expired booking ID=82, Customer=1, Released 1 seats
[2025-11-19 19:53:45] ? Cancelled expired booking ID=83, Customer=1, Released 0 seats
[2025-11-19 19:53:45] ? Cancelled expired booking ID=84, Customer=1, Released 0 seats
[2025-11-19 19:53:45] ? Cancelled expired booking ID=85, Customer=1, Released 0 seats
[2025-11-19 19:53:45] ? Cancelled expired booking ID=86, Customer=1, Released 0 seats
[2025-11-19 19:53:45] ? Cancelled expired booking ID=87, Customer=1, Released 0 seats
[2025-11-19 19:53:45] ? Cancelled expired booking ID=88, Customer=1, Released 0 seats
[2025-11-19 19:53:45] ? Cancelled expired booking ID=89, Customer=1, Released 0 seats
[2025-11-19 19:53:45] ? Cancelled expired booking ID=90, Customer=1, Released 0 seats
[2025-11-19 19:53:45] ? Cancelled expired booking ID=92, Customer=2, Released 0 seats
[2025-11-19 19:53:45] ? Cancelled expired booking ID=95, Customer=1, Released 0 seats
[2025-11-19 19:53:45] ? Cancelled expired booking ID=96, Customer=1, Released 0 seats
[2025-11-19 19:53:45] ? Cancelled expired booking ID=97, Customer=1, Released 0 seats
[2025-11-19 19:53:45] ? Cancelled expired booking ID=98, Customer=1, Released 0 seats
[2025-11-19 19:53:45] ? Cancelled expired booking ID=99, Customer=1, Released 0 seats
[2025-11-19 19:53:45] ? Cancelled expired booking ID=100, Customer=1, Released 1 seats
[2025-11-19 19:53:45] ? Cancelled expired booking ID=102, Customer=1, Released 1 seats
[2025-11-19 19:54:45] ? Found 67 expired bookings to cancel
[2025-11-19 19:54:45] ? Cancelled expired booking ID=6, Customer=1, Released 0 seats
[2025-11-19 19:54:45] ? Cancelled expired booking ID=7, Customer=1, Released 0 seats
[2025-11-19 19:54:45] ? Cancelled expired booking ID=8, Customer=1, Released 0 seats
[2025-11-19 19:54:45] ? Cancelled expired booking ID=9, Customer=1, Released 0 seats
[2025-11-19 19:54:45] ? Cancelled expired booking ID=10, Customer=1, Released 1 seats
[2025-11-19 19:54:45] ? Cancelled expired booking ID=11, Customer=1, Released 0 seats
[2025-11-19 19:54:45] ? Cancelled expired booking ID=12, Customer=1, Released 2 seats
[2025-11-19 19:54:45] ? Cancelled expired booking ID=13, Customer=1, Released 1 seats
[2025-11-19 19:54:45] ? Cancelled expired booking ID=14, Customer=1, Released 2 seats
[2025-11-19 19:54:45] ? Cancelled expired booking ID=15, Customer=1, Released 0 seats
[2025-11-19 19:54:45] ? Cancelled expired booking ID=16, Customer=1, Released 0 seats
[2025-11-19 19:54:45] ? Cancelled expired booking ID=17, Customer=1, Released 0 seats
[2025-11-19 19:54:45] ? Cancelled expired booking ID=18, Customer=1, Released 0 seats
[2025-11-19 19:54:45] ? Cancelled expired booking ID=19, Customer=1, Released 1 seats
[2025-11-19 19:54:45] ? Cancelled expired booking ID=20, Customer=1, Released 0 seats
[2025-11-19 19:54:45] ? Cancelled expired booking ID=21, Customer=1, Released 0 seats
[2025-11-19 19:54:45] ? Cancelled expired booking ID=22, Customer=1, Released 0 seats
[2025-11-19 19:54:45] ? Cancelled expired booking ID=23, Customer=1, Released 0 seats
[2025-11-19 19:54:45] ? Cancelled expired booking ID=24, Customer=1, Released 0 seats
[2025-11-19 19:54:45] ? Cancelled expired booking ID=25, Customer=1, Released 0 seats
[2025-11-19 19:54:45] ? Cancelled expired booking ID=26, Customer=1, Released 2 seats
[2025-11-19 19:54:45] ? Cancelled expired booking ID=27, Customer=1, Released 0 seats
[2025-11-19 19:54:45] ? Cancelled expired booking ID=28, Customer=1, Released 0 seats
[2025-11-19 19:54:45] ? Cancelled expired booking ID=29, Customer=1, Released 0 seats
[2025-11-19 19:54:45] ? Cancelled expired booking ID=30, Customer=1, Released 0 seats
[2025-11-19 19:54:45] ? Cancelled expired booking ID=31, Customer=1, Released 1 seats
[2025-11-19 19:54:45] ? Cancelled expired booking ID=32, Customer=1, Released 2 seats
[2025-11-19 19:54:45] ? Cancelled expired booking ID=33, Customer=1, Released 2 seats
[2025-11-19 19:54:45] ? Cancelled expired booking ID=34, Customer=1, Released 2 seats
[2025-11-19 19:54:45] ? Cancelled expired booking ID=35, Customer=1, Released 0 seats
[2025-11-19 19:54:45] ? Cancelled expired booking ID=36, Customer=1, Released 2 seats
[2025-11-19 19:54:45] ? Cancelled expired booking ID=37, Customer=1, Released 1 seats
[2025-11-19 19:54:45] ? Cancelled expired booking ID=38, Customer=1, Released 0 seats
[2025-11-19 19:54:45] ? Cancelled expired booking ID=39, Customer=1, Released 2 seats
[2025-11-19 19:54:45] ? Cancelled expired booking ID=40, Customer=1, Released 0 seats
[2025-11-19 19:54:45] ? Cancelled expired booking ID=41, Customer=1, Released 1 seats
[2025-11-19 19:54:45] ? Cancelled expired booking ID=42, Customer=1, Released 0 seats
[2025-11-19 19:54:45] ? Cancelled expired booking ID=58, Customer=1, Released 0 seats
[2025-11-19 19:54:45] ? Cancelled expired booking ID=64, Customer=1, Released 2 seats
[2025-11-19 19:54:45] ? Cancelled expired booking ID=65, Customer=1, Released 2 seats
[2025-11-19 19:54:45] ? Cancelled expired booking ID=67, Customer=1, Released 2 seats
[2025-11-19 19:54:45] ? Cancelled expired booking ID=68, Customer=1, Released 1 seats
[2025-11-19 19:54:45] ? Cancelled expired booking ID=69, Customer=1, Released 0 seats
[2025-11-19 19:54:45] ? Cancelled expired booking ID=75, Customer=1, Released 0 seats
[2025-11-19 19:54:45] ? Cancelled expired booking ID=76, Customer=1, Released 0 seats
[2025-11-19 19:54:45] ? Cancelled expired booking ID=77, Customer=1, Released 0 seats
[2025-11-19 19:54:45] ? Cancelled expired booking ID=78, Customer=1, Released 0 seats
[2025-11-19 19:54:45] ? Cancelled expired booking ID=79, Customer=1, Released 1 seats
[2025-11-19 19:54:45] ? Cancelled expired booking ID=80, Customer=1, Released 1 seats
[2025-11-19 19:54:45] ? Cancelled expired booking ID=81, Customer=1, Released 0 seats
[2025-11-19 19:54:45] ? Cancelled expired booking ID=82, Customer=1, Released 1 seats
[2025-11-19 19:54:45] ? Cancelled expired booking ID=83, Customer=1, Released 0 seats
[2025-11-19 19:54:45] ? Cancelled expired booking ID=84, Customer=1, Released 0 seats
[2025-11-19 19:54:45] ? Cancelled expired booking ID=85, Customer=1, Released 0 seats
[2025-11-19 19:54:45] ? Cancelled expired booking ID=86, Customer=1, Released 0 seats
[2025-11-19 19:54:45] ? Cancelled expired booking ID=87, Customer=1, Released 0 seats
[2025-11-19 19:54:45] ? Cancelled expired booking ID=88, Customer=1, Released 0 seats
[2025-11-19 19:54:45] ? Cancelled expired booking ID=89, Customer=1, Released 0 seats
[2025-11-19 19:54:45] ? Cancelled expired booking ID=90, Customer=1, Released 0 seats
[2025-11-19 19:54:45] ? Cancelled expired booking ID=92, Customer=2, Released 0 seats
[2025-11-19 19:54:45] ? Cancelled expired booking ID=95, Customer=1, Released 0 seats
[2025-11-19 19:54:45] ? Cancelled expired booking ID=96, Customer=1, Released 0 seats
[2025-11-19 19:54:45] ? Cancelled expired booking ID=97, Customer=1, Released 0 seats
[2025-11-19 19:54:45] ? Cancelled expired booking ID=98, Customer=1, Released 0 seats
[2025-11-19 19:54:45] ? Cancelled expired booking ID=99, Customer=1, Released 0 seats
[2025-11-19 19:54:45] ? Cancelled expired booking ID=100, Customer=1, Released 1 seats
[2025-11-19 19:54:45] ? Cancelled expired booking ID=102, Customer=1, Released 1 seats
[2025-11-19 19:55:45] ? Found 67 expired bookings to cancel
[2025-11-19 19:55:45] ? Cancelled expired booking ID=6, Customer=1, Released 0 seats
[2025-11-19 19:55:45] ? Cancelled expired booking ID=7, Customer=1, Released 0 seats
[2025-11-19 19:55:45] ? Cancelled expired booking ID=8, Customer=1, Released 0 seats
[2025-11-19 19:55:45] ? Cancelled expired booking ID=9, Customer=1, Released 0 seats
[2025-11-19 19:55:45] ? Cancelled expired booking ID=10, Customer=1, Released 1 seats
[2025-11-19 19:55:45] ? Cancelled expired booking ID=11, Customer=1, Released 0 seats
[2025-11-19 19:55:45] ? Cancelled expired booking ID=12, Customer=1, Released 2 seats
[2025-11-19 19:55:45] ? Cancelled expired booking ID=13, Customer=1, Released 1 seats
[2025-11-19 19:55:45] ? Cancelled expired booking ID=14, Customer=1, Released 2 seats
[2025-11-19 19:55:45] ? Cancelled expired booking ID=15, Customer=1, Released 0 seats
[2025-11-19 19:55:45] ? Cancelled expired booking ID=16, Customer=1, Released 0 seats
[2025-11-19 19:55:45] ? Cancelled expired booking ID=17, Customer=1, Released 0 seats
[2025-11-19 19:55:45] ? Cancelled expired booking ID=18, Customer=1, Released 0 seats
[2025-11-19 19:55:45] ? Cancelled expired booking ID=19, Customer=1, Released 1 seats
[2025-11-19 19:55:45] ? Cancelled expired booking ID=20, Customer=1, Released 0 seats
[2025-11-19 19:55:45] ? Cancelled expired booking ID=21, Customer=1, Released 0 seats
[2025-11-19 19:55:45] ? Cancelled expired booking ID=22, Customer=1, Released 0 seats
[2025-11-19 19:55:45] ? Cancelled expired booking ID=23, Customer=1, Released 0 seats
[2025-11-19 19:55:45] ? Cancelled expired booking ID=24, Customer=1, Released 0 seats
[2025-11-19 19:55:45] ? Cancelled expired booking ID=25, Customer=1, Released 0 seats
[2025-11-19 19:55:45] ? Cancelled expired booking ID=26, Customer=1, Released 2 seats
[2025-11-19 19:55:45] ? Cancelled expired booking ID=27, Customer=1, Released 0 seats
[2025-11-19 19:55:45] ? Cancelled expired booking ID=28, Customer=1, Released 0 seats
[2025-11-19 19:55:45] ? Cancelled expired booking ID=29, Customer=1, Released 0 seats
[2025-11-19 19:55:45] ? Cancelled expired booking ID=30, Customer=1, Released 0 seats
[2025-11-19 19:55:45] ? Cancelled expired booking ID=31, Customer=1, Released 1 seats
[2025-11-19 19:55:45] ? Cancelled expired booking ID=32, Customer=1, Released 2 seats
[2025-11-19 19:55:45] ? Cancelled expired booking ID=33, Customer=1, Released 2 seats
[2025-11-19 19:55:45] ? Cancelled expired booking ID=34, Customer=1, Released 2 seats
[2025-11-19 19:55:45] ? Cancelled expired booking ID=35, Customer=1, Released 0 seats
[2025-11-19 19:55:45] ? Cancelled expired booking ID=36, Customer=1, Released 2 seats
[2025-11-19 19:55:45] ? Cancelled expired booking ID=37, Customer=1, Released 1 seats
[2025-11-19 19:55:45] ? Cancelled expired booking ID=38, Customer=1, Released 0 seats
[2025-11-19 19:55:45] ? Cancelled expired booking ID=39, Customer=1, Released 2 seats
[2025-11-19 19:55:45] ? Cancelled expired booking ID=40, Customer=1, Released 0 seats
[2025-11-19 19:55:45] ? Cancelled expired booking ID=41, Customer=1, Released 1 seats
[2025-11-19 19:55:45] ? Cancelled expired booking ID=42, Customer=1, Released 0 seats
[2025-11-19 19:55:45] ? Cancelled expired booking ID=58, Customer=1, Released 0 seats
[2025-11-19 19:55:45] ? Cancelled expired booking ID=64, Customer=1, Released 2 seats
[2025-11-19 19:55:45] ? Cancelled expired booking ID=65, Customer=1, Released 2 seats
[2025-11-19 19:55:45] ? Cancelled expired booking ID=67, Customer=1, Released 2 seats
[2025-11-19 19:55:45] ? Cancelled expired booking ID=68, Customer=1, Released 1 seats
[2025-11-19 19:55:45] ? Cancelled expired booking ID=69, Customer=1, Released 0 seats
[2025-11-19 19:55:45] ? Cancelled expired booking ID=75, Customer=1, Released 0 seats
[2025-11-19 19:55:45] ? Cancelled expired booking ID=76, Customer=1, Released 0 seats
[2025-11-19 19:55:45] ? Cancelled expired booking ID=77, Customer=1, Released 0 seats
[2025-11-19 19:55:45] ? Cancelled expired booking ID=78, Customer=1, Released 0 seats
[2025-11-19 19:55:45] ? Cancelled expired booking ID=79, Customer=1, Released 1 seats
[2025-11-19 19:55:45] ? Cancelled expired booking ID=80, Customer=1, Released 1 seats
[2025-11-19 19:55:45] ? Cancelled expired booking ID=81, Customer=1, Released 0 seats
[2025-11-19 19:55:45] ? Cancelled expired booking ID=82, Customer=1, Released 1 seats
[2025-11-19 19:55:45] ? Cancelled expired booking ID=83, Customer=1, Released 0 seats
[2025-11-19 19:55:45] ? Cancelled expired booking ID=84, Customer=1, Released 0 seats
[2025-11-19 19:55:45] ? Cancelled expired booking ID=85, Customer=1, Released 0 seats
[2025-11-19 19:55:45] ? Cancelled expired booking ID=86, Customer=1, Released 0 seats
[2025-11-19 19:55:45] ? Cancelled expired booking ID=87, Customer=1, Released 0 seats
[2025-11-19 19:55:45] ? Cancelled expired booking ID=88, Customer=1, Released 0 seats
[2025-11-19 19:55:45] ? Cancelled expired booking ID=89, Customer=1, Released 0 seats
[2025-11-19 19:55:45] ? Cancelled expired booking ID=90, Customer=1, Released 0 seats
[2025-11-19 19:55:45] ? Cancelled expired booking ID=92, Customer=2, Released 0 seats
[2025-11-19 19:55:45] ? Cancelled expired booking ID=95, Customer=1, Released 0 seats
[2025-11-19 19:55:45] ? Cancelled expired booking ID=96, Customer=1, Released 0 seats
[2025-11-19 19:55:45] ? Cancelled expired booking ID=97, Customer=1, Released 0 seats
[2025-11-19 19:55:45] ? Cancelled expired booking ID=98, Customer=1, Released 0 seats
[2025-11-19 19:55:45] ? Cancelled expired booking ID=99, Customer=1, Released 0 seats
[2025-11-19 19:55:45] ? Cancelled expired booking ID=100, Customer=1, Released 1 seats
[2025-11-19 19:55:45] ? Cancelled expired booking ID=102, Customer=1, Released 1 seats
[2025-11-19 19:56:45] ? Found 67 expired bookings to cancel
[2025-11-19 19:56:45] ? Cancelled expired booking ID=6, Customer=1, Released 0 seats
[2025-11-19 19:56:45] ? Cancelled expired booking ID=7, Customer=1, Released 0 seats
[2025-11-19 19:56:45] ? Cancelled expired booking ID=8, Customer=1, Released 0 seats
[2025-11-19 19:56:45] ? Cancelled expired booking ID=9, Customer=1, Released 0 seats
[2025-11-19 19:56:45] ? Cancelled expired booking ID=10, Customer=1, Released 1 seats
[2025-11-19 19:56:45] ? Cancelled expired booking ID=11, Customer=1, Released 0 seats
[2025-11-19 19:56:45] ? Cancelled expired booking ID=12, Customer=1, Released 2 seats
[2025-11-19 19:56:45] ? Cancelled expired booking ID=13, Customer=1, Released 1 seats
[2025-11-19 19:56:45] ? Cancelled expired booking ID=14, Customer=1, Released 2 seats
[2025-11-19 19:56:45] ? Cancelled expired booking ID=15, Customer=1, Released 0 seats
[2025-11-19 19:56:45] ? Cancelled expired booking ID=16, Customer=1, Released 0 seats
[2025-11-19 19:56:45] ? Cancelled expired booking ID=17, Customer=1, Released 0 seats
[2025-11-19 19:56:45] ? Cancelled expired booking ID=18, Customer=1, Released 0 seats
[2025-11-19 19:56:45] ? Cancelled expired booking ID=19, Customer=1, Released 1 seats
[2025-11-19 19:56:45] ? Cancelled expired booking ID=20, Customer=1, Released 0 seats
[2025-11-19 19:56:45] ? Cancelled expired booking ID=21, Customer=1, Released 0 seats
[2025-11-19 19:56:45] ? Cancelled expired booking ID=22, Customer=1, Released 0 seats
[2025-11-19 19:56:45] ? Cancelled expired booking ID=23, Customer=1, Released 0 seats
[2025-11-19 19:56:45] ? Cancelled expired booking ID=24, Customer=1, Released 0 seats
[2025-11-19 19:56:45] ? Cancelled expired booking ID=25, Customer=1, Released 0 seats
[2025-11-19 19:56:45] ? Cancelled expired booking ID=26, Customer=1, Released 2 seats
[2025-11-19 19:56:45] ? Cancelled expired booking ID=27, Customer=1, Released 0 seats
[2025-11-19 19:56:45] ? Cancelled expired booking ID=28, Customer=1, Released 0 seats
[2025-11-19 19:56:45] ? Cancelled expired booking ID=29, Customer=1, Released 0 seats
[2025-11-19 19:56:45] ? Cancelled expired booking ID=30, Customer=1, Released 0 seats
[2025-11-19 19:56:45] ? Cancelled expired booking ID=31, Customer=1, Released 1 seats
[2025-11-19 19:56:45] ? Cancelled expired booking ID=32, Customer=1, Released 2 seats
[2025-11-19 19:56:45] ? Cancelled expired booking ID=33, Customer=1, Released 2 seats
[2025-11-19 19:56:45] ? Cancelled expired booking ID=34, Customer=1, Released 2 seats
[2025-11-19 19:56:45] ? Cancelled expired booking ID=35, Customer=1, Released 0 seats
[2025-11-19 19:56:45] ? Cancelled expired booking ID=36, Customer=1, Released 2 seats
[2025-11-19 19:56:45] ? Cancelled expired booking ID=37, Customer=1, Released 1 seats
[2025-11-19 19:56:45] ? Cancelled expired booking ID=38, Customer=1, Released 0 seats
[2025-11-19 19:56:45] ? Cancelled expired booking ID=39, Customer=1, Released 2 seats
[2025-11-19 19:56:45] ? Cancelled expired booking ID=40, Customer=1, Released 0 seats
[2025-11-19 19:56:45] ? Cancelled expired booking ID=41, Customer=1, Released 1 seats
[2025-11-19 19:56:45] ? Cancelled expired booking ID=42, Customer=1, Released 0 seats
[2025-11-19 19:56:45] ? Cancelled expired booking ID=58, Customer=1, Released 0 seats
[2025-11-19 19:56:45] ? Cancelled expired booking ID=64, Customer=1, Released 2 seats
[2025-11-19 19:56:45] ? Cancelled expired booking ID=65, Customer=1, Released 2 seats
[2025-11-19 19:56:45] ? Cancelled expired booking ID=67, Customer=1, Released 2 seats
[2025-11-19 19:56:45] ? Cancelled expired booking ID=68, Customer=1, Released 1 seats
[2025-11-19 19:56:45] ? Cancelled expired booking ID=69, Customer=1, Released 0 seats
[2025-11-19 19:56:45] ? Cancelled expired booking ID=75, Customer=1, Released 0 seats
[2025-11-19 19:56:45] ? Cancelled expired booking ID=76, Customer=1, Released 0 seats
[2025-11-19 19:56:45] ? Cancelled expired booking ID=77, Customer=1, Released 0 seats
[2025-11-19 19:56:45] ? Cancelled expired booking ID=78, Customer=1, Released 0 seats
[2025-11-19 19:56:45] ? Cancelled expired booking ID=79, Customer=1, Released 1 seats
[2025-11-19 19:56:45] ? Cancelled expired booking ID=80, Customer=1, Released 1 seats
[2025-11-19 19:56:45] ? Cancelled expired booking ID=81, Customer=1, Released 0 seats
[2025-11-19 19:56:45] ? Cancelled expired booking ID=82, Customer=1, Released 1 seats
[2025-11-19 19:56:45] ? Cancelled expired booking ID=83, Customer=1, Released 0 seats
[2025-11-19 19:56:45] ? Cancelled expired booking ID=84, Customer=1, Released 0 seats
[2025-11-19 19:56:45] ? Cancelled expired booking ID=85, Customer=1, Released 0 seats
[2025-11-19 19:56:45] ? Cancelled expired booking ID=86, Customer=1, Released 0 seats
[2025-11-19 19:56:45] ? Cancelled expired booking ID=87, Customer=1, Released 0 seats
[2025-11-19 19:56:45] ? Cancelled expired booking ID=88, Customer=1, Released 0 seats
[2025-11-19 19:56:45] ? Cancelled expired booking ID=89, Customer=1, Released 0 seats
[2025-11-19 19:56:45] ? Cancelled expired booking ID=90, Customer=1, Released 0 seats
[2025-11-19 19:56:45] ? Cancelled expired booking ID=92, Customer=2, Released 0 seats
[2025-11-19 19:56:45] ? Cancelled expired booking ID=95, Customer=1, Released 0 seats
[2025-11-19 19:56:45] ? Cancelled expired booking ID=96, Customer=1, Released 0 seats
[2025-11-19 19:56:45] ? Cancelled expired booking ID=97, Customer=1, Released 0 seats
[2025-11-19 19:56:45] ? Cancelled expired booking ID=98, Customer=1, Released 0 seats
[2025-11-19 19:56:45] ? Cancelled expired booking ID=99, Customer=1, Released 0 seats
[2025-11-19 19:56:45] ? Cancelled expired booking ID=100, Customer=1, Released 1 seats
[2025-11-19 19:56:45] ? Cancelled expired booking ID=102, Customer=1, Released 1 seats
[2025-11-19 19:57:45] ? Found 67 expired bookings to cancel
[2025-11-19 19:57:45] ? Cancelled expired booking ID=6, Customer=1, Released 0 seats
[2025-11-19 19:57:45] ? Cancelled expired booking ID=7, Customer=1, Released 0 seats
[2025-11-19 19:57:45] ? Cancelled expired booking ID=8, Customer=1, Released 0 seats
[2025-11-19 19:57:45] ? Cancelled expired booking ID=9, Customer=1, Released 0 seats
[2025-11-19 19:57:45] ? Cancelled expired booking ID=10, Customer=1, Released 1 seats
[2025-11-19 19:57:45] ? Cancelled expired booking ID=11, Customer=1, Released 0 seats
[2025-11-19 19:57:45] ? Cancelled expired booking ID=12, Customer=1, Released 2 seats
[2025-11-19 19:57:45] ? Cancelled expired booking ID=13, Customer=1, Released 1 seats
[2025-11-19 19:57:45] ? Cancelled expired booking ID=14, Customer=1, Released 2 seats
[2025-11-19 19:57:45] ? Cancelled expired booking ID=15, Customer=1, Released 0 seats
[2025-11-19 19:57:45] ? Cancelled expired booking ID=16, Customer=1, Released 0 seats
[2025-11-19 19:57:45] ? Cancelled expired booking ID=17, Customer=1, Released 0 seats
[2025-11-19 19:57:45] ? Cancelled expired booking ID=18, Customer=1, Released 0 seats
[2025-11-19 19:57:45] ? Cancelled expired booking ID=19, Customer=1, Released 1 seats
[2025-11-19 19:57:45] ? Cancelled expired booking ID=20, Customer=1, Released 0 seats
[2025-11-19 19:57:45] ? Cancelled expired booking ID=21, Customer=1, Released 0 seats
[2025-11-19 19:57:45] ? Cancelled expired booking ID=22, Customer=1, Released 0 seats
[2025-11-19 19:57:45] ? Cancelled expired booking ID=23, Customer=1, Released 0 seats
[2025-11-19 19:57:45] ? Cancelled expired booking ID=24, Customer=1, Released 0 seats
[2025-11-19 19:57:45] ? Cancelled expired booking ID=25, Customer=1, Released 0 seats
[2025-11-19 19:57:45] ? Cancelled expired booking ID=26, Customer=1, Released 2 seats
[2025-11-19 19:57:45] ? Cancelled expired booking ID=27, Customer=1, Released 0 seats
[2025-11-19 19:57:45] ? Cancelled expired booking ID=28, Customer=1, Released 0 seats
[2025-11-19 19:57:45] ? Cancelled expired booking ID=29, Customer=1, Released 0 seats
[2025-11-19 19:57:45] ? Cancelled expired booking ID=30, Customer=1, Released 0 seats
[2025-11-19 19:57:45] ? Cancelled expired booking ID=31, Customer=1, Released 1 seats
[2025-11-19 19:57:45] ? Cancelled expired booking ID=32, Customer=1, Released 2 seats
[2025-11-19 19:57:45] ? Cancelled expired booking ID=33, Customer=1, Released 2 seats
[2025-11-19 19:57:45] ? Cancelled expired booking ID=34, Customer=1, Released 2 seats
[2025-11-19 19:57:45] ? Cancelled expired booking ID=35, Customer=1, Released 0 seats
[2025-11-19 19:57:45] ? Cancelled expired booking ID=36, Customer=1, Released 2 seats
[2025-11-19 19:57:45] ? Cancelled expired booking ID=37, Customer=1, Released 1 seats
[2025-11-19 19:57:45] ? Cancelled expired booking ID=38, Customer=1, Released 0 seats
[2025-11-19 19:57:45] ? Cancelled expired booking ID=39, Customer=1, Released 2 seats
[2025-11-19 19:57:45] ? Cancelled expired booking ID=40, Customer=1, Released 0 seats
[2025-11-19 19:57:45] ? Cancelled expired booking ID=41, Customer=1, Released 1 seats
[2025-11-19 19:57:45] ? Cancelled expired booking ID=42, Customer=1, Released 0 seats
[2025-11-19 19:57:45] ? Cancelled expired booking ID=58, Customer=1, Released 0 seats
[2025-11-19 19:57:45] ? Cancelled expired booking ID=64, Customer=1, Released 2 seats
[2025-11-19 19:57:45] ? Cancelled expired booking ID=65, Customer=1, Released 2 seats
[2025-11-19 19:57:45] ? Cancelled expired booking ID=67, Customer=1, Released 2 seats
[2025-11-19 19:57:45] ? Cancelled expired booking ID=68, Customer=1, Released 1 seats
[2025-11-19 19:57:45] ? Cancelled expired booking ID=69, Customer=1, Released 0 seats
[2025-11-19 19:57:45] ? Cancelled expired booking ID=75, Customer=1, Released 0 seats
[2025-11-19 19:57:45] ? Cancelled expired booking ID=76, Customer=1, Released 0 seats
[2025-11-19 19:57:45] ? Cancelled expired booking ID=77, Customer=1, Released 0 seats
[2025-11-19 19:57:45] ? Cancelled expired booking ID=78, Customer=1, Released 0 seats
[2025-11-19 19:57:45] ? Cancelled expired booking ID=79, Customer=1, Released 1 seats
[2025-11-19 19:57:45] ? Cancelled expired booking ID=80, Customer=1, Released 1 seats
[2025-11-19 19:57:45] ? Cancelled expired booking ID=81, Customer=1, Released 0 seats
[2025-11-19 19:57:45] ? Cancelled expired booking ID=82, Customer=1, Released 1 seats
[2025-11-19 19:57:45] ? Cancelled expired booking ID=83, Customer=1, Released 0 seats
[2025-11-19 19:57:45] ? Cancelled expired booking ID=84, Customer=1, Released 0 seats
[2025-11-19 19:57:45] ? Cancelled expired booking ID=85, Customer=1, Released 0 seats
[2025-11-19 19:57:45] ? Cancelled expired booking ID=86, Customer=1, Released 0 seats
[2025-11-19 19:57:45] ? Cancelled expired booking ID=87, Customer=1, Released 0 seats
[2025-11-19 19:57:45] ? Cancelled expired booking ID=88, Customer=1, Released 0 seats
[2025-11-19 19:57:45] ? Cancelled expired booking ID=89, Customer=1, Released 0 seats
[2025-11-19 19:57:45] ? Cancelled expired booking ID=90, Customer=1, Released 0 seats
[2025-11-19 19:57:45] ? Cancelled expired booking ID=92, Customer=2, Released 0 seats
[2025-11-19 19:57:45] ? Cancelled expired booking ID=95, Customer=1, Released 0 seats
[2025-11-19 19:57:45] ? Cancelled expired booking ID=96, Customer=1, Released 0 seats
[2025-11-19 19:57:45] ? Cancelled expired booking ID=97, Customer=1, Released 0 seats
[2025-11-19 19:57:45] ? Cancelled expired booking ID=98, Customer=1, Released 0 seats
[2025-11-19 19:57:45] ? Cancelled expired booking ID=99, Customer=1, Released 0 seats
[2025-11-19 19:57:45] ? Cancelled expired booking ID=100, Customer=1, Released 1 seats
[2025-11-19 19:57:45] ? Cancelled expired booking ID=102, Customer=1, Released 1 seats
[2025-11-19 19:58:45] ? Found 67 expired bookings to cancel
[2025-11-19 19:58:45] ? Cancelled expired booking ID=6, Customer=1, Released 0 seats
[2025-11-19 19:58:45] ? Cancelled expired booking ID=7, Customer=1, Released 0 seats
[2025-11-19 19:58:45] ? Cancelled expired booking ID=8, Customer=1, Released 0 seats
[2025-11-19 19:58:45] ? Cancelled expired booking ID=9, Customer=1, Released 0 seats
[2025-11-19 19:58:45] ? Cancelled expired booking ID=10, Customer=1, Released 1 seats
[2025-11-19 19:58:45] ? Cancelled expired booking ID=11, Customer=1, Released 0 seats
[2025-11-19 19:58:45] ? Cancelled expired booking ID=12, Customer=1, Released 2 seats
[2025-11-19 19:58:45] ? Cancelled expired booking ID=13, Customer=1, Released 1 seats
[2025-11-19 19:58:45] ? Cancelled expired booking ID=14, Customer=1, Released 2 seats
[2025-11-19 19:58:45] ? Cancelled expired booking ID=15, Customer=1, Released 0 seats
[2025-11-19 19:58:45] ? Cancelled expired booking ID=16, Customer=1, Released 0 seats
[2025-11-19 19:58:45] ? Cancelled expired booking ID=17, Customer=1, Released 0 seats
[2025-11-19 19:58:45] ? Cancelled expired booking ID=18, Customer=1, Released 0 seats
[2025-11-19 19:58:45] ? Cancelled expired booking ID=19, Customer=1, Released 1 seats
[2025-11-19 19:58:45] ? Cancelled expired booking ID=20, Customer=1, Released 0 seats
[2025-11-19 19:58:45] ? Cancelled expired booking ID=21, Customer=1, Released 0 seats
[2025-11-19 19:58:45] ? Cancelled expired booking ID=22, Customer=1, Released 0 seats
[2025-11-19 19:58:45] ? Cancelled expired booking ID=23, Customer=1, Released 0 seats
[2025-11-19 19:58:45] ? Cancelled expired booking ID=24, Customer=1, Released 0 seats
[2025-11-19 19:58:45] ? Cancelled expired booking ID=25, Customer=1, Released 0 seats
[2025-11-19 19:58:45] ? Cancelled expired booking ID=26, Customer=1, Released 2 seats
[2025-11-19 19:58:45] ? Cancelled expired booking ID=27, Customer=1, Released 0 seats
[2025-11-19 19:58:45] ? Cancelled expired booking ID=28, Customer=1, Released 0 seats
[2025-11-19 19:58:45] ? Cancelled expired booking ID=29, Customer=1, Released 0 seats
[2025-11-19 19:58:45] ? Cancelled expired booking ID=30, Customer=1, Released 0 seats
[2025-11-19 19:58:45] ? Cancelled expired booking ID=31, Customer=1, Released 1 seats
[2025-11-19 19:58:45] ? Cancelled expired booking ID=32, Customer=1, Released 2 seats
[2025-11-19 19:58:45] ? Cancelled expired booking ID=33, Customer=1, Released 2 seats
[2025-11-19 19:58:45] ? Cancelled expired booking ID=34, Customer=1, Released 2 seats
[2025-11-19 19:58:45] ? Cancelled expired booking ID=35, Customer=1, Released 0 seats
[2025-11-19 19:58:45] ? Cancelled expired booking ID=36, Customer=1, Released 2 seats
[2025-11-19 19:58:45] ? Cancelled expired booking ID=37, Customer=1, Released 1 seats
[2025-11-19 19:58:45] ? Cancelled expired booking ID=38, Customer=1, Released 0 seats
[2025-11-19 19:58:45] ? Cancelled expired booking ID=39, Customer=1, Released 2 seats
[2025-11-19 19:58:45] ? Cancelled expired booking ID=40, Customer=1, Released 0 seats
[2025-11-19 19:58:45] ? Cancelled expired booking ID=41, Customer=1, Released 1 seats
[2025-11-19 19:58:45] ? Cancelled expired booking ID=42, Customer=1, Released 0 seats
[2025-11-19 19:58:45] ? Cancelled expired booking ID=58, Customer=1, Released 0 seats
[2025-11-19 19:58:45] ? Cancelled expired booking ID=64, Customer=1, Released 2 seats
[2025-11-19 19:58:45] ? Cancelled expired booking ID=65, Customer=1, Released 2 seats
[2025-11-19 19:58:45] ? Cancelled expired booking ID=67, Customer=1, Released 2 seats
[2025-11-19 19:58:45] ? Cancelled expired booking ID=68, Customer=1, Released 1 seats
[2025-11-19 19:58:45] ? Cancelled expired booking ID=69, Customer=1, Released 0 seats
[2025-11-19 19:58:45] ? Cancelled expired booking ID=75, Customer=1, Released 0 seats
[2025-11-19 19:58:45] ? Cancelled expired booking ID=76, Customer=1, Released 0 seats
[2025-11-19 19:58:45] ? Cancelled expired booking ID=77, Customer=1, Released 0 seats
[2025-11-19 19:58:45] ? Cancelled expired booking ID=78, Customer=1, Released 0 seats
[2025-11-19 19:58:45] ? Cancelled expired booking ID=79, Customer=1, Released 1 seats
[2025-11-19 19:58:45] ? Cancelled expired booking ID=80, Customer=1, Released 1 seats
[2025-11-19 19:58:45] ? Cancelled expired booking ID=81, Customer=1, Released 0 seats
[2025-11-19 19:58:45] ? Cancelled expired booking ID=82, Customer=1, Released 1 seats
[2025-11-19 19:58:45] ? Cancelled expired booking ID=83, Customer=1, Released 0 seats
[2025-11-19 19:58:45] ? Cancelled expired booking ID=84, Customer=1, Released 0 seats
[2025-11-19 19:58:45] ? Cancelled expired booking ID=85, Customer=1, Released 0 seats
[2025-11-19 19:58:45] ? Cancelled expired booking ID=86, Customer=1, Released 0 seats
[2025-11-19 19:58:45] ? Cancelled expired booking ID=87, Customer=1, Released 0 seats
[2025-11-19 19:58:45] ? Cancelled expired booking ID=88, Customer=1, Released 0 seats
[2025-11-19 19:58:45] ? Cancelled expired booking ID=89, Customer=1, Released 0 seats
[2025-11-19 19:58:45] ? Cancelled expired booking ID=90, Customer=1, Released 0 seats
[2025-11-19 19:58:45] ? Cancelled expired booking ID=92, Customer=2, Released 0 seats
[2025-11-19 19:58:45] ? Cancelled expired booking ID=95, Customer=1, Released 0 seats
[2025-11-19 19:58:45] ? Cancelled expired booking ID=96, Customer=1, Released 0 seats
[2025-11-19 19:58:45] ? Cancelled expired booking ID=97, Customer=1, Released 0 seats
[2025-11-19 19:58:45] ? Cancelled expired booking ID=98, Customer=1, Released 0 seats
[2025-11-19 19:58:45] ? Cancelled expired booking ID=99, Customer=1, Released 0 seats
[2025-11-19 19:58:45] ? Cancelled expired booking ID=100, Customer=1, Released 1 seats
[2025-11-19 19:58:45] ? Cancelled expired booking ID=102, Customer=1, Released 1 seats
[2025-11-19 19:59:45] ? Found 67 expired bookings to cancel
[2025-11-19 19:59:45] ? Cancelled expired booking ID=6, Customer=1, Released 0 seats
[2025-11-19 19:59:45] ? Cancelled expired booking ID=7, Customer=1, Released 0 seats
[2025-11-19 19:59:45] ? Cancelled expired booking ID=8, Customer=1, Released 0 seats
[2025-11-19 19:59:45] ? Cancelled expired booking ID=9, Customer=1, Released 0 seats
[2025-11-19 19:59:45] ? Cancelled expired booking ID=10, Customer=1, Released 1 seats
[2025-11-19 19:59:45] ? Cancelled expired booking ID=11, Customer=1, Released 0 seats
[2025-11-19 19:59:45] ? Cancelled expired booking ID=12, Customer=1, Released 2 seats
[2025-11-19 19:59:45] ? Cancelled expired booking ID=13, Customer=1, Released 1 seats
[2025-11-19 19:59:45] ? Cancelled expired booking ID=14, Customer=1, Released 2 seats
[2025-11-19 19:59:45] ? Cancelled expired booking ID=15, Customer=1, Released 0 seats
[2025-11-19 19:59:45] ? Cancelled expired booking ID=16, Customer=1, Released 0 seats
[2025-11-19 19:59:45] ? Cancelled expired booking ID=17, Customer=1, Released 0 seats
[2025-11-19 19:59:45] ? Cancelled expired booking ID=18, Customer=1, Released 0 seats
[2025-11-19 19:59:45] ? Cancelled expired booking ID=19, Customer=1, Released 1 seats
[2025-11-19 19:59:45] ? Cancelled expired booking ID=20, Customer=1, Released 0 seats
[2025-11-19 19:59:45] ? Cancelled expired booking ID=21, Customer=1, Released 0 seats
[2025-11-19 19:59:45] ? Cancelled expired booking ID=22, Customer=1, Released 0 seats
[2025-11-19 19:59:45] ? Cancelled expired booking ID=23, Customer=1, Released 0 seats
[2025-11-19 19:59:45] ? Cancelled expired booking ID=24, Customer=1, Released 0 seats
[2025-11-19 19:59:45] ? Cancelled expired booking ID=25, Customer=1, Released 0 seats
[2025-11-19 19:59:45] ? Cancelled expired booking ID=26, Customer=1, Released 2 seats
[2025-11-19 19:59:45] ? Cancelled expired booking ID=27, Customer=1, Released 0 seats
[2025-11-19 19:59:45] ? Cancelled expired booking ID=28, Customer=1, Released 0 seats
[2025-11-19 19:59:45] ? Cancelled expired booking ID=29, Customer=1, Released 0 seats
[2025-11-19 19:59:45] ? Cancelled expired booking ID=30, Customer=1, Released 0 seats
[2025-11-19 19:59:45] ? Cancelled expired booking ID=31, Customer=1, Released 1 seats
[2025-11-19 19:59:45] ? Cancelled expired booking ID=32, Customer=1, Released 2 seats
[2025-11-19 19:59:45] ? Cancelled expired booking ID=33, Customer=1, Released 2 seats
[2025-11-19 19:59:45] ? Cancelled expired booking ID=34, Customer=1, Released 2 seats
[2025-11-19 19:59:45] ? Cancelled expired booking ID=35, Customer=1, Released 0 seats
[2025-11-19 19:59:45] ? Cancelled expired booking ID=36, Customer=1, Released 2 seats
[2025-11-19 19:59:45] ? Cancelled expired booking ID=37, Customer=1, Released 1 seats
[2025-11-19 19:59:45] ? Cancelled expired booking ID=38, Customer=1, Released 0 seats
[2025-11-19 19:59:45] ? Cancelled expired booking ID=39, Customer=1, Released 2 seats
[2025-11-19 19:59:45] ? Cancelled expired booking ID=40, Customer=1, Released 0 seats
[2025-11-19 19:59:45] ? Cancelled expired booking ID=41, Customer=1, Released 1 seats
[2025-11-19 19:59:45] ? Cancelled expired booking ID=42, Customer=1, Released 0 seats
[2025-11-19 19:59:45] ? Cancelled expired booking ID=58, Customer=1, Released 0 seats
[2025-11-19 19:59:45] ? Cancelled expired booking ID=64, Customer=1, Released 2 seats
[2025-11-19 19:59:45] ? Cancelled expired booking ID=65, Customer=1, Released 2 seats
[2025-11-19 19:59:45] ? Cancelled expired booking ID=67, Customer=1, Released 2 seats
[2025-11-19 19:59:45] ? Cancelled expired booking ID=68, Customer=1, Released 1 seats
[2025-11-19 19:59:45] ? Cancelled expired booking ID=69, Customer=1, Released 0 seats
[2025-11-19 19:59:45] ? Cancelled expired booking ID=75, Customer=1, Released 0 seats
[2025-11-19 19:59:45] ? Cancelled expired booking ID=76, Customer=1, Released 0 seats
[2025-11-19 19:59:45] ? Cancelled expired booking ID=77, Customer=1, Released 0 seats
[2025-11-19 19:59:45] ? Cancelled expired booking ID=78, Customer=1, Released 0 seats
[2025-11-19 19:59:45] ? Cancelled expired booking ID=79, Customer=1, Released 1 seats
[2025-11-19 19:59:45] ? Cancelled expired booking ID=80, Customer=1, Released 1 seats
[2025-11-19 19:59:45] ? Cancelled expired booking ID=81, Customer=1, Released 0 seats
[2025-11-19 19:59:45] ? Cancelled expired booking ID=82, Customer=1, Released 1 seats
[2025-11-19 19:59:45] ? Cancelled expired booking ID=83, Customer=1, Released 0 seats
[2025-11-19 19:59:45] ? Cancelled expired booking ID=84, Customer=1, Released 0 seats
[2025-11-19 19:59:45] ? Cancelled expired booking ID=85, Customer=1, Released 0 seats
[2025-11-19 19:59:45] ? Cancelled expired booking ID=86, Customer=1, Released 0 seats
[2025-11-19 19:59:45] ? Cancelled expired booking ID=87, Customer=1, Released 0 seats
[2025-11-19 19:59:45] ? Cancelled expired booking ID=88, Customer=1, Released 0 seats
[2025-11-19 19:59:45] ? Cancelled expired booking ID=89, Customer=1, Released 0 seats
[2025-11-19 19:59:45] ? Cancelled expired booking ID=90, Customer=1, Released 0 seats
[2025-11-19 19:59:45] ? Cancelled expired booking ID=92, Customer=2, Released 0 seats
[2025-11-19 19:59:45] ? Cancelled expired booking ID=95, Customer=1, Released 0 seats
[2025-11-19 19:59:45] ? Cancelled expired booking ID=96, Customer=1, Released 0 seats
[2025-11-19 19:59:45] ? Cancelled expired booking ID=97, Customer=1, Released 0 seats
[2025-11-19 19:59:45] ? Cancelled expired booking ID=98, Customer=1, Released 0 seats
[2025-11-19 19:59:45] ? Cancelled expired booking ID=99, Customer=1, Released 0 seats
[2025-11-19 19:59:45] ? Cancelled expired booking ID=100, Customer=1, Released 1 seats
[2025-11-19 19:59:45] ? Cancelled expired booking ID=102, Customer=1, Released 1 seats
[2025-11-19 20:01:07] ? BookingExpirationService started
[2025-11-19 20:01:27] ✅ QR Code URL (new format) generated: https://img.vietqr.io/image/VCB-1031419192-compact2.png?amount=70000&addInfo=VeThe%20Dark%20K
[2025-11-19 20:02:07] ? Found 67 expired bookings to cancel
[2025-11-19 20:02:07] ? Cancelled expired booking ID=6, Customer=1, Released 0 seats
[2025-11-19 20:02:07] ? Cancelled expired booking ID=7, Customer=1, Released 0 seats
[2025-11-19 20:02:07] ? Cancelled expired booking ID=8, Customer=1, Released 0 seats
[2025-11-19 20:02:07] ? Cancelled expired booking ID=9, Customer=1, Released 0 seats
[2025-11-19 20:02:07] ? Cancelled expired booking ID=10, Customer=1, Released 1 seats
[2025-11-19 20:02:07] ? Cancelled expired booking ID=11, Customer=1, Released 0 seats
[2025-11-19 20:02:07] ? Cancelled expired booking ID=12, Customer=1, Released 2 seats
[2025-11-19 20:02:07] ? Cancelled expired booking ID=13, Customer=1, Released 1 seats
[2025-11-19 20:02:07] ? Cancelled expired booking ID=14, Customer=1, Released 2 seats
[2025-11-19 20:02:07] ? Cancelled expired booking ID=15, Customer=1, Released 0 seats
[2025-11-19 20:02:07] ? Cancelled expired booking ID=16, Customer=1, Released 0 seats
[2025-11-19 20:02:07] ? Cancelled expired booking ID=17, Customer=1, Released 0 seats
[2025-11-19 20:02:07] ? Cancelled expired booking ID=18, Customer=1, Released 0 seats
[2025-11-19 20:02:07] ? Cancelled expired booking ID=19, Customer=1, Released 1 seats
[2025-11-19 20:02:07] ? Cancelled expired booking ID=20, Customer=1, Released 0 seats
[2025-11-19 20:02:07] ? Cancelled expired booking ID=21, Customer=1, Released 0 seats
[2025-11-19 20:02:07] ? Cancelled expired booking ID=22, Customer=1, Released 0 seats
[2025-11-19 20:02:07] ? Cancelled expired booking ID=23, Customer=1, Released 0 seats
[2025-11-19 20:02:07] ? Cancelled expired booking ID=24, Customer=1, Released 0 seats
[2025-11-19 20:02:07] ? Cancelled expired booking ID=25, Customer=1, Released 0 seats
[2025-11-19 20:02:07] ? Cancelled expired booking ID=26, Customer=1, Released 2 seats
[2025-11-19 20:02:07] ? Cancelled expired booking ID=27, Customer=1, Released 0 seats
[2025-11-19 20:02:07] ? Cancelled expired booking ID=28, Customer=1, Released 0 seats
[2025-11-19 20:02:07] ? Cancelled expired booking ID=29, Customer=1, Released 0 seats
[2025-11-19 20:02:07] ? Cancelled expired booking ID=30, Customer=1, Released 0 seats
[2025-11-19 20:02:07] ? Cancelled expired booking ID=31, Customer=1, Released 1 seats
[2025-11-19 20:02:07] ? Cancelled expired booking ID=32, Customer=1, Released 2 seats
[2025-11-19 20:02:07] ? Cancelled expired booking ID=33, Customer=1, Released 2 seats
[2025-11-19 20:02:07] ? Cancelled expired booking ID=34, Customer=1, Released 2 seats
[2025-11-19 20:02:07] ? Cancelled expired booking ID=35, Customer=1, Released 0 seats
[2025-11-19 20:02:07] ? Cancelled expired booking ID=36, Customer=1, Released 2 seats
[2025-11-19 20:02:07] ? Cancelled expired booking ID=37, Customer=1, Released 1 seats
[2025-11-19 20:02:07] ? Cancelled expired booking ID=38, Customer=1, Released 0 seats
[2025-11-19 20:02:07] ? Cancelled expired booking ID=39, Customer=1, Released 2 seats
[2025-11-19 20:02:07] ? Cancelled expired booking ID=40, Customer=1, Released 0 seats
[2025-11-19 20:02:07] ? Cancelled expired booking ID=41, Customer=1, Released 1 seats
[2025-11-19 20:02:07] ? Cancelled expired booking ID=42, Customer=1, Released 0 seats
[2025-11-19 20:02:07] ? Cancelled expired booking ID=58, Customer=1, Released 0 seats
[2025-11-19 20:02:07] ? Cancelled expired booking ID=64, Customer=1, Released 2 seats
[2025-11-19 20:02:07] ? Cancelled expired booking ID=65, Customer=1, Released 2 seats
[2025-11-19 20:02:07] ? Cancelled expired booking ID=67, Customer=1, Released 2 seats
[2025-11-19 20:02:07] ? Cancelled expired booking ID=68, Customer=1, Released 1 seats
[2025-11-19 20:02:07] ? Cancelled expired booking ID=69, Customer=1, Released 0 seats
[2025-11-19 20:02:07] ? Cancelled expired booking ID=75, Customer=1, Released 0 seats
[2025-11-19 20:02:07] ? Cancelled expired booking ID=76, Customer=1, Released 0 seats
[2025-11-19 20:02:07] ? Cancelled expired booking ID=77, Customer=1, Released 0 seats
[2025-11-19 20:02:07] ? Cancelled expired booking ID=78, Customer=1, Released 0 seats
[2025-11-19 20:02:07] ? Cancelled expired booking ID=79, Customer=1, Released 1 seats
[2025-11-19 20:02:07] ? Cancelled expired booking ID=80, Customer=1, Released 1 seats
[2025-11-19 20:02:07] ? Cancelled expired booking ID=81, Customer=1, Released 0 seats
[2025-11-19 20:02:07] ? Cancelled expired booking ID=82, Customer=1, Released 1 seats
[2025-11-19 20:02:07] ? Cancelled expired booking ID=83, Customer=1, Released 0 seats
[2025-11-19 20:02:07] ? Cancelled expired booking ID=84, Customer=1, Released 0 seats
[2025-11-19 20:02:07] ? Cancelled expired booking ID=85, Customer=1, Released 0 seats
[2025-11-19 20:02:07] ? Cancelled expired booking ID=86, Customer=1, Released 0 seats
[2025-11-19 20:02:07] ? Cancelled expired booking ID=87, Customer=1, Released 0 seats
[2025-11-19 20:02:07] ? Cancelled expired booking ID=88, Customer=1, Released 0 seats
[2025-11-19 20:02:07] ? Cancelled expired booking ID=89, Customer=1, Released 0 seats
[2025-11-19 20:02:07] ? Cancelled expired booking ID=90, Customer=1, Released 0 seats
[2025-11-19 20:02:07] ? Cancelled expired booking ID=92, Customer=2, Released 0 seats
[2025-11-19 20:02:07] ? Cancelled expired booking ID=95, Customer=1, Released 0 seats
[2025-11-19 20:02:07] ? Cancelled expired booking ID=96, Customer=1, Released 0 seats
[2025-11-19 20:02:07] ? Cancelled expired booking ID=97, Customer=1, Released 0 seats
[2025-11-19 20:02:07] ? Cancelled expired booking ID=98, Customer=1, Released 0 seats
[2025-11-19 20:02:07] ? Cancelled expired booking ID=99, Customer=1, Released 0 seats
[2025-11-19 20:02:07] ? Cancelled expired booking ID=100, Customer=1, Released 1 seats
[2025-11-19 20:02:07] ? Cancelled expired booking ID=102, Customer=1, Released 1 seats
[2025-11-19 20:03:07] ? Found 67 expired bookings to cancel
[2025-11-19 20:03:07] ? Cancelled expired booking ID=6, Customer=1, Released 0 seats
[2025-11-19 20:03:07] ? Cancelled expired booking ID=7, Customer=1, Released 0 seats
[2025-11-19 20:03:07] ? Cancelled expired booking ID=8, Customer=1, Released 0 seats
[2025-11-19 20:03:07] ? Cancelled expired booking ID=9, Customer=1, Released 0 seats
[2025-11-19 20:03:07] ? Cancelled expired booking ID=10, Customer=1, Released 1 seats
[2025-11-19 20:03:07] ? Cancelled expired booking ID=11, Customer=1, Released 0 seats
[2025-11-19 20:03:07] ? Cancelled expired booking ID=12, Customer=1, Released 2 seats
[2025-11-19 20:03:07] ? Cancelled expired booking ID=13, Customer=1, Released 1 seats
[2025-11-19 20:03:07] ? Cancelled expired booking ID=14, Customer=1, Released 2 seats
[2025-11-19 20:03:07] ? Cancelled expired booking ID=15, Customer=1, Released 0 seats
[2025-11-19 20:03:07] ? Cancelled expired booking ID=16, Customer=1, Released 0 seats
[2025-11-19 20:03:07] ? Cancelled expired booking ID=17, Customer=1, Released 0 seats
[2025-11-19 20:03:07] ? Cancelled expired booking ID=18, Customer=1, Released 0 seats
[2025-11-19 20:03:07] ? Cancelled expired booking ID=19, Customer=1, Released 1 seats
[2025-11-19 20:03:07] ? Cancelled expired booking ID=20, Customer=1, Released 0 seats
[2025-11-19 20:03:07] ? Cancelled expired booking ID=21, Customer=1, Released 0 seats
[2025-11-19 20:03:07] ? Cancelled expired booking ID=22, Customer=1, Released 0 seats
[2025-11-19 20:03:07] ? Cancelled expired booking ID=23, Customer=1, Released 0 seats
[2025-11-19 20:03:07] ? Cancelled expired booking ID=24, Customer=1, Released 0 seats
[2025-11-19 20:03:07] ? Cancelled expired booking ID=25, Customer=1, Released 0 seats
[2025-11-19 20:03:07] ? Cancelled expired booking ID=26, Customer=1, Released 2 seats
[2025-11-19 20:03:07] ? Cancelled expired booking ID=27, Customer=1, Released 0 seats
[2025-11-19 20:03:07] ? Cancelled expired booking ID=28, Customer=1, Released 0 seats
[2025-11-19 20:03:07] ? Cancelled expired booking ID=29, Customer=1, Released 0 seats
[2025-11-19 20:03:07] ? Cancelled expired booking ID=30, Customer=1, Released 0 seats
[2025-11-19 20:03:07] ? Cancelled expired booking ID=31, Customer=1, Released 1 seats
[2025-11-19 20:03:07] ? Cancelled expired booking ID=32, Customer=1, Released 2 seats
[2025-11-19 20:03:07] ? Cancelled expired booking ID=33, Customer=1, Released 2 seats
[2025-11-19 20:03:07] ? Cancelled expired booking ID=34, Customer=1, Released 2 seats
[2025-11-19 20:03:07] ? Cancelled expired booking ID=35, Customer=1, Released 0 seats
[2025-11-19 20:03:07] ? Cancelled expired booking ID=36, Customer=1, Released 2 seats
[2025-11-19 20:03:07] ? Cancelled expired booking ID=37, Customer=1, Released 1 seats
[2025-11-19 20:03:07] ? Cancelled expired booking ID=38, Customer=1, Released 0 seats
[2025-11-19 20:03:07] ? Cancelled expired booking ID=39, Customer=1, Released 2 seats
[2025-11-19 20:03:07] ? Cancelled expired booking ID=40, Customer=1, Released 0 seats
[2025-11-19 20:03:07] ? Cancelled expired booking ID=41, Customer=1, Released 1 seats
[2025-11-19 20:03:07] ? Cancelled expired booking ID=42, Customer=1, Released 0 seats
[2025-11-19 20:03:07] ? Cancelled expired booking ID=58, Customer=1, Released 0 seats
[2025-11-19 20:03:07] ? Cancelled expired booking ID=64, Customer=1, Released 2 seats
[2025-11-19 20:03:07] ? Cancelled expired booking ID=65, Customer=1, Released 2 seats
[2025-11-19 20:03:07] ? Cancelled expired booking ID=67, Customer=1, Released 2 seats
[2025-11-19 20:03:07] ? Cancelled expired booking ID=68, Customer=1, Released 1 seats
[2025-11-19 20:03:07] ? Cancelled expired booking ID=69, Customer=1, Released 0 seats
[2025-11-19 20:03:07] ? Cancelled expired booking ID=75, Customer=1, Released 0 seats
[2025-11-19 20:03:07] ? Cancelled expired booking ID=76, Customer=1, Released 0 seats
[2025-11-19 20:03:07] ? Cancelled expired booking ID=77, Customer=1, Released 0 seats
[2025-11-19 20:03:07] ? Cancelled expired booking ID=78, Customer=1, Released 0 seats
[2025-11-19 20:03:07] ? Cancelled expired booking ID=79, Customer=1, Released 1 seats
[2025-11-19 20:03:07] ? Cancelled expired booking ID=80, Customer=1, Released 1 seats
[2025-11-19 20:03:07] ? Cancelled expired booking ID=81, Customer=1, Released 0 seats
[2025-11-19 20:03:07] ? Cancelled expired booking ID=82, Customer=1, Released 1 seats
[2025-11-19 20:03:07] ? Cancelled expired booking ID=83, Customer=1, Released 0 seats
[2025-11-19 20:03:07] ? Cancelled expired booking ID=84, Customer=1, Released 0 seats
[2025-11-19 20:03:07] ? Cancelled expired booking ID=85, Customer=1, Released 0 seats
[2025-11-19 20:03:07] ? Cancelled expired booking ID=86, Customer=1, Released 0 seats
[2025-11-19 20:03:07] ? Cancelled expired booking ID=87, Customer=1, Released 0 seats
[2025-11-19 20:03:07] ? Cancelled expired booking ID=88, Customer=1, Released 0 seats
[2025-11-19 20:03:07] ? Cancelled expired booking ID=89, Customer=1, Released 0 seats
[2025-11-19 20:03:07] ? Cancelled expired booking ID=90, Customer=1, Released 0 seats
[2025-11-19 20:03:07] ? Cancelled expired booking ID=92, Customer=2, Released 0 seats
[2025-11-19 20:03:07] ? Cancelled expired booking ID=95, Customer=1, Released 0 seats
[2025-11-19 20:03:07] ? Cancelled expired booking ID=96, Customer=1, Released 0 seats
[2025-11-19 20:03:07] ? Cancelled expired booking ID=97, Customer=1, Released 0 seats
[2025-11-19 20:03:07] ? Cancelled expired booking ID=98, Customer=1, Released 0 seats
[2025-11-19 20:03:07] ? Cancelled expired booking ID=99, Customer=1, Released 0 seats
[2025-11-19 20:03:07] ? Cancelled expired booking ID=100, Customer=1, Released 1 seats
[2025-11-19 20:03:07] ? Cancelled expired booking ID=102, Customer=1, Released 1 seats
[2025-11-19 20:04:07] ? Found 67 expired bookings to cancel
[2025-11-19 20:04:07] ? Cancelled expired booking ID=6, Customer=1, Released 0 seats
[2025-11-19 20:04:07] ? Cancelled expired booking ID=7, Customer=1, Released 0 seats
[2025-11-19 20:04:07] ? Cancelled expired booking ID=8, Customer=1, Released 0 seats
[2025-11-19 20:04:07] ? Cancelled expired booking ID=9, Customer=1, Released 0 seats
[2025-11-19 20:04:07] ? Cancelled expired booking ID=10, Customer=1, Released 1 seats
[2025-11-19 20:04:07] ? Cancelled expired booking ID=11, Customer=1, Released 0 seats
[2025-11-19 20:04:07] ? Cancelled expired booking ID=12, Customer=1, Released 2 seats
[2025-11-19 20:04:07] ? Cancelled expired booking ID=13, Customer=1, Released 1 seats
[2025-11-19 20:04:07] ? Cancelled expired booking ID=14, Customer=1, Released 2 seats
[2025-11-19 20:04:07] ? Cancelled expired booking ID=15, Customer=1, Released 0 seats
[2025-11-19 20:04:07] ? Cancelled expired booking ID=16, Customer=1, Released 0 seats
[2025-11-19 20:04:07] ? Cancelled expired booking ID=17, Customer=1, Released 0 seats
[2025-11-19 20:04:07] ? Cancelled expired booking ID=18, Customer=1, Released 0 seats
[2025-11-19 20:04:07] ? Cancelled expired booking ID=19, Customer=1, Released 1 seats
[2025-11-19 20:04:07] ? Cancelled expired booking ID=20, Customer=1, Released 0 seats
[2025-11-19 20:04:07] ? Cancelled expired booking ID=21, Customer=1, Released 0 seats
[2025-11-19 20:04:07] ? Cancelled expired booking ID=22, Customer=1, Released 0 seats
[2025-11-19 20:04:07] ? Cancelled expired booking ID=23, Customer=1, Released 0 seats
[2025-11-19 20:04:07] ? Cancelled expired booking ID=24, Customer=1, Released 0 seats
[2025-11-19 20:04:07] ? Cancelled expired booking ID=25, Customer=1, Released 0 seats
[2025-11-19 20:04:07] ? Cancelled expired booking ID=26, Customer=1, Released 2 seats
[2025-11-19 20:04:07] ? Cancelled expired booking ID=27, Customer=1, Released 0 seats
[2025-11-19 20:04:07] ? Cancelled expired booking ID=28, Customer=1, Released 0 seats
[2025-11-19 20:04:07] ? Cancelled expired booking ID=29, Customer=1, Released 0 seats
[2025-11-19 20:04:07] ? Cancelled expired booking ID=30, Customer=1, Released 0 seats
[2025-11-19 20:04:07] ? Cancelled expired booking ID=31, Customer=1, Released 1 seats
[2025-11-19 20:04:07] ? Cancelled expired booking ID=32, Customer=1, Released 2 seats
[2025-11-19 20:04:07] ? Cancelled expired booking ID=33, Customer=1, Released 2 seats
[2025-11-19 20:04:07] ? Cancelled expired booking ID=34, Customer=1, Released 2 seats
[2025-11-19 20:04:07] ? Cancelled expired booking ID=35, Customer=1, Released 0 seats
[2025-11-19 20:04:07] ? Cancelled expired booking ID=36, Customer=1, Released 2 seats
[2025-11-19 20:04:07] ? Cancelled expired booking ID=37, Customer=1, Released 1 seats
[2025-11-19 20:04:07] ? Cancelled expired booking ID=38, Customer=1, Released 0 seats
[2025-11-19 20:04:07] ? Cancelled expired booking ID=39, Customer=1, Released 2 seats
[2025-11-19 20:04:07] ? Cancelled expired booking ID=40, Customer=1, Released 0 seats
[2025-11-19 20:04:07] ? Cancelled expired booking ID=41, Customer=1, Released 1 seats
[2025-11-19 20:04:07] ? Cancelled expired booking ID=42, Customer=1, Released 0 seats
[2025-11-19 20:04:07] ? Cancelled expired booking ID=58, Customer=1, Released 0 seats
[2025-11-19 20:04:07] ? Cancelled expired booking ID=64, Customer=1, Released 2 seats
[2025-11-19 20:04:07] ? Cancelled expired booking ID=65, Customer=1, Released 2 seats
[2025-11-19 20:04:07] ? Cancelled expired booking ID=67, Customer=1, Released 2 seats
[2025-11-19 20:04:07] ? Cancelled expired booking ID=68, Customer=1, Released 1 seats
[2025-11-19 20:04:07] ? Cancelled expired booking ID=69, Customer=1, Released 0 seats
[2025-11-19 20:04:07] ? Cancelled expired booking ID=75, Customer=1, Released 0 seats
[2025-11-19 20:04:07] ? Cancelled expired booking ID=76, Customer=1, Released 0 seats
[2025-11-19 20:04:07] ? Cancelled expired booking ID=77, Customer=1, Released 0 seats
[2025-11-19 20:04:07] ? Cancelled expired booking ID=78, Customer=1, Released 0 seats
[2025-11-19 20:04:07] ? Cancelled expired booking ID=79, Customer=1, Released 1 seats
[2025-11-19 20:04:07] ? Cancelled expired booking ID=80, Customer=1, Released 1 seats
[2025-11-19 20:04:07] ? Cancelled expired booking ID=81, Customer=1, Released 0 seats
[2025-11-19 20:04:07] ? Cancelled expired booking ID=82, Customer=1, Released 1 seats
[2025-11-19 20:04:07] ? Cancelled expired booking ID=83, Customer=1, Released 0 seats
[2025-11-19 20:04:07] ? Cancelled expired booking ID=84, Customer=1, Released 0 seats
[2025-11-19 20:04:07] ? Cancelled expired booking ID=85, Customer=1, Released 0 seats
[2025-11-19 20:04:07] ? Cancelled expired booking ID=86, Customer=1, Released 0 seats
[2025-11-19 20:04:07] ? Cancelled expired booking ID=87, Customer=1, Released 0 seats
[2025-11-19 20:04:07] ? Cancelled expired booking ID=88, Customer=1, Released 0 seats
[2025-11-19 20:04:07] ? Cancelled expired booking ID=89, Customer=1, Released 0 seats
[2025-11-19 20:04:07] ? Cancelled expired booking ID=90, Customer=1, Released 0 seats
[2025-11-19 20:04:07] ? Cancelled expired booking ID=92, Customer=2, Released 0 seats
[2025-11-19 20:04:07] ? Cancelled expired booking ID=95, Customer=1, Released 0 seats
[2025-11-19 20:04:07] ? Cancelled expired booking ID=96, Customer=1, Released 0 seats
[2025-11-19 20:04:07] ? Cancelled expired booking ID=97, Customer=1, Released 0 seats
[2025-11-19 20:04:07] ? Cancelled expired booking ID=98, Customer=1, Released 0 seats
[2025-11-19 20:04:07] ? Cancelled expired booking ID=99, Customer=1, Released 0 seats
[2025-11-19 20:04:07] ? Cancelled expired booking ID=100, Customer=1, Released 1 seats
[2025-11-19 20:04:07] ? Cancelled expired booking ID=102, Customer=1, Released 1 seats
[2025-11-19 20:05:07] ? Found 67 expired bookings to cancel
[2025-11-19 20:05:07] ? Cancelled expired booking ID=6, Customer=1, Released 0 seats
[2025-11-19 20:05:07] ? Cancelled expired booking ID=7, Customer=1, Released 0 seats
[2025-11-19 20:05:07] ? Cancelled expired booking ID=8, Customer=1, Released 0 seats
[2025-11-19 20:05:07] ? Cancelled expired booking ID=9, Customer=1, Released 0 seats
[2025-11-19 20:05:07] ? Cancelled expired booking ID=10, Customer=1, Released 1 seats
[2025-11-19 20:05:07] ? Cancelled expired booking ID=11, Customer=1, Released 0 seats
[2025-11-19 20:05:07] ? Cancelled expired booking ID=12, Customer=1, Released 2 seats
[2025-11-19 20:05:07] ? Cancelled expired booking ID=13, Customer=1, Released 1 seats
[2025-11-19 20:05:07] ? Cancelled expired booking ID=14, Customer=1, Released 2 seats
[2025-11-19 20:05:07] ? Cancelled expired booking ID=15, Customer=1, Released 0 seats
[2025-11-19 20:05:07] ? Cancelled expired booking ID=16, Customer=1, Released 0 seats
[2025-11-19 20:05:07] ? Cancelled expired booking ID=17, Customer=1, Released 0 seats
[2025-11-19 20:05:07] ? Cancelled expired booking ID=18, Customer=1, Released 0 seats
[2025-11-19 20:05:07] ? Cancelled expired booking ID=19, Customer=1, Released 1 seats
[2025-11-19 20:05:07] ? Cancelled expired booking ID=20, Customer=1, Released 0 seats
[2025-11-19 20:05:07] ? Cancelled expired booking ID=21, Customer=1, Released 0 seats
[2025-11-19 20:05:07] ? Cancelled expired booking ID=22, Customer=1, Released 0 seats
[2025-11-19 20:05:07] ? Cancelled expired booking ID=23, Customer=1, Released 0 seats
[2025-11-19 20:05:07] ? Cancelled expired booking ID=24, Customer=1, Released 0 seats
[2025-11-19 20:05:07] ? Cancelled expired booking ID=25, Customer=1, Released 0 seats
[2025-11-19 20:05:07] ? Cancelled expired booking ID=26, Customer=1, Released 2 seats
[2025-11-19 20:05:07] ? Cancelled expired booking ID=27, Customer=1, Released 0 seats
[2025-11-19 20:05:07] ? Cancelled expired booking ID=28, Customer=1, Released 0 seats
[2025-11-19 20:05:07] ? Cancelled expired booking ID=29, Customer=1, Released 0 seats
[2025-11-19 20:05:07] ? Cancelled expired booking ID=30, Customer=1, Released 0 seats
[2025-11-19 20:05:07] ? Cancelled expired booking ID=31, Customer=1, Released 1 seats
[2025-11-19 20:05:07] ? Cancelled expired booking ID=32, Customer=1, Released 2 seats
[2025-11-19 20:05:07] ? Cancelled expired booking ID=33, Customer=1, Released 2 seats
[2025-11-19 20:05:07] ? Cancelled expired booking ID=34, Customer=1, Released 2 seats
[2025-11-19 20:05:07] ? Cancelled expired booking ID=35, Customer=1, Released 0 seats
[2025-11-19 20:05:07] ? Cancelled expired booking ID=36, Customer=1, Released 2 seats
[2025-11-19 20:05:07] ? Cancelled expired booking ID=37, Customer=1, Released 1 seats
[2025-11-19 20:05:07] ? Cancelled expired booking ID=38, Customer=1, Released 0 seats
[2025-11-19 20:05:07] ? Cancelled expired booking ID=39, Customer=1, Released 2 seats
[2025-11-19 20:05:07] ? Cancelled expired booking ID=40, Customer=1, Released 0 seats
[2025-11-19 20:05:07] ? Cancelled expired booking ID=41, Customer=1, Released 1 seats
[2025-11-19 20:05:07] ? Cancelled expired booking ID=42, Customer=1, Released 0 seats
[2025-11-19 20:05:07] ? Cancelled expired booking ID=58, Customer=1, Released 0 seats
[2025-11-19 20:05:07] ? Cancelled expired booking ID=64, Customer=1, Released 2 seats
[2025-11-19 20:05:07] ? Cancelled expired booking ID=65, Customer=1, Released 2 seats
[2025-11-19 20:05:07] ? Cancelled expired booking ID=67, Customer=1, Released 2 seats
[2025-11-19 20:05:07] ? Cancelled expired booking ID=68, Customer=1, Released 1 seats
[2025-11-19 20:05:07] ? Cancelled expired booking ID=69, Customer=1, Released 0 seats
[2025-11-19 20:05:07] ? Cancelled expired booking ID=75, Customer=1, Released 0 seats
[2025-11-19 20:05:07] ? Cancelled expired booking ID=76, Customer=1, Released 0 seats
[2025-11-19 20:05:07] ? Cancelled expired booking ID=77, Customer=1, Released 0 seats
[2025-11-19 20:05:07] ? Cancelled expired booking ID=78, Customer=1, Released 0 seats
[2025-11-19 20:05:07] ? Cancelled expired booking ID=79, Customer=1, Released 1 seats
[2025-11-19 20:05:07] ? Cancelled expired booking ID=80, Customer=1, Released 1 seats
[2025-11-19 20:05:07] ? Cancelled expired booking ID=81, Customer=1, Released 0 seats
[2025-11-19 20:05:07] ? Cancelled expired booking ID=82, Customer=1, Released 1 seats
[2025-11-19 20:05:07] ? Cancelled expired booking ID=83, Customer=1, Released 0 seats
[2025-11-19 20:05:07] ? Cancelled expired booking ID=84, Customer=1, Released 0 seats
[2025-11-19 20:05:07] ? Cancelled expired booking ID=85, Customer=1, Released 0 seats
[2025-11-19 20:05:07] ? Cancelled expired booking ID=86, Customer=1, Released 0 seats
[2025-11-19 20:05:07] ? Cancelled expired booking ID=87, Customer=1, Released 0 seats
[2025-11-19 20:05:07] ? Cancelled expired booking ID=88, Customer=1, Released 0 seats
[2025-11-19 20:05:07] ? Cancelled expired booking ID=89, Customer=1, Released 0 seats
[2025-11-19 20:05:07] ? Cancelled expired booking ID=90, Customer=1, Released 0 seats
[2025-11-19 20:05:07] ? Cancelled expired booking ID=92, Customer=2, Released 0 seats
[2025-11-19 20:05:07] ? Cancelled expired booking ID=95, Customer=1, Released 0 seats
[2025-11-19 20:05:07] ? Cancelled expired booking ID=96, Customer=1, Released 0 seats
[2025-11-19 20:05:07] ? Cancelled expired booking ID=97, Customer=1, Released 0 seats
[2025-11-19 20:05:07] ? Cancelled expired booking ID=98, Customer=1, Released 0 seats
[2025-11-19 20:05:07] ? Cancelled expired booking ID=99, Customer=1, Released 0 seats
[2025-11-19 20:05:07] ? Cancelled expired booking ID=100, Customer=1, Released 1 seats
[2025-11-19 20:05:07] ? Cancelled expired booking ID=102, Customer=1, Released 1 seats
[2025-11-19 20:06:07] ? Found 67 expired bookings to cancel
[2025-11-19 20:06:07] ? Cancelled expired booking ID=6, Customer=1, Released 0 seats
[2025-11-19 20:06:07] ? Cancelled expired booking ID=7, Customer=1, Released 0 seats
[2025-11-19 20:06:07] ? Cancelled expired booking ID=8, Customer=1, Released 0 seats
[2025-11-19 20:06:07] ? Cancelled expired booking ID=9, Customer=1, Released 0 seats
[2025-11-19 20:06:07] ? Cancelled expired booking ID=10, Customer=1, Released 1 seats
[2025-11-19 20:06:07] ? Cancelled expired booking ID=11, Customer=1, Released 0 seats
[2025-11-19 20:06:07] ? Cancelled expired booking ID=12, Customer=1, Released 2 seats
[2025-11-19 20:06:07] ? Cancelled expired booking ID=13, Customer=1, Released 1 seats
[2025-11-19 20:06:07] ? Cancelled expired booking ID=14, Customer=1, Released 2 seats
[2025-11-19 20:06:07] ? Cancelled expired booking ID=15, Customer=1, Released 0 seats
[2025-11-19 20:06:07] ? Cancelled expired booking ID=16, Customer=1, Released 0 seats
[2025-11-19 20:06:07] ? Cancelled expired booking ID=17, Customer=1, Released 0 seats
[2025-11-19 20:06:07] ? Cancelled expired booking ID=18, Customer=1, Released 0 seats
[2025-11-19 20:06:07] ? Cancelled expired booking ID=19, Customer=1, Released 1 seats
[2025-11-19 20:06:07] ? Cancelled expired booking ID=20, Customer=1, Released 0 seats
[2025-11-19 20:06:07] ? Cancelled expired booking ID=21, Customer=1, Released 0 seats
[2025-11-19 20:06:07] ? Cancelled expired booking ID=22, Customer=1, Released 0 seats
[2025-11-19 20:06:07] ? Cancelled expired booking ID=23, Customer=1, Released 0 seats
[2025-11-19 20:06:07] ? Cancelled expired booking ID=24, Customer=1, Released 0 seats
[2025-11-19 20:06:07] ? Cancelled expired booking ID=25, Customer=1, Released 0 seats
[2025-11-19 20:06:07] ? Cancelled expired booking ID=26, Customer=1, Released 2 seats
[2025-11-19 20:06:07] ? Cancelled expired booking ID=27, Customer=1, Released 0 seats
[2025-11-19 20:06:07] ? Cancelled expired booking ID=28, Customer=1, Released 0 seats
[2025-11-19 20:06:07] ? Cancelled expired booking ID=29, Customer=1, Released 0 seats
[2025-11-19 20:06:07] ? Cancelled expired booking ID=30, Customer=1, Released 0 seats
[2025-11-19 20:06:07] ? Cancelled expired booking ID=31, Customer=1, Released 1 seats
[2025-11-19 20:06:07] ? Cancelled expired booking ID=32, Customer=1, Released 2 seats
[2025-11-19 20:06:07] ? Cancelled expired booking ID=33, Customer=1, Released 2 seats
[2025-11-19 20:06:07] ? Cancelled expired booking ID=34, Customer=1, Released 2 seats
[2025-11-19 20:06:07] ? Cancelled expired booking ID=35, Customer=1, Released 0 seats
[2025-11-19 20:06:07] ? Cancelled expired booking ID=36, Customer=1, Released 2 seats
[2025-11-19 20:06:07] ? Cancelled expired booking ID=37, Customer=1, Released 1 seats
[2025-11-19 20:06:07] ? Cancelled expired booking ID=38, Customer=1, Released 0 seats
[2025-11-19 20:06:07] ? Cancelled expired booking ID=39, Customer=1, Released 2 seats
[2025-11-19 20:06:07] ? Cancelled expired booking ID=40, Customer=1, Released 0 seats
[2025-11-19 20:06:07] ? Cancelled expired booking ID=41, Customer=1, Released 1 seats
[2025-11-19 20:06:07] ? Cancelled expired booking ID=42, Customer=1, Released 0 seats
[2025-11-19 20:06:07] ? Cancelled expired booking ID=58, Customer=1, Released 0 seats
[2025-11-19 20:06:07] ? Cancelled expired booking ID=64, Customer=1, Released 2 seats
[2025-11-19 20:06:07] ? Cancelled expired booking ID=65, Customer=1, Released 2 seats
[2025-11-19 20:06:07] ? Cancelled expired booking ID=67, Customer=1, Released 2 seats
[2025-11-19 20:06:07] ? Cancelled expired booking ID=68, Customer=1, Released 1 seats
[2025-11-19 20:06:07] ? Cancelled expired booking ID=69, Customer=1, Released 0 seats
[2025-11-19 20:06:07] ? Cancelled expired booking ID=75, Customer=1, Released 0 seats
[2025-11-19 20:06:07] ? Cancelled expired booking ID=76, Customer=1, Released 0 seats
[2025-11-19 20:06:07] ? Cancelled expired booking ID=77, Customer=1, Released 0 seats
[2025-11-19 20:06:07] ? Cancelled expired booking ID=78, Customer=1, Released 0 seats
[2025-11-19 20:06:07] ? Cancelled expired booking ID=79, Customer=1, Released 1 seats
[2025-11-19 20:06:07] ? Cancelled expired booking ID=80, Customer=1, Released 1 seats
[2025-11-19 20:06:07] ? Cancelled expired booking ID=81, Customer=1, Released 0 seats
[2025-11-19 20:06:07] ? Cancelled expired booking ID=82, Customer=1, Released 1 seats
[2025-11-19 20:06:07] ? Cancelled expired booking ID=83, Customer=1, Released 0 seats
[2025-11-19 20:06:07] ? Cancelled expired booking ID=84, Customer=1, Released 0 seats
[2025-11-19 20:06:07] ? Cancelled expired booking ID=85, Customer=1, Released 0 seats
[2025-11-19 20:06:07] ? Cancelled expired booking ID=86, Customer=1, Released 0 seats
[2025-11-19 20:06:07] ? Cancelled expired booking ID=87, Customer=1, Released 0 seats
[2025-11-19 20:06:07] ? Cancelled expired booking ID=88, Customer=1, Released 0 seats
[2025-11-19 20:06:07] ? Cancelled expired booking ID=89, Customer=1, Released 0 seats
[2025-11-19 20:06:07] ? Cancelled expired booking ID=90, Customer=1, Released 0 seats
[2025-11-19 20:06:07] ? Cancelled expired booking ID=92, Customer=2, Released 0 seats
[2025-11-19 20:06:07] ? Cancelled expired booking ID=95, Customer=1, Released 0 seats
[2025-11-19 20:06:07] ? Cancelled expired booking ID=96, Customer=1, Released 0 seats
[2025-11-19 20:06:07] ? Cancelled expired booking ID=97, Customer=1, Released 0 seats
[2025-11-19 20:06:07] ? Cancelled expired booking ID=98, Customer=1, Released 0 seats
[2025-11-19 20:06:07] ? Cancelled expired booking ID=99, Customer=1, Released 0 seats
[2025-11-19 20:06:07] ? Cancelled expired booking ID=100, Customer=1, Released 1 seats
[2025-11-19 20:06:07] ? Cancelled expired booking ID=102, Customer=1, Released 1 seats
[2025-11-19 20:07:07] ? Found 67 expired bookings to cancel
[2025-11-19 20:07:07] ? Cancelled expired booking ID=6, Customer=1, Released 0 seats
[2025-11-19 20:07:07] ? Cancelled expired booking ID=7, Customer=1, Released 0 seats
[2025-11-19 20:07:07] ? Cancelled expired booking ID=8, Customer=1, Released 0 seats
[2025-11-19 20:07:07] ? Cancelled expired booking ID=9, Customer=1, Released 0 seats
[2025-11-19 20:07:07] ? Cancelled expired booking ID=10, Customer=1, Released 1 seats
[2025-11-19 20:07:07] ? Cancelled expired booking ID=11, Customer=1, Released 0 seats
[2025-11-19 20:07:07] ? Cancelled expired booking ID=12, Customer=1, Released 2 seats
[2025-11-19 20:07:07] ? Cancelled expired booking ID=13, Customer=1, Released 1 seats
[2025-11-19 20:07:07] ? Cancelled expired booking ID=14, Customer=1, Released 2 seats
[2025-11-19 20:07:07] ? Cancelled expired booking ID=15, Customer=1, Released 0 seats
[2025-11-19 20:07:07] ? Cancelled expired booking ID=16, Customer=1, Released 0 seats
[2025-11-19 20:07:07] ? Cancelled expired booking ID=17, Customer=1, Released 0 seats
[2025-11-19 20:07:07] ? Cancelled expired booking ID=18, Customer=1, Released 0 seats
[2025-11-19 20:07:07] ? Cancelled expired booking ID=19, Customer=1, Released 1 seats
[2025-11-19 20:07:07] ? Cancelled expired booking ID=20, Customer=1, Released 0 seats
[2025-11-19 20:07:07] ? Cancelled expired booking ID=21, Customer=1, Released 0 seats
[2025-11-19 20:07:07] ? Cancelled expired booking ID=22, Customer=1, Released 0 seats
[2025-11-19 20:07:07] ? Cancelled expired booking ID=23, Customer=1, Released 0 seats
[2025-11-19 20:07:07] ? Cancelled expired booking ID=24, Customer=1, Released 0 seats
[2025-11-19 20:07:07] ? Cancelled expired booking ID=25, Customer=1, Released 0 seats
[2025-11-19 20:07:07] ? Cancelled expired booking ID=26, Customer=1, Released 2 seats
[2025-11-19 20:07:07] ? Cancelled expired booking ID=27, Customer=1, Released 0 seats
[2025-11-19 20:07:07] ? Cancelled expired booking ID=28, Customer=1, Released 0 seats
[2025-11-19 20:07:07] ? Cancelled expired booking ID=29, Customer=1, Released 0 seats
[2025-11-19 20:07:07] ? Cancelled expired booking ID=30, Customer=1, Released 0 seats
[2025-11-19 20:07:07] ? Cancelled expired booking ID=31, Customer=1, Released 1 seats
[2025-11-19 20:07:07] ? Cancelled expired booking ID=32, Customer=1, Released 2 seats
[2025-11-19 20:07:07] ? Cancelled expired booking ID=33, Customer=1, Released 2 seats
[2025-11-19 20:07:07] ? Cancelled expired booking ID=34, Customer=1, Released 2 seats
[2025-11-19 20:07:07] ? Cancelled expired booking ID=35, Customer=1, Released 0 seats
[2025-11-19 20:07:07] ? Cancelled expired booking ID=36, Customer=1, Released 2 seats
[2025-11-19 20:07:07] ? Cancelled expired booking ID=37, Customer=1, Released 1 seats
[2025-11-19 20:07:07] ? Cancelled expired booking ID=38, Customer=1, Released 0 seats
[2025-11-19 20:07:07] ? Cancelled expired booking ID=39, Customer=1, Released 2 seats
[2025-11-19 20:07:07] ? Cancelled expired booking ID=40, Customer=1, Released 0 seats
[2025-11-19 20:07:07] ? Cancelled expired booking ID=41, Customer=1, Released 1 seats
[2025-11-19 20:07:07] ? Cancelled expired booking ID=42, Customer=1, Released 0 seats
[2025-11-19 20:07:07] ? Cancelled expired booking ID=58, Customer=1, Released 0 seats
[2025-11-19 20:07:07] ? Cancelled expired booking ID=64, Customer=1, Released 2 seats
[2025-11-19 20:07:07] ? Cancelled expired booking ID=65, Customer=1, Released 2 seats
[2025-11-19 20:07:07] ? Cancelled expired booking ID=67, Customer=1, Released 2 seats
[2025-11-19 20:07:07] ? Cancelled expired booking ID=68, Customer=1, Released 1 seats
[2025-11-19 20:07:07] ? Cancelled expired booking ID=69, Customer=1, Released 0 seats
[2025-11-19 20:07:07] ? Cancelled expired booking ID=75, Customer=1, Released 0 seats
[2025-11-19 20:07:07] ? Cancelled expired booking ID=76, Customer=1, Released 0 seats
[2025-11-19 20:07:07] ? Cancelled expired booking ID=77, Customer=1, Released 0 seats
[2025-11-19 20:07:07] ? Cancelled expired booking ID=78, Customer=1, Released 0 seats
[2025-11-19 20:07:07] ? Cancelled expired booking ID=79, Customer=1, Released 1 seats
[2025-11-19 20:07:07] ? Cancelled expired booking ID=80, Customer=1, Released 1 seats
[2025-11-19 20:07:07] ? Cancelled expired booking ID=81, Customer=1, Released 0 seats
[2025-11-19 20:07:07] ? Cancelled expired booking ID=82, Customer=1, Released 1 seats
[2025-11-19 20:07:07] ? Cancelled expired booking ID=83, Customer=1, Released 0 seats
[2025-11-19 20:07:07] ? Cancelled expired booking ID=84, Customer=1, Released 0 seats
[2025-11-19 20:07:07] ? Cancelled expired booking ID=85, Customer=1, Released 0 seats
[2025-11-19 20:07:07] ? Cancelled expired booking ID=86, Customer=1, Released 0 seats
[2025-11-19 20:07:07] ? Cancelled expired booking ID=87, Customer=1, Released 0 seats
[2025-11-19 20:07:07] ? Cancelled expired booking ID=88, Customer=1, Released 0 seats
[2025-11-19 20:07:07] ? Cancelled expired booking ID=89, Customer=1, Released 0 seats
[2025-11-19 20:07:07] ? Cancelled expired booking ID=90, Customer=1, Released 0 seats
[2025-11-19 20:07:07] ? Cancelled expired booking ID=92, Customer=2, Released 0 seats
[2025-11-19 20:07:07] ? Cancelled expired booking ID=95, Customer=1, Released 0 seats
[2025-11-19 20:07:07] ? Cancelled expired booking ID=96, Customer=1, Released 0 seats
[2025-11-19 20:07:07] ? Cancelled expired booking ID=97, Customer=1, Released 0 seats
[2025-11-19 20:07:07] ? Cancelled expired booking ID=98, Customer=1, Released 0 seats
[2025-11-19 20:07:07] ? Cancelled expired booking ID=99, Customer=1, Released 0 seats
[2025-11-19 20:07:07] ? Cancelled expired booking ID=100, Customer=1, Released 1 seats
[2025-11-19 20:07:07] ? Cancelled expired booking ID=102, Customer=1, Released 1 seats
[2025-11-19 20:08:07] ? Found 67 expired bookings to cancel
[2025-11-19 20:08:07] ? Cancelled expired booking ID=6, Customer=1, Released 0 seats
[2025-11-19 20:08:07] ? Cancelled expired booking ID=7, Customer=1, Released 0 seats
[2025-11-19 20:08:07] ? Cancelled expired booking ID=8, Customer=1, Released 0 seats
[2025-11-19 20:08:07] ? Cancelled expired booking ID=9, Customer=1, Released 0 seats
[2025-11-19 20:08:07] ? Cancelled expired booking ID=10, Customer=1, Released 1 seats
[2025-11-19 20:08:07] ? Cancelled expired booking ID=11, Customer=1, Released 0 seats
[2025-11-19 20:08:07] ? Cancelled expired booking ID=12, Customer=1, Released 2 seats
[2025-11-19 20:08:07] ? Cancelled expired booking ID=13, Customer=1, Released 1 seats
[2025-11-19 20:08:07] ? Cancelled expired booking ID=14, Customer=1, Released 2 seats
[2025-11-19 20:08:07] ? Cancelled expired booking ID=15, Customer=1, Released 0 seats
[2025-11-19 20:08:07] ? Cancelled expired booking ID=16, Customer=1, Released 0 seats
[2025-11-19 20:08:07] ? Cancelled expired booking ID=17, Customer=1, Released 0 seats
[2025-11-19 20:08:07] ? Cancelled expired booking ID=18, Customer=1, Released 0 seats
[2025-11-19 20:08:07] ? Cancelled expired booking ID=19, Customer=1, Released 1 seats
[2025-11-19 20:08:07] ? Cancelled expired booking ID=20, Customer=1, Released 0 seats
[2025-11-19 20:08:07] ? Cancelled expired booking ID=21, Customer=1, Released 0 seats
[2025-11-19 20:08:07] ? Cancelled expired booking ID=22, Customer=1, Released 0 seats
[2025-11-19 20:08:07] ? Cancelled expired booking ID=23, Customer=1, Released 0 seats
[2025-11-19 20:08:07] ? Cancelled expired booking ID=24, Customer=1, Released 0 seats
[2025-11-19 20:08:07] ? Cancelled expired booking ID=25, Customer=1, Released 0 seats
[2025-11-19 20:08:07] ? Cancelled expired booking ID=26, Customer=1, Released 2 seats
[2025-11-19 20:08:07] ? Cancelled expired booking ID=27, Customer=1, Released 0 seats
[2025-11-19 20:08:07] ? Cancelled expired booking ID=28, Customer=1, Released 0 seats
[2025-11-19 20:08:07] ? Cancelled expired booking ID=29, Customer=1, Released 0 seats
[2025-11-19 20:08:07] ? Cancelled expired booking ID=30, Customer=1, Released 0 seats
[2025-11-19 20:08:07] ? Cancelled expired booking ID=31, Customer=1, Released 1 seats
[2025-11-19 20:08:07] ? Cancelled expired booking ID=32, Customer=1, Released 2 seats
[2025-11-19 20:08:07] ? Cancelled expired booking ID=33, Customer=1, Released 2 seats
[2025-11-19 20:08:07] ? Cancelled expired booking ID=34, Customer=1, Released 2 seats
[2025-11-19 20:08:07] ? Cancelled expired booking ID=35, Customer=1, Released 0 seats
[2025-11-19 20:08:07] ? Cancelled expired booking ID=36, Customer=1, Released 2 seats
[2025-11-19 20:08:07] ? Cancelled expired booking ID=37, Customer=1, Released 1 seats
[2025-11-19 20:08:07] ? Cancelled expired booking ID=38, Customer=1, Released 0 seats
[2025-11-19 20:08:07] ? Cancelled expired booking ID=39, Customer=1, Released 2 seats
[2025-11-19 20:08:07] ? Cancelled expired booking ID=40, Customer=1, Released 0 seats
[2025-11-19 20:08:07] ? Cancelled expired booking ID=41, Customer=1, Released 1 seats
[2025-11-19 20:08:07] ? Cancelled expired booking ID=42, Customer=1, Released 0 seats
[2025-11-19 20:08:07] ? Cancelled expired booking ID=58, Customer=1, Released 0 seats
[2025-11-19 20:08:07] ? Cancelled expired booking ID=64, Customer=1, Released 2 seats
[2025-11-19 20:08:07] ? Cancelled expired booking ID=65, Customer=1, Released 2 seats
[2025-11-19 20:08:07] ? Cancelled expired booking ID=67, Customer=1, Released 2 seats
[2025-11-19 20:08:07] ? Cancelled expired booking ID=68, Customer=1, Released 1 seats
[2025-11-19 20:08:07] ? Cancelled expired booking ID=69, Customer=1, Released 0 seats
[2025-11-19 20:08:07] ? Cancelled expired booking ID=75, Customer=1, Released 0 seats
[2025-11-19 20:08:07] ? Cancelled expired booking ID=76, Customer=1, Released 0 seats
[2025-11-19 20:08:07] ? Cancelled expired booking ID=77, Customer=1, Released 0 seats
[2025-11-19 20:08:07] ? Cancelled expired booking ID=78, Customer=1, Released 0 seats
[2025-11-19 20:08:07] ? Cancelled expired booking ID=79, Customer=1, Released 1 seats
[2025-11-19 20:08:07] ? Cancelled expired booking ID=80, Customer=1, Released 1 seats
[2025-11-19 20:08:07] ? Cancelled expired booking ID=81, Customer=1, Released 0 seats
[2025-11-19 20:08:07] ? Cancelled expired booking ID=82, Customer=1, Released 1 seats
[2025-11-19 20:08:07] ? Cancelled expired booking ID=83, Customer=1, Released 0 seats
[2025-11-19 20:08:07] ? Cancelled expired booking ID=84, Customer=1, Released 0 seats
[2025-11-19 20:08:07] ? Cancelled expired booking ID=85, Customer=1, Released 0 seats
[2025-11-19 20:08:07] ? Cancelled expired booking ID=86, Customer=1, Released 0 seats
[2025-11-19 20:08:07] ? Cancelled expired booking ID=87, Customer=1, Released 0 seats
[2025-11-19 20:08:07] ? Cancelled expired booking ID=88, Customer=1, Released 0 seats
[2025-11-19 20:08:07] ? Cancelled expired booking ID=89, Customer=1, Released 0 seats
[2025-11-19 20:08:07] ? Cancelled expired booking ID=90, Customer=1, Released 0 seats
[2025-11-19 20:08:07] ? Cancelled expired booking ID=92, Customer=2, Released 0 seats
[2025-11-19 20:08:07] ? Cancelled expired booking ID=95, Customer=1, Released 0 seats
[2025-11-19 20:08:07] ? Cancelled expired booking ID=96, Customer=1, Released 0 seats
[2025-11-19 20:08:07] ? Cancelled expired booking ID=97, Customer=1, Released 0 seats
[2025-11-19 20:08:07] ? Cancelled expired booking ID=98, Customer=1, Released 0 seats
[2025-11-19 20:08:07] ? Cancelled expired booking ID=99, Customer=1, Released 0 seats
[2025-11-19 20:08:07] ? Cancelled expired booking ID=100, Customer=1, Released 1 seats
[2025-11-19 20:08:07] ? Cancelled expired booking ID=102, Customer=1, Released 1 seats
[2025-11-19 20:09:07] ? Found 67 expired bookings to cancel
[2025-11-19 20:09:07] ? Cancelled expired booking ID=6, Customer=1, Released 0 seats
[2025-11-19 20:09:07] ? Cancelled expired booking ID=7, Customer=1, Released 0 seats
[2025-11-19 20:09:07] ? Cancelled expired booking ID=8, Customer=1, Released 0 seats
[2025-11-19 20:09:07] ? Cancelled expired booking ID=9, Customer=1, Released 0 seats
[2025-11-19 20:09:07] ? Cancelled expired booking ID=10, Customer=1, Released 1 seats
[2025-11-19 20:09:07] ? Cancelled expired booking ID=11, Customer=1, Released 0 seats
[2025-11-19 20:09:07] ? Cancelled expired booking ID=12, Customer=1, Released 2 seats
[2025-11-19 20:09:07] ? Cancelled expired booking ID=13, Customer=1, Released 1 seats
[2025-11-19 20:09:07] ? Cancelled expired booking ID=14, Customer=1, Released 2 seats
[2025-11-19 20:09:07] ? Cancelled expired booking ID=15, Customer=1, Released 0 seats
[2025-11-19 20:09:07] ? Cancelled expired booking ID=16, Customer=1, Released 0 seats
[2025-11-19 20:09:07] ? Cancelled expired booking ID=17, Customer=1, Released 0 seats
[2025-11-19 20:09:07] ? Cancelled expired booking ID=18, Customer=1, Released 0 seats
[2025-11-19 20:09:07] ? Cancelled expired booking ID=19, Customer=1, Released 1 seats
[2025-11-19 20:09:07] ? Cancelled expired booking ID=20, Customer=1, Released 0 seats
[2025-11-19 20:09:07] ? Cancelled expired booking ID=21, Customer=1, Released 0 seats
[2025-11-19 20:09:07] ? Cancelled expired booking ID=22, Customer=1, Released 0 seats
[2025-11-19 20:09:07] ? Cancelled expired booking ID=23, Customer=1, Released 0 seats
[2025-11-19 20:09:07] ? Cancelled expired booking ID=24, Customer=1, Released 0 seats
[2025-11-19 20:09:07] ? Cancelled expired booking ID=25, Customer=1, Released 0 seats
[2025-11-19 20:09:07] ? Cancelled expired booking ID=26, Customer=1, Released 2 seats
[2025-11-19 20:09:07] ? Cancelled expired booking ID=27, Customer=1, Released 0 seats
[2025-11-19 20:09:07] ? Cancelled expired booking ID=28, Customer=1, Released 0 seats
[2025-11-19 20:09:07] ? Cancelled expired booking ID=29, Customer=1, Released 0 seats
[2025-11-19 20:09:07] ? Cancelled expired booking ID=30, Customer=1, Released 0 seats
[2025-11-19 20:09:07] ? Cancelled expired booking ID=31, Customer=1, Released 1 seats
[2025-11-19 20:09:07] ? Cancelled expired booking ID=32, Customer=1, Released 2 seats
[2025-11-19 20:09:07] ? Cancelled expired booking ID=33, Customer=1, Released 2 seats
[2025-11-19 20:09:07] ? Cancelled expired booking ID=34, Customer=1, Released 2 seats
[2025-11-19 20:09:07] ? Cancelled expired booking ID=35, Customer=1, Released 0 seats
[2025-11-19 20:09:07] ? Cancelled expired booking ID=36, Customer=1, Released 2 seats
[2025-11-19 20:09:07] ? Cancelled expired booking ID=37, Customer=1, Released 1 seats
[2025-11-19 20:09:07] ? Cancelled expired booking ID=38, Customer=1, Released 0 seats
[2025-11-19 20:09:07] ? Cancelled expired booking ID=39, Customer=1, Released 2 seats
[2025-11-19 20:09:07] ? Cancelled expired booking ID=40, Customer=1, Released 0 seats
[2025-11-19 20:09:07] ? Cancelled expired booking ID=41, Customer=1, Released 1 seats
[2025-11-19 20:09:07] ? Cancelled expired booking ID=42, Customer=1, Released 0 seats
[2025-11-19 20:09:07] ? Cancelled expired booking ID=58, Customer=1, Released 0 seats
[2025-11-19 20:09:07] ? Cancelled expired booking ID=64, Customer=1, Released 2 seats
[2025-11-19 20:09:07] ? Cancelled expired booking ID=65, Customer=1, Released 2 seats
[2025-11-19 20:09:07] ? Cancelled expired booking ID=67, Customer=1, Released 2 seats
[2025-11-19 20:09:07] ? Cancelled expired booking ID=68, Customer=1, Released 1 seats
[2025-11-19 20:09:07] ? Cancelled expired booking ID=69, Customer=1, Released 0 seats
[2025-11-19 20:09:07] ? Cancelled expired booking ID=75, Customer=1, Released 0 seats
[2025-11-19 20:09:07] ? Cancelled expired booking ID=76, Customer=1, Released 0 seats
[2025-11-19 20:09:07] ? Cancelled expired booking ID=77, Customer=1, Released 0 seats
[2025-11-19 20:09:07] ? Cancelled expired booking ID=78, Customer=1, Released 0 seats
[2025-11-19 20:09:07] ? Cancelled expired booking ID=79, Customer=1, Released 1 seats
[2025-11-19 20:09:07] ? Cancelled expired booking ID=80, Customer=1, Released 1 seats
[2025-11-19 20:09:07] ? Cancelled expired booking ID=81, Customer=1, Released 0 seats
[2025-11-19 20:09:07] ? Cancelled expired booking ID=82, Customer=1, Released 1 seats
[2025-11-19 20:09:07] ? Cancelled expired booking ID=83, Customer=1, Released 0 seats
[2025-11-19 20:09:07] ? Cancelled expired booking ID=84, Customer=1, Released 0 seats
[2025-11-19 20:09:07] ? Cancelled expired booking ID=85, Customer=1, Released 0 seats
[2025-11-19 20:09:07] ? Cancelled expired booking ID=86, Customer=1, Released 0 seats
[2025-11-19 20:09:07] ? Cancelled expired booking ID=87, Customer=1, Released 0 seats
[2025-11-19 20:09:07] ? Cancelled expired booking ID=88, Customer=1, Released 0 seats
[2025-11-19 20:09:07] ? Cancelled expired booking ID=89, Customer=1, Released 0 seats
[2025-11-19 20:09:07] ? Cancelled expired booking ID=90, Customer=1, Released 0 seats
[2025-11-19 20:09:07] ? Cancelled expired booking ID=92, Customer=2, Released 0 seats
[2025-11-19 20:09:07] ? Cancelled expired booking ID=95, Customer=1, Released 0 seats
[2025-11-19 20:09:07] ? Cancelled expired booking ID=96, Customer=1, Released 0 seats
[2025-11-19 20:09:07] ? Cancelled expired booking ID=97, Customer=1, Released 0 seats
[2025-11-19 20:09:07] ? Cancelled expired booking ID=98, Customer=1, Released 0 seats
[2025-11-19 20:09:07] ? Cancelled expired booking ID=99, Customer=1, Released 0 seats
[2025-11-19 20:09:07] ? Cancelled expired booking ID=100, Customer=1, Released 1 seats
[2025-11-19 20:09:07] ? Cancelled expired booking ID=102, Customer=1, Released 1 seats
[2025-11-19 20:10:39] ? BookingExpirationService started
[2025-11-19 20:11:00] ✅ QR Code URL (new format) generated: https://img.vietqr.io/image/VCB-1031419192-compact2.png?amount=70000&addInfo=VeThe%20Dark%20K
[2025-11-19 20:11:39] ? Found 67 expired bookings to cancel
[2025-11-19 20:11:39] ? Cancelled expired booking ID=6, Customer=1, Released 0 seats
[2025-11-19 20:11:39] ? Cancelled expired booking ID=7, Customer=1, Released 0 seats
[2025-11-19 20:11:39] ? Cancelled expired booking ID=8, Customer=1, Released 0 seats
[2025-11-19 20:11:39] ? Cancelled expired booking ID=9, Customer=1, Released 0 seats
[2025-11-19 20:11:39] ? Cancelled expired booking ID=10, Customer=1, Released 1 seats
[2025-11-19 20:11:39] ? Cancelled expired booking ID=11, Customer=1, Released 0 seats
[2025-11-19 20:11:39] ? Cancelled expired booking ID=12, Customer=1, Released 2 seats
[2025-11-19 20:11:39] ? Cancelled expired booking ID=13, Customer=1, Released 1 seats
[2025-11-19 20:11:39] ? Cancelled expired booking ID=14, Customer=1, Released 2 seats
[2025-11-19 20:11:39] ? Cancelled expired booking ID=15, Customer=1, Released 0 seats
[2025-11-19 20:11:39] ? Cancelled expired booking ID=16, Customer=1, Released 0 seats
[2025-11-19 20:11:39] ? Cancelled expired booking ID=17, Customer=1, Released 0 seats
[2025-11-19 20:11:39] ? Cancelled expired booking ID=18, Customer=1, Released 0 seats
[2025-11-19 20:11:39] ? Cancelled expired booking ID=19, Customer=1, Released 1 seats
[2025-11-19 20:11:39] ? Cancelled expired booking ID=20, Customer=1, Released 0 seats
[2025-11-19 20:11:39] ? Cancelled expired booking ID=21, Customer=1, Released 0 seats
[2025-11-19 20:11:39] ? Cancelled expired booking ID=22, Customer=1, Released 0 seats
[2025-11-19 20:11:39] ? Cancelled expired booking ID=23, Customer=1, Released 0 seats
[2025-11-19 20:11:39] ? Cancelled expired booking ID=24, Customer=1, Released 0 seats
[2025-11-19 20:11:39] ? Cancelled expired booking ID=25, Customer=1, Released 0 seats
[2025-11-19 20:11:39] ? Cancelled expired booking ID=26, Customer=1, Released 2 seats
[2025-11-19 20:11:39] ? Cancelled expired booking ID=27, Customer=1, Released 0 seats
[2025-11-19 20:11:39] ? Cancelled expired booking ID=28, Customer=1, Released 0 seats
[2025-11-19 20:11:39] ? Cancelled expired booking ID=29, Customer=1, Released 0 seats
[2025-11-19 20:11:39] ? Cancelled expired booking ID=30, Customer=1, Released 0 seats
[2025-11-19 20:11:39] ? Cancelled expired booking ID=31, Customer=1, Released 1 seats
[2025-11-19 20:11:39] ? Cancelled expired booking ID=32, Customer=1, Released 2 seats
[2025-11-19 20:11:39] ? Cancelled expired booking ID=33, Customer=1, Released 2 seats
[2025-11-19 20:11:39] ? Cancelled expired booking ID=34, Customer=1, Released 2 seats
[2025-11-19 20:11:39] ? Cancelled expired booking ID=35, Customer=1, Released 0 seats
[2025-11-19 20:11:39] ? Cancelled expired booking ID=36, Customer=1, Released 2 seats
[2025-11-19 20:11:39] ? Cancelled expired booking ID=37, Customer=1, Released 1 seats
[2025-11-19 20:11:39] ? Cancelled expired booking ID=38, Customer=1, Released 0 seats
[2025-11-19 20:11:39] ? Cancelled expired booking ID=39, Customer=1, Released 2 seats
[2025-11-19 20:11:39] ? Cancelled expired booking ID=40, Customer=1, Released 0 seats
[2025-11-19 20:11:39] ? Cancelled expired booking ID=41, Customer=1, Released 1 seats
[2025-11-19 20:11:39] ? Cancelled expired booking ID=42, Customer=1, Released 0 seats
[2025-11-19 20:11:39] ? Cancelled expired booking ID=58, Customer=1, Released 0 seats
[2025-11-19 20:11:39] ? Cancelled expired booking ID=64, Customer=1, Released 2 seats
[2025-11-19 20:11:39] ? Cancelled expired booking ID=65, Customer=1, Released 2 seats
[2025-11-19 20:11:39] ? Cancelled expired booking ID=67, Customer=1, Released 2 seats
[2025-11-19 20:11:39] ? Cancelled expired booking ID=68, Customer=1, Released 1 seats
[2025-11-19 20:11:39] ? Cancelled expired booking ID=69, Customer=1, Released 0 seats
[2025-11-19 20:11:39] ? Cancelled expired booking ID=75, Customer=1, Released 0 seats
[2025-11-19 20:11:39] ? Cancelled expired booking ID=76, Customer=1, Released 0 seats
[2025-11-19 20:11:39] ? Cancelled expired booking ID=77, Customer=1, Released 0 seats
[2025-11-19 20:11:39] ? Cancelled expired booking ID=78, Customer=1, Released 0 seats
[2025-11-19 20:11:39] ? Cancelled expired booking ID=79, Customer=1, Released 1 seats
[2025-11-19 20:11:39] ? Cancelled expired booking ID=80, Customer=1, Released 1 seats
[2025-11-19 20:11:39] ? Cancelled expired booking ID=81, Customer=1, Released 0 seats
[2025-11-19 20:11:39] ? Cancelled expired booking ID=82, Customer=1, Released 1 seats
[2025-11-19 20:11:39] ? Cancelled expired booking ID=83, Customer=1, Released 0 seats
[2025-11-19 20:11:39] ? Cancelled expired booking ID=84, Customer=1, Released 0 seats
[2025-11-19 20:11:39] ? Cancelled expired booking ID=85, Customer=1, Released 0 seats
[2025-11-19 20:11:39] ? Cancelled expired booking ID=86, Customer=1, Released 0 seats
[2025-11-19 20:11:39] ? Cancelled expired booking ID=87, Customer=1, Released 0 seats
[2025-11-19 20:11:39] ? Cancelled expired booking ID=88, Customer=1, Released 0 seats
[2025-11-19 20:11:39] ? Cancelled expired booking ID=89, Customer=1, Released 0 seats
[2025-11-19 20:11:39] ? Cancelled expired booking ID=90, Customer=1, Released 0 seats
[2025-11-19 20:11:39] ? Cancelled expired booking ID=92, Customer=2, Released 0 seats
[2025-11-19 20:11:39] ? Cancelled expired booking ID=95, Customer=1, Released 0 seats
[2025-11-19 20:11:39] ? Cancelled expired booking ID=96, Customer=1, Released 0 seats
[2025-11-19 20:11:39] ? Cancelled expired booking ID=97, Customer=1, Released 0 seats
[2025-11-19 20:11:39] ? Cancelled expired booking ID=98, Customer=1, Released 0 seats
[2025-11-19 20:11:39] ? Cancelled expired booking ID=99, Customer=1, Released 0 seats
[2025-11-19 20:11:39] ? Cancelled expired booking ID=100, Customer=1, Released 1 seats
[2025-11-19 20:11:39] ? Cancelled expired booking ID=102, Customer=1, Released 1 seats
[2025-11-19 20:12:39] ? Found 67 expired bookings to cancel
[2025-11-19 20:12:39] ? Cancelled expired booking ID=6, Customer=1, Released 0 seats
[2025-11-19 20:12:39] ? Cancelled expired booking ID=7, Customer=1, Released 0 seats
[2025-11-19 20:12:39] ? Cancelled expired booking ID=8, Customer=1, Released 0 seats
[2025-11-19 20:12:39] ? Cancelled expired booking ID=9, Customer=1, Released 0 seats
[2025-11-19 20:12:39] ? Cancelled expired booking ID=10, Customer=1, Released 1 seats
[2025-11-19 20:12:39] ? Cancelled expired booking ID=11, Customer=1, Released 0 seats
[2025-11-19 20:12:39] ? Cancelled expired booking ID=12, Customer=1, Released 2 seats
[2025-11-19 20:12:39] ? Cancelled expired booking ID=13, Customer=1, Released 1 seats
[2025-11-19 20:12:39] ? Cancelled expired booking ID=14, Customer=1, Released 2 seats
[2025-11-19 20:12:39] ? Cancelled expired booking ID=15, Customer=1, Released 0 seats
[2025-11-19 20:12:39] ? Cancelled expired booking ID=16, Customer=1, Released 0 seats
[2025-11-19 20:12:39] ? Cancelled expired booking ID=17, Customer=1, Released 0 seats
[2025-11-19 20:12:39] ? Cancelled expired booking ID=18, Customer=1, Released 0 seats
[2025-11-19 20:12:39] ? Cancelled expired booking ID=19, Customer=1, Released 1 seats
[2025-11-19 20:12:39] ? Cancelled expired booking ID=20, Customer=1, Released 0 seats
[2025-11-19 20:12:39] ? Cancelled expired booking ID=21, Customer=1, Released 0 seats
[2025-11-19 20:12:39] ? Cancelled expired booking ID=22, Customer=1, Released 0 seats
[2025-11-19 20:12:39] ? Cancelled expired booking ID=23, Customer=1, Released 0 seats
[2025-11-19 20:12:39] ? Cancelled expired booking ID=24, Customer=1, Released 0 seats
[2025-11-19 20:12:39] ? Cancelled expired booking ID=25, Customer=1, Released 0 seats
[2025-11-19 20:12:39] ? Cancelled expired booking ID=26, Customer=1, Released 2 seats
[2025-11-19 20:12:39] ? Cancelled expired booking ID=27, Customer=1, Released 0 seats
[2025-11-19 20:12:39] ? Cancelled expired booking ID=28, Customer=1, Released 0 seats
[2025-11-19 20:12:39] ? Cancelled expired booking ID=29, Customer=1, Released 0 seats
[2025-11-19 20:12:39] ? Cancelled expired booking ID=30, Customer=1, Released 0 seats
[2025-11-19 20:12:39] ? Cancelled expired booking ID=31, Customer=1, Released 1 seats
[2025-11-19 20:12:39] ? Cancelled expired booking ID=32, Customer=1, Released 2 seats
[2025-11-19 20:12:39] ? Cancelled expired booking ID=33, Customer=1, Released 2 seats
[2025-11-19 20:12:39] ? Cancelled expired booking ID=34, Customer=1, Released 2 seats
[2025-11-19 20:12:39] ? Cancelled expired booking ID=35, Customer=1, Released 0 seats
[2025-11-19 20:12:39] ? Cancelled expired booking ID=36, Customer=1, Released 2 seats
[2025-11-19 20:12:39] ? Cancelled expired booking ID=37, Customer=1, Released 1 seats
[2025-11-19 20:12:39] ? Cancelled expired booking ID=38, Customer=1, Released 0 seats
[2025-11-19 20:12:39] ? Cancelled expired booking ID=39, Customer=1, Released 2 seats
[2025-11-19 20:12:39] ? Cancelled expired booking ID=40, Customer=1, Released 0 seats
[2025-11-19 20:12:39] ? Cancelled expired booking ID=41, Customer=1, Released 1 seats
[2025-11-19 20:12:39] ? Cancelled expired booking ID=42, Customer=1, Released 0 seats
[2025-11-19 20:12:39] ? Cancelled expired booking ID=58, Customer=1, Released 0 seats
[2025-11-19 20:12:39] ? Cancelled expired booking ID=64, Customer=1, Released 2 seats
[2025-11-19 20:12:39] ? Cancelled expired booking ID=65, Customer=1, Released 2 seats
[2025-11-19 20:12:39] ? Cancelled expired booking ID=67, Customer=1, Released 2 seats
[2025-11-19 20:12:39] ? Cancelled expired booking ID=68, Customer=1, Released 1 seats
[2025-11-19 20:12:39] ? Cancelled expired booking ID=69, Customer=1, Released 0 seats
[2025-11-19 20:12:39] ? Cancelled expired booking ID=75, Customer=1, Released 0 seats
[2025-11-19 20:12:39] ? Cancelled expired booking ID=76, Customer=1, Released 0 seats
[2025-11-19 20:12:39] ? Cancelled expired booking ID=77, Customer=1, Released 0 seats
[2025-11-19 20:12:39] ? Cancelled expired booking ID=78, Customer=1, Released 0 seats
[2025-11-19 20:12:39] ? Cancelled expired booking ID=79, Customer=1, Released 1 seats
[2025-11-19 20:12:39] ? Cancelled expired booking ID=80, Customer=1, Released 1 seats
[2025-11-19 20:12:39] ? Cancelled expired booking ID=81, Customer=1, Released 0 seats
[2025-11-19 20:12:39] ? Cancelled expired booking ID=82, Customer=1, Released 1 seats
[2025-11-19 20:12:39] ? Cancelled expired booking ID=83, Customer=1, Released 0 seats
[2025-11-19 20:12:39] ? Cancelled expired booking ID=84, Customer=1, Released 0 seats
[2025-11-19 20:12:39] ? Cancelled expired booking ID=85, Customer=1, Released 0 seats
[2025-11-19 20:12:39] ? Cancelled expired booking ID=86, Customer=1, Released 0 seats
[2025-11-19 20:12:39] ? Cancelled expired booking ID=87, Customer=1, Released 0 seats
[2025-11-19 20:12:39] ? Cancelled expired booking ID=88, Customer=1, Released 0 seats
[2025-11-19 20:12:39] ? Cancelled expired booking ID=89, Customer=1, Released 0 seats
[2025-11-19 20:12:39] ? Cancelled expired booking ID=90, Customer=1, Released 0 seats
[2025-11-19 20:12:39] ? Cancelled expired booking ID=92, Customer=2, Released 0 seats
[2025-11-19 20:12:39] ? Cancelled expired booking ID=95, Customer=1, Released 0 seats
[2025-11-19 20:12:39] ? Cancelled expired booking ID=96, Customer=1, Released 0 seats
[2025-11-19 20:12:39] ? Cancelled expired booking ID=97, Customer=1, Released 0 seats
[2025-11-19 20:12:39] ? Cancelled expired booking ID=98, Customer=1, Released 0 seats
[2025-11-19 20:12:39] ? Cancelled expired booking ID=99, Customer=1, Released 0 seats
[2025-11-19 20:12:39] ? Cancelled expired booking ID=100, Customer=1, Released 1 seats
[2025-11-19 20:12:39] ? Cancelled expired booking ID=102, Customer=1, Released 1 seats
[2025-11-19 20:13:39] ? Found 67 expired bookings to cancel
[2025-11-19 20:13:39] ? Cancelled expired booking ID=6, Customer=1, Released 0 seats
[2025-11-19 20:13:39] ? Cancelled expired booking ID=7, Customer=1, Released 0 seats
[2025-11-19 20:13:39] ? Cancelled expired booking ID=8, Customer=1, Released 0 seats
[2025-11-19 20:13:39] ? Cancelled expired booking ID=9, Customer=1, Released 0 seats
[2025-11-19 20:13:39] ? Cancelled expired booking ID=10, Customer=1, Released 1 seats
[2025-11-19 20:13:39] ? Cancelled expired booking ID=11, Customer=1, Released 0 seats
[2025-11-19 20:13:39] ? Cancelled expired booking ID=12, Customer=1, Released 2 seats
[2025-11-19 20:13:39] ? Cancelled expired booking ID=13, Customer=1, Released 1 seats
[2025-11-19 20:13:39] ? Cancelled expired booking ID=14, Customer=1, Released 2 seats
[2025-11-19 20:13:39] ? Cancelled expired booking ID=15, Customer=1, Released 0 seats
[2025-11-19 20:13:39] ? Cancelled expired booking ID=16, Customer=1, Released 0 seats
[2025-11-19 20:13:39] ? Cancelled expired booking ID=17, Customer=1, Released 0 seats
[2025-11-19 20:13:39] ? Cancelled expired booking ID=18, Customer=1, Released 0 seats
[2025-11-19 20:13:39] ? Cancelled expired booking ID=19, Customer=1, Released 1 seats
[2025-11-19 20:13:39] ? Cancelled expired booking ID=20, Customer=1, Released 0 seats
[2025-11-19 20:13:39] ? Cancelled expired booking ID=21, Customer=1, Released 0 seats
[2025-11-19 20:13:39] ? Cancelled expired booking ID=22, Customer=1, Released 0 seats
[2025-11-19 20:13:39] ? Cancelled expired booking ID=23, Customer=1, Released 0 seats
[2025-11-19 20:13:39] ? Cancelled expired booking ID=24, Customer=1, Released 0 seats
[2025-11-19 20:13:39] ? Cancelled expired booking ID=25, Customer=1, Released 0 seats
[2025-11-19 20:13:39] ? Cancelled expired booking ID=26, Customer=1, Released 2 seats
[2025-11-19 20:13:39] ? Cancelled expired booking ID=27, Customer=1, Released 0 seats
[2025-11-19 20:13:39] ? Cancelled expired booking ID=28, Customer=1, Released 0 seats
[2025-11-19 20:13:39] ? Cancelled expired booking ID=29, Customer=1, Released 0 seats
[2025-11-19 20:13:39] ? Cancelled expired booking ID=30, Customer=1, Released 0 seats
[2025-11-19 20:13:39] ? Cancelled expired booking ID=31, Customer=1, Released 1 seats
[2025-11-19 20:13:39] ? Cancelled expired booking ID=32, Customer=1, Released 2 seats
[2025-11-19 20:13:39] ? Cancelled expired booking ID=33, Customer=1, Released 2 seats
[2025-11-19 20:13:39] ? Cancelled expired booking ID=34, Customer=1, Released 2 seats
[2025-11-19 20:13:39] ? Cancelled expired booking ID=35, Customer=1, Released 0 seats
[2025-11-19 20:13:39] ? Cancelled expired booking ID=36, Customer=1, Released 2 seats
[2025-11-19 20:13:39] ? Cancelled expired booking ID=37, Customer=1, Released 1 seats
[2025-11-19 20:13:39] ? Cancelled expired booking ID=38, Customer=1, Released 0 seats
[2025-11-19 20:13:39] ? Cancelled expired booking ID=39, Customer=1, Released 2 seats
[2025-11-19 20:13:39] ? Cancelled expired booking ID=40, Customer=1, Released 0 seats
[2025-11-19 20:13:39] ? Cancelled expired booking ID=41, Customer=1, Released 1 seats
[2025-11-19 20:13:39] ? Cancelled expired booking ID=42, Customer=1, Released 0 seats
[2025-11-19 20:13:39] ? Cancelled expired booking ID=58, Customer=1, Released 0 seats
[2025-11-19 20:13:39] ? Cancelled expired booking ID=64, Customer=1, Released 2 seats
[2025-11-19 20:13:39] ? Cancelled expired booking ID=65, Customer=1, Released 2 seats
[2025-11-19 20:13:39] ? Cancelled expired booking ID=67, Customer=1, Released 2 seats
[2025-11-19 20:13:39] ? Cancelled expired booking ID=68, Customer=1, Released 1 seats
[2025-11-19 20:13:39] ? Cancelled expired booking ID=69, Customer=1, Released 0 seats
[2025-11-19 20:13:39] ? Cancelled expired booking ID=75, Customer=1, Released 0 seats
[2025-11-19 20:13:39] ? Cancelled expired booking ID=76, Customer=1, Released 0 seats
[2025-11-19 20:13:39] ? Cancelled expired booking ID=77, Customer=1, Released 0 seats
[2025-11-19 20:13:39] ? Cancelled expired booking ID=78, Customer=1, Released 0 seats
[2025-11-19 20:13:39] ? Cancelled expired booking ID=79, Customer=1, Released 1 seats
[2025-11-19 20:13:39] ? Cancelled expired booking ID=80, Customer=1, Released 1 seats
[2025-11-19 20:13:39] ? Cancelled expired booking ID=81, Customer=1, Released 0 seats
[2025-11-19 20:13:39] ? Cancelled expired booking ID=82, Customer=1, Released 1 seats
[2025-11-19 20:13:39] ? Cancelled expired booking ID=83, Customer=1, Released 0 seats
[2025-11-19 20:13:39] ? Cancelled expired booking ID=84, Customer=1, Released 0 seats
[2025-11-19 20:13:39] ? Cancelled expired booking ID=85, Customer=1, Released 0 seats
[2025-11-19 20:13:39] ? Cancelled expired booking ID=86, Customer=1, Released 0 seats
[2025-11-19 20:13:39] ? Cancelled expired booking ID=87, Customer=1, Released 0 seats
[2025-11-19 20:13:39] ? Cancelled expired booking ID=88, Customer=1, Released 0 seats
[2025-11-19 20:13:39] ? Cancelled expired booking ID=89, Customer=1, Released 0 seats
[2025-11-19 20:13:39] ? Cancelled expired booking ID=90, Customer=1, Released 0 seats
[2025-11-19 20:13:39] ? Cancelled expired booking ID=92, Customer=2, Released 0 seats
[2025-11-19 20:13:39] ? Cancelled expired booking ID=95, Customer=1, Released 0 seats
[2025-11-19 20:13:39] ? Cancelled expired booking ID=96, Customer=1, Released 0 seats
[2025-11-19 20:13:39] ? Cancelled expired booking ID=97, Customer=1, Released 0 seats
[2025-11-19 20:13:39] ? Cancelled expired booking ID=98, Customer=1, Released 0 seats
[2025-11-19 20:13:39] ? Cancelled expired booking ID=99, Customer=1, Released 0 seats
[2025-11-19 20:13:39] ? Cancelled expired booking ID=100, Customer=1, Released 1 seats
[2025-11-19 20:13:39] ? Cancelled expired booking ID=102, Customer=1, Released 1 seats
[2025-11-19 20:14:36] ✅ QR Code URL (new format) generated: https://img.vietqr.io/image/VCB-1031419192-compact2.png?amount=70000&addInfo=VeThe%20Dark%20K
[2025-11-19 20:14:39] ? Found 67 expired bookings to cancel
[2025-11-19 20:14:39] ? Cancelled expired booking ID=6, Customer=1, Released 0 seats
[2025-11-19 20:14:39] ? Cancelled expired booking ID=7, Customer=1, Released 0 seats
[2025-11-19 20:14:39] ? Cancelled expired booking ID=8, Customer=1, Released 0 seats
[2025-11-19 20:14:39] ? Cancelled expired booking ID=9, Customer=1, Released 0 seats
[2025-11-19 20:14:39] ? Cancelled expired booking ID=10, Customer=1, Released 1 seats
[2025-11-19 20:14:39] ? Cancelled expired booking ID=11, Customer=1, Released 0 seats
[2025-11-19 20:14:39] ? Cancelled expired booking ID=12, Customer=1, Released 2 seats
[2025-11-19 20:14:39] ? Cancelled expired booking ID=13, Customer=1, Released 1 seats
[2025-11-19 20:14:39] ? Cancelled expired booking ID=14, Customer=1, Released 2 seats
[2025-11-19 20:14:39] ? Cancelled expired booking ID=15, Customer=1, Released 0 seats
[2025-11-19 20:14:39] ? Cancelled expired booking ID=16, Customer=1, Released 0 seats
[2025-11-19 20:14:39] ? Cancelled expired booking ID=17, Customer=1, Released 0 seats
[2025-11-19 20:14:39] ? Cancelled expired booking ID=18, Customer=1, Released 0 seats
[2025-11-19 20:14:39] ? Cancelled expired booking ID=19, Customer=1, Released 1 seats
[2025-11-19 20:14:39] ? Cancelled expired booking ID=20, Customer=1, Released 0 seats
[2025-11-19 20:14:39] ? Cancelled expired booking ID=21, Customer=1, Released 0 seats
[2025-11-19 20:14:39] ? Cancelled expired booking ID=22, Customer=1, Released 0 seats
[2025-11-19 20:14:39] ? Cancelled expired booking ID=23, Customer=1, Released 0 seats
[2025-11-19 20:14:39] ? Cancelled expired booking ID=24, Customer=1, Released 0 seats
[2025-11-19 20:14:39] ? Cancelled expired booking ID=25, Customer=1, Released 0 seats
[2025-11-19 20:14:39] ? Cancelled expired booking ID=26, Customer=1, Released 2 seats
[2025-11-19 20:14:39] ? Cancelled expired booking ID=27, Customer=1, Released 0 seats
[2025-11-19 20:14:39] ? Cancelled expired booking ID=28, Customer=1, Released 0 seats
[2025-11-19 20:14:39] ? Cancelled expired booking ID=29, Customer=1, Released 0 seats
[2025-11-19 20:14:39] ? Cancelled expired booking ID=30, Customer=1, Released 0 seats
[2025-11-19 20:14:39] ? Cancelled expired booking ID=31, Customer=1, Released 1 seats
[2025-11-19 20:14:39] ? Cancelled expired booking ID=32, Customer=1, Released 2 seats
[2025-11-19 20:14:39] ? Cancelled expired booking ID=33, Customer=1, Released 2 seats
[2025-11-19 20:14:39] ? Cancelled expired booking ID=34, Customer=1, Released 2 seats
[2025-11-19 20:14:39] ? Cancelled expired booking ID=35, Customer=1, Released 0 seats
[2025-11-19 20:14:39] ? Cancelled expired booking ID=36, Customer=1, Released 2 seats
[2025-11-19 20:14:39] ? Cancelled expired booking ID=37, Customer=1, Released 1 seats
[2025-11-19 20:14:39] ? Cancelled expired booking ID=38, Customer=1, Released 0 seats
[2025-11-19 20:14:39] ? Cancelled expired booking ID=39, Customer=1, Released 2 seats
[2025-11-19 20:14:39] ? Cancelled expired booking ID=40, Customer=1, Released 0 seats
[2025-11-19 20:14:39] ? Cancelled expired booking ID=41, Customer=1, Released 1 seats
[2025-11-19 20:14:39] ? Cancelled expired booking ID=42, Customer=1, Released 0 seats
[2025-11-19 20:14:39] ? Cancelled expired booking ID=58, Customer=1, Released 0 seats
[2025-11-19 20:14:39] ? Cancelled expired booking ID=64, Customer=1, Released 2 seats
[2025-11-19 20:14:39] ? Cancelled expired booking ID=65, Customer=1, Released 2 seats
[2025-11-19 20:14:39] ? Cancelled expired booking ID=67, Customer=1, Released 2 seats
[2025-11-19 20:14:39] ? Cancelled expired booking ID=68, Customer=1, Released 1 seats
[2025-11-19 20:14:39] ? Cancelled expired booking ID=69, Customer=1, Released 0 seats
[2025-11-19 20:14:39] ? Cancelled expired booking ID=75, Customer=1, Released 0 seats
[2025-11-19 20:14:39] ? Cancelled expired booking ID=76, Customer=1, Released 0 seats
[2025-11-19 20:14:39] ? Cancelled expired booking ID=77, Customer=1, Released 0 seats
[2025-11-19 20:14:39] ? Cancelled expired booking ID=78, Customer=1, Released 0 seats
[2025-11-19 20:14:39] ? Cancelled expired booking ID=79, Customer=1, Released 1 seats
[2025-11-19 20:14:39] ? Cancelled expired booking ID=80, Customer=1, Released 1 seats
[2025-11-19 20:14:39] ? Cancelled expired booking ID=81, Customer=1, Released 0 seats
[2025-11-19 20:14:39] ? Cancelled expired booking ID=82, Customer=1, Released 1 seats
[2025-11-19 20:14:39] ? Cancelled expired booking ID=83, Customer=1, Released 0 seats
[2025-11-19 20:14:39] ? Cancelled expired booking ID=84, Customer=1, Released 0 seats
[2025-11-19 20:14:39] ? Cancelled expired booking ID=85, Customer=1, Released 0 seats
[2025-11-19 20:14:39] ? Cancelled expired booking ID=86, Customer=1, Released 0 seats
[2025-11-19 20:14:39] ? Cancelled expired booking ID=87, Customer=1, Released 0 seats
[2025-11-19 20:14:39] ? Cancelled expired booking ID=88, Customer=1, Released 0 seats
[2025-11-19 20:14:39] ? Cancelled expired booking ID=89, Customer=1, Released 0 seats
[2025-11-19 20:14:39] ? Cancelled expired booking ID=90, Customer=1, Released 0 seats
[2025-11-19 20:14:39] ? Cancelled expired booking ID=92, Customer=2, Released 0 seats
[2025-11-19 20:14:39] ? Cancelled expired booking ID=95, Customer=1, Released 0 seats
[2025-11-19 20:14:39] ? Cancelled expired booking ID=96, Customer=1, Released 0 seats
[2025-11-19 20:14:39] ? Cancelled expired booking ID=97, Customer=1, Released 0 seats
[2025-11-19 20:14:39] ? Cancelled expired booking ID=98, Customer=1, Released 0 seats
[2025-11-19 20:14:39] ? Cancelled expired booking ID=99, Customer=1, Released 0 seats
[2025-11-19 20:14:39] ? Cancelled expired booking ID=100, Customer=1, Released 1 seats
[2025-11-19 20:14:39] ? Cancelled expired booking ID=102, Customer=1, Released 1 seats
[2025-11-19 20:15:39] ? Found 67 expired bookings to cancel
[2025-11-19 20:15:39] ? Cancelled expired booking ID=6, Customer=1, Released 0 seats
[2025-11-19 20:15:39] ? Cancelled expired booking ID=7, Customer=1, Released 0 seats
[2025-11-19 20:15:39] ? Cancelled expired booking ID=8, Customer=1, Released 0 seats
[2025-11-19 20:15:39] ? Cancelled expired booking ID=9, Customer=1, Released 0 seats
[2025-11-19 20:15:39] ? Cancelled expired booking ID=10, Customer=1, Released 1 seats
[2025-11-19 20:15:39] ? Cancelled expired booking ID=11, Customer=1, Released 0 seats
[2025-11-19 20:15:39] ? Cancelled expired booking ID=12, Customer=1, Released 2 seats
[2025-11-19 20:15:39] ? Cancelled expired booking ID=13, Customer=1, Released 1 seats
[2025-11-19 20:15:39] ? Cancelled expired booking ID=14, Customer=1, Released 2 seats
[2025-11-19 20:15:39] ? Cancelled expired booking ID=15, Customer=1, Released 0 seats
[2025-11-19 20:15:39] ? Cancelled expired booking ID=16, Customer=1, Released 0 seats
[2025-11-19 20:15:39] ? Cancelled expired booking ID=17, Customer=1, Released 0 seats
[2025-11-19 20:15:39] ? Cancelled expired booking ID=18, Customer=1, Released 0 seats
[2025-11-19 20:15:39] ? Cancelled expired booking ID=19, Customer=1, Released 1 seats
[2025-11-19 20:15:39] ? Cancelled expired booking ID=20, Customer=1, Released 0 seats
[2025-11-19 20:15:39] ? Cancelled expired booking ID=21, Customer=1, Released 0 seats
[2025-11-19 20:15:39] ? Cancelled expired booking ID=22, Customer=1, Released 0 seats
[2025-11-19 20:15:39] ? Cancelled expired booking ID=23, Customer=1, Released 0 seats
[2025-11-19 20:15:39] ? Cancelled expired booking ID=24, Customer=1, Released 0 seats
[2025-11-19 20:15:39] ? Cancelled expired booking ID=25, Customer=1, Released 0 seats
[2025-11-19 20:15:39] ? Cancelled expired booking ID=26, Customer=1, Released 2 seats
[2025-11-19 20:15:39] ? Cancelled expired booking ID=27, Customer=1, Released 0 seats
[2025-11-19 20:15:39] ? Cancelled expired booking ID=28, Customer=1, Released 0 seats
[2025-11-19 20:15:39] ? Cancelled expired booking ID=29, Customer=1, Released 0 seats
[2025-11-19 20:15:39] ? Cancelled expired booking ID=30, Customer=1, Released 0 seats
[2025-11-19 20:15:39] ? Cancelled expired booking ID=31, Customer=1, Released 1 seats
[2025-11-19 20:15:39] ? Cancelled expired booking ID=32, Customer=1, Released 2 seats
[2025-11-19 20:15:39] ? Cancelled expired booking ID=33, Customer=1, Released 2 seats
[2025-11-19 20:15:39] ? Cancelled expired booking ID=34, Customer=1, Released 2 seats
[2025-11-19 20:15:39] ? Cancelled expired booking ID=35, Customer=1, Released 0 seats
[2025-11-19 20:15:39] ? Cancelled expired booking ID=36, Customer=1, Released 2 seats
[2025-11-19 20:15:39] ? Cancelled expired booking ID=37, Customer=1, Released 1 seats
[2025-11-19 20:15:39] ? Cancelled expired booking ID=38, Customer=1, Released 0 seats
[2025-11-19 20:15:39] ? Cancelled expired booking ID=39, Customer=1, Released 2 seats
[2025-11-19 20:15:39] ? Cancelled expired booking ID=40, Customer=1, Released 0 seats
[2025-11-19 20:15:39] ? Cancelled expired booking ID=41, Customer=1, Released 1 seats
[2025-11-19 20:15:39] ? Cancelled expired booking ID=42, Customer=1, Released 0 seats
[2025-11-19 20:15:39] ? Cancelled expired booking ID=58, Customer=1, Released 0 seats
[2025-11-19 20:15:39] ? Cancelled expired booking ID=64, Customer=1, Released 2 seats
[2025-11-19 20:15:39] ? Cancelled expired booking ID=65, Customer=1, Released 2 seats
[2025-11-19 20:15:39] ? Cancelled expired booking ID=67, Customer=1, Released 2 seats
[2025-11-19 20:15:39] ? Cancelled expired booking ID=68, Customer=1, Released 1 seats
[2025-11-19 20:15:39] ? Cancelled expired booking ID=69, Customer=1, Released 0 seats
[2025-11-19 20:15:39] ? Cancelled expired booking ID=75, Customer=1, Released 0 seats
[2025-11-19 20:15:39] ? Cancelled expired booking ID=76, Customer=1, Released 0 seats
[2025-11-19 20:15:39] ? Cancelled expired booking ID=77, Customer=1, Released 0 seats
[2025-11-19 20:15:39] ? Cancelled expired booking ID=78, Customer=1, Released 0 seats
[2025-11-19 20:15:39] ? Cancelled expired booking ID=79, Customer=1, Released 1 seats
[2025-11-19 20:15:39] ? Cancelled expired booking ID=80, Customer=1, Released 1 seats
[2025-11-19 20:15:39] ? Cancelled expired booking ID=81, Customer=1, Released 0 seats
[2025-11-19 20:15:39] ? Cancelled expired booking ID=82, Customer=1, Released 1 seats
[2025-11-19 20:15:39] ? Cancelled expired booking ID=83, Customer=1, Released 0 seats
[2025-11-19 20:15:39] ? Cancelled expired booking ID=84, Customer=1, Released 0 seats
[2025-11-19 20:15:39] ? Cancelled expired booking ID=85, Customer=1, Released 0 seats
[2025-11-19 20:15:39] ? Cancelled expired booking ID=86, Customer=1, Released 0 seats
[2025-11-19 20:15:39] ? Cancelled expired booking ID=87, Customer=1, Released 0 seats
[2025-11-19 20:15:39] ? Cancelled expired booking ID=88, Customer=1, Released 0 seats
[2025-11-19 20:15:39] ? Cancelled expired booking ID=89, Customer=1, Released 0 seats
[2025-11-19 20:15:39] ? Cancelled expired booking ID=90, Customer=1, Released 0 seats
[2025-11-19 20:15:39] ? Cancelled expired booking ID=92, Customer=2, Released 0 seats
[2025-11-19 20:15:39] ? Cancelled expired booking ID=95, Customer=1, Released 0 seats
[2025-11-19 20:15:39] ? Cancelled expired booking ID=96, Customer=1, Released 0 seats
[2025-11-19 20:15:39] ? Cancelled expired booking ID=97, Customer=1, Released 0 seats
[2025-11-19 20:15:39] ? Cancelled expired booking ID=98, Customer=1, Released 0 seats
[2025-11-19 20:15:39] ? Cancelled expired booking ID=99, Customer=1, Released 0 seats
[2025-11-19 20:15:39] ? Cancelled expired booking ID=100, Customer=1, Released 1 seats
[2025-11-19 20:15:39] ? Cancelled expired booking ID=102, Customer=1, Released 1 seats
[2025-11-19 20:16:39] ? Found 67 expired bookings to cancel
[2025-11-19 20:16:39] ? Cancelled expired booking ID=6, Customer=1, Released 0 seats
[2025-11-19 20:16:39] ? Cancelled expired booking ID=7, Customer=1, Released 0 seats
[2025-11-19 20:16:39] ? Cancelled expired booking ID=8, Customer=1, Released 0 seats
[2025-11-19 20:16:39] ? Cancelled expired booking ID=9, Customer=1, Released 0 seats
[2025-11-19 20:16:39] ? Cancelled expired booking ID=10, Customer=1, Released 1 seats
[2025-11-19 20:16:39] ? Cancelled expired booking ID=11, Customer=1, Released 0 seats
[2025-11-19 20:16:39] ? Cancelled expired booking ID=12, Customer=1, Released 2 seats
[2025-11-19 20:16:39] ? Cancelled expired booking ID=13, Customer=1, Released 1 seats
[2025-11-19 20:16:39] ? Cancelled expired booking ID=14, Customer=1, Released 2 seats
[2025-11-19 20:16:39] ? Cancelled expired booking ID=15, Customer=1, Released 0 seats
[2025-11-19 20:16:39] ? Cancelled expired booking ID=16, Customer=1, Released 0 seats
[2025-11-19 20:16:39] ? Cancelled expired booking ID=17, Customer=1, Released 0 seats
[2025-11-19 20:16:39] ? Cancelled expired booking ID=18, Customer=1, Released 0 seats
[2025-11-19 20:16:39] ? Cancelled expired booking ID=19, Customer=1, Released 1 seats
[2025-11-19 20:16:39] ? Cancelled expired booking ID=20, Customer=1, Released 0 seats
[2025-11-19 20:16:39] ? Cancelled expired booking ID=21, Customer=1, Released 0 seats
[2025-11-19 20:16:39] ? Cancelled expired booking ID=22, Customer=1, Released 0 seats
[2025-11-19 20:16:39] ? Cancelled expired booking ID=23, Customer=1, Released 0 seats
[2025-11-19 20:16:39] ? Cancelled expired booking ID=24, Customer=1, Released 0 seats
[2025-11-19 20:16:39] ? Cancelled expired booking ID=25, Customer=1, Released 0 seats
[2025-11-19 20:16:39] ? Cancelled expired booking ID=26, Customer=1, Released 2 seats
[2025-11-19 20:16:39] ? Cancelled expired booking ID=27, Customer=1, Released 0 seats
[2025-11-19 20:16:39] ? Cancelled expired booking ID=28, Customer=1, Released 0 seats
[2025-11-19 20:16:39] ? Cancelled expired booking ID=29, Customer=1, Released 0 seats
[2025-11-19 20:16:39] ? Cancelled expired booking ID=30, Customer=1, Released 0 seats
[2025-11-19 20:16:39] ? Cancelled expired booking ID=31, Customer=1, Released 1 seats
[2025-11-19 20:16:39] ? Cancelled expired booking ID=32, Customer=1, Released 2 seats
[2025-11-19 20:16:39] ? Cancelled expired booking ID=33, Customer=1, Released 2 seats
[2025-11-19 20:16:39] ? Cancelled expired booking ID=34, Customer=1, Released 2 seats
[2025-11-19 20:16:39] ? Cancelled expired booking ID=35, Customer=1, Released 0 seats
[2025-11-19 20:16:39] ? Cancelled expired booking ID=36, Customer=1, Released 2 seats
[2025-11-19 20:16:39] ? Cancelled expired booking ID=37, Customer=1, Released 1 seats
[2025-11-19 20:16:39] ? Cancelled expired booking ID=38, Customer=1, Released 0 seats
[2025-11-19 20:16:39] ? Cancelled expired booking ID=39, Customer=1, Released 2 seats
[2025-11-19 20:16:39] ? Cancelled expired booking ID=40, Customer=1, Released 0 seats
[2025-11-19 20:16:39] ? Cancelled expired booking ID=41, Customer=1, Released 1 seats
[2025-11-19 20:16:39] ? Cancelled expired booking ID=42, Customer=1, Released 0 seats
[2025-11-19 20:16:39] ? Cancelled expired booking ID=58, Customer=1, Released 0 seats
[2025-11-19 20:16:39] ? Cancelled expired booking ID=64, Customer=1, Released 2 seats
[2025-11-19 20:16:39] ? Cancelled expired booking ID=65, Customer=1, Released 2 seats
[2025-11-19 20:16:39] ? Cancelled expired booking ID=67, Customer=1, Released 2 seats
[2025-11-19 20:16:39] ? Cancelled expired booking ID=68, Customer=1, Released 1 seats
[2025-11-19 20:16:39] ? Cancelled expired booking ID=69, Customer=1, Released 0 seats
[2025-11-19 20:16:39] ? Cancelled expired booking ID=75, Customer=1, Released 0 seats
[2025-11-19 20:16:39] ? Cancelled expired booking ID=76, Customer=1, Released 0 seats
[2025-11-19 20:16:39] ? Cancelled expired booking ID=77, Customer=1, Released 0 seats
[2025-11-19 20:16:39] ? Cancelled expired booking ID=78, Customer=1, Released 0 seats
[2025-11-19 20:16:39] ? Cancelled expired booking ID=79, Customer=1, Released 1 seats
[2025-11-19 20:16:39] ? Cancelled expired booking ID=80, Customer=1, Released 1 seats
[2025-11-19 20:16:39] ? Cancelled expired booking ID=81, Customer=1, Released 0 seats
[2025-11-19 20:16:39] ? Cancelled expired booking ID=82, Customer=1, Released 1 seats
[2025-11-19 20:16:39] ? Cancelled expired booking ID=83, Customer=1, Released 0 seats
[2025-11-19 20:16:39] ? Cancelled expired booking ID=84, Customer=1, Released 0 seats
[2025-11-19 20:16:39] ? Cancelled expired booking ID=85, Customer=1, Released 0 seats
[2025-11-19 20:16:39] ? Cancelled expired booking ID=86, Customer=1, Released 0 seats
[2025-11-19 20:16:39] ? Cancelled expired booking ID=87, Customer=1, Released 0 seats
[2025-11-19 20:16:39] ? Cancelled expired booking ID=88, Customer=1, Released 0 seats
[2025-11-19 20:16:39] ? Cancelled expired booking ID=89, Customer=1, Released 0 seats
[2025-11-19 20:16:39] ? Cancelled expired booking ID=90, Customer=1, Released 0 seats
[2025-11-19 20:16:39] ? Cancelled expired booking ID=92, Customer=2, Released 0 seats
[2025-11-19 20:16:39] ? Cancelled expired booking ID=95, Customer=1, Released 0 seats
[2025-11-19 20:16:39] ? Cancelled expired booking ID=96, Customer=1, Released 0 seats
[2025-11-19 20:16:39] ? Cancelled expired booking ID=97, Customer=1, Released 0 seats
[2025-11-19 20:16:39] ? Cancelled expired booking ID=98, Customer=1, Released 0 seats
[2025-11-19 20:16:39] ? Cancelled expired booking ID=99, Customer=1, Released 0 seats
[2025-11-19 20:16:39] ? Cancelled expired booking ID=100, Customer=1, Released 1 seats
[2025-11-19 20:16:39] ? Cancelled expired booking ID=102, Customer=1, Released 1 seats
[2025-11-19 20:17:39] ? Found 67 expired bookings to cancel
[2025-11-19 20:17:39] ? Cancelled expired booking ID=6, Customer=1, Released 0 seats
[2025-11-19 20:17:39] ? Cancelled expired booking ID=7, Customer=1, Released 0 seats
[2025-11-19 20:17:39] ? Cancelled expired booking ID=8, Customer=1, Released 0 seats
[2025-11-19 20:17:39] ? Cancelled expired booking ID=9, Customer=1, Released 0 seats
[2025-11-19 20:17:39] ? Cancelled expired booking ID=10, Customer=1, Released 1 seats
[2025-11-19 20:17:39] ? Cancelled expired booking ID=11, Customer=1, Released 0 seats
[2025-11-19 20:17:39] ? Cancelled expired booking ID=12, Customer=1, Released 2 seats
[2025-11-19 20:17:39] ? Cancelled expired booking ID=13, Customer=1, Released 1 seats
[2025-11-19 20:17:39] ? Cancelled expired booking ID=14, Customer=1, Released 2 seats
[2025-11-19 20:17:39] ? Cancelled expired booking ID=15, Customer=1, Released 0 seats
[2025-11-19 20:17:39] ? Cancelled expired booking ID=16, Customer=1, Released 0 seats
[2025-11-19 20:17:39] ? Cancelled expired booking ID=17, Customer=1, Released 0 seats
[2025-11-19 20:17:39] ? Cancelled expired booking ID=18, Customer=1, Released 0 seats
[2025-11-19 20:17:39] ? Cancelled expired booking ID=19, Customer=1, Released 1 seats
[2025-11-19 20:17:39] ? Cancelled expired booking ID=20, Customer=1, Released 0 seats
[2025-11-19 20:17:39] ? Cancelled expired booking ID=21, Customer=1, Released 0 seats
[2025-11-19 20:17:39] ? Cancelled expired booking ID=22, Customer=1, Released 0 seats
[2025-11-19 20:17:39] ? Cancelled expired booking ID=23, Customer=1, Released 0 seats
[2025-11-19 20:17:39] ? Cancelled expired booking ID=24, Customer=1, Released 0 seats
[2025-11-19 20:17:39] ? Cancelled expired booking ID=25, Customer=1, Released 0 seats
[2025-11-19 20:17:39] ? Cancelled expired booking ID=26, Customer=1, Released 2 seats
[2025-11-19 20:17:39] ? Cancelled expired booking ID=27, Customer=1, Released 0 seats
[2025-11-19 20:17:39] ? Cancelled expired booking ID=28, Customer=1, Released 0 seats
[2025-11-19 20:17:39] ? Cancelled expired booking ID=29, Customer=1, Released 0 seats
[2025-11-19 20:17:39] ? Cancelled expired booking ID=30, Customer=1, Released 0 seats
[2025-11-19 20:17:39] ? Cancelled expired booking ID=31, Customer=1, Released 1 seats
[2025-11-19 20:17:39] ? Cancelled expired booking ID=32, Customer=1, Released 2 seats
[2025-11-19 20:17:39] ? Cancelled expired booking ID=33, Customer=1, Released 2 seats
[2025-11-19 20:17:39] ? Cancelled expired booking ID=34, Customer=1, Released 2 seats
[2025-11-19 20:17:39] ? Cancelled expired booking ID=35, Customer=1, Released 0 seats
[2025-11-19 20:17:39] ? Cancelled expired booking ID=36, Customer=1, Released 2 seats
[2025-11-19 20:17:39] ? Cancelled expired booking ID=37, Customer=1, Released 1 seats
[2025-11-19 20:17:39] ? Cancelled expired booking ID=38, Customer=1, Released 0 seats
[2025-11-19 20:17:39] ? Cancelled expired booking ID=39, Customer=1, Released 2 seats
[2025-11-19 20:17:39] ? Cancelled expired booking ID=40, Customer=1, Released 0 seats
[2025-11-19 20:17:39] ? Cancelled expired booking ID=41, Customer=1, Released 1 seats
[2025-11-19 20:17:39] ? Cancelled expired booking ID=42, Customer=1, Released 0 seats
[2025-11-19 20:17:39] ? Cancelled expired booking ID=58, Customer=1, Released 0 seats
[2025-11-19 20:17:39] ? Cancelled expired booking ID=64, Customer=1, Released 2 seats
[2025-11-19 20:17:39] ? Cancelled expired booking ID=65, Customer=1, Released 2 seats
[2025-11-19 20:17:39] ? Cancelled expired booking ID=67, Customer=1, Released 2 seats
[2025-11-19 20:17:39] ? Cancelled expired booking ID=68, Customer=1, Released 1 seats
[2025-11-19 20:17:39] ? Cancelled expired booking ID=69, Customer=1, Released 0 seats
[2025-11-19 20:17:39] ? Cancelled expired booking ID=75, Customer=1, Released 0 seats
[2025-11-19 20:17:39] ? Cancelled expired booking ID=76, Customer=1, Released 0 seats
[2025-11-19 20:17:39] ? Cancelled expired booking ID=77, Customer=1, Released 0 seats
[2025-11-19 20:17:39] ? Cancelled expired booking ID=78, Customer=1, Released 0 seats
[2025-11-19 20:17:39] ? Cancelled expired booking ID=79, Customer=1, Released 1 seats
[2025-11-19 20:17:39] ? Cancelled expired booking ID=80, Customer=1, Released 1 seats
[2025-11-19 20:17:39] ? Cancelled expired booking ID=81, Customer=1, Released 0 seats
[2025-11-19 20:17:39] ? Cancelled expired booking ID=82, Customer=1, Released 1 seats
[2025-11-19 20:17:39] ? Cancelled expired booking ID=83, Customer=1, Released 0 seats
[2025-11-19 20:17:39] ? Cancelled expired booking ID=84, Customer=1, Released 0 seats
[2025-11-19 20:17:39] ? Cancelled expired booking ID=85, Customer=1, Released 0 seats
[2025-11-19 20:17:39] ? Cancelled expired booking ID=86, Customer=1, Released 0 seats
[2025-11-19 20:17:39] ? Cancelled expired booking ID=87, Customer=1, Released 0 seats
[2025-11-19 20:17:39] ? Cancelled expired booking ID=88, Customer=1, Released 0 seats
[2025-11-19 20:17:39] ? Cancelled expired booking ID=89, Customer=1, Released 0 seats
[2025-11-19 20:17:39] ? Cancelled expired booking ID=90, Customer=1, Released 0 seats
[2025-11-19 20:17:39] ? Cancelled expired booking ID=92, Customer=2, Released 0 seats
[2025-11-19 20:17:39] ? Cancelled expired booking ID=95, Customer=1, Released 0 seats
[2025-11-19 20:17:39] ? Cancelled expired booking ID=96, Customer=1, Released 0 seats
[2025-11-19 20:17:39] ? Cancelled expired booking ID=97, Customer=1, Released 0 seats
[2025-11-19 20:17:39] ? Cancelled expired booking ID=98, Customer=1, Released 0 seats
[2025-11-19 20:17:39] ? Cancelled expired booking ID=99, Customer=1, Released 0 seats
[2025-11-19 20:17:39] ? Cancelled expired booking ID=100, Customer=1, Released 1 seats
[2025-11-19 20:17:39] ? Cancelled expired booking ID=102, Customer=1, Released 1 seats
[2025-11-19 20:18:39] ? Found 67 expired bookings to cancel
[2025-11-19 20:18:39] ? Cancelled expired booking ID=6, Customer=1, Released 0 seats
[2025-11-19 20:18:39] ? Cancelled expired booking ID=7, Customer=1, Released 0 seats
[2025-11-19 20:18:39] ? Cancelled expired booking ID=8, Customer=1, Released 0 seats
[2025-11-19 20:18:39] ? Cancelled expired booking ID=9, Customer=1, Released 0 seats
[2025-11-19 20:18:39] ? Cancelled expired booking ID=10, Customer=1, Released 1 seats
[2025-11-19 20:18:39] ? Cancelled expired booking ID=11, Customer=1, Released 0 seats
[2025-11-19 20:18:39] ? Cancelled expired booking ID=12, Customer=1, Released 2 seats
[2025-11-19 20:18:39] ? Cancelled expired booking ID=13, Customer=1, Released 1 seats
[2025-11-19 20:18:39] ? Cancelled expired booking ID=14, Customer=1, Released 2 seats
[2025-11-19 20:18:39] ? Cancelled expired booking ID=15, Customer=1, Released 0 seats
[2025-11-19 20:18:39] ? Cancelled expired booking ID=16, Customer=1, Released 0 seats
[2025-11-19 20:18:39] ? Cancelled expired booking ID=17, Customer=1, Released 0 seats
[2025-11-19 20:18:39] ? Cancelled expired booking ID=18, Customer=1, Released 0 seats
[2025-11-19 20:18:39] ? Cancelled expired booking ID=19, Customer=1, Released 1 seats
[2025-11-19 20:18:39] ? Cancelled expired booking ID=20, Customer=1, Released 0 seats
[2025-11-19 20:18:39] ? Cancelled expired booking ID=21, Customer=1, Released 0 seats
[2025-11-19 20:18:39] ? Cancelled expired booking ID=22, Customer=1, Released 0 seats
[2025-11-19 20:18:39] ? Cancelled expired booking ID=23, Customer=1, Released 0 seats
[2025-11-19 20:18:39] ? Cancelled expired booking ID=24, Customer=1, Released 0 seats
[2025-11-19 20:18:39] ? Cancelled expired booking ID=25, Customer=1, Released 0 seats
[2025-11-19 20:18:39] ? Cancelled expired booking ID=26, Customer=1, Released 2 seats
[2025-11-19 20:18:39] ? Cancelled expired booking ID=27, Customer=1, Released 0 seats
[2025-11-19 20:18:39] ? Cancelled expired booking ID=28, Customer=1, Released 0 seats
[2025-11-19 20:18:39] ? Cancelled expired booking ID=29, Customer=1, Released 0 seats
[2025-11-19 20:18:39] ? Cancelled expired booking ID=30, Customer=1, Released 0 seats
[2025-11-19 20:18:39] ? Cancelled expired booking ID=31, Customer=1, Released 1 seats
[2025-11-19 20:18:39] ? Cancelled expired booking ID=32, Customer=1, Released 2 seats
[2025-11-19 20:18:39] ? Cancelled expired booking ID=33, Customer=1, Released 2 seats
[2025-11-19 20:18:39] ? Cancelled expired booking ID=34, Customer=1, Released 2 seats
[2025-11-19 20:18:39] ? Cancelled expired booking ID=35, Customer=1, Released 0 seats
[2025-11-19 20:18:39] ? Cancelled expired booking ID=36, Customer=1, Released 2 seats
[2025-11-19 20:18:39] ? Cancelled expired booking ID=37, Customer=1, Released 1 seats
[2025-11-19 20:18:39] ? Cancelled expired booking ID=38, Customer=1, Released 0 seats
[2025-11-19 20:18:39] ? Cancelled expired booking ID=39, Customer=1, Released 2 seats
[2025-11-19 20:18:39] ? Cancelled expired booking ID=40, Customer=1, Released 0 seats
[2025-11-19 20:18:39] ? Cancelled expired booking ID=41, Customer=1, Released 1 seats
[2025-11-19 20:18:39] ? Cancelled expired booking ID=42, Customer=1, Released 0 seats
[2025-11-19 20:18:39] ? Cancelled expired booking ID=58, Customer=1, Released 0 seats
[2025-11-19 20:18:39] ? Cancelled expired booking ID=64, Customer=1, Released 2 seats
[2025-11-19 20:18:39] ? Cancelled expired booking ID=65, Customer=1, Released 2 seats
[2025-11-19 20:18:39] ? Cancelled expired booking ID=67, Customer=1, Released 2 seats
[2025-11-19 20:18:39] ? Cancelled expired booking ID=68, Customer=1, Released 1 seats
[2025-11-19 20:18:39] ? Cancelled expired booking ID=69, Customer=1, Released 0 seats
[2025-11-19 20:18:39] ? Cancelled expired booking ID=75, Customer=1, Released 0 seats
[2025-11-19 20:18:39] ? Cancelled expired booking ID=76, Customer=1, Released 0 seats
[2025-11-19 20:18:39] ? Cancelled expired booking ID=77, Customer=1, Released 0 seats
[2025-11-19 20:18:39] ? Cancelled expired booking ID=78, Customer=1, Released 0 seats
[2025-11-19 20:18:39] ? Cancelled expired booking ID=79, Customer=1, Released 1 seats
[2025-11-19 20:18:39] ? Cancelled expired booking ID=80, Customer=1, Released 1 seats
[2025-11-19 20:18:39] ? Cancelled expired booking ID=81, Customer=1, Released 0 seats
[2025-11-19 20:18:39] ? Cancelled expired booking ID=82, Customer=1, Released 1 seats
[2025-11-19 20:18:39] ? Cancelled expired booking ID=83, Customer=1, Released 0 seats
[2025-11-19 20:18:39] ? Cancelled expired booking ID=84, Customer=1, Released 0 seats
[2025-11-19 20:18:39] ? Cancelled expired booking ID=85, Customer=1, Released 0 seats
[2025-11-19 20:18:39] ? Cancelled expired booking ID=86, Customer=1, Released 0 seats
[2025-11-19 20:18:39] ? Cancelled expired booking ID=87, Customer=1, Released 0 seats
[2025-11-19 20:18:39] ? Cancelled expired booking ID=88, Customer=1, Released 0 seats
[2025-11-19 20:18:39] ? Cancelled expired booking ID=89, Customer=1, Released 0 seats
[2025-11-19 20:18:39] ? Cancelled expired booking ID=90, Customer=1, Released 0 seats
[2025-11-19 20:18:39] ? Cancelled expired booking ID=92, Customer=2, Released 0 seats
[2025-11-19 20:18:39] ? Cancelled expired booking ID=95, Customer=1, Released 0 seats
[2025-11-19 20:18:39] ? Cancelled expired booking ID=96, Customer=1, Released 0 seats
[2025-11-19 20:18:39] ? Cancelled expired booking ID=97, Customer=1, Released 0 seats
[2025-11-19 20:18:39] ? Cancelled expired booking ID=98, Customer=1, Released 0 seats
[2025-11-19 20:18:39] ? Cancelled expired booking ID=99, Customer=1, Released 0 seats
[2025-11-19 20:18:39] ? Cancelled expired booking ID=100, Customer=1, Released 1 seats
[2025-11-19 20:18:39] ? Cancelled expired booking ID=102, Customer=1, Released 1 seats
[2025-11-19 20:19:39] ? Found 67 expired bookings to cancel
[2025-11-19 20:19:39] ? Cancelled expired booking ID=6, Customer=1, Released 0 seats
[2025-11-19 20:19:39] ? Cancelled expired booking ID=7, Customer=1, Released 0 seats
[2025-11-19 20:19:39] ? Cancelled expired booking ID=8, Customer=1, Released 0 seats
[2025-11-19 20:19:39] ? Cancelled expired booking ID=9, Customer=1, Released 0 seats
[2025-11-19 20:19:39] ? Cancelled expired booking ID=10, Customer=1, Released 1 seats
[2025-11-19 20:19:39] ? Cancelled expired booking ID=11, Customer=1, Released 0 seats
[2025-11-19 20:19:39] ? Cancelled expired booking ID=12, Customer=1, Released 2 seats
[2025-11-19 20:19:39] ? Cancelled expired booking ID=13, Customer=1, Released 1 seats
[2025-11-19 20:19:39] ? Cancelled expired booking ID=14, Customer=1, Released 2 seats
[2025-11-19 20:19:39] ? Cancelled expired booking ID=15, Customer=1, Released 0 seats
[2025-11-19 20:19:39] ? Cancelled expired booking ID=16, Customer=1, Released 0 seats
[2025-11-19 20:19:39] ? Cancelled expired booking ID=17, Customer=1, Released 0 seats
[2025-11-19 20:19:39] ? Cancelled expired booking ID=18, Customer=1, Released 0 seats
[2025-11-19 20:19:39] ? Cancelled expired booking ID=19, Customer=1, Released 1 seats
[2025-11-19 20:19:39] ? Cancelled expired booking ID=20, Customer=1, Released 0 seats
[2025-11-19 20:19:39] ? Cancelled expired booking ID=21, Customer=1, Released 0 seats
[2025-11-19 20:19:39] ? Cancelled expired booking ID=22, Customer=1, Released 0 seats
[2025-11-19 20:19:39] ? Cancelled expired booking ID=23, Customer=1, Released 0 seats
[2025-11-19 20:19:39] ? Cancelled expired booking ID=24, Customer=1, Released 0 seats
[2025-11-19 20:19:39] ? Cancelled expired booking ID=25, Customer=1, Released 0 seats
[2025-11-19 20:19:39] ? Cancelled expired booking ID=26, Customer=1, Released 2 seats
[2025-11-19 20:19:39] ? Cancelled expired booking ID=27, Customer=1, Released 0 seats
[2025-11-19 20:19:39] ? Cancelled expired booking ID=28, Customer=1, Released 0 seats
[2025-11-19 20:19:39] ? Cancelled expired booking ID=29, Customer=1, Released 0 seats
[2025-11-19 20:19:39] ? Cancelled expired booking ID=30, Customer=1, Released 0 seats
[2025-11-19 20:19:39] ? Cancelled expired booking ID=31, Customer=1, Released 1 seats
[2025-11-19 20:19:39] ? Cancelled expired booking ID=32, Customer=1, Released 2 seats
[2025-11-19 20:19:39] ? Cancelled expired booking ID=33, Customer=1, Released 2 seats
[2025-11-19 20:19:39] ? Cancelled expired booking ID=34, Customer=1, Released 2 seats
[2025-11-19 20:19:39] ? Cancelled expired booking ID=35, Customer=1, Released 0 seats
[2025-11-19 20:19:39] ? Cancelled expired booking ID=36, Customer=1, Released 2 seats
[2025-11-19 20:19:39] ? Cancelled expired booking ID=37, Customer=1, Released 1 seats
[2025-11-19 20:19:39] ? Cancelled expired booking ID=38, Customer=1, Released 0 seats
[2025-11-19 20:19:39] ? Cancelled expired booking ID=39, Customer=1, Released 2 seats
[2025-11-19 20:19:39] ? Cancelled expired booking ID=40, Customer=1, Released 0 seats
[2025-11-19 20:19:39] ? Cancelled expired booking ID=41, Customer=1, Released 1 seats
[2025-11-19 20:19:39] ? Cancelled expired booking ID=42, Customer=1, Released 0 seats
[2025-11-19 20:19:39] ? Cancelled expired booking ID=58, Customer=1, Released 0 seats
[2025-11-19 20:19:39] ? Cancelled expired booking ID=64, Customer=1, Released 2 seats
[2025-11-19 20:19:39] ? Cancelled expired booking ID=65, Customer=1, Released 2 seats
[2025-11-19 20:19:39] ? Cancelled expired booking ID=67, Customer=1, Released 2 seats
[2025-11-19 20:19:39] ? Cancelled expired booking ID=68, Customer=1, Released 1 seats
[2025-11-19 20:19:39] ? Cancelled expired booking ID=69, Customer=1, Released 0 seats
[2025-11-19 20:19:39] ? Cancelled expired booking ID=75, Customer=1, Released 0 seats
[2025-11-19 20:19:39] ? Cancelled expired booking ID=76, Customer=1, Released 0 seats
[2025-11-19 20:19:39] ? Cancelled expired booking ID=77, Customer=1, Released 0 seats
[2025-11-19 20:19:39] ? Cancelled expired booking ID=78, Customer=1, Released 0 seats
[2025-11-19 20:19:39] ? Cancelled expired booking ID=79, Customer=1, Released 1 seats
[2025-11-19 20:19:39] ? Cancelled expired booking ID=80, Customer=1, Released 1 seats
[2025-11-19 20:19:39] ? Cancelled expired booking ID=81, Customer=1, Released 0 seats
[2025-11-19 20:19:39] ? Cancelled expired booking ID=82, Customer=1, Released 1 seats
[2025-11-19 20:19:39] ? Cancelled expired booking ID=83, Customer=1, Released 0 seats
[2025-11-19 20:19:39] ? Cancelled expired booking ID=84, Customer=1, Released 0 seats
[2025-11-19 20:19:39] ? Cancelled expired booking ID=85, Customer=1, Released 0 seats
[2025-11-19 20:19:39] ? Cancelled expired booking ID=86, Customer=1, Released 0 seats
[2025-11-19 20:19:39] ? Cancelled expired booking ID=87, Customer=1, Released 0 seats
[2025-11-19 20:19:39] ? Cancelled expired booking ID=88, Customer=1, Released 0 seats
[2025-11-19 20:19:39] ? Cancelled expired booking ID=89, Customer=1, Released 0 seats
[2025-11-19 20:19:39] ? Cancelled expired booking ID=90, Customer=1, Released 0 seats
[2025-11-19 20:19:39] ? Cancelled expired booking ID=92, Customer=2, Released 0 seats
[2025-11-19 20:19:39] ? Cancelled expired booking ID=95, Customer=1, Released 0 seats
[2025-11-19 20:19:39] ? Cancelled expired booking ID=96, Customer=1, Released 0 seats
[2025-11-19 20:19:39] ? Cancelled expired booking ID=97, Customer=1, Released 0 seats
[2025-11-19 20:19:39] ? Cancelled expired booking ID=98, Customer=1, Released 0 seats
[2025-11-19 20:19:39] ? Cancelled expired booking ID=99, Customer=1, Released 0 seats
[2025-11-19 20:19:39] ? Cancelled expired booking ID=100, Customer=1, Released 1 seats
[2025-11-19 20:19:39] ? Cancelled expired booking ID=102, Customer=1, Released 1 seats
[2025-11-19 20:20:39] ? Found 67 expired bookings to cancel
[2025-11-19 20:20:39] ? Cancelled expired booking ID=6, Customer=1, Released 0 seats
[2025-11-19 20:20:39] ? Cancelled expired booking ID=7, Customer=1, Released 0 seats
[2025-11-19 20:20:39] ? Cancelled expired booking ID=8, Customer=1, Released 0 seats
[2025-11-19 20:20:39] ? Cancelled expired booking ID=9, Customer=1, Released 0 seats
[2025-11-19 20:20:39] ? Cancelled expired booking ID=10, Customer=1, Released 1 seats
[2025-11-19 20:20:39] ? Cancelled expired booking ID=11, Customer=1, Released 0 seats
[2025-11-19 20:20:39] ? Cancelled expired booking ID=12, Customer=1, Released 2 seats
[2025-11-19 20:20:39] ? Cancelled expired booking ID=13, Customer=1, Released 1 seats
[2025-11-19 20:20:39] ? Cancelled expired booking ID=14, Customer=1, Released 2 seats
[2025-11-19 20:20:39] ? Cancelled expired booking ID=15, Customer=1, Released 0 seats
[2025-11-19 20:20:39] ? Cancelled expired booking ID=16, Customer=1, Released 0 seats
[2025-11-19 20:20:39] ? Cancelled expired booking ID=17, Customer=1, Released 0 seats
[2025-11-19 20:20:39] ? Cancelled expired booking ID=18, Customer=1, Released 0 seats
[2025-11-19 20:20:39] ? Cancelled expired booking ID=19, Customer=1, Released 1 seats
[2025-11-19 20:20:39] ? Cancelled expired booking ID=20, Customer=1, Released 0 seats
[2025-11-19 20:20:39] ? Cancelled expired booking ID=21, Customer=1, Released 0 seats
[2025-11-19 20:20:39] ? Cancelled expired booking ID=22, Customer=1, Released 0 seats
[2025-11-19 20:20:39] ? Cancelled expired booking ID=23, Customer=1, Released 0 seats
[2025-11-19 20:20:39] ? Cancelled expired booking ID=24, Customer=1, Released 0 seats
[2025-11-19 20:20:39] ? Cancelled expired booking ID=25, Customer=1, Released 0 seats
[2025-11-19 20:20:39] ? Cancelled expired booking ID=26, Customer=1, Released 2 seats
[2025-11-19 20:20:39] ? Cancelled expired booking ID=27, Customer=1, Released 0 seats
[2025-11-19 20:20:39] ? Cancelled expired booking ID=28, Customer=1, Released 0 seats
[2025-11-19 20:20:39] ? Cancelled expired booking ID=29, Customer=1, Released 0 seats
[2025-11-19 20:20:39] ? Cancelled expired booking ID=30, Customer=1, Released 0 seats
[2025-11-19 20:20:39] ? Cancelled expired booking ID=31, Customer=1, Released 1 seats
[2025-11-19 20:20:39] ? Cancelled expired booking ID=32, Customer=1, Released 2 seats
[2025-11-19 20:20:39] ? Cancelled expired booking ID=33, Customer=1, Released 2 seats
[2025-11-19 20:20:39] ? Cancelled expired booking ID=34, Customer=1, Released 2 seats
[2025-11-19 20:20:39] ? Cancelled expired booking ID=35, Customer=1, Released 0 seats
[2025-11-19 20:20:39] ? Cancelled expired booking ID=36, Customer=1, Released 2 seats
[2025-11-19 20:20:39] ? Cancelled expired booking ID=37, Customer=1, Released 1 seats
[2025-11-19 20:20:39] ? Cancelled expired booking ID=38, Customer=1, Released 0 seats
[2025-11-19 20:20:39] ? Cancelled expired booking ID=39, Customer=1, Released 2 seats
[2025-11-19 20:20:39] ? Cancelled expired booking ID=40, Customer=1, Released 0 seats
[2025-11-19 20:20:39] ? Cancelled expired booking ID=41, Customer=1, Released 1 seats
[2025-11-19 20:20:39] ? Cancelled expired booking ID=42, Customer=1, Released 0 seats
[2025-11-19 20:20:39] ? Cancelled expired booking ID=58, Customer=1, Released 0 seats
[2025-11-19 20:20:39] ? Cancelled expired booking ID=64, Customer=1, Released 2 seats
[2025-11-19 20:20:39] ? Cancelled expired booking ID=65, Customer=1, Released 2 seats
[2025-11-19 20:20:39] ? Cancelled expired booking ID=67, Customer=1, Released 2 seats
[2025-11-19 20:20:39] ? Cancelled expired booking ID=68, Customer=1, Released 1 seats
[2025-11-19 20:20:39] ? Cancelled expired booking ID=69, Customer=1, Released 0 seats
[2025-11-19 20:20:39] ? Cancelled expired booking ID=75, Customer=1, Released 0 seats
[2025-11-19 20:20:39] ? Cancelled expired booking ID=76, Customer=1, Released 0 seats
[2025-11-19 20:20:39] ? Cancelled expired booking ID=77, Customer=1, Released 0 seats
[2025-11-19 20:20:39] ? Cancelled expired booking ID=78, Customer=1, Released 0 seats
[2025-11-19 20:20:39] ? Cancelled expired booking ID=79, Customer=1, Released 1 seats
[2025-11-19 20:20:39] ? Cancelled expired booking ID=80, Customer=1, Released 1 seats
[2025-11-19 20:20:39] ? Cancelled expired booking ID=81, Customer=1, Released 0 seats
[2025-11-19 20:20:39] ? Cancelled expired booking ID=82, Customer=1, Released 1 seats
[2025-11-19 20:20:39] ? Cancelled expired booking ID=83, Customer=1, Released 0 seats
[2025-11-19 20:20:39] ? Cancelled expired booking ID=84, Customer=1, Released 0 seats
[2025-11-19 20:20:39] ? Cancelled expired booking ID=85, Customer=1, Released 0 seats
[2025-11-19 20:20:39] ? Cancelled expired booking ID=86, Customer=1, Released 0 seats
[2025-11-19 20:20:39] ? Cancelled expired booking ID=87, Customer=1, Released 0 seats
[2025-11-19 20:20:39] ? Cancelled expired booking ID=88, Customer=1, Released 0 seats
[2025-11-19 20:20:39] ? Cancelled expired booking ID=89, Customer=1, Released 0 seats
[2025-11-19 20:20:39] ? Cancelled expired booking ID=90, Customer=1, Released 0 seats
[2025-11-19 20:20:39] ? Cancelled expired booking ID=92, Customer=2, Released 0 seats
[2025-11-19 20:20:39] ? Cancelled expired booking ID=95, Customer=1, Released 0 seats
[2025-11-19 20:20:39] ? Cancelled expired booking ID=96, Customer=1, Released 0 seats
[2025-11-19 20:20:39] ? Cancelled expired booking ID=97, Customer=1, Released 0 seats
[2025-11-19 20:20:39] ? Cancelled expired booking ID=98, Customer=1, Released 0 seats
[2025-11-19 20:20:39] ? Cancelled expired booking ID=99, Customer=1, Released 0 seats
[2025-11-19 20:20:39] ? Cancelled expired booking ID=100, Customer=1, Released 1 seats
[2025-11-19 20:20:39] ? Cancelled expired booking ID=102, Customer=1, Released 1 seats
[2025-11-19 20:21:16] ? BookingExpirationService started
[2025-11-19 20:21:34] ✅ QR Code URL (new format) generated: https://img.vietqr.io/image/VCB-1031419192-compact2.png?amount=70000&addInfo=VeThe%20Dark%20K
[2025-11-19 20:22:16] ? Found 67 expired bookings to cancel
[2025-11-19 20:22:16] ? Cancelled expired booking ID=6, Customer=1, Released 0 seats
[2025-11-19 20:22:16] ? Cancelled expired booking ID=7, Customer=1, Released 0 seats
[2025-11-19 20:22:16] ? Cancelled expired booking ID=8, Customer=1, Released 0 seats
[2025-11-19 20:22:16] ? Cancelled expired booking ID=9, Customer=1, Released 0 seats
[2025-11-19 20:22:16] ? Cancelled expired booking ID=10, Customer=1, Released 1 seats
[2025-11-19 20:22:16] ? Cancelled expired booking ID=11, Customer=1, Released 0 seats
[2025-11-19 20:22:16] ? Cancelled expired booking ID=12, Customer=1, Released 2 seats
[2025-11-19 20:22:16] ? Cancelled expired booking ID=13, Customer=1, Released 1 seats
[2025-11-19 20:22:16] ? Cancelled expired booking ID=14, Customer=1, Released 2 seats
[2025-11-19 20:22:16] ? Cancelled expired booking ID=15, Customer=1, Released 0 seats
[2025-11-19 20:22:16] ? Cancelled expired booking ID=16, Customer=1, Released 0 seats
[2025-11-19 20:22:16] ? Cancelled expired booking ID=17, Customer=1, Released 0 seats
[2025-11-19 20:22:16] ? Cancelled expired booking ID=18, Customer=1, Released 0 seats
[2025-11-19 20:22:16] ? Cancelled expired booking ID=19, Customer=1, Released 1 seats
[2025-11-19 20:22:16] ? Cancelled expired booking ID=20, Customer=1, Released 0 seats
[2025-11-19 20:22:16] ? Cancelled expired booking ID=21, Customer=1, Released 0 seats
[2025-11-19 20:22:16] ? Cancelled expired booking ID=22, Customer=1, Released 0 seats
[2025-11-19 20:22:16] ? Cancelled expired booking ID=23, Customer=1, Released 0 seats
[2025-11-19 20:22:16] ? Cancelled expired booking ID=24, Customer=1, Released 0 seats
[2025-11-19 20:22:16] ? Cancelled expired booking ID=25, Customer=1, Released 0 seats
[2025-11-19 20:22:16] ? Cancelled expired booking ID=26, Customer=1, Released 2 seats
[2025-11-19 20:22:16] ? Cancelled expired booking ID=27, Customer=1, Released 0 seats
[2025-11-19 20:22:16] ? Cancelled expired booking ID=28, Customer=1, Released 0 seats
[2025-11-19 20:22:16] ? Cancelled expired booking ID=29, Customer=1, Released 0 seats
[2025-11-19 20:22:16] ? Cancelled expired booking ID=30, Customer=1, Released 0 seats
[2025-11-19 20:22:16] ? Cancelled expired booking ID=31, Customer=1, Released 1 seats
[2025-11-19 20:22:16] ? Cancelled expired booking ID=32, Customer=1, Released 2 seats
[2025-11-19 20:22:16] ? Cancelled expired booking ID=33, Customer=1, Released 2 seats
[2025-11-19 20:22:16] ? Cancelled expired booking ID=34, Customer=1, Released 2 seats
[2025-11-19 20:22:16] ? Cancelled expired booking ID=35, Customer=1, Released 0 seats
[2025-11-19 20:22:16] ? Cancelled expired booking ID=36, Customer=1, Released 2 seats
[2025-11-19 20:22:16] ? Cancelled expired booking ID=37, Customer=1, Released 1 seats
[2025-11-19 20:22:16] ? Cancelled expired booking ID=38, Customer=1, Released 0 seats
[2025-11-19 20:22:16] ? Cancelled expired booking ID=39, Customer=1, Released 2 seats
[2025-11-19 20:22:16] ? Cancelled expired booking ID=40, Customer=1, Released 0 seats
[2025-11-19 20:22:16] ? Cancelled expired booking ID=41, Customer=1, Released 1 seats
[2025-11-19 20:22:16] ? Cancelled expired booking ID=42, Customer=1, Released 0 seats
[2025-11-19 20:22:16] ? Cancelled expired booking ID=58, Customer=1, Released 0 seats
[2025-11-19 20:22:16] ? Cancelled expired booking ID=64, Customer=1, Released 2 seats
[2025-11-19 20:22:16] ? Cancelled expired booking ID=65, Customer=1, Released 2 seats
[2025-11-19 20:22:16] ? Cancelled expired booking ID=67, Customer=1, Released 2 seats
[2025-11-19 20:22:16] ? Cancelled expired booking ID=68, Customer=1, Released 1 seats
[2025-11-19 20:22:16] ? Cancelled expired booking ID=69, Customer=1, Released 0 seats
[2025-11-19 20:22:16] ? Cancelled expired booking ID=75, Customer=1, Released 0 seats
[2025-11-19 20:22:16] ? Cancelled expired booking ID=76, Customer=1, Released 0 seats
[2025-11-19 20:22:16] ? Cancelled expired booking ID=77, Customer=1, Released 0 seats
[2025-11-19 20:22:16] ? Cancelled expired booking ID=78, Customer=1, Released 0 seats
[2025-11-19 20:22:16] ? Cancelled expired booking ID=79, Customer=1, Released 1 seats
[2025-11-19 20:22:16] ? Cancelled expired booking ID=80, Customer=1, Released 1 seats
[2025-11-19 20:22:16] ? Cancelled expired booking ID=81, Customer=1, Released 0 seats
[2025-11-19 20:22:16] ? Cancelled expired booking ID=82, Customer=1, Released 1 seats
[2025-11-19 20:22:16] ? Cancelled expired booking ID=83, Customer=1, Released 0 seats
[2025-11-19 20:22:16] ? Cancelled expired booking ID=84, Customer=1, Released 0 seats
[2025-11-19 20:22:16] ? Cancelled expired booking ID=85, Customer=1, Released 0 seats
[2025-11-19 20:22:16] ? Cancelled expired booking ID=86, Customer=1, Released 0 seats
[2025-11-19 20:22:16] ? Cancelled expired booking ID=87, Customer=1, Released 0 seats
[2025-11-19 20:22:16] ? Cancelled expired booking ID=88, Customer=1, Released 0 seats
[2025-11-19 20:22:16] ? Cancelled expired booking ID=89, Customer=1, Released 0 seats
[2025-11-19 20:22:16] ? Cancelled expired booking ID=90, Customer=1, Released 0 seats
[2025-11-19 20:22:16] ? Cancelled expired booking ID=92, Customer=2, Released 0 seats
[2025-11-19 20:22:16] ? Cancelled expired booking ID=95, Customer=1, Released 0 seats
[2025-11-19 20:22:16] ? Cancelled expired booking ID=96, Customer=1, Released 0 seats
[2025-11-19 20:22:16] ? Cancelled expired booking ID=97, Customer=1, Released 0 seats
[2025-11-19 20:22:16] ? Cancelled expired booking ID=98, Customer=1, Released 0 seats
[2025-11-19 20:22:16] ? Cancelled expired booking ID=99, Customer=1, Released 0 seats
[2025-11-19 20:22:16] ? Cancelled expired booking ID=100, Customer=1, Released 1 seats
[2025-11-19 20:22:16] ? Cancelled expired booking ID=102, Customer=1, Released 1 seats
[2025-11-19 20:23:15] ✅ QR Code URL (new format) generated: https://img.vietqr.io/image/VCB-1031419192-compact2.png?amount=70000&addInfo=VeThe%20Dark%20K
[2025-11-19 20:23:16] ? Found 67 expired bookings to cancel
[2025-11-19 20:23:16] ? Cancelled expired booking ID=6, Customer=1, Released 0 seats
[2025-11-19 20:23:16] ? Cancelled expired booking ID=7, Customer=1, Released 0 seats
[2025-11-19 20:23:16] ? Cancelled expired booking ID=8, Customer=1, Released 0 seats
[2025-11-19 20:23:16] ? Cancelled expired booking ID=9, Customer=1, Released 0 seats
[2025-11-19 20:23:16] ? Cancelled expired booking ID=10, Customer=1, Released 1 seats
[2025-11-19 20:23:16] ? Cancelled expired booking ID=11, Customer=1, Released 0 seats
[2025-11-19 20:23:16] ? Cancelled expired booking ID=12, Customer=1, Released 2 seats
[2025-11-19 20:23:16] ? Cancelled expired booking ID=13, Customer=1, Released 1 seats
[2025-11-19 20:23:16] ? Cancelled expired booking ID=14, Customer=1, Released 2 seats
[2025-11-19 20:23:16] ? Cancelled expired booking ID=15, Customer=1, Released 0 seats
[2025-11-19 20:23:16] ? Cancelled expired booking ID=16, Customer=1, Released 0 seats
[2025-11-19 20:23:16] ? Cancelled expired booking ID=17, Customer=1, Released 0 seats
[2025-11-19 20:23:16] ? Cancelled expired booking ID=18, Customer=1, Released 0 seats
[2025-11-19 20:23:16] ? Cancelled expired booking ID=19, Customer=1, Released 1 seats
[2025-11-19 20:23:16] ? Cancelled expired booking ID=20, Customer=1, Released 0 seats
[2025-11-19 20:23:16] ? Cancelled expired booking ID=21, Customer=1, Released 0 seats
[2025-11-19 20:23:16] ? Cancelled expired booking ID=22, Customer=1, Released 0 seats
[2025-11-19 20:23:16] ? Cancelled expired booking ID=23, Customer=1, Released 0 seats
[2025-11-19 20:23:16] ? Cancelled expired booking ID=24, Customer=1, Released 0 seats
[2025-11-19 20:23:16] ? Cancelled expired booking ID=25, Customer=1, Released 0 seats
[2025-11-19 20:23:16] ? Cancelled expired booking ID=26, Customer=1, Released 2 seats
[2025-11-19 20:23:16] ? Cancelled expired booking ID=27, Customer=1, Released 0 seats
[2025-11-19 20:23:16] ? Cancelled expired booking ID=28, Customer=1, Released 0 seats
[2025-11-19 20:23:16] ? Cancelled expired booking ID=29, Customer=1, Released 0 seats
[2025-11-19 20:23:16] ? Cancelled expired booking ID=30, Customer=1, Released 0 seats
[2025-11-19 20:23:16] ? Cancelled expired booking ID=31, Customer=1, Released 1 seats
[2025-11-19 20:23:16] ? Cancelled expired booking ID=32, Customer=1, Released 2 seats
[2025-11-19 20:23:16] ? Cancelled expired booking ID=33, Customer=1, Released 2 seats
[2025-11-19 20:23:16] ? Cancelled expired booking ID=34, Customer=1, Released 2 seats
[2025-11-19 20:23:16] ? Cancelled expired booking ID=35, Customer=1, Released 0 seats
[2025-11-19 20:23:16] ? Cancelled expired booking ID=36, Customer=1, Released 2 seats
[2025-11-19 20:23:16] ? Cancelled expired booking ID=37, Customer=1, Released 1 seats
[2025-11-19 20:23:16] ? Cancelled expired booking ID=38, Customer=1, Released 0 seats
[2025-11-19 20:23:16] ? Cancelled expired booking ID=39, Customer=1, Released 2 seats
[2025-11-19 20:23:16] ? Cancelled expired booking ID=40, Customer=1, Released 0 seats
[2025-11-19 20:23:16] ? Cancelled expired booking ID=41, Customer=1, Released 1 seats
[2025-11-19 20:23:16] ? Cancelled expired booking ID=42, Customer=1, Released 0 seats
[2025-11-19 20:23:16] ? Cancelled expired booking ID=58, Customer=1, Released 0 seats
[2025-11-19 20:23:16] ? Cancelled expired booking ID=64, Customer=1, Released 2 seats
[2025-11-19 20:23:16] ? Cancelled expired booking ID=65, Customer=1, Released 2 seats
[2025-11-19 20:23:16] ? Cancelled expired booking ID=67, Customer=1, Released 2 seats
[2025-11-19 20:23:16] ? Cancelled expired booking ID=68, Customer=1, Released 1 seats
[2025-11-19 20:23:16] ? Cancelled expired booking ID=69, Customer=1, Released 0 seats
[2025-11-19 20:23:16] ? Cancelled expired booking ID=75, Customer=1, Released 0 seats
[2025-11-19 20:23:16] ? Cancelled expired booking ID=76, Customer=1, Released 0 seats
[2025-11-19 20:23:16] ? Cancelled expired booking ID=77, Customer=1, Released 0 seats
[2025-11-19 20:23:16] ? Cancelled expired booking ID=78, Customer=1, Released 0 seats
[2025-11-19 20:23:16] ? Cancelled expired booking ID=79, Customer=1, Released 1 seats
[2025-11-19 20:23:16] ? Cancelled expired booking ID=80, Customer=1, Released 1 seats
[2025-11-19 20:23:16] ? Cancelled expired booking ID=81, Customer=1, Released 0 seats
[2025-11-19 20:23:16] ? Cancelled expired booking ID=82, Customer=1, Released 1 seats
[2025-11-19 20:23:16] ? Cancelled expired booking ID=83, Customer=1, Released 0 seats
[2025-11-19 20:23:16] ? Cancelled expired booking ID=84, Customer=1, Released 0 seats
[2025-11-19 20:23:16] ? Cancelled expired booking ID=85, Customer=1, Released 0 seats
[2025-11-19 20:23:16] ? Cancelled expired booking ID=86, Customer=1, Released 0 seats
[2025-11-19 20:23:16] ? Cancelled expired booking ID=87, Customer=1, Released 0 seats
[2025-11-19 20:23:16] ? Cancelled expired booking ID=88, Customer=1, Released 0 seats
[2025-11-19 20:23:16] ? Cancelled expired booking ID=89, Customer=1, Released 0 seats
[2025-11-19 20:23:16] ? Cancelled expired booking ID=90, Customer=1, Released 0 seats
[2025-11-19 20:23:16] ? Cancelled expired booking ID=92, Customer=2, Released 0 seats
[2025-11-19 20:23:16] ? Cancelled expired booking ID=95, Customer=1, Released 0 seats
[2025-11-19 20:23:16] ? Cancelled expired booking ID=96, Customer=1, Released 0 seats
[2025-11-19 20:23:16] ? Cancelled expired booking ID=97, Customer=1, Released 0 seats
[2025-11-19 20:23:16] ? Cancelled expired booking ID=98, Customer=1, Released 0 seats
[2025-11-19 20:23:16] ? Cancelled expired booking ID=99, Customer=1, Released 0 seats
[2025-11-19 20:23:16] ? Cancelled expired booking ID=100, Customer=1, Released 1 seats
[2025-11-19 20:23:16] ? Cancelled expired booking ID=102, Customer=1, Released 1 seats
[2025-11-19 20:24:16] ? Found 67 expired bookings to cancel
[2025-11-19 20:24:16] ? Cancelled expired booking ID=6, Customer=1, Released 0 seats
[2025-11-19 20:24:16] ? Cancelled expired booking ID=7, Customer=1, Released 0 seats
[2025-11-19 20:24:16] ? Cancelled expired booking ID=8, Customer=1, Released 0 seats
[2025-11-19 20:24:16] ? Cancelled expired booking ID=9, Customer=1, Released 0 seats
[2025-11-19 20:24:16] ? Cancelled expired booking ID=10, Customer=1, Released 1 seats
[2025-11-19 20:24:16] ? Cancelled expired booking ID=11, Customer=1, Released 0 seats
[2025-11-19 20:24:16] ? Cancelled expired booking ID=12, Customer=1, Released 2 seats
[2025-11-19 20:24:16] ? Cancelled expired booking ID=13, Customer=1, Released 1 seats
[2025-11-19 20:24:16] ? Cancelled expired booking ID=14, Customer=1, Released 2 seats
[2025-11-19 20:24:16] ? Cancelled expired booking ID=15, Customer=1, Released 0 seats
[2025-11-19 20:24:16] ? Cancelled expired booking ID=16, Customer=1, Released 0 seats
[2025-11-19 20:24:16] ? Cancelled expired booking ID=17, Customer=1, Released 0 seats
[2025-11-19 20:24:16] ? Cancelled expired booking ID=18, Customer=1, Released 0 seats
[2025-11-19 20:24:16] ? Cancelled expired booking ID=19, Customer=1, Released 1 seats
[2025-11-19 20:24:16] ? Cancelled expired booking ID=20, Customer=1, Released 0 seats
[2025-11-19 20:24:16] ? Cancelled expired booking ID=21, Customer=1, Released 0 seats
[2025-11-19 20:24:16] ? Cancelled expired booking ID=22, Customer=1, Released 0 seats
[2025-11-19 20:24:16] ? Cancelled expired booking ID=23, Customer=1, Released 0 seats
[2025-11-19 20:24:16] ? Cancelled expired booking ID=24, Customer=1, Released 0 seats
[2025-11-19 20:24:16] ? Cancelled expired booking ID=25, Customer=1, Released 0 seats
[2025-11-19 20:24:16] ? Cancelled expired booking ID=26, Customer=1, Released 2 seats
[2025-11-19 20:24:16] ? Cancelled expired booking ID=27, Customer=1, Released 0 seats
[2025-11-19 20:24:16] ? Cancelled expired booking ID=28, Customer=1, Released 0 seats
[2025-11-19 20:24:16] ? Cancelled expired booking ID=29, Customer=1, Released 0 seats
[2025-11-19 20:24:16] ? Cancelled expired booking ID=30, Customer=1, Released 0 seats
[2025-11-19 20:24:16] ? Cancelled expired booking ID=31, Customer=1, Released 1 seats
[2025-11-19 20:24:16] ? Cancelled expired booking ID=32, Customer=1, Released 2 seats
[2025-11-19 20:24:16] ? Cancelled expired booking ID=33, Customer=1, Released 2 seats
[2025-11-19 20:24:16] ? Cancelled expired booking ID=34, Customer=1, Released 2 seats
[2025-11-19 20:24:16] ? Cancelled expired booking ID=35, Customer=1, Released 0 seats
[2025-11-19 20:24:16] ? Cancelled expired booking ID=36, Customer=1, Released 2 seats
[2025-11-19 20:24:16] ? Cancelled expired booking ID=37, Customer=1, Released 1 seats
[2025-11-19 20:24:16] ? Cancelled expired booking ID=38, Customer=1, Released 0 seats
[2025-11-19 20:24:16] ? Cancelled expired booking ID=39, Customer=1, Released 2 seats
[2025-11-19 20:24:16] ? Cancelled expired booking ID=40, Customer=1, Released 0 seats
[2025-11-19 20:24:16] ? Cancelled expired booking ID=41, Customer=1, Released 1 seats
[2025-11-19 20:24:16] ? Cancelled expired booking ID=42, Customer=1, Released 0 seats
[2025-11-19 20:24:16] ? Cancelled expired booking ID=58, Customer=1, Released 0 seats
[2025-11-19 20:24:16] ? Cancelled expired booking ID=64, Customer=1, Released 2 seats
[2025-11-19 20:24:16] ? Cancelled expired booking ID=65, Customer=1, Released 2 seats
[2025-11-19 20:24:16] ? Cancelled expired booking ID=67, Customer=1, Released 2 seats
[2025-11-19 20:24:16] ? Cancelled expired booking ID=68, Customer=1, Released 1 seats
[2025-11-19 20:24:16] ? Cancelled expired booking ID=69, Customer=1, Released 0 seats
[2025-11-19 20:24:16] ? Cancelled expired booking ID=75, Customer=1, Released 0 seats
[2025-11-19 20:24:16] ? Cancelled expired booking ID=76, Customer=1, Released 0 seats
[2025-11-19 20:24:16] ? Cancelled expired booking ID=77, Customer=1, Released 0 seats
[2025-11-19 20:24:16] ? Cancelled expired booking ID=78, Customer=1, Released 0 seats
[2025-11-19 20:24:16] ? Cancelled expired booking ID=79, Customer=1, Released 1 seats
[2025-11-19 20:24:16] ? Cancelled expired booking ID=80, Customer=1, Released 1 seats
[2025-11-19 20:24:16] ? Cancelled expired booking ID=81, Customer=1, Released 0 seats
[2025-11-19 20:24:16] ? Cancelled expired booking ID=82, Customer=1, Released 1 seats
[2025-11-19 20:24:16] ? Cancelled expired booking ID=83, Customer=1, Released 0 seats
[2025-11-19 20:24:16] ? Cancelled expired booking ID=84, Customer=1, Released 0 seats
[2025-11-19 20:24:16] ? Cancelled expired booking ID=85, Customer=1, Released 0 seats
[2025-11-19 20:24:16] ? Cancelled expired booking ID=86, Customer=1, Released 0 seats
[2025-11-19 20:24:16] ? Cancelled expired booking ID=87, Customer=1, Released 0 seats
[2025-11-19 20:24:16] ? Cancelled expired booking ID=88, Customer=1, Released 0 seats
[2025-11-19 20:24:16] ? Cancelled expired booking ID=89, Customer=1, Released 0 seats
[2025-11-19 20:24:16] ? Cancelled expired booking ID=90, Customer=1, Released 0 seats
[2025-11-19 20:24:16] ? Cancelled expired booking ID=92, Customer=2, Released 0 seats
[2025-11-19 20:24:16] ? Cancelled expired booking ID=95, Customer=1, Released 0 seats
[2025-11-19 20:24:16] ? Cancelled expired booking ID=96, Customer=1, Released 0 seats
[2025-11-19 20:24:16] ? Cancelled expired booking ID=97, Customer=1, Released 0 seats
[2025-11-19 20:24:16] ? Cancelled expired booking ID=98, Customer=1, Released 0 seats
[2025-11-19 20:24:16] ? Cancelled expired booking ID=99, Customer=1, Released 0 seats
[2025-11-19 20:24:16] ? Cancelled expired booking ID=100, Customer=1, Released 1 seats
[2025-11-19 20:24:16] ? Cancelled expired booking ID=102, Customer=1, Released 1 seats
[2025-11-19 20:24:55] ✅ QR Code URL (new format) generated: https://img.vietqr.io/image/VCB-1031419192-compact2.png?amount=70000&addInfo=VeThe%20Dark%20K
[2025-11-19 20:25:16] ? Found 67 expired bookings to cancel
[2025-11-19 20:25:16] ? Cancelled expired booking ID=6, Customer=1, Released 0 seats
[2025-11-19 20:25:16] ? Cancelled expired booking ID=7, Customer=1, Released 0 seats
[2025-11-19 20:25:16] ? Cancelled expired booking ID=8, Customer=1, Released 0 seats
[2025-11-19 20:25:16] ? Cancelled expired booking ID=9, Customer=1, Released 0 seats
[2025-11-19 20:25:16] ? Cancelled expired booking ID=10, Customer=1, Released 1 seats
[2025-11-19 20:25:16] ? Cancelled expired booking ID=11, Customer=1, Released 0 seats
[2025-11-19 20:25:16] ? Cancelled expired booking ID=12, Customer=1, Released 2 seats
[2025-11-19 20:25:16] ? Cancelled expired booking ID=13, Customer=1, Released 1 seats
[2025-11-19 20:25:16] ? Cancelled expired booking ID=14, Customer=1, Released 2 seats
[2025-11-19 20:25:16] ? Cancelled expired booking ID=15, Customer=1, Released 0 seats
[2025-11-19 20:25:16] ? Cancelled expired booking ID=16, Customer=1, Released 0 seats
[2025-11-19 20:25:16] ? Cancelled expired booking ID=17, Customer=1, Released 0 seats
[2025-11-19 20:25:16] ? Cancelled expired booking ID=18, Customer=1, Released 0 seats
[2025-11-19 20:25:16] ? Cancelled expired booking ID=19, Customer=1, Released 1 seats
[2025-11-19 20:25:16] ? Cancelled expired booking ID=20, Customer=1, Released 0 seats
[2025-11-19 20:25:16] ? Cancelled expired booking ID=21, Customer=1, Released 0 seats
[2025-11-19 20:25:16] ? Cancelled expired booking ID=22, Customer=1, Released 0 seats
[2025-11-19 20:25:16] ? Cancelled expired booking ID=23, Customer=1, Released 0 seats
[2025-11-19 20:25:16] ? Cancelled expired booking ID=24, Customer=1, Released 0 seats
[2025-11-19 20:25:16] ? Cancelled expired booking ID=25, Customer=1, Released 0 seats
[2025-11-19 20:25:16] ? Cancelled expired booking ID=26, Customer=1, Released 2 seats
[2025-11-19 20:25:16] ? Cancelled expired booking ID=27, Customer=1, Released 0 seats
[2025-11-19 20:25:16] ? Cancelled expired booking ID=28, Customer=1, Released 0 seats
[2025-11-19 20:25:16] ? Cancelled expired booking ID=29, Customer=1, Released 0 seats
[2025-11-19 20:25:16] ? Cancelled expired booking ID=30, Customer=1, Released 0 seats
[2025-11-19 20:25:16] ? Cancelled expired booking ID=31, Customer=1, Released 1 seats
[2025-11-19 20:25:16] ? Cancelled expired booking ID=32, Customer=1, Released 2 seats
[2025-11-19 20:25:16] ? Cancelled expired booking ID=33, Customer=1, Released 2 seats
[2025-11-19 20:25:16] ? Cancelled expired booking ID=34, Customer=1, Released 2 seats
[2025-11-19 20:25:16] ? Cancelled expired booking ID=35, Customer=1, Released 0 seats
[2025-11-19 20:25:16] ? Cancelled expired booking ID=36, Customer=1, Released 2 seats
[2025-11-19 20:25:16] ? Cancelled expired booking ID=37, Customer=1, Released 1 seats
[2025-11-19 20:25:16] ? Cancelled expired booking ID=38, Customer=1, Released 0 seats
[2025-11-19 20:25:16] ? Cancelled expired booking ID=39, Customer=1, Released 2 seats
[2025-11-19 20:25:16] ? Cancelled expired booking ID=40, Customer=1, Released 0 seats
[2025-11-19 20:25:16] ? Cancelled expired booking ID=41, Customer=1, Released 1 seats
[2025-11-19 20:25:16] ? Cancelled expired booking ID=42, Customer=1, Released 0 seats
[2025-11-19 20:25:16] ? Cancelled expired booking ID=58, Customer=1, Released 0 seats
[2025-11-19 20:25:16] ? Cancelled expired booking ID=64, Customer=1, Released 2 seats
[2025-11-19 20:25:16] ? Cancelled expired booking ID=65, Customer=1, Released 2 seats
[2025-11-19 20:25:16] ? Cancelled expired booking ID=67, Customer=1, Released 2 seats
[2025-11-19 20:25:16] ? Cancelled expired booking ID=68, Customer=1, Released 1 seats
[2025-11-19 20:25:16] ? Cancelled expired booking ID=69, Customer=1, Released 0 seats
[2025-11-19 20:25:16] ? Cancelled expired booking ID=75, Customer=1, Released 0 seats
[2025-11-19 20:25:16] ? Cancelled expired booking ID=76, Customer=1, Released 0 seats
[2025-11-19 20:25:16] ? Cancelled expired booking ID=77, Customer=1, Released 0 seats
[2025-11-19 20:25:16] ? Cancelled expired booking ID=78, Customer=1, Released 0 seats
[2025-11-19 20:25:16] ? Cancelled expired booking ID=79, Customer=1, Released 1 seats
[2025-11-19 20:25:16] ? Cancelled expired booking ID=80, Customer=1, Released 1 seats
[2025-11-19 20:25:16] ? Cancelled expired booking ID=81, Customer=1, Released 0 seats
[2025-11-19 20:25:16] ? Cancelled expired booking ID=82, Customer=1, Released 1 seats
[2025-11-19 20:25:16] ? Cancelled expired booking ID=83, Customer=1, Released 0 seats
[2025-11-19 20:25:16] ? Cancelled expired booking ID=84, Customer=1, Released 0 seats
[2025-11-19 20:25:16] ? Cancelled expired booking ID=85, Customer=1, Released 0 seats
[2025-11-19 20:25:16] ? Cancelled expired booking ID=86, Customer=1, Released 0 seats
[2025-11-19 20:25:16] ? Cancelled expired booking ID=87, Customer=1, Released 0 seats
[2025-11-19 20:25:16] ? Cancelled expired booking ID=88, Customer=1, Released 0 seats
[2025-11-19 20:25:16] ? Cancelled expired booking ID=89, Customer=1, Released 0 seats
[2025-11-19 20:25:16] ? Cancelled expired booking ID=90, Customer=1, Released 0 seats
[2025-11-19 20:25:16] ? Cancelled expired booking ID=92, Customer=2, Released 0 seats
[2025-11-19 20:25:16] ? Cancelled expired booking ID=95, Customer=1, Released 0 seats
[2025-11-19 20:25:16] ? Cancelled expired booking ID=96, Customer=1, Released 0 seats
[2025-11-19 20:25:16] ? Cancelled expired booking ID=97, Customer=1, Released 0 seats
[2025-11-19 20:25:16] ? Cancelled expired booking ID=98, Customer=1, Released 0 seats
[2025-11-19 20:25:16] ? Cancelled expired booking ID=99, Customer=1, Released 0 seats
[2025-11-19 20:25:16] ? Cancelled expired booking ID=100, Customer=1, Released 1 seats
[2025-11-19 20:25:16] ? Cancelled expired booking ID=102, Customer=1, Released 1 seats
[2025-11-19 20:25:20] ✅ QR Code URL (new format) generated: https://img.vietqr.io/image/VCB-1031419192-compact2.png?amount=70000&addInfo=VeThe%20Dark%20K
[2025-11-19 20:26:16] ? Found 67 expired bookings to cancel
[2025-11-19 20:26:16] ? Cancelled expired booking ID=6, Customer=1, Released 0 seats
[2025-11-19 20:26:16] ? Cancelled expired booking ID=7, Customer=1, Released 0 seats
[2025-11-19 20:26:16] ? Cancelled expired booking ID=8, Customer=1, Released 0 seats
[2025-11-19 20:26:16] ? Cancelled expired booking ID=9, Customer=1, Released 0 seats
[2025-11-19 20:26:16] ? Cancelled expired booking ID=10, Customer=1, Released 1 seats
[2025-11-19 20:26:16] ? Cancelled expired booking ID=11, Customer=1, Released 0 seats
[2025-11-19 20:26:16] ? Cancelled expired booking ID=12, Customer=1, Released 2 seats
[2025-11-19 20:26:16] ? Cancelled expired booking ID=13, Customer=1, Released 1 seats
[2025-11-19 20:26:16] ? Cancelled expired booking ID=14, Customer=1, Released 2 seats
[2025-11-19 20:26:16] ? Cancelled expired booking ID=15, Customer=1, Released 0 seats
[2025-11-19 20:26:16] ? Cancelled expired booking ID=16, Customer=1, Released 0 seats
[2025-11-19 20:26:16] ? Cancelled expired booking ID=17, Customer=1, Released 0 seats
[2025-11-19 20:26:16] ? Cancelled expired booking ID=18, Customer=1, Released 0 seats
[2025-11-19 20:26:16] ? Cancelled expired booking ID=19, Customer=1, Released 1 seats
[2025-11-19 20:26:16] ? Cancelled expired booking ID=20, Customer=1, Released 0 seats
[2025-11-19 20:26:16] ? Cancelled expired booking ID=21, Customer=1, Released 0 seats
[2025-11-19 20:26:16] ? Cancelled expired booking ID=22, Customer=1, Released 0 seats
[2025-11-19 20:26:16] ? Cancelled expired booking ID=23, Customer=1, Released 0 seats
[2025-11-19 20:26:16] ? Cancelled expired booking ID=24, Customer=1, Released 0 seats
[2025-11-19 20:26:16] ? Cancelled expired booking ID=25, Customer=1, Released 0 seats
[2025-11-19 20:26:16] ? Cancelled expired booking ID=26, Customer=1, Released 2 seats
[2025-11-19 20:26:16] ? Cancelled expired booking ID=27, Customer=1, Released 0 seats
[2025-11-19 20:26:16] ? Cancelled expired booking ID=28, Customer=1, Released 0 seats
[2025-11-19 20:26:16] ? Cancelled expired booking ID=29, Customer=1, Released 0 seats
[2025-11-19 20:26:16] ? Cancelled expired booking ID=30, Customer=1, Released 0 seats
[2025-11-19 20:26:16] ? Cancelled expired booking ID=31, Customer=1, Released 1 seats
[2025-11-19 20:26:16] ? Cancelled expired booking ID=32, Customer=1, Released 2 seats
[2025-11-19 20:26:16] ? Cancelled expired booking ID=33, Customer=1, Released 2 seats
[2025-11-19 20:26:16] ? Cancelled expired booking ID=34, Customer=1, Released 2 seats
[2025-11-19 20:26:16] ? Cancelled expired booking ID=35, Customer=1, Released 0 seats
[2025-11-19 20:26:16] ? Cancelled expired booking ID=36, Customer=1, Released 2 seats
[2025-11-19 20:26:16] ? Cancelled expired booking ID=37, Customer=1, Released 1 seats
[2025-11-19 20:26:16] ? Cancelled expired booking ID=38, Customer=1, Released 0 seats
[2025-11-19 20:26:16] ? Cancelled expired booking ID=39, Customer=1, Released 2 seats
[2025-11-19 20:26:16] ? Cancelled expired booking ID=40, Customer=1, Released 0 seats
[2025-11-19 20:26:16] ? Cancelled expired booking ID=41, Customer=1, Released 1 seats
[2025-11-19 20:26:16] ? Cancelled expired booking ID=42, Customer=1, Released 0 seats
[2025-11-19 20:26:16] ? Cancelled expired booking ID=58, Customer=1, Released 0 seats
[2025-11-19 20:26:16] ? Cancelled expired booking ID=64, Customer=1, Released 2 seats
[2025-11-19 20:26:16] ? Cancelled expired booking ID=65, Customer=1, Released 2 seats
[2025-11-19 20:26:16] ? Cancelled expired booking ID=67, Customer=1, Released 2 seats
[2025-11-19 20:26:16] ? Cancelled expired booking ID=68, Customer=1, Released 1 seats
[2025-11-19 20:26:16] ? Cancelled expired booking ID=69, Customer=1, Released 0 seats
[2025-11-19 20:26:16] ? Cancelled expired booking ID=75, Customer=1, Released 0 seats
[2025-11-19 20:26:16] ? Cancelled expired booking ID=76, Customer=1, Released 0 seats
[2025-11-19 20:26:16] ? Cancelled expired booking ID=77, Customer=1, Released 0 seats
[2025-11-19 20:26:16] ? Cancelled expired booking ID=78, Customer=1, Released 0 seats
[2025-11-19 20:26:16] ? Cancelled expired booking ID=79, Customer=1, Released 1 seats
[2025-11-19 20:26:16] ? Cancelled expired booking ID=80, Customer=1, Released 1 seats
[2025-11-19 20:26:16] ? Cancelled expired booking ID=81, Customer=1, Released 0 seats
[2025-11-19 20:26:16] ? Cancelled expired booking ID=82, Customer=1, Released 1 seats
[2025-11-19 20:26:16] ? Cancelled expired booking ID=83, Customer=1, Released 0 seats
[2025-11-19 20:26:16] ? Cancelled expired booking ID=84, Customer=1, Released 0 seats
[2025-11-19 20:26:16] ? Cancelled expired booking ID=85, Customer=1, Released 0 seats
[2025-11-19 20:26:16] ? Cancelled expired booking ID=86, Customer=1, Released 0 seats
[2025-11-19 20:26:16] ? Cancelled expired booking ID=87, Customer=1, Released 0 seats
[2025-11-19 20:26:16] ? Cancelled expired booking ID=88, Customer=1, Released 0 seats
[2025-11-19 20:26:16] ? Cancelled expired booking ID=89, Customer=1, Released 0 seats
[2025-11-19 20:26:16] ? Cancelled expired booking ID=90, Customer=1, Released 0 seats
[2025-11-19 20:26:16] ? Cancelled expired booking ID=92, Customer=2, Released 0 seats
[2025-11-19 20:26:16] ? Cancelled expired booking ID=95, Customer=1, Released 0 seats
[2025-11-19 20:26:16] ? Cancelled expired booking ID=96, Customer=1, Released 0 seats
[2025-11-19 20:26:16] ? Cancelled expired booking ID=97, Customer=1, Released 0 seats
[2025-11-19 20:26:16] ? Cancelled expired booking ID=98, Customer=1, Released 0 seats
[2025-11-19 20:26:16] ? Cancelled expired booking ID=99, Customer=1, Released 0 seats
[2025-11-19 20:26:16] ? Cancelled expired booking ID=100, Customer=1, Released 1 seats
[2025-11-19 20:26:16] ? Cancelled expired booking ID=102, Customer=1, Released 1 seats
[2025-11-19 20:27:16] ? Found 67 expired bookings to cancel
[2025-11-19 20:27:16] ? Cancelled expired booking ID=6, Customer=1, Released 0 seats
[2025-11-19 20:27:16] ? Cancelled expired booking ID=7, Customer=1, Released 0 seats
[2025-11-19 20:27:16] ? Cancelled expired booking ID=8, Customer=1, Released 0 seats
[2025-11-19 20:27:16] ? Cancelled expired booking ID=9, Customer=1, Released 0 seats
[2025-11-19 20:27:16] ? Cancelled expired booking ID=10, Customer=1, Released 1 seats
[2025-11-19 20:27:16] ? Cancelled expired booking ID=11, Customer=1, Released 0 seats
[2025-11-19 20:27:16] ? Cancelled expired booking ID=12, Customer=1, Released 2 seats
[2025-11-19 20:27:16] ? Cancelled expired booking ID=13, Customer=1, Released 1 seats
[2025-11-19 20:27:16] ? Cancelled expired booking ID=14, Customer=1, Released 2 seats
[2025-11-19 20:27:16] ? Cancelled expired booking ID=15, Customer=1, Released 0 seats
[2025-11-19 20:27:16] ? Cancelled expired booking ID=16, Customer=1, Released 0 seats
[2025-11-19 20:27:16] ? Cancelled expired booking ID=17, Customer=1, Released 0 seats
[2025-11-19 20:27:16] ? Cancelled expired booking ID=18, Customer=1, Released 0 seats
[2025-11-19 20:27:16] ? Cancelled expired booking ID=19, Customer=1, Released 1 seats
[2025-11-19 20:27:16] ? Cancelled expired booking ID=20, Customer=1, Released 0 seats
[2025-11-19 20:27:16] ? Cancelled expired booking ID=21, Customer=1, Released 0 seats
[2025-11-19 20:27:16] ? Cancelled expired booking ID=22, Customer=1, Released 0 seats
[2025-11-19 20:27:16] ? Cancelled expired booking ID=23, Customer=1, Released 0 seats
[2025-11-19 20:27:16] ? Cancelled expired booking ID=24, Customer=1, Released 0 seats
[2025-11-19 20:27:16] ? Cancelled expired booking ID=25, Customer=1, Released 0 seats
[2025-11-19 20:27:16] ? Cancelled expired booking ID=26, Customer=1, Released 2 seats
[2025-11-19 20:27:16] ? Cancelled expired booking ID=27, Customer=1, Released 0 seats
[2025-11-19 20:27:16] ? Cancelled expired booking ID=28, Customer=1, Released 0 seats
[2025-11-19 20:27:16] ? Cancelled expired booking ID=29, Customer=1, Released 0 seats
[2025-11-19 20:27:16] ? Cancelled expired booking ID=30, Customer=1, Released 0 seats
[2025-11-19 20:27:16] ? Cancelled expired booking ID=31, Customer=1, Released 1 seats
[2025-11-19 20:27:16] ? Cancelled expired booking ID=32, Customer=1, Released 2 seats
[2025-11-19 20:27:16] ? Cancelled expired booking ID=33, Customer=1, Released 2 seats
[2025-11-19 20:27:16] ? Cancelled expired booking ID=34, Customer=1, Released 2 seats
[2025-11-19 20:27:16] ? Cancelled expired booking ID=35, Customer=1, Released 0 seats
[2025-11-19 20:27:16] ? Cancelled expired booking ID=36, Customer=1, Released 2 seats
[2025-11-19 20:27:16] ? Cancelled expired booking ID=37, Customer=1, Released 1 seats
[2025-11-19 20:27:16] ? Cancelled expired booking ID=38, Customer=1, Released 0 seats
[2025-11-19 20:27:16] ? Cancelled expired booking ID=39, Customer=1, Released 2 seats
[2025-11-19 20:27:16] ? Cancelled expired booking ID=40, Customer=1, Released 0 seats
[2025-11-19 20:27:16] ? Cancelled expired booking ID=41, Customer=1, Released 1 seats
[2025-11-19 20:27:16] ? Cancelled expired booking ID=42, Customer=1, Released 0 seats
[2025-11-19 20:27:16] ? Cancelled expired booking ID=58, Customer=1, Released 0 seats
[2025-11-19 20:27:16] ? Cancelled expired booking ID=64, Customer=1, Released 2 seats
[2025-11-19 20:27:16] ? Cancelled expired booking ID=65, Customer=1, Released 2 seats
[2025-11-19 20:27:16] ? Cancelled expired booking ID=67, Customer=1, Released 2 seats
[2025-11-19 20:27:16] ? Cancelled expired booking ID=68, Customer=1, Released 1 seats
[2025-11-19 20:27:16] ? Cancelled expired booking ID=69, Customer=1, Released 0 seats
[2025-11-19 20:27:16] ? Cancelled expired booking ID=75, Customer=1, Released 0 seats
[2025-11-19 20:27:16] ? Cancelled expired booking ID=76, Customer=1, Released 0 seats
[2025-11-19 20:27:16] ? Cancelled expired booking ID=77, Customer=1, Released 0 seats
[2025-11-19 20:27:16] ? Cancelled expired booking ID=78, Customer=1, Released 0 seats
[2025-11-19 20:27:16] ? Cancelled expired booking ID=79, Customer=1, Released 1 seats
[2025-11-19 20:27:16] ? Cancelled expired booking ID=80, Customer=1, Released 1 seats
[2025-11-19 20:27:16] ? Cancelled expired booking ID=81, Customer=1, Released 0 seats
[2025-11-19 20:27:16] ? Cancelled expired booking ID=82, Customer=1, Released 1 seats
[2025-11-19 20:27:16] ? Cancelled expired booking ID=83, Customer=1, Released 0 seats
[2025-11-19 20:27:16] ? Cancelled expired booking ID=84, Customer=1, Released 0 seats
[2025-11-19 20:27:16] ? Cancelled expired booking ID=85, Customer=1, Released 0 seats
[2025-11-19 20:27:16] ? Cancelled expired booking ID=86, Customer=1, Released 0 seats
[2025-11-19 20:27:16] ? Cancelled expired booking ID=87, Customer=1, Released 0 seats
[2025-11-19 20:27:16] ? Cancelled expired booking ID=88, Customer=1, Released 0 seats
[2025-11-19 20:27:16] ? Cancelled expired booking ID=89, Customer=1, Released 0 seats
[2025-11-19 20:27:16] ? Cancelled expired booking ID=90, Customer=1, Released 0 seats
[2025-11-19 20:27:16] ? Cancelled expired booking ID=92, Customer=2, Released 0 seats
[2025-11-19 20:27:16] ? Cancelled expired booking ID=95, Customer=1, Released 0 seats
[2025-11-19 20:27:16] ? Cancelled expired booking ID=96, Customer=1, Released 0 seats
[2025-11-19 20:27:16] ? Cancelled expired booking ID=97, Customer=1, Released 0 seats
[2025-11-19 20:27:16] ? Cancelled expired booking ID=98, Customer=1, Released 0 seats
[2025-11-19 20:27:16] ? Cancelled expired booking ID=99, Customer=1, Released 0 seats
[2025-11-19 20:27:16] ? Cancelled expired booking ID=100, Customer=1, Released 1 seats
[2025-11-19 20:27:16] ? Cancelled expired booking ID=102, Customer=1, Released 1 seats
[2025-11-19 20:28:16] ? Found 67 expired bookings to cancel
[2025-11-19 20:28:16] ? Cancelled expired booking ID=6, Customer=1, Released 0 seats
[2025-11-19 20:28:16] ? Cancelled expired booking ID=7, Customer=1, Released 0 seats
[2025-11-19 20:28:16] ? Cancelled expired booking ID=8, Customer=1, Released 0 seats
[2025-11-19 20:28:16] ? Cancelled expired booking ID=9, Customer=1, Released 0 seats
[2025-11-19 20:28:16] ? Cancelled expired booking ID=10, Customer=1, Released 1 seats
[2025-11-19 20:28:16] ? Cancelled expired booking ID=11, Customer=1, Released 0 seats
[2025-11-19 20:28:16] ? Cancelled expired booking ID=12, Customer=1, Released 2 seats
[2025-11-19 20:28:16] ? Cancelled expired booking ID=13, Customer=1, Released 1 seats
[2025-11-19 20:28:16] ? Cancelled expired booking ID=14, Customer=1, Released 2 seats
[2025-11-19 20:28:16] ? Cancelled expired booking ID=15, Customer=1, Released 0 seats
[2025-11-19 20:28:16] ? Cancelled expired booking ID=16, Customer=1, Released 0 seats
[2025-11-19 20:28:16] ? Cancelled expired booking ID=17, Customer=1, Released 0 seats
[2025-11-19 20:28:16] ? Cancelled expired booking ID=18, Customer=1, Released 0 seats
[2025-11-19 20:28:16] ? Cancelled expired booking ID=19, Customer=1, Released 1 seats
[2025-11-19 20:28:16] ? Cancelled expired booking ID=20, Customer=1, Released 0 seats
[2025-11-19 20:28:16] ? Cancelled expired booking ID=21, Customer=1, Released 0 seats
[2025-11-19 20:28:16] ? Cancelled expired booking ID=22, Customer=1, Released 0 seats
[2025-11-19 20:28:16] ? Cancelled expired booking ID=23, Customer=1, Released 0 seats
[2025-11-19 20:28:16] ? Cancelled expired booking ID=24, Customer=1, Released 0 seats
[2025-11-19 20:28:16] ? Cancelled expired booking ID=25, Customer=1, Released 0 seats
[2025-11-19 20:28:16] ? Cancelled expired booking ID=26, Customer=1, Released 2 seats
[2025-11-19 20:28:16] ? Cancelled expired booking ID=27, Customer=1, Released 0 seats
[2025-11-19 20:28:16] ? Cancelled expired booking ID=28, Customer=1, Released 0 seats
[2025-11-19 20:28:16] ? Cancelled expired booking ID=29, Customer=1, Released 0 seats
[2025-11-19 20:28:16] ? Cancelled expired booking ID=30, Customer=1, Released 0 seats
[2025-11-19 20:28:16] ? Cancelled expired booking ID=31, Customer=1, Released 1 seats
[2025-11-19 20:28:16] ? Cancelled expired booking ID=32, Customer=1, Released 2 seats
[2025-11-19 20:28:16] ? Cancelled expired booking ID=33, Customer=1, Released 2 seats
[2025-11-19 20:28:16] ? Cancelled expired booking ID=34, Customer=1, Released 2 seats
[2025-11-19 20:28:16] ? Cancelled expired booking ID=35, Customer=1, Released 0 seats
[2025-11-19 20:28:16] ? Cancelled expired booking ID=36, Customer=1, Released 2 seats
[2025-11-19 20:28:16] ? Cancelled expired booking ID=37, Customer=1, Released 1 seats
[2025-11-19 20:28:16] ? Cancelled expired booking ID=38, Customer=1, Released 0 seats
[2025-11-19 20:28:16] ? Cancelled expired booking ID=39, Customer=1, Released 2 seats
[2025-11-19 20:28:16] ? Cancelled expired booking ID=40, Customer=1, Released 0 seats
[2025-11-19 20:28:16] ? Cancelled expired booking ID=41, Customer=1, Released 1 seats
[2025-11-19 20:28:16] ? Cancelled expired booking ID=42, Customer=1, Released 0 seats
[2025-11-19 20:28:16] ? Cancelled expired booking ID=58, Customer=1, Released 0 seats
[2025-11-19 20:28:16] ? Cancelled expired booking ID=64, Customer=1, Released 2 seats
[2025-11-19 20:28:16] ? Cancelled expired booking ID=65, Customer=1, Released 2 seats
[2025-11-19 20:28:16] ? Cancelled expired booking ID=67, Customer=1, Released 2 seats
[2025-11-19 20:28:16] ? Cancelled expired booking ID=68, Customer=1, Released 1 seats
[2025-11-19 20:28:16] ? Cancelled expired booking ID=69, Customer=1, Released 0 seats
[2025-11-19 20:28:16] ? Cancelled expired booking ID=75, Customer=1, Released 0 seats
[2025-11-19 20:28:16] ? Cancelled expired booking ID=76, Customer=1, Released 0 seats
[2025-11-19 20:28:16] ? Cancelled expired booking ID=77, Customer=1, Released 0 seats
[2025-11-19 20:28:16] ? Cancelled expired booking ID=78, Customer=1, Released 0 seats
[2025-11-19 20:28:16] ? Cancelled expired booking ID=79, Customer=1, Released 1 seats
[2025-11-19 20:28:16] ? Cancelled expired booking ID=80, Customer=1, Released 1 seats
[2025-11-19 20:28:16] ? Cancelled expired booking ID=81, Customer=1, Released 0 seats
[2025-11-19 20:28:16] ? Cancelled expired booking ID=82, Customer=1, Released 1 seats
[2025-11-19 20:28:16] ? Cancelled expired booking ID=83, Customer=1, Released 0 seats
[2025-11-19 20:28:16] ? Cancelled expired booking ID=84, Customer=1, Released 0 seats
[2025-11-19 20:28:16] ? Cancelled expired booking ID=85, Customer=1, Released 0 seats
[2025-11-19 20:28:16] ? Cancelled expired booking ID=86, Customer=1, Released 0 seats
[2025-11-19 20:28:16] ? Cancelled expired booking ID=87, Customer=1, Released 0 seats
[2025-11-19 20:28:16] ? Cancelled expired booking ID=88, Customer=1, Released 0 seats
[2025-11-19 20:28:16] ? Cancelled expired booking ID=89, Customer=1, Released 0 seats
[2025-11-19 20:28:16] ? Cancelled expired booking ID=90, Customer=1, Released 0 seats
[2025-11-19 20:28:16] ? Cancelled expired booking ID=92, Customer=2, Released 0 seats
[2025-11-19 20:28:16] ? Cancelled expired booking ID=95, Customer=1, Released 0 seats
[2025-11-19 20:28:16] ? Cancelled expired booking ID=96, Customer=1, Released 0 seats
[2025-11-19 20:28:16] ? Cancelled expired booking ID=97, Customer=1, Released 0 seats
[2025-11-19 20:28:16] ? Cancelled expired booking ID=98, Customer=1, Released 0 seats
[2025-11-19 20:28:16] ? Cancelled expired booking ID=99, Customer=1, Released 0 seats
[2025-11-19 20:28:16] ? Cancelled expired booking ID=100, Customer=1, Released 1 seats
[2025-11-19 20:28:16] ? Cancelled expired booking ID=102, Customer=1, Released 1 seats
[2025-11-19 20:29:16] ? Found 67 expired bookings to cancel
[2025-11-19 20:29:16] ? Cancelled expired booking ID=6, Customer=1, Released 0 seats
[2025-11-19 20:29:16] ? Cancelled expired booking ID=7, Customer=1, Released 0 seats
[2025-11-19 20:29:16] ? Cancelled expired booking ID=8, Customer=1, Released 0 seats
[2025-11-19 20:29:16] ? Cancelled expired booking ID=9, Customer=1, Released 0 seats
[2025-11-19 20:29:16] ? Cancelled expired booking ID=10, Customer=1, Released 1 seats
[2025-11-19 20:29:16] ? Cancelled expired booking ID=11, Customer=1, Released 0 seats
[2025-11-19 20:29:16] ? Cancelled expired booking ID=12, Customer=1, Released 2 seats
[2025-11-19 20:29:16] ? Cancelled expired booking ID=13, Customer=1, Released 1 seats
[2025-11-19 20:29:16] ? Cancelled expired booking ID=14, Customer=1, Released 2 seats
[2025-11-19 20:29:16] ? Cancelled expired booking ID=15, Customer=1, Released 0 seats
[2025-11-19 20:29:16] ? Cancelled expired booking ID=16, Customer=1, Released 0 seats
[2025-11-19 20:29:16] ? Cancelled expired booking ID=17, Customer=1, Released 0 seats
[2025-11-19 20:29:16] ? Cancelled expired booking ID=18, Customer=1, Released 0 seats
[2025-11-19 20:29:16] ? Cancelled expired booking ID=19, Customer=1, Released 1 seats
[2025-11-19 20:29:16] ? Cancelled expired booking ID=20, Customer=1, Released 0 seats
[2025-11-19 20:29:16] ? Cancelled expired booking ID=21, Customer=1, Released 0 seats
[2025-11-19 20:29:16] ? Cancelled expired booking ID=22, Customer=1, Released 0 seats
[2025-11-19 20:29:16] ? Cancelled expired booking ID=23, Customer=1, Released 0 seats
[2025-11-19 20:29:16] ? Cancelled expired booking ID=24, Customer=1, Released 0 seats
[2025-11-19 20:29:16] ? Cancelled expired booking ID=25, Customer=1, Released 0 seats
[2025-11-19 20:29:16] ? Cancelled expired booking ID=26, Customer=1, Released 2 seats
[2025-11-19 20:29:16] ? Cancelled expired booking ID=27, Customer=1, Released 0 seats
[2025-11-19 20:29:16] ? Cancelled expired booking ID=28, Customer=1, Released 0 seats
[2025-11-19 20:29:16] ? Cancelled expired booking ID=29, Customer=1, Released 0 seats
[2025-11-19 20:29:16] ? Cancelled expired booking ID=30, Customer=1, Released 0 seats
[2025-11-19 20:29:16] ? Cancelled expired booking ID=31, Customer=1, Released 1 seats
[2025-11-19 20:29:16] ? Cancelled expired booking ID=32, Customer=1, Released 2 seats
[2025-11-19 20:29:16] ? Cancelled expired booking ID=33, Customer=1, Released 2 seats
[2025-11-19 20:29:16] ? Cancelled expired booking ID=34, Customer=1, Released 2 seats
[2025-11-19 20:29:16] ? Cancelled expired booking ID=35, Customer=1, Released 0 seats
[2025-11-19 20:29:16] ? Cancelled expired booking ID=36, Customer=1, Released 2 seats
[2025-11-19 20:29:16] ? Cancelled expired booking ID=37, Customer=1, Released 1 seats
[2025-11-19 20:29:16] ? Cancelled expired booking ID=38, Customer=1, Released 0 seats
[2025-11-19 20:29:16] ? Cancelled expired booking ID=39, Customer=1, Released 2 seats
[2025-11-19 20:29:16] ? Cancelled expired booking ID=40, Customer=1, Released 0 seats
[2025-11-19 20:29:16] ? Cancelled expired booking ID=41, Customer=1, Released 1 seats
[2025-11-19 20:29:16] ? Cancelled expired booking ID=42, Customer=1, Released 0 seats
[2025-11-19 20:29:16] ? Cancelled expired booking ID=58, Customer=1, Released 0 seats
[2025-11-19 20:29:16] ? Cancelled expired booking ID=64, Customer=1, Released 2 seats
[2025-11-19 20:29:16] ? Cancelled expired booking ID=65, Customer=1, Released 2 seats
[2025-11-19 20:29:16] ? Cancelled expired booking ID=67, Customer=1, Released 2 seats
[2025-11-19 20:29:16] ? Cancelled expired booking ID=68, Customer=1, Released 1 seats
[2025-11-19 20:29:16] ? Cancelled expired booking ID=69, Customer=1, Released 0 seats
[2025-11-19 20:29:16] ? Cancelled expired booking ID=75, Customer=1, Released 0 seats
[2025-11-19 20:29:16] ? Cancelled expired booking ID=76, Customer=1, Released 0 seats
[2025-11-19 20:29:16] ? Cancelled expired booking ID=77, Customer=1, Released 0 seats
[2025-11-19 20:29:16] ? Cancelled expired booking ID=78, Customer=1, Released 0 seats
[2025-11-19 20:29:16] ? Cancelled expired booking ID=79, Customer=1, Released 1 seats
[2025-11-19 20:29:16] ? Cancelled expired booking ID=80, Customer=1, Released 1 seats
[2025-11-19 20:29:16] ? Cancelled expired booking ID=81, Customer=1, Released 0 seats
[2025-11-19 20:29:16] ? Cancelled expired booking ID=82, Customer=1, Released 1 seats
[2025-11-19 20:29:16] ? Cancelled expired booking ID=83, Customer=1, Released 0 seats
[2025-11-19 20:29:16] ? Cancelled expired booking ID=84, Customer=1, Released 0 seats
[2025-11-19 20:29:16] ? Cancelled expired booking ID=85, Customer=1, Released 0 seats
[2025-11-19 20:29:16] ? Cancelled expired booking ID=86, Customer=1, Released 0 seats
[2025-11-19 20:29:16] ? Cancelled expired booking ID=87, Customer=1, Released 0 seats
[2025-11-19 20:29:16] ? Cancelled expired booking ID=88, Customer=1, Released 0 seats
[2025-11-19 20:29:16] ? Cancelled expired booking ID=89, Customer=1, Released 0 seats
[2025-11-19 20:29:16] ? Cancelled expired booking ID=90, Customer=1, Released 0 seats
[2025-11-19 20:29:16] ? Cancelled expired booking ID=92, Customer=2, Released 0 seats
[2025-11-19 20:29:16] ? Cancelled expired booking ID=95, Customer=1, Released 0 seats
[2025-11-19 20:29:16] ? Cancelled expired booking ID=96, Customer=1, Released 0 seats
[2025-11-19 20:29:16] ? Cancelled expired booking ID=97, Customer=1, Released 0 seats
[2025-11-19 20:29:16] ? Cancelled expired booking ID=98, Customer=1, Released 0 seats
[2025-11-19 20:29:16] ? Cancelled expired booking ID=99, Customer=1, Released 0 seats
[2025-11-19 20:29:16] ? Cancelled expired booking ID=100, Customer=1, Released 1 seats
[2025-11-19 20:29:16] ? Cancelled expired booking ID=102, Customer=1, Released 1 seats
[2025-11-19 20:30:16] ? Found 67 expired bookings to cancel
[2025-11-19 20:30:16] ? Cancelled expired booking ID=6, Customer=1, Released 0 seats
[2025-11-19 20:30:16] ? Cancelled expired booking ID=7, Customer=1, Released 0 seats
[2025-11-19 20:30:16] ? Cancelled expired booking ID=8, Customer=1, Released 0 seats
[2025-11-19 20:30:16] ? Cancelled expired booking ID=9, Customer=1, Released 0 seats
[2025-11-19 20:30:16] ? Cancelled expired booking ID=10, Customer=1, Released 1 seats
[2025-11-19 20:30:16] ? Cancelled expired booking ID=11, Customer=1, Released 0 seats
[2025-11-19 20:30:16] ? Cancelled expired booking ID=12, Customer=1, Released 2 seats
[2025-11-19 20:30:16] ? Cancelled expired booking ID=13, Customer=1, Released 1 seats
[2025-11-19 20:30:16] ? Cancelled expired booking ID=14, Customer=1, Released 2 seats
[2025-11-19 20:30:16] ? Cancelled expired booking ID=15, Customer=1, Released 0 seats
[2025-11-19 20:30:16] ? Cancelled expired booking ID=16, Customer=1, Released 0 seats
[2025-11-19 20:30:16] ? Cancelled expired booking ID=17, Customer=1, Released 0 seats
[2025-11-19 20:30:16] ? Cancelled expired booking ID=18, Customer=1, Released 0 seats
[2025-11-19 20:30:16] ? Cancelled expired booking ID=19, Customer=1, Released 1 seats
[2025-11-19 20:30:16] ? Cancelled expired booking ID=20, Customer=1, Released 0 seats
[2025-11-19 20:30:16] ? Cancelled expired booking ID=21, Customer=1, Released 0 seats
[2025-11-19 20:30:16] ? Cancelled expired booking ID=22, Customer=1, Released 0 seats
[2025-11-19 20:30:16] ? Cancelled expired booking ID=23, Customer=1, Released 0 seats
[2025-11-19 20:30:16] ? Cancelled expired booking ID=24, Customer=1, Released 0 seats
[2025-11-19 20:30:16] ? Cancelled expired booking ID=25, Customer=1, Released 0 seats
[2025-11-19 20:30:16] ? Cancelled expired booking ID=26, Customer=1, Released 2 seats
[2025-11-19 20:30:16] ? Cancelled expired booking ID=27, Customer=1, Released 0 seats
[2025-11-19 20:30:16] ? Cancelled expired booking ID=28, Customer=1, Released 0 seats
[2025-11-19 20:30:16] ? Cancelled expired booking ID=29, Customer=1, Released 0 seats
[2025-11-19 20:30:16] ? Cancelled expired booking ID=30, Customer=1, Released 0 seats
[2025-11-19 20:30:16] ? Cancelled expired booking ID=31, Customer=1, Released 1 seats
[2025-11-19 20:30:16] ? Cancelled expired booking ID=32, Customer=1, Released 2 seats
[2025-11-19 20:30:16] ? Cancelled expired booking ID=33, Customer=1, Released 2 seats
[2025-11-19 20:30:16] ? Cancelled expired booking ID=34, Customer=1, Released 2 seats
[2025-11-19 20:30:16] ? Cancelled expired booking ID=35, Customer=1, Released 0 seats
[2025-11-19 20:30:16] ? Cancelled expired booking ID=36, Customer=1, Released 2 seats
[2025-11-19 20:30:16] ? Cancelled expired booking ID=37, Customer=1, Released 1 seats
[2025-11-19 20:30:16] ? Cancelled expired booking ID=38, Customer=1, Released 0 seats
[2025-11-19 20:30:16] ? Cancelled expired booking ID=39, Customer=1, Released 2 seats
[2025-11-19 20:30:16] ? Cancelled expired booking ID=40, Customer=1, Released 0 seats
[2025-11-19 20:30:16] ? Cancelled expired booking ID=41, Customer=1, Released 1 seats
[2025-11-19 20:30:16] ? Cancelled expired booking ID=42, Customer=1, Released 0 seats
[2025-11-19 20:30:16] ? Cancelled expired booking ID=58, Customer=1, Released 0 seats
[2025-11-19 20:30:16] ? Cancelled expired booking ID=64, Customer=1, Released 2 seats
[2025-11-19 20:30:16] ? Cancelled expired booking ID=65, Customer=1, Released 2 seats
[2025-11-19 20:30:16] ? Cancelled expired booking ID=67, Customer=1, Released 2 seats
[2025-11-19 20:30:16] ? Cancelled expired booking ID=68, Customer=1, Released 1 seats
[2025-11-19 20:30:16] ? Cancelled expired booking ID=69, Customer=1, Released 0 seats
[2025-11-19 20:30:16] ? Cancelled expired booking ID=75, Customer=1, Released 0 seats
[2025-11-19 20:30:16] ? Cancelled expired booking ID=76, Customer=1, Released 0 seats
[2025-11-19 20:30:16] ? Cancelled expired booking ID=77, Customer=1, Released 0 seats
[2025-11-19 20:30:16] ? Cancelled expired booking ID=78, Customer=1, Released 0 seats
[2025-11-19 20:30:16] ? Cancelled expired booking ID=79, Customer=1, Released 1 seats
[2025-11-19 20:30:16] ? Cancelled expired booking ID=80, Customer=1, Released 1 seats
[2025-11-19 20:30:16] ? Cancelled expired booking ID=81, Customer=1, Released 0 seats
[2025-11-19 20:30:16] ? Cancelled expired booking ID=82, Customer=1, Released 1 seats
[2025-11-19 20:30:16] ? Cancelled expired booking ID=83, Customer=1, Released 0 seats
[2025-11-19 20:30:16] ? Cancelled expired booking ID=84, Customer=1, Released 0 seats
[2025-11-19 20:30:16] ? Cancelled expired booking ID=85, Customer=1, Released 0 seats
[2025-11-19 20:30:16] ? Cancelled expired booking ID=86, Customer=1, Released 0 seats
[2025-11-19 20:30:16] ? Cancelled expired booking ID=87, Customer=1, Released 0 seats
[2025-11-19 20:30:16] ? Cancelled expired booking ID=88, Customer=1, Released 0 seats
[2025-11-19 20:30:16] ? Cancelled expired booking ID=89, Customer=1, Released 0 seats
[2025-11-19 20:30:16] ? Cancelled expired booking ID=90, Customer=1, Released 0 seats
[2025-11-19 20:30:16] ? Cancelled expired booking ID=92, Customer=2, Released 0 seats
[2025-11-19 20:30:16] ? Cancelled expired booking ID=95, Customer=1, Released 0 seats
[2025-11-19 20:30:16] ? Cancelled expired booking ID=96, Customer=1, Released 0 seats
[2025-11-19 20:30:16] ? Cancelled expired booking ID=97, Customer=1, Released 0 seats
[2025-11-19 20:30:16] ? Cancelled expired booking ID=98, Customer=1, Released 0 seats
[2025-11-19 20:30:16] ? Cancelled expired booking ID=99, Customer=1, Released 0 seats
[2025-11-19 20:30:16] ? Cancelled expired booking ID=100, Customer=1, Released 1 seats
[2025-11-19 20:30:16] ? Cancelled expired booking ID=102, Customer=1, Released 1 seats
[2025-11-19 20:31:16] ? Found 67 expired bookings to cancel
[2025-11-19 20:31:16] ? Cancelled expired booking ID=6, Customer=1, Released 0 seats
[2025-11-19 20:31:16] ? Cancelled expired booking ID=7, Customer=1, Released 0 seats
[2025-11-19 20:31:16] ? Cancelled expired booking ID=8, Customer=1, Released 0 seats
[2025-11-19 20:31:16] ? Cancelled expired booking ID=9, Customer=1, Released 0 seats
[2025-11-19 20:31:16] ? Cancelled expired booking ID=10, Customer=1, Released 1 seats
[2025-11-19 20:31:16] ? Cancelled expired booking ID=11, Customer=1, Released 0 seats
[2025-11-19 20:31:16] ? Cancelled expired booking ID=12, Customer=1, Released 2 seats
[2025-11-19 20:31:16] ? Cancelled expired booking ID=13, Customer=1, Released 1 seats
[2025-11-19 20:31:16] ? Cancelled expired booking ID=14, Customer=1, Released 2 seats
[2025-11-19 20:31:16] ? Cancelled expired booking ID=15, Customer=1, Released 0 seats
[2025-11-19 20:31:16] ? Cancelled expired booking ID=16, Customer=1, Released 0 seats
[2025-11-19 20:31:16] ? Cancelled expired booking ID=17, Customer=1, Released 0 seats
[2025-11-19 20:31:16] ? Cancelled expired booking ID=18, Customer=1, Released 0 seats
[2025-11-19 20:31:16] ? Cancelled expired booking ID=19, Customer=1, Released 1 seats
[2025-11-19 20:31:16] ? Cancelled expired booking ID=20, Customer=1, Released 0 seats
[2025-11-19 20:31:16] ? Cancelled expired booking ID=21, Customer=1, Released 0 seats
[2025-11-19 20:31:16] ? Cancelled expired booking ID=22, Customer=1, Released 0 seats
[2025-11-19 20:31:16] ? Cancelled expired booking ID=23, Customer=1, Released 0 seats
[2025-11-19 20:31:16] ? Cancelled expired booking ID=24, Customer=1, Released 0 seats
[2025-11-19 20:31:16] ? Cancelled expired booking ID=25, Customer=1, Released 0 seats
[2025-11-19 20:31:16] ? Cancelled expired booking ID=26, Customer=1, Released 2 seats
[2025-11-19 20:31:16] ? Cancelled expired booking ID=27, Customer=1, Released 0 seats
[2025-11-19 20:31:16] ? Cancelled expired booking ID=28, Customer=1, Released 0 seats
[2025-11-19 20:31:16] ? Cancelled expired booking ID=29, Customer=1, Released 0 seats
[2025-11-19 20:31:16] ? Cancelled expired booking ID=30, Customer=1, Released 0 seats
[2025-11-19 20:31:16] ? Cancelled expired booking ID=31, Customer=1, Released 1 seats
[2025-11-19 20:31:16] ? Cancelled expired booking ID=32, Customer=1, Released 2 seats
[2025-11-19 20:31:16] ? Cancelled expired booking ID=33, Customer=1, Released 2 seats
[2025-11-19 20:31:16] ? Cancelled expired booking ID=34, Customer=1, Released 2 seats
[2025-11-19 20:31:16] ? Cancelled expired booking ID=35, Customer=1, Released 0 seats
[2025-11-19 20:31:16] ? Cancelled expired booking ID=36, Customer=1, Released 2 seats
[2025-11-19 20:31:16] ? Cancelled expired booking ID=37, Customer=1, Released 1 seats
[2025-11-19 20:31:16] ? Cancelled expired booking ID=38, Customer=1, Released 0 seats
[2025-11-19 20:31:16] ? Cancelled expired booking ID=39, Customer=1, Released 2 seats
[2025-11-19 20:31:16] ? Cancelled expired booking ID=40, Customer=1, Released 0 seats
[2025-11-19 20:31:16] ? Cancelled expired booking ID=41, Customer=1, Released 1 seats
[2025-11-19 20:31:16] ? Cancelled expired booking ID=42, Customer=1, Released 0 seats
[2025-11-19 20:31:16] ? Cancelled expired booking ID=58, Customer=1, Released 0 seats
[2025-11-19 20:31:16] ? Cancelled expired booking ID=64, Customer=1, Released 2 seats
[2025-11-19 20:31:16] ? Cancelled expired booking ID=65, Customer=1, Released 2 seats
[2025-11-19 20:31:16] ? Cancelled expired booking ID=67, Customer=1, Released 2 seats
[2025-11-19 20:31:16] ? Cancelled expired booking ID=68, Customer=1, Released 1 seats
[2025-11-19 20:31:16] ? Cancelled expired booking ID=69, Customer=1, Released 0 seats
[2025-11-19 20:31:16] ? Cancelled expired booking ID=75, Customer=1, Released 0 seats
[2025-11-19 20:31:16] ? Cancelled expired booking ID=76, Customer=1, Released 0 seats
[2025-11-19 20:31:16] ? Cancelled expired booking ID=77, Customer=1, Released 0 seats
[2025-11-19 20:31:16] ? Cancelled expired booking ID=78, Customer=1, Released 0 seats
[2025-11-19 20:31:16] ? Cancelled expired booking ID=79, Customer=1, Released 1 seats
[2025-11-19 20:31:16] ? Cancelled expired booking ID=80, Customer=1, Released 1 seats
[2025-11-19 20:31:16] ? Cancelled expired booking ID=81, Customer=1, Released 0 seats
[2025-11-19 20:31:16] ? Cancelled expired booking ID=82, Customer=1, Released 1 seats
[2025-11-19 20:31:16] ? Cancelled expired booking ID=83, Customer=1, Released 0 seats
[2025-11-19 20:31:16] ? Cancelled expired booking ID=84, Customer=1, Released 0 seats
[2025-11-19 20:31:16] ? Cancelled expired booking ID=85, Customer=1, Released 0 seats
[2025-11-19 20:31:16] ? Cancelled expired booking ID=86, Customer=1, Released 0 seats
[2025-11-19 20:31:16] ? Cancelled expired booking ID=87, Customer=1, Released 0 seats
[2025-11-19 20:31:16] ? Cancelled expired booking ID=88, Customer=1, Released 0 seats
[2025-11-19 20:31:16] ? Cancelled expired booking ID=89, Customer=1, Released 0 seats
[2025-11-19 20:31:16] ? Cancelled expired booking ID=90, Customer=1, Released 0 seats
[2025-11-19 20:31:16] ? Cancelled expired booking ID=92, Customer=2, Released 0 seats
[2025-11-19 20:31:16] ? Cancelled expired booking ID=95, Customer=1, Released 0 seats
[2025-11-19 20:31:16] ? Cancelled expired booking ID=96, Customer=1, Released 0 seats
[2025-11-19 20:31:16] ? Cancelled expired booking ID=97, Customer=1, Released 0 seats
[2025-11-19 20:31:16] ? Cancelled expired booking ID=98, Customer=1, Released 0 seats
[2025-11-19 20:31:16] ? Cancelled expired booking ID=99, Customer=1, Released 0 seats
[2025-11-19 20:31:16] ? Cancelled expired booking ID=100, Customer=1, Released 1 seats
[2025-11-19 20:31:16] ? Cancelled expired booking ID=102, Customer=1, Released 1 seats
[2025-11-19 20:32:16] ? Found 67 expired bookings to cancel
[2025-11-19 20:32:16] ? Cancelled expired booking ID=6, Customer=1, Released 0 seats
[2025-11-19 20:32:16] ? Cancelled expired booking ID=7, Customer=1, Released 0 seats
[2025-11-19 20:32:16] ? Cancelled expired booking ID=8, Customer=1, Released 0 seats
[2025-11-19 20:32:16] ? Cancelled expired booking ID=9, Customer=1, Released 0 seats
[2025-11-19 20:32:16] ? Cancelled expired booking ID=10, Customer=1, Released 1 seats
[2025-11-19 20:32:16] ? Cancelled expired booking ID=11, Customer=1, Released 0 seats
[2025-11-19 20:32:16] ? Cancelled expired booking ID=12, Customer=1, Released 2 seats
[2025-11-19 20:32:16] ? Cancelled expired booking ID=13, Customer=1, Released 1 seats
[2025-11-19 20:32:16] ? Cancelled expired booking ID=14, Customer=1, Released 2 seats
[2025-11-19 20:32:16] ? Cancelled expired booking ID=15, Customer=1, Released 0 seats
[2025-11-19 20:32:16] ? Cancelled expired booking ID=16, Customer=1, Released 0 seats
[2025-11-19 20:32:16] ? Cancelled expired booking ID=17, Customer=1, Released 0 seats
[2025-11-19 20:32:16] ? Cancelled expired booking ID=18, Customer=1, Released 0 seats
[2025-11-19 20:32:16] ? Cancelled expired booking ID=19, Customer=1, Released 1 seats
[2025-11-19 20:32:16] ? Cancelled expired booking ID=20, Customer=1, Released 0 seats
[2025-11-19 20:32:16] ? Cancelled expired booking ID=21, Customer=1, Released 0 seats
[2025-11-19 20:32:16] ? Cancelled expired booking ID=22, Customer=1, Released 0 seats
[2025-11-19 20:32:16] ? Cancelled expired booking ID=23, Customer=1, Released 0 seats
[2025-11-19 20:32:16] ? Cancelled expired booking ID=24, Customer=1, Released 0 seats
[2025-11-19 20:32:16] ? Cancelled expired booking ID=25, Customer=1, Released 0 seats
[2025-11-19 20:32:16] ? Cancelled expired booking ID=26, Customer=1, Released 2 seats
[2025-11-19 20:32:16] ? Cancelled expired booking ID=27, Customer=1, Released 0 seats
[2025-11-19 20:32:16] ? Cancelled expired booking ID=28, Customer=1, Released 0 seats
[2025-11-19 20:32:16] ? Cancelled expired booking ID=29, Customer=1, Released 0 seats
[2025-11-19 20:32:16] ? Cancelled expired booking ID=30, Customer=1, Released 0 seats
[2025-11-19 20:32:16] ? Cancelled expired booking ID=31, Customer=1, Released 1 seats
[2025-11-19 20:32:16] ? Cancelled expired booking ID=32, Customer=1, Released 2 seats
[2025-11-19 20:32:16] ? Cancelled expired booking ID=33, Customer=1, Released 2 seats
[2025-11-19 20:32:16] ? Cancelled expired booking ID=34, Customer=1, Released 2 seats
[2025-11-19 20:32:16] ? Cancelled expired booking ID=35, Customer=1, Released 0 seats
[2025-11-19 20:32:16] ? Cancelled expired booking ID=36, Customer=1, Released 2 seats
[2025-11-19 20:32:16] ? Cancelled expired booking ID=37, Customer=1, Released 1 seats
[2025-11-19 20:32:16] ? Cancelled expired booking ID=38, Customer=1, Released 0 seats
[2025-11-19 20:32:16] ? Cancelled expired booking ID=39, Customer=1, Released 2 seats
[2025-11-19 20:32:16] ? Cancelled expired booking ID=40, Customer=1, Released 0 seats
[2025-11-19 20:32:16] ? Cancelled expired booking ID=41, Customer=1, Released 1 seats
[2025-11-19 20:32:16] ? Cancelled expired booking ID=42, Customer=1, Released 0 seats
[2025-11-19 20:32:16] ? Cancelled expired booking ID=58, Customer=1, Released 0 seats
[2025-11-19 20:32:16] ? Cancelled expired booking ID=64, Customer=1, Released 2 seats
[2025-11-19 20:32:16] ? Cancelled expired booking ID=65, Customer=1, Released 2 seats
[2025-11-19 20:32:16] ? Cancelled expired booking ID=67, Customer=1, Released 2 seats
[2025-11-19 20:32:16] ? Cancelled expired booking ID=68, Customer=1, Released 1 seats
[2025-11-19 20:32:16] ? Cancelled expired booking ID=69, Customer=1, Released 0 seats
[2025-11-19 20:32:16] ? Cancelled expired booking ID=75, Customer=1, Released 0 seats
[2025-11-19 20:32:16] ? Cancelled expired booking ID=76, Customer=1, Released 0 seats
[2025-11-19 20:32:16] ? Cancelled expired booking ID=77, Customer=1, Released 0 seats
[2025-11-19 20:32:16] ? Cancelled expired booking ID=78, Customer=1, Released 0 seats
[2025-11-19 20:32:16] ? Cancelled expired booking ID=79, Customer=1, Released 1 seats
[2025-11-19 20:32:16] ? Cancelled expired booking ID=80, Customer=1, Released 1 seats
[2025-11-19 20:32:16] ? Cancelled expired booking ID=81, Customer=1, Released 0 seats
[2025-11-19 20:32:16] ? Cancelled expired booking ID=82, Customer=1, Released 1 seats
[2025-11-19 20:32:16] ? Cancelled expired booking ID=83, Customer=1, Released 0 seats
[2025-11-19 20:32:16] ? Cancelled expired booking ID=84, Customer=1, Released 0 seats
[2025-11-19 20:32:16] ? Cancelled expired booking ID=85, Customer=1, Released 0 seats
[2025-11-19 20:32:16] ? Cancelled expired booking ID=86, Customer=1, Released 0 seats
[2025-11-19 20:32:16] ? Cancelled expired booking ID=87, Customer=1, Released 0 seats
[2025-11-19 20:32:16] ? Cancelled expired booking ID=88, Customer=1, Released 0 seats
[2025-11-19 20:32:16] ? Cancelled expired booking ID=89, Customer=1, Released 0 seats
[2025-11-19 20:32:16] ? Cancelled expired booking ID=90, Customer=1, Released 0 seats
[2025-11-19 20:32:16] ? Cancelled expired booking ID=92, Customer=2, Released 0 seats
[2025-11-19 20:32:16] ? Cancelled expired booking ID=95, Customer=1, Released 0 seats
[2025-11-19 20:32:16] ? Cancelled expired booking ID=96, Customer=1, Released 0 seats
[2025-11-19 20:32:16] ? Cancelled expired booking ID=97, Customer=1, Released 0 seats
[2025-11-19 20:32:16] ? Cancelled expired booking ID=98, Customer=1, Released 0 seats
[2025-11-19 20:32:16] ? Cancelled expired booking ID=99, Customer=1, Released 0 seats
[2025-11-19 20:32:16] ? Cancelled expired booking ID=100, Customer=1, Released 1 seats
[2025-11-19 20:32:16] ? Cancelled expired booking ID=102, Customer=1, Released 1 seats
[2025-11-19 20:33:16] ? Found 67 expired bookings to cancel
[2025-11-19 20:33:16] ? Cancelled expired booking ID=6, Customer=1, Released 0 seats
[2025-11-19 20:33:16] ? Cancelled expired booking ID=7, Customer=1, Released 0 seats
[2025-11-19 20:33:16] ? Cancelled expired booking ID=8, Customer=1, Released 0 seats
[2025-11-19 20:33:16] ? Cancelled expired booking ID=9, Customer=1, Released 0 seats
[2025-11-19 20:33:16] ? Cancelled expired booking ID=10, Customer=1, Released 1 seats
[2025-11-19 20:33:16] ? Cancelled expired booking ID=11, Customer=1, Released 0 seats
[2025-11-19 20:33:16] ? Cancelled expired booking ID=12, Customer=1, Released 2 seats
[2025-11-19 20:33:16] ? Cancelled expired booking ID=13, Customer=1, Released 1 seats
[2025-11-19 20:33:16] ? Cancelled expired booking ID=14, Customer=1, Released 2 seats
[2025-11-19 20:33:16] ? Cancelled expired booking ID=15, Customer=1, Released 0 seats
[2025-11-19 20:33:16] ? Cancelled expired booking ID=16, Customer=1, Released 0 seats
[2025-11-19 20:33:16] ? Cancelled expired booking ID=17, Customer=1, Released 0 seats
[2025-11-19 20:33:16] ? Cancelled expired booking ID=18, Customer=1, Released 0 seats
[2025-11-19 20:33:16] ? Cancelled expired booking ID=19, Customer=1, Released 1 seats
[2025-11-19 20:33:16] ? Cancelled expired booking ID=20, Customer=1, Released 0 seats
[2025-11-19 20:33:16] ? Cancelled expired booking ID=21, Customer=1, Released 0 seats
[2025-11-19 20:33:16] ? Cancelled expired booking ID=22, Customer=1, Released 0 seats
[2025-11-19 20:33:16] ? Cancelled expired booking ID=23, Customer=1, Released 0 seats
[2025-11-19 20:33:16] ? Cancelled expired booking ID=24, Customer=1, Released 0 seats
[2025-11-19 20:33:16] ? Cancelled expired booking ID=25, Customer=1, Released 0 seats
[2025-11-19 20:33:16] ? Cancelled expired booking ID=26, Customer=1, Released 2 seats
[2025-11-19 20:33:16] ? Cancelled expired booking ID=27, Customer=1, Released 0 seats
[2025-11-19 20:33:16] ? Cancelled expired booking ID=28, Customer=1, Released 0 seats
[2025-11-19 20:33:16] ? Cancelled expired booking ID=29, Customer=1, Released 0 seats
[2025-11-19 20:33:16] ? Cancelled expired booking ID=30, Customer=1, Released 0 seats
[2025-11-19 20:33:16] ? Cancelled expired booking ID=31, Customer=1, Released 1 seats
[2025-11-19 20:33:16] ? Cancelled expired booking ID=32, Customer=1, Released 2 seats
[2025-11-19 20:33:16] ? Cancelled expired booking ID=33, Customer=1, Released 2 seats
[2025-11-19 20:33:16] ? Cancelled expired booking ID=34, Customer=1, Released 2 seats
[2025-11-19 20:33:16] ? Cancelled expired booking ID=35, Customer=1, Released 0 seats
[2025-11-19 20:33:16] ? Cancelled expired booking ID=36, Customer=1, Released 2 seats
[2025-11-19 20:33:16] ? Cancelled expired booking ID=37, Customer=1, Released 1 seats
[2025-11-19 20:33:16] ? Cancelled expired booking ID=38, Customer=1, Released 0 seats
[2025-11-19 20:33:16] ? Cancelled expired booking ID=39, Customer=1, Released 2 seats
[2025-11-19 20:33:16] ? Cancelled expired booking ID=40, Customer=1, Released 0 seats
[2025-11-19 20:33:16] ? Cancelled expired booking ID=41, Customer=1, Released 1 seats
[2025-11-19 20:33:16] ? Cancelled expired booking ID=42, Customer=1, Released 0 seats
[2025-11-19 20:33:16] ? Cancelled expired booking ID=58, Customer=1, Released 0 seats
[2025-11-19 20:33:16] ? Cancelled expired booking ID=64, Customer=1, Released 2 seats
[2025-11-19 20:33:16] ? Cancelled expired booking ID=65, Customer=1, Released 2 seats
[2025-11-19 20:33:16] ? Cancelled expired booking ID=67, Customer=1, Released 2 seats
[2025-11-19 20:33:16] ? Cancelled expired booking ID=68, Customer=1, Released 1 seats
[2025-11-19 20:33:16] ? Cancelled expired booking ID=69, Customer=1, Released 0 seats
[2025-11-19 20:33:16] ? Cancelled expired booking ID=75, Customer=1, Released 0 seats
[2025-11-19 20:33:16] ? Cancelled expired booking ID=76, Customer=1, Released 0 seats
[2025-11-19 20:33:16] ? Cancelled expired booking ID=77, Customer=1, Released 0 seats
[2025-11-19 20:33:16] ? Cancelled expired booking ID=78, Customer=1, Released 0 seats
[2025-11-19 20:33:16] ? Cancelled expired booking ID=79, Customer=1, Released 1 seats
[2025-11-19 20:33:16] ? Cancelled expired booking ID=80, Customer=1, Released 1 seats
[2025-11-19 20:33:16] ? Cancelled expired booking ID=81, Customer=1, Released 0 seats
[2025-11-19 20:33:16] ? Cancelled expired booking ID=82, Customer=1, Released 1 seats
[2025-11-19 20:33:16] ? Cancelled expired booking ID=83, Customer=1, Released 0 seats
[2025-11-19 20:33:16] ? Cancelled expired booking ID=84, Customer=1, Released 0 seats
[2025-11-19 20:33:16] ? Cancelled expired booking ID=85, Customer=1, Released 0 seats
[2025-11-19 20:33:16] ? Cancelled expired booking ID=86, Customer=1, Released 0 seats
[2025-11-19 20:33:16] ? Cancelled expired booking ID=87, Customer=1, Released 0 seats
[2025-11-19 20:33:16] ? Cancelled expired booking ID=88, Customer=1, Released 0 seats
[2025-11-19 20:33:16] ? Cancelled expired booking ID=89, Customer=1, Released 0 seats
[2025-11-19 20:33:16] ? Cancelled expired booking ID=90, Customer=1, Released 0 seats
[2025-11-19 20:33:16] ? Cancelled expired booking ID=92, Customer=2, Released 0 seats
[2025-11-19 20:33:16] ? Cancelled expired booking ID=95, Customer=1, Released 0 seats
[2025-11-19 20:33:16] ? Cancelled expired booking ID=96, Customer=1, Released 0 seats
[2025-11-19 20:33:16] ? Cancelled expired booking ID=97, Customer=1, Released 0 seats
[2025-11-19 20:33:16] ? Cancelled expired booking ID=98, Customer=1, Released 0 seats
[2025-11-19 20:33:16] ? Cancelled expired booking ID=99, Customer=1, Released 0 seats
[2025-11-19 20:33:16] ? Cancelled expired booking ID=100, Customer=1, Released 1 seats
[2025-11-19 20:33:16] ? Cancelled expired booking ID=102, Customer=1, Released 1 seats
[2025-11-19 20:34:16] ? Found 67 expired bookings to cancel
[2025-11-19 20:34:16] ? Cancelled expired booking ID=6, Customer=1, Released 0 seats
[2025-11-19 20:34:16] ? Cancelled expired booking ID=7, Customer=1, Released 0 seats
[2025-11-19 20:34:16] ? Cancelled expired booking ID=8, Customer=1, Released 0 seats
[2025-11-19 20:34:16] ? Cancelled expired booking ID=9, Customer=1, Released 0 seats
[2025-11-19 20:34:16] ? Cancelled expired booking ID=10, Customer=1, Released 1 seats
[2025-11-19 20:34:16] ? Cancelled expired booking ID=11, Customer=1, Released 0 seats
[2025-11-19 20:34:16] ? Cancelled expired booking ID=12, Customer=1, Released 2 seats
[2025-11-19 20:34:16] ? Cancelled expired booking ID=13, Customer=1, Released 1 seats
[2025-11-19 20:34:16] ? Cancelled expired booking ID=14, Customer=1, Released 2 seats
[2025-11-19 20:34:16] ? Cancelled expired booking ID=15, Customer=1, Released 0 seats
[2025-11-19 20:34:16] ? Cancelled expired booking ID=16, Customer=1, Released 0 seats
[2025-11-19 20:34:16] ? Cancelled expired booking ID=17, Customer=1, Released 0 seats
[2025-11-19 20:34:16] ? Cancelled expired booking ID=18, Customer=1, Released 0 seats
[2025-11-19 20:34:16] ? Cancelled expired booking ID=19, Customer=1, Released 1 seats
[2025-11-19 20:34:16] ? Cancelled expired booking ID=20, Customer=1, Released 0 seats
[2025-11-19 20:34:16] ? Cancelled expired booking ID=21, Customer=1, Released 0 seats
[2025-11-19 20:34:16] ? Cancelled expired booking ID=22, Customer=1, Released 0 seats
[2025-11-19 20:34:16] ? Cancelled expired booking ID=23, Customer=1, Released 0 seats
[2025-11-19 20:34:16] ? Cancelled expired booking ID=24, Customer=1, Released 0 seats
[2025-11-19 20:34:16] ? Cancelled expired booking ID=25, Customer=1, Released 0 seats
[2025-11-19 20:34:16] ? Cancelled expired booking ID=26, Customer=1, Released 2 seats
[2025-11-19 20:34:16] ? Cancelled expired booking ID=27, Customer=1, Released 0 seats
[2025-11-19 20:34:16] ? Cancelled expired booking ID=28, Customer=1, Released 0 seats
[2025-11-19 20:34:16] ? Cancelled expired booking ID=29, Customer=1, Released 0 seats
[2025-11-19 20:34:16] ? Cancelled expired booking ID=30, Customer=1, Released 0 seats
[2025-11-19 20:34:16] ? Cancelled expired booking ID=31, Customer=1, Released 1 seats
[2025-11-19 20:34:16] ? Cancelled expired booking ID=32, Customer=1, Released 2 seats
[2025-11-19 20:34:16] ? Cancelled expired booking ID=33, Customer=1, Released 2 seats
[2025-11-19 20:34:16] ? Cancelled expired booking ID=34, Customer=1, Released 2 seats
[2025-11-19 20:34:16] ? Cancelled expired booking ID=35, Customer=1, Released 0 seats
[2025-11-19 20:34:16] ? Cancelled expired booking ID=36, Customer=1, Released 2 seats
[2025-11-19 20:34:16] ? Cancelled expired booking ID=37, Customer=1, Released 1 seats
[2025-11-19 20:34:16] ? Cancelled expired booking ID=38, Customer=1, Released 0 seats
[2025-11-19 20:34:16] ? Cancelled expired booking ID=39, Customer=1, Released 2 seats
[2025-11-19 20:34:16] ? Cancelled expired booking ID=40, Customer=1, Released 0 seats
[2025-11-19 20:34:16] ? Cancelled expired booking ID=41, Customer=1, Released 1 seats
[2025-11-19 20:34:16] ? Cancelled expired booking ID=42, Customer=1, Released 0 seats
[2025-11-19 20:34:16] ? Cancelled expired booking ID=58, Customer=1, Released 0 seats
[2025-11-19 20:34:16] ? Cancelled expired booking ID=64, Customer=1, Released 2 seats
[2025-11-19 20:34:16] ? Cancelled expired booking ID=65, Customer=1, Released 2 seats
[2025-11-19 20:34:16] ? Cancelled expired booking ID=67, Customer=1, Released 2 seats
[2025-11-19 20:34:16] ? Cancelled expired booking ID=68, Customer=1, Released 1 seats
[2025-11-19 20:34:16] ? Cancelled expired booking ID=69, Customer=1, Released 0 seats
[2025-11-19 20:34:16] ? Cancelled expired booking ID=75, Customer=1, Released 0 seats
[2025-11-19 20:34:16] ? Cancelled expired booking ID=76, Customer=1, Released 0 seats
[2025-11-19 20:34:16] ? Cancelled expired booking ID=77, Customer=1, Released 0 seats
[2025-11-19 20:34:16] ? Cancelled expired booking ID=78, Customer=1, Released 0 seats
[2025-11-19 20:34:16] ? Cancelled expired booking ID=79, Customer=1, Released 1 seats
[2025-11-19 20:34:16] ? Cancelled expired booking ID=80, Customer=1, Released 1 seats
[2025-11-19 20:34:16] ? Cancelled expired booking ID=81, Customer=1, Released 0 seats
[2025-11-19 20:34:16] ? Cancelled expired booking ID=82, Customer=1, Released 1 seats
[2025-11-19 20:34:16] ? Cancelled expired booking ID=83, Customer=1, Released 0 seats
[2025-11-19 20:34:16] ? Cancelled expired booking ID=84, Customer=1, Released 0 seats
[2025-11-19 20:34:16] ? Cancelled expired booking ID=85, Customer=1, Released 0 seats
[2025-11-19 20:34:16] ? Cancelled expired booking ID=86, Customer=1, Released 0 seats
[2025-11-19 20:34:16] ? Cancelled expired booking ID=87, Customer=1, Released 0 seats
[2025-11-19 20:34:16] ? Cancelled expired booking ID=88, Customer=1, Released 0 seats
[2025-11-19 20:34:16] ? Cancelled expired booking ID=89, Customer=1, Released 0 seats
[2025-11-19 20:34:16] ? Cancelled expired booking ID=90, Customer=1, Released 0 seats
[2025-11-19 20:34:16] ? Cancelled expired booking ID=92, Customer=2, Released 0 seats
[2025-11-19 20:34:16] ? Cancelled expired booking ID=95, Customer=1, Released 0 seats
[2025-11-19 20:34:16] ? Cancelled expired booking ID=96, Customer=1, Released 0 seats
[2025-11-19 20:34:16] ? Cancelled expired booking ID=97, Customer=1, Released 0 seats
[2025-11-19 20:34:16] ? Cancelled expired booking ID=98, Customer=1, Released 0 seats
[2025-11-19 20:34:16] ? Cancelled expired booking ID=99, Customer=1, Released 0 seats
[2025-11-19 20:34:16] ? Cancelled expired booking ID=100, Customer=1, Released 1 seats
[2025-11-19 20:34:16] ? Cancelled expired booking ID=102, Customer=1, Released 1 seats
[2025-11-19 20:35:16] ? Found 67 expired bookings to cancel
[2025-11-19 20:35:16] ? Cancelled expired booking ID=6, Customer=1, Released 0 seats
[2025-11-19 20:35:16] ? Cancelled expired booking ID=7, Customer=1, Released 0 seats
[2025-11-19 20:35:16] ? Cancelled expired booking ID=8, Customer=1, Released 0 seats
[2025-11-19 20:35:16] ? Cancelled expired booking ID=9, Customer=1, Released 0 seats
[2025-11-19 20:35:16] ? Cancelled expired booking ID=10, Customer=1, Released 1 seats
[2025-11-19 20:35:16] ? Cancelled expired booking ID=11, Customer=1, Released 0 seats
[2025-11-19 20:35:16] ? Cancelled expired booking ID=12, Customer=1, Released 2 seats
[2025-11-19 20:35:16] ? Cancelled expired booking ID=13, Customer=1, Released 1 seats
[2025-11-19 20:35:16] ? Cancelled expired booking ID=14, Customer=1, Released 2 seats
[2025-11-19 20:35:16] ? Cancelled expired booking ID=15, Customer=1, Released 0 seats
[2025-11-19 20:35:16] ? Cancelled expired booking ID=16, Customer=1, Released 0 seats
[2025-11-19 20:35:16] ? Cancelled expired booking ID=17, Customer=1, Released 0 seats
[2025-11-19 20:35:16] ? Cancelled expired booking ID=18, Customer=1, Released 0 seats
[2025-11-19 20:35:16] ? Cancelled expired booking ID=19, Customer=1, Released 1 seats
[2025-11-19 20:35:16] ? Cancelled expired booking ID=20, Customer=1, Released 0 seats
[2025-11-19 20:35:16] ? Cancelled expired booking ID=21, Customer=1, Released 0 seats
[2025-11-19 20:35:16] ? Cancelled expired booking ID=22, Customer=1, Released 0 seats
[2025-11-19 20:35:16] ? Cancelled expired booking ID=23, Customer=1, Released 0 seats
[2025-11-19 20:35:16] ? Cancelled expired booking ID=24, Customer=1, Released 0 seats
[2025-11-19 20:35:16] ? Cancelled expired booking ID=25, Customer=1, Released 0 seats
[2025-11-19 20:35:16] ? Cancelled expired booking ID=26, Customer=1, Released 2 seats
[2025-11-19 20:35:16] ? Cancelled expired booking ID=27, Customer=1, Released 0 seats
[2025-11-19 20:35:16] ? Cancelled expired booking ID=28, Customer=1, Released 0 seats
[2025-11-19 20:35:16] ? Cancelled expired booking ID=29, Customer=1, Released 0 seats
[2025-11-19 20:35:16] ? Cancelled expired booking ID=30, Customer=1, Released 0 seats
[2025-11-19 20:35:16] ? Cancelled expired booking ID=31, Customer=1, Released 1 seats
[2025-11-19 20:35:16] ? Cancelled expired booking ID=32, Customer=1, Released 2 seats
[2025-11-19 20:35:16] ? Cancelled expired booking ID=33, Customer=1, Released 2 seats
[2025-11-19 20:35:16] ? Cancelled expired booking ID=34, Customer=1, Released 2 seats
[2025-11-19 20:35:16] ? Cancelled expired booking ID=35, Customer=1, Released 0 seats
[2025-11-19 20:35:16] ? Cancelled expired booking ID=36, Customer=1, Released 2 seats
[2025-11-19 20:35:16] ? Cancelled expired booking ID=37, Customer=1, Released 1 seats
[2025-11-19 20:35:16] ? Cancelled expired booking ID=38, Customer=1, Released 0 seats
[2025-11-19 20:35:16] ? Cancelled expired booking ID=39, Customer=1, Released 2 seats
[2025-11-19 20:35:16] ? Cancelled expired booking ID=40, Customer=1, Released 0 seats
[2025-11-19 20:35:16] ? Cancelled expired booking ID=41, Customer=1, Released 1 seats
[2025-11-19 20:35:16] ? Cancelled expired booking ID=42, Customer=1, Released 0 seats
[2025-11-19 20:35:16] ? Cancelled expired booking ID=58, Customer=1, Released 0 seats
[2025-11-19 20:35:16] ? Cancelled expired booking ID=64, Customer=1, Released 2 seats
[2025-11-19 20:35:16] ? Cancelled expired booking ID=65, Customer=1, Released 2 seats
[2025-11-19 20:35:16] ? Cancelled expired booking ID=67, Customer=1, Released 2 seats
[2025-11-19 20:35:16] ? Cancelled expired booking ID=68, Customer=1, Released 1 seats
[2025-11-19 20:35:16] ? Cancelled expired booking ID=69, Customer=1, Released 0 seats
[2025-11-19 20:35:16] ? Cancelled expired booking ID=75, Customer=1, Released 0 seats
[2025-11-19 20:35:16] ? Cancelled expired booking ID=76, Customer=1, Released 0 seats
[2025-11-19 20:35:16] ? Cancelled expired booking ID=77, Customer=1, Released 0 seats
[2025-11-19 20:35:16] ? Cancelled expired booking ID=78, Customer=1, Released 0 seats
[2025-11-19 20:35:16] ? Cancelled expired booking ID=79, Customer=1, Released 1 seats
[2025-11-19 20:35:16] ? Cancelled expired booking ID=80, Customer=1, Released 1 seats
[2025-11-19 20:35:16] ? Cancelled expired booking ID=81, Customer=1, Released 0 seats
[2025-11-19 20:35:16] ? Cancelled expired booking ID=82, Customer=1, Released 1 seats
[2025-11-19 20:35:16] ? Cancelled expired booking ID=83, Customer=1, Released 0 seats
[2025-11-19 20:35:16] ? Cancelled expired booking ID=84, Customer=1, Released 0 seats
[2025-11-19 20:35:16] ? Cancelled expired booking ID=85, Customer=1, Released 0 seats
[2025-11-19 20:35:16] ? Cancelled expired booking ID=86, Customer=1, Released 0 seats
[2025-11-19 20:35:16] ? Cancelled expired booking ID=87, Customer=1, Released 0 seats
[2025-11-19 20:35:16] ? Cancelled expired booking ID=88, Customer=1, Released 0 seats
[2025-11-19 20:35:16] ? Cancelled expired booking ID=89, Customer=1, Released 0 seats
[2025-11-19 20:35:16] ? Cancelled expired booking ID=90, Customer=1, Released 0 seats
[2025-11-19 20:35:16] ? Cancelled expired booking ID=92, Customer=2, Released 0 seats
[2025-11-19 20:35:16] ? Cancelled expired booking ID=95, Customer=1, Released 0 seats
[2025-11-19 20:35:16] ? Cancelled expired booking ID=96, Customer=1, Released 0 seats
[2025-11-19 20:35:16] ? Cancelled expired booking ID=97, Customer=1, Released 0 seats
[2025-11-19 20:35:16] ? Cancelled expired booking ID=98, Customer=1, Released 0 seats
[2025-11-19 20:35:16] ? Cancelled expired booking ID=99, Customer=1, Released 0 seats
[2025-11-19 20:35:17] ? Cancelled expired booking ID=100, Customer=1, Released 1 seats
[2025-11-19 20:35:17] ? Cancelled expired booking ID=102, Customer=1, Released 1 seats
[2025-11-19 20:36:16] ? Found 67 expired bookings to cancel
[2025-11-19 20:36:16] ? Cancelled expired booking ID=6, Customer=1, Released 0 seats
[2025-11-19 20:36:16] ? Cancelled expired booking ID=7, Customer=1, Released 0 seats
[2025-11-19 20:36:16] ? Cancelled expired booking ID=8, Customer=1, Released 0 seats
[2025-11-19 20:36:16] ? Cancelled expired booking ID=9, Customer=1, Released 0 seats
[2025-11-19 20:36:16] ? Cancelled expired booking ID=10, Customer=1, Released 1 seats
[2025-11-19 20:36:16] ? Cancelled expired booking ID=11, Customer=1, Released 0 seats
[2025-11-19 20:36:16] ? Cancelled expired booking ID=12, Customer=1, Released 2 seats
[2025-11-19 20:36:16] ? Cancelled expired booking ID=13, Customer=1, Released 1 seats
[2025-11-19 20:36:16] ? Cancelled expired booking ID=14, Customer=1, Released 2 seats
[2025-11-19 20:36:16] ? Cancelled expired booking ID=15, Customer=1, Released 0 seats
[2025-11-19 20:36:16] ? Cancelled expired booking ID=16, Customer=1, Released 0 seats
[2025-11-19 20:36:16] ? Cancelled expired booking ID=17, Customer=1, Released 0 seats
[2025-11-19 20:36:16] ? Cancelled expired booking ID=18, Customer=1, Released 0 seats
[2025-11-19 20:36:16] ? Cancelled expired booking ID=19, Customer=1, Released 1 seats
[2025-11-19 20:36:16] ? Cancelled expired booking ID=20, Customer=1, Released 0 seats
[2025-11-19 20:36:16] ? Cancelled expired booking ID=21, Customer=1, Released 0 seats
[2025-11-19 20:36:16] ? Cancelled expired booking ID=22, Customer=1, Released 0 seats
[2025-11-19 20:36:16] ? Cancelled expired booking ID=23, Customer=1, Released 0 seats
[2025-11-19 20:36:16] ? Cancelled expired booking ID=24, Customer=1, Released 0 seats
[2025-11-19 20:36:16] ? Cancelled expired booking ID=25, Customer=1, Released 0 seats
[2025-11-19 20:36:16] ? Cancelled expired booking ID=26, Customer=1, Released 2 seats
[2025-11-19 20:36:16] ? Cancelled expired booking ID=27, Customer=1, Released 0 seats
[2025-11-19 20:36:16] ? Cancelled expired booking ID=28, Customer=1, Released 0 seats
[2025-11-19 20:36:16] ? Cancelled expired booking ID=29, Customer=1, Released 0 seats
[2025-11-19 20:36:16] ? Cancelled expired booking ID=30, Customer=1, Released 0 seats
[2025-11-19 20:36:16] ? Cancelled expired booking ID=31, Customer=1, Released 1 seats
[2025-11-19 20:36:16] ? Cancelled expired booking ID=32, Customer=1, Released 2 seats
[2025-11-19 20:36:16] ? Cancelled expired booking ID=33, Customer=1, Released 2 seats
[2025-11-19 20:36:16] ? Cancelled expired booking ID=34, Customer=1, Released 2 seats
[2025-11-19 20:36:16] ? Cancelled expired booking ID=35, Customer=1, Released 0 seats
[2025-11-19 20:36:16] ? Cancelled expired booking ID=36, Customer=1, Released 2 seats
[2025-11-19 20:36:16] ? Cancelled expired booking ID=37, Customer=1, Released 1 seats
[2025-11-19 20:36:16] ? Cancelled expired booking ID=38, Customer=1, Released 0 seats
[2025-11-19 20:36:16] ? Cancelled expired booking ID=39, Customer=1, Released 2 seats
[2025-11-19 20:36:16] ? Cancelled expired booking ID=40, Customer=1, Released 0 seats
[2025-11-19 20:36:16] ? Cancelled expired booking ID=41, Customer=1, Released 1 seats
[2025-11-19 20:36:16] ? Cancelled expired booking ID=42, Customer=1, Released 0 seats
[2025-11-19 20:36:16] ? Cancelled expired booking ID=58, Customer=1, Released 0 seats
[2025-11-19 20:36:16] ? Cancelled expired booking ID=64, Customer=1, Released 2 seats
[2025-11-19 20:36:16] ? Cancelled expired booking ID=65, Customer=1, Released 2 seats
[2025-11-19 20:36:16] ? Cancelled expired booking ID=67, Customer=1, Released 2 seats
[2025-11-19 20:36:16] ? Cancelled expired booking ID=68, Customer=1, Released 1 seats
[2025-11-19 20:36:16] ? Cancelled expired booking ID=69, Customer=1, Released 0 seats
[2025-11-19 20:36:16] ? Cancelled expired booking ID=75, Customer=1, Released 0 seats
[2025-11-19 20:36:16] ? Cancelled expired booking ID=76, Customer=1, Released 0 seats
[2025-11-19 20:36:16] ? Cancelled expired booking ID=77, Customer=1, Released 0 seats
[2025-11-19 20:36:16] ? Cancelled expired booking ID=78, Customer=1, Released 0 seats
[2025-11-19 20:36:16] ? Cancelled expired booking ID=79, Customer=1, Released 1 seats
[2025-11-19 20:36:16] ? Cancelled expired booking ID=80, Customer=1, Released 1 seats
[2025-11-19 20:36:16] ? Cancelled expired booking ID=81, Customer=1, Released 0 seats
[2025-11-19 20:36:16] ? Cancelled expired booking ID=82, Customer=1, Released 1 seats
[2025-11-19 20:36:16] ? Cancelled expired booking ID=83, Customer=1, Released 0 seats
[2025-11-19 20:36:16] ? Cancelled expired booking ID=84, Customer=1, Released 0 seats
[2025-11-19 20:36:16] ? Cancelled expired booking ID=85, Customer=1, Released 0 seats
[2025-11-19 20:36:16] ? Cancelled expired booking ID=86, Customer=1, Released 0 seats
[2025-11-19 20:36:16] ? Cancelled expired booking ID=87, Customer=1, Released 0 seats
[2025-11-19 20:36:16] ? Cancelled expired booking ID=88, Customer=1, Released 0 seats
[2025-11-19 20:36:16] ? Cancelled expired booking ID=89, Customer=1, Released 0 seats
[2025-11-19 20:36:16] ? Cancelled expired booking ID=90, Customer=1, Released 0 seats
[2025-11-19 20:36:17] ? Cancelled expired booking ID=92, Customer=2, Released 0 seats
[2025-11-19 20:36:17] ? Cancelled expired booking ID=95, Customer=1, Released 0 seats
[2025-11-19 20:36:17] ? Cancelled expired booking ID=96, Customer=1, Released 0 seats
[2025-11-19 20:36:17] ? Cancelled expired booking ID=97, Customer=1, Released 0 seats
[2025-11-19 20:36:17] ? Cancelled expired booking ID=98, Customer=1, Released 0 seats
[2025-11-19 20:36:17] ? Cancelled expired booking ID=99, Customer=1, Released 0 seats
[2025-11-19 20:36:17] ? Cancelled expired booking ID=100, Customer=1, Released 1 seats
[2025-11-19 20:36:17] ? Cancelled expired booking ID=102, Customer=1, Released 1 seats
[2025-11-19 20:37:16] ? Found 67 expired bookings to cancel
[2025-11-19 20:37:16] ? Cancelled expired booking ID=6, Customer=1, Released 0 seats
[2025-11-19 20:37:16] ? Cancelled expired booking ID=7, Customer=1, Released 0 seats
[2025-11-19 20:37:16] ? Cancelled expired booking ID=8, Customer=1, Released 0 seats
[2025-11-19 20:37:16] ? Cancelled expired booking ID=9, Customer=1, Released 0 seats
[2025-11-19 20:37:16] ? Cancelled expired booking ID=10, Customer=1, Released 1 seats
[2025-11-19 20:37:16] ? Cancelled expired booking ID=11, Customer=1, Released 0 seats
[2025-11-19 20:37:16] ? Cancelled expired booking ID=12, Customer=1, Released 2 seats
[2025-11-19 20:37:16] ? Cancelled expired booking ID=13, Customer=1, Released 1 seats
[2025-11-19 20:37:16] ? Cancelled expired booking ID=14, Customer=1, Released 2 seats
[2025-11-19 20:37:16] ? Cancelled expired booking ID=15, Customer=1, Released 0 seats
[2025-11-19 20:37:16] ? Cancelled expired booking ID=16, Customer=1, Released 0 seats
[2025-11-19 20:37:16] ? Cancelled expired booking ID=17, Customer=1, Released 0 seats
[2025-11-19 20:37:16] ? Cancelled expired booking ID=18, Customer=1, Released 0 seats
[2025-11-19 20:37:16] ? Cancelled expired booking ID=19, Customer=1, Released 1 seats
[2025-11-19 20:37:16] ? Cancelled expired booking ID=20, Customer=1, Released 0 seats
[2025-11-19 20:37:16] ? Cancelled expired booking ID=21, Customer=1, Released 0 seats
[2025-11-19 20:37:16] ? Cancelled expired booking ID=22, Customer=1, Released 0 seats
[2025-11-19 20:37:16] ? Cancelled expired booking ID=23, Customer=1, Released 0 seats
[2025-11-19 20:37:16] ? Cancelled expired booking ID=24, Customer=1, Released 0 seats
[2025-11-19 20:37:16] ? Cancelled expired booking ID=25, Customer=1, Released 0 seats
[2025-11-19 20:37:16] ? Cancelled expired booking ID=26, Customer=1, Released 2 seats
[2025-11-19 20:37:16] ? Cancelled expired booking ID=27, Customer=1, Released 0 seats
[2025-11-19 20:37:16] ? Cancelled expired booking ID=28, Customer=1, Released 0 seats
[2025-11-19 20:37:16] ? Cancelled expired booking ID=29, Customer=1, Released 0 seats
[2025-11-19 20:37:16] ? Cancelled expired booking ID=30, Customer=1, Released 0 seats
[2025-11-19 20:37:16] ? Cancelled expired booking ID=31, Customer=1, Released 1 seats
[2025-11-19 20:37:16] ? Cancelled expired booking ID=32, Customer=1, Released 2 seats
[2025-11-19 20:37:16] ? Cancelled expired booking ID=33, Customer=1, Released 2 seats
[2025-11-19 20:37:16] ? Cancelled expired booking ID=34, Customer=1, Released 2 seats
[2025-11-19 20:37:16] ? Cancelled expired booking ID=35, Customer=1, Released 0 seats
[2025-11-19 20:37:16] ? Cancelled expired booking ID=36, Customer=1, Released 2 seats
[2025-11-19 20:37:16] ? Cancelled expired booking ID=37, Customer=1, Released 1 seats
[2025-11-19 20:37:16] ? Cancelled expired booking ID=38, Customer=1, Released 0 seats
[2025-11-19 20:37:16] ? Cancelled expired booking ID=39, Customer=1, Released 2 seats
[2025-11-19 20:37:16] ? Cancelled expired booking ID=40, Customer=1, Released 0 seats
[2025-11-19 20:37:16] ? Cancelled expired booking ID=41, Customer=1, Released 1 seats
[2025-11-19 20:37:16] ? Cancelled expired booking ID=42, Customer=1, Released 0 seats
[2025-11-19 20:37:16] ? Cancelled expired booking ID=58, Customer=1, Released 0 seats
[2025-11-19 20:37:16] ? Cancelled expired booking ID=64, Customer=1, Released 2 seats
[2025-11-19 20:37:16] ? Cancelled expired booking ID=65, Customer=1, Released 2 seats
[2025-11-19 20:37:16] ? Cancelled expired booking ID=67, Customer=1, Released 2 seats
[2025-11-19 20:37:16] ? Cancelled expired booking ID=68, Customer=1, Released 1 seats
[2025-11-19 20:37:16] ? Cancelled expired booking ID=69, Customer=1, Released 0 seats
[2025-11-19 20:37:16] ? Cancelled expired booking ID=75, Customer=1, Released 0 seats
[2025-11-19 20:37:16] ? Cancelled expired booking ID=76, Customer=1, Released 0 seats
[2025-11-19 20:37:16] ? Cancelled expired booking ID=77, Customer=1, Released 0 seats
[2025-11-19 20:37:16] ? Cancelled expired booking ID=78, Customer=1, Released 0 seats
[2025-11-19 20:37:16] ? Cancelled expired booking ID=79, Customer=1, Released 1 seats
[2025-11-19 20:37:16] ? Cancelled expired booking ID=80, Customer=1, Released 1 seats
[2025-11-19 20:37:16] ? Cancelled expired booking ID=81, Customer=1, Released 0 seats
[2025-11-19 20:37:16] ? Cancelled expired booking ID=82, Customer=1, Released 1 seats
[2025-11-19 20:37:16] ? Cancelled expired booking ID=83, Customer=1, Released 0 seats
[2025-11-19 20:37:16] ? Cancelled expired booking ID=84, Customer=1, Released 0 seats
[2025-11-19 20:37:16] ? Cancelled expired booking ID=85, Customer=1, Released 0 seats
[2025-11-19 20:37:16] ? Cancelled expired booking ID=86, Customer=1, Released 0 seats
[2025-11-19 20:37:16] ? Cancelled expired booking ID=87, Customer=1, Released 0 seats
[2025-11-19 20:37:16] ? Cancelled expired booking ID=88, Customer=1, Released 0 seats
[2025-11-19 20:37:16] ? Cancelled expired booking ID=89, Customer=1, Released 0 seats
[2025-11-19 20:37:16] ? Cancelled expired booking ID=90, Customer=1, Released 0 seats
[2025-11-19 20:37:16] ? Cancelled expired booking ID=92, Customer=2, Released 0 seats
[2025-11-19 20:37:16] ? Cancelled expired booking ID=95, Customer=1, Released 0 seats
[2025-11-19 20:37:16] ? Cancelled expired booking ID=96, Customer=1, Released 0 seats
[2025-11-19 20:37:16] ? Cancelled expired booking ID=97, Customer=1, Released 0 seats
[2025-11-19 20:37:16] ? Cancelled expired booking ID=98, Customer=1, Released 0 seats
[2025-11-19 20:37:16] ? Cancelled expired booking ID=99, Customer=1, Released 0 seats
[2025-11-19 20:37:16] ? Cancelled expired booking ID=100, Customer=1, Released 1 seats
[2025-11-19 20:37:16] ? Cancelled expired booking ID=102, Customer=1, Released 1 seats
[2025-11-19 20:38:16] ? Found 67 expired bookings to cancel
[2025-11-19 20:38:16] ? Cancelled expired booking ID=6, Customer=1, Released 0 seats
[2025-11-19 20:38:16] ? Cancelled expired booking ID=7, Customer=1, Released 0 seats
[2025-11-19 20:38:16] ? Cancelled expired booking ID=8, Customer=1, Released 0 seats
[2025-11-19 20:38:16] ? Cancelled expired booking ID=9, Customer=1, Released 0 seats
[2025-11-19 20:38:16] ? Cancelled expired booking ID=10, Customer=1, Released 1 seats
[2025-11-19 20:38:16] ? Cancelled expired booking ID=11, Customer=1, Released 0 seats
[2025-11-19 20:38:16] ? Cancelled expired booking ID=12, Customer=1, Released 2 seats
[2025-11-19 20:38:16] ? Cancelled expired booking ID=13, Customer=1, Released 1 seats
[2025-11-19 20:38:16] ? Cancelled expired booking ID=14, Customer=1, Released 2 seats
[2025-11-19 20:38:16] ? Cancelled expired booking ID=15, Customer=1, Released 0 seats
[2025-11-19 20:38:16] ? Cancelled expired booking ID=16, Customer=1, Released 0 seats
[2025-11-19 20:38:16] ? Cancelled expired booking ID=17, Customer=1, Released 0 seats
[2025-11-19 20:38:16] ? Cancelled expired booking ID=18, Customer=1, Released 0 seats
[2025-11-19 20:38:16] ? Cancelled expired booking ID=19, Customer=1, Released 1 seats
[2025-11-19 20:38:16] ? Cancelled expired booking ID=20, Customer=1, Released 0 seats
[2025-11-19 20:38:16] ? Cancelled expired booking ID=21, Customer=1, Released 0 seats
[2025-11-19 20:38:16] ? Cancelled expired booking ID=22, Customer=1, Released 0 seats
[2025-11-19 20:38:16] ? Cancelled expired booking ID=23, Customer=1, Released 0 seats
[2025-11-19 20:38:16] ? Cancelled expired booking ID=24, Customer=1, Released 0 seats
[2025-11-19 20:38:16] ? Cancelled expired booking ID=25, Customer=1, Released 0 seats
[2025-11-19 20:38:16] ? Cancelled expired booking ID=26, Customer=1, Released 2 seats
[2025-11-19 20:38:16] ? Cancelled expired booking ID=27, Customer=1, Released 0 seats
[2025-11-19 20:38:16] ? Cancelled expired booking ID=28, Customer=1, Released 0 seats
[2025-11-19 20:38:16] ? Cancelled expired booking ID=29, Customer=1, Released 0 seats
[2025-11-19 20:38:16] ? Cancelled expired booking ID=30, Customer=1, Released 0 seats
[2025-11-19 20:38:16] ? Cancelled expired booking ID=31, Customer=1, Released 1 seats
[2025-11-19 20:38:16] ? Cancelled expired booking ID=32, Customer=1, Released 2 seats
[2025-11-19 20:38:16] ? Cancelled expired booking ID=33, Customer=1, Released 2 seats
[2025-11-19 20:38:16] ? Cancelled expired booking ID=34, Customer=1, Released 2 seats
[2025-11-19 20:38:16] ? Cancelled expired booking ID=35, Customer=1, Released 0 seats
[2025-11-19 20:38:16] ? Cancelled expired booking ID=36, Customer=1, Released 2 seats
[2025-11-19 20:38:16] ? Cancelled expired booking ID=37, Customer=1, Released 1 seats
[2025-11-19 20:38:16] ? Cancelled expired booking ID=38, Customer=1, Released 0 seats
[2025-11-19 20:38:16] ? Cancelled expired booking ID=39, Customer=1, Released 2 seats
[2025-11-19 20:38:16] ? Cancelled expired booking ID=40, Customer=1, Released 0 seats
[2025-11-19 20:38:16] ? Cancelled expired booking ID=41, Customer=1, Released 1 seats
[2025-11-19 20:38:16] ? Cancelled expired booking ID=42, Customer=1, Released 0 seats
[2025-11-19 20:38:16] ? Cancelled expired booking ID=58, Customer=1, Released 0 seats
[2025-11-19 20:38:16] ? Cancelled expired booking ID=64, Customer=1, Released 2 seats
[2025-11-19 20:38:16] ? Cancelled expired booking ID=65, Customer=1, Released 2 seats
[2025-11-19 20:38:16] ? Cancelled expired booking ID=67, Customer=1, Released 2 seats
[2025-11-19 20:38:16] ? Cancelled expired booking ID=68, Customer=1, Released 1 seats
[2025-11-19 20:38:16] ? Cancelled expired booking ID=69, Customer=1, Released 0 seats
[2025-11-19 20:38:16] ? Cancelled expired booking ID=75, Customer=1, Released 0 seats
[2025-11-19 20:38:16] ? Cancelled expired booking ID=76, Customer=1, Released 0 seats
[2025-11-19 20:38:16] ? Cancelled expired booking ID=77, Customer=1, Released 0 seats
[2025-11-19 20:38:16] ? Cancelled expired booking ID=78, Customer=1, Released 0 seats
[2025-11-19 20:38:16] ? Cancelled expired booking ID=79, Customer=1, Released 1 seats
[2025-11-19 20:38:16] ? Cancelled expired booking ID=80, Customer=1, Released 1 seats
[2025-11-19 20:38:16] ? Cancelled expired booking ID=81, Customer=1, Released 0 seats
[2025-11-19 20:38:16] ? Cancelled expired booking ID=82, Customer=1, Released 1 seats
[2025-11-19 20:38:16] ? Cancelled expired booking ID=83, Customer=1, Released 0 seats
[2025-11-19 20:38:16] ? Cancelled expired booking ID=84, Customer=1, Released 0 seats
[2025-11-19 20:38:16] ? Cancelled expired booking ID=85, Customer=1, Released 0 seats
[2025-11-19 20:38:17] ? Cancelled expired booking ID=86, Customer=1, Released 0 seats
[2025-11-19 20:38:17] ? Cancelled expired booking ID=87, Customer=1, Released 0 seats
[2025-11-19 20:38:17] ? Cancelled expired booking ID=88, Customer=1, Released 0 seats
[2025-11-19 20:38:17] ? Cancelled expired booking ID=89, Customer=1, Released 0 seats
[2025-11-19 20:38:17] ? Cancelled expired booking ID=90, Customer=1, Released 0 seats
[2025-11-19 20:38:17] ? Cancelled expired booking ID=92, Customer=2, Released 0 seats
[2025-11-19 20:38:17] ? Cancelled expired booking ID=95, Customer=1, Released 0 seats
[2025-11-19 20:38:17] ? Cancelled expired booking ID=96, Customer=1, Released 0 seats
[2025-11-19 20:38:17] ? Cancelled expired booking ID=97, Customer=1, Released 0 seats
[2025-11-19 20:38:17] ? Cancelled expired booking ID=98, Customer=1, Released 0 seats
[2025-11-19 20:38:17] ? Cancelled expired booking ID=99, Customer=1, Released 0 seats
[2025-11-19 20:38:17] ? Cancelled expired booking ID=100, Customer=1, Released 1 seats
[2025-11-19 20:38:17] ? Cancelled expired booking ID=102, Customer=1, Released 1 seats
[2025-11-19 20:39:16] ? Found 67 expired bookings to cancel
[2025-11-19 20:39:16] ? Cancelled expired booking ID=6, Customer=1, Released 0 seats
[2025-11-19 20:39:16] ? Cancelled expired booking ID=7, Customer=1, Released 0 seats
[2025-11-19 20:39:16] ? Cancelled expired booking ID=8, Customer=1, Released 0 seats
[2025-11-19 20:39:16] ? Cancelled expired booking ID=9, Customer=1, Released 0 seats
[2025-11-19 20:39:16] ? Cancelled expired booking ID=10, Customer=1, Released 1 seats
[2025-11-19 20:39:16] ? Cancelled expired booking ID=11, Customer=1, Released 0 seats
[2025-11-19 20:39:16] ? Cancelled expired booking ID=12, Customer=1, Released 2 seats
[2025-11-19 20:39:16] ? Cancelled expired booking ID=13, Customer=1, Released 1 seats
[2025-11-19 20:39:16] ? Cancelled expired booking ID=14, Customer=1, Released 2 seats
[2025-11-19 20:39:16] ? Cancelled expired booking ID=15, Customer=1, Released 0 seats
[2025-11-19 20:39:16] ? Cancelled expired booking ID=16, Customer=1, Released 0 seats
[2025-11-19 20:39:16] ? Cancelled expired booking ID=17, Customer=1, Released 0 seats
[2025-11-19 20:39:16] ? Cancelled expired booking ID=18, Customer=1, Released 0 seats
[2025-11-19 20:39:16] ? Cancelled expired booking ID=19, Customer=1, Released 1 seats
[2025-11-19 20:39:16] ? Cancelled expired booking ID=20, Customer=1, Released 0 seats
[2025-11-19 20:39:16] ? Cancelled expired booking ID=21, Customer=1, Released 0 seats
[2025-11-19 20:39:16] ? Cancelled expired booking ID=22, Customer=1, Released 0 seats
[2025-11-19 20:39:16] ? Cancelled expired booking ID=23, Customer=1, Released 0 seats
[2025-11-19 20:39:16] ? Cancelled expired booking ID=24, Customer=1, Released 0 seats
[2025-11-19 20:39:16] ? Cancelled expired booking ID=25, Customer=1, Released 0 seats
[2025-11-19 20:39:16] ? Cancelled expired booking ID=26, Customer=1, Released 2 seats
[2025-11-19 20:39:16] ? Cancelled expired booking ID=27, Customer=1, Released 0 seats
[2025-11-19 20:39:16] ? Cancelled expired booking ID=28, Customer=1, Released 0 seats
[2025-11-19 20:39:16] ? Cancelled expired booking ID=29, Customer=1, Released 0 seats
[2025-11-19 20:39:16] ? Cancelled expired booking ID=30, Customer=1, Released 0 seats
[2025-11-19 20:39:16] ? Cancelled expired booking ID=31, Customer=1, Released 1 seats
[2025-11-19 20:39:16] ? Cancelled expired booking ID=32, Customer=1, Released 2 seats
[2025-11-19 20:39:16] ? Cancelled expired booking ID=33, Customer=1, Released 2 seats
[2025-11-19 20:39:16] ? Cancelled expired booking ID=34, Customer=1, Released 2 seats
[2025-11-19 20:39:16] ? Cancelled expired booking ID=35, Customer=1, Released 0 seats
[2025-11-19 20:39:16] ? Cancelled expired booking ID=36, Customer=1, Released 2 seats
[2025-11-19 20:39:16] ? Cancelled expired booking ID=37, Customer=1, Released 1 seats
[2025-11-19 20:39:16] ? Cancelled expired booking ID=38, Customer=1, Released 0 seats
[2025-11-19 20:39:16] ? Cancelled expired booking ID=39, Customer=1, Released 2 seats
[2025-11-19 20:39:16] ? Cancelled expired booking ID=40, Customer=1, Released 0 seats
[2025-11-19 20:39:16] ? Cancelled expired booking ID=41, Customer=1, Released 1 seats
[2025-11-19 20:39:16] ? Cancelled expired booking ID=42, Customer=1, Released 0 seats
[2025-11-19 20:39:16] ? Cancelled expired booking ID=58, Customer=1, Released 0 seats
[2025-11-19 20:39:16] ? Cancelled expired booking ID=64, Customer=1, Released 2 seats
[2025-11-19 20:39:16] ? Cancelled expired booking ID=65, Customer=1, Released 2 seats
[2025-11-19 20:39:16] ? Cancelled expired booking ID=67, Customer=1, Released 2 seats
[2025-11-19 20:39:16] ? Cancelled expired booking ID=68, Customer=1, Released 1 seats
[2025-11-19 20:39:16] ? Cancelled expired booking ID=69, Customer=1, Released 0 seats
[2025-11-19 20:39:16] ? Cancelled expired booking ID=75, Customer=1, Released 0 seats
[2025-11-19 20:39:16] ? Cancelled expired booking ID=76, Customer=1, Released 0 seats
[2025-11-19 20:39:16] ? Cancelled expired booking ID=77, Customer=1, Released 0 seats
[2025-11-19 20:39:16] ? Cancelled expired booking ID=78, Customer=1, Released 0 seats
[2025-11-19 20:39:16] ? Cancelled expired booking ID=79, Customer=1, Released 1 seats
[2025-11-19 20:39:16] ? Cancelled expired booking ID=80, Customer=1, Released 1 seats
[2025-11-19 20:39:16] ? Cancelled expired booking ID=81, Customer=1, Released 0 seats
[2025-11-19 20:39:16] ? Cancelled expired booking ID=82, Customer=1, Released 1 seats
[2025-11-19 20:39:16] ? Cancelled expired booking ID=83, Customer=1, Released 0 seats
[2025-11-19 20:39:16] ? Cancelled expired booking ID=84, Customer=1, Released 0 seats
[2025-11-19 20:39:16] ? Cancelled expired booking ID=85, Customer=1, Released 0 seats
[2025-11-19 20:39:16] ? Cancelled expired booking ID=86, Customer=1, Released 0 seats
[2025-11-19 20:39:16] ? Cancelled expired booking ID=87, Customer=1, Released 0 seats
[2025-11-19 20:39:16] ? Cancelled expired booking ID=88, Customer=1, Released 0 seats
[2025-11-19 20:39:16] ? Cancelled expired booking ID=89, Customer=1, Released 0 seats
[2025-11-19 20:39:16] ? Cancelled expired booking ID=90, Customer=1, Released 0 seats
[2025-11-19 20:39:17] ? Cancelled expired booking ID=92, Customer=2, Released 0 seats
[2025-11-19 20:39:17] ? Cancelled expired booking ID=95, Customer=1, Released 0 seats
[2025-11-19 20:39:17] ? Cancelled expired booking ID=96, Customer=1, Released 0 seats
[2025-11-19 20:39:17] ? Cancelled expired booking ID=97, Customer=1, Released 0 seats
[2025-11-19 20:39:17] ? Cancelled expired booking ID=98, Customer=1, Released 0 seats
[2025-11-19 20:39:17] ? Cancelled expired booking ID=99, Customer=1, Released 0 seats
[2025-11-19 20:39:17] ? Cancelled expired booking ID=100, Customer=1, Released 1 seats
[2025-11-19 20:39:17] ? Cancelled expired booking ID=102, Customer=1, Released 1 seats
[2025-11-19 20:39:32] ✅ QR Code URL (new format) generated: https://img.vietqr.io/image/VCB-1031419192-compact2.png?amount=70000&addInfo=VeThe%20Dark%20K
[2025-11-19 20:39:54] ✅ Staff Applied KM004: Discount 18750,0000
[2025-11-19 20:39:54] ✅ Decrement KM004: Remaining 999998
[2025-11-19 20:39:56] ✅ Admin ViewInvoice: Booking ID 103
[2025-11-19 20:39:56] ✅ Sinh QR code: ec2c6888-983a-4591-8e7a-54cdf2a80a42 -> qr_ec2c6888-983a-4591-8e7a-54cdf2a80a42.png
[2025-11-19 20:43:48] ? BookingExpirationService started
[2025-11-19 20:44:22] ✅ QR Code URL (new format) generated: https://img.vietqr.io/image/VCB-1031419192-compact2.png?amount=70000&addInfo=VeThe%20Dark%20K
[2025-11-19 20:44:48] ? Found 67 expired bookings to cancel
[2025-11-19 20:44:48] ? Cancelled expired booking ID=6, Customer=1, Released 0 seats
[2025-11-19 20:44:48] ? Cancelled expired booking ID=7, Customer=1, Released 0 seats
[2025-11-19 20:44:48] ? Cancelled expired booking ID=8, Customer=1, Released 0 seats
[2025-11-19 20:44:48] ? Cancelled expired booking ID=9, Customer=1, Released 0 seats
[2025-11-19 20:44:48] ? Cancelled expired booking ID=10, Customer=1, Released 1 seats
[2025-11-19 20:44:48] ? Cancelled expired booking ID=11, Customer=1, Released 0 seats
[2025-11-19 20:44:48] ? Cancelled expired booking ID=12, Customer=1, Released 2 seats
[2025-11-19 20:44:48] ? Cancelled expired booking ID=13, Customer=1, Released 1 seats
[2025-11-19 20:44:48] ? Cancelled expired booking ID=14, Customer=1, Released 2 seats
[2025-11-19 20:44:49] ? Cancelled expired booking ID=15, Customer=1, Released 0 seats
[2025-11-19 20:44:49] ? Cancelled expired booking ID=16, Customer=1, Released 0 seats
[2025-11-19 20:44:49] ? Cancelled expired booking ID=17, Customer=1, Released 0 seats
[2025-11-19 20:44:49] ? Cancelled expired booking ID=18, Customer=1, Released 0 seats
[2025-11-19 20:44:49] ? Cancelled expired booking ID=19, Customer=1, Released 1 seats
[2025-11-19 20:44:49] ? Cancelled expired booking ID=20, Customer=1, Released 0 seats
[2025-11-19 20:44:49] ? Cancelled expired booking ID=21, Customer=1, Released 0 seats
[2025-11-19 20:44:49] ? Cancelled expired booking ID=22, Customer=1, Released 0 seats
[2025-11-19 20:44:49] ? Cancelled expired booking ID=23, Customer=1, Released 0 seats
[2025-11-19 20:44:49] ? Cancelled expired booking ID=24, Customer=1, Released 0 seats
[2025-11-19 20:44:49] ? Cancelled expired booking ID=25, Customer=1, Released 0 seats
[2025-11-19 20:44:49] ? Cancelled expired booking ID=26, Customer=1, Released 2 seats
[2025-11-19 20:44:49] ? Cancelled expired booking ID=27, Customer=1, Released 0 seats
[2025-11-19 20:44:49] ? Cancelled expired booking ID=28, Customer=1, Released 0 seats
[2025-11-19 20:44:49] ? Cancelled expired booking ID=29, Customer=1, Released 0 seats
[2025-11-19 20:44:49] ? Cancelled expired booking ID=30, Customer=1, Released 0 seats
[2025-11-19 20:44:49] ? Cancelled expired booking ID=31, Customer=1, Released 1 seats
[2025-11-19 20:44:49] ? Cancelled expired booking ID=32, Customer=1, Released 2 seats
[2025-11-19 20:44:49] ? Cancelled expired booking ID=33, Customer=1, Released 2 seats
[2025-11-19 20:44:49] ? Cancelled expired booking ID=34, Customer=1, Released 2 seats
[2025-11-19 20:44:49] ? Cancelled expired booking ID=35, Customer=1, Released 0 seats
[2025-11-19 20:44:49] ? Cancelled expired booking ID=36, Customer=1, Released 2 seats
[2025-11-19 20:44:49] ? Cancelled expired booking ID=37, Customer=1, Released 1 seats
[2025-11-19 20:44:49] ? Cancelled expired booking ID=38, Customer=1, Released 0 seats
[2025-11-19 20:44:49] ? Cancelled expired booking ID=39, Customer=1, Released 2 seats
[2025-11-19 20:44:49] ? Cancelled expired booking ID=40, Customer=1, Released 0 seats
[2025-11-19 20:44:49] ? Cancelled expired booking ID=41, Customer=1, Released 1 seats
[2025-11-19 20:44:49] ? Cancelled expired booking ID=42, Customer=1, Released 0 seats
[2025-11-19 20:44:49] ? Cancelled expired booking ID=58, Customer=1, Released 0 seats
[2025-11-19 20:44:49] ? Cancelled expired booking ID=64, Customer=1, Released 2 seats
[2025-11-19 20:44:49] ? Cancelled expired booking ID=65, Customer=1, Released 2 seats
[2025-11-19 20:44:49] ? Cancelled expired booking ID=67, Customer=1, Released 2 seats
[2025-11-19 20:44:49] ? Cancelled expired booking ID=68, Customer=1, Released 1 seats
[2025-11-19 20:44:49] ? Cancelled expired booking ID=69, Customer=1, Released 0 seats
[2025-11-19 20:44:49] ? Cancelled expired booking ID=75, Customer=1, Released 0 seats
[2025-11-19 20:44:49] ? Cancelled expired booking ID=76, Customer=1, Released 0 seats
[2025-11-19 20:44:49] ? Cancelled expired booking ID=77, Customer=1, Released 0 seats
[2025-11-19 20:44:49] ? Cancelled expired booking ID=78, Customer=1, Released 0 seats
[2025-11-19 20:44:49] ? Cancelled expired booking ID=79, Customer=1, Released 1 seats
[2025-11-19 20:44:49] ? Cancelled expired booking ID=80, Customer=1, Released 1 seats
[2025-11-19 20:44:49] ? Cancelled expired booking ID=81, Customer=1, Released 0 seats
[2025-11-19 20:44:49] ? Cancelled expired booking ID=82, Customer=1, Released 1 seats
[2025-11-19 20:44:49] ? Cancelled expired booking ID=83, Customer=1, Released 0 seats
[2025-11-19 20:44:49] ? Cancelled expired booking ID=84, Customer=1, Released 0 seats
[2025-11-19 20:44:49] ? Cancelled expired booking ID=85, Customer=1, Released 0 seats
[2025-11-19 20:44:49] ? Cancelled expired booking ID=86, Customer=1, Released 0 seats
[2025-11-19 20:44:49] ? Cancelled expired booking ID=87, Customer=1, Released 0 seats
[2025-11-19 20:44:49] ? Cancelled expired booking ID=88, Customer=1, Released 0 seats
[2025-11-19 20:44:49] ? Cancelled expired booking ID=89, Customer=1, Released 0 seats
[2025-11-19 20:44:49] ? Cancelled expired booking ID=90, Customer=1, Released 0 seats
[2025-11-19 20:44:49] ? Cancelled expired booking ID=92, Customer=2, Released 0 seats
[2025-11-19 20:44:49] ? Cancelled expired booking ID=95, Customer=1, Released 0 seats
[2025-11-19 20:44:49] ? Cancelled expired booking ID=96, Customer=1, Released 0 seats
[2025-11-19 20:44:49] ? Cancelled expired booking ID=97, Customer=1, Released 0 seats
[2025-11-19 20:44:49] ? Cancelled expired booking ID=98, Customer=1, Released 0 seats
[2025-11-19 20:44:49] ? Cancelled expired booking ID=99, Customer=1, Released 0 seats
[2025-11-19 20:44:49] ? Cancelled expired booking ID=100, Customer=1, Released 1 seats
[2025-11-19 20:44:49] ? Cancelled expired booking ID=102, Customer=1, Released 0 seats
[2025-11-19 20:45:04] ✅ Decrement KM004: Remaining 999997
[2025-11-19 20:45:05] ✅ Admin ViewInvoice: Booking ID 104
[2025-11-19 20:45:06] ✅ Sinh QR code: e86cacc4-9780-4bc2-8495-f1711ef99bcb -> qr_e86cacc4-9780-4bc2-8495-f1711ef99bcb.png
[2025-11-19 20:45:48] ? Found 67 expired bookings to cancel
[2025-11-19 20:45:48] ? Cancelled expired booking ID=6, Customer=1, Released 0 seats
[2025-11-19 20:45:48] ? Cancelled expired booking ID=7, Customer=1, Released 0 seats
[2025-11-19 20:45:48] ? Cancelled expired booking ID=8, Customer=1, Released 0 seats
[2025-11-19 20:45:48] ? Cancelled expired booking ID=9, Customer=1, Released 0 seats
[2025-11-19 20:45:48] ? Cancelled expired booking ID=10, Customer=1, Released 1 seats
[2025-11-19 20:45:48] ? Cancelled expired booking ID=11, Customer=1, Released 0 seats
[2025-11-19 20:45:49] ? Cancelled expired booking ID=12, Customer=1, Released 2 seats
[2025-11-19 20:45:49] ? Cancelled expired booking ID=13, Customer=1, Released 1 seats
[2025-11-19 20:45:49] ? Cancelled expired booking ID=14, Customer=1, Released 2 seats
[2025-11-19 20:45:49] ? Cancelled expired booking ID=15, Customer=1, Released 0 seats
[2025-11-19 20:45:49] ? Cancelled expired booking ID=16, Customer=1, Released 0 seats
[2025-11-19 20:45:49] ? Cancelled expired booking ID=17, Customer=1, Released 0 seats
[2025-11-19 20:45:49] ? Cancelled expired booking ID=18, Customer=1, Released 0 seats
[2025-11-19 20:45:49] ? Cancelled expired booking ID=19, Customer=1, Released 1 seats
[2025-11-19 20:45:49] ? Cancelled expired booking ID=20, Customer=1, Released 0 seats
[2025-11-19 20:45:49] ? Cancelled expired booking ID=21, Customer=1, Released 0 seats
[2025-11-19 20:45:49] ? Cancelled expired booking ID=22, Customer=1, Released 0 seats
[2025-11-19 20:45:49] ? Cancelled expired booking ID=23, Customer=1, Released 0 seats
[2025-11-19 20:45:49] ? Cancelled expired booking ID=24, Customer=1, Released 0 seats
[2025-11-19 20:45:49] ? Cancelled expired booking ID=25, Customer=1, Released 0 seats
[2025-11-19 20:45:49] ? Cancelled expired booking ID=26, Customer=1, Released 2 seats
[2025-11-19 20:45:49] ? Cancelled expired booking ID=27, Customer=1, Released 0 seats
[2025-11-19 20:45:49] ? Cancelled expired booking ID=28, Customer=1, Released 0 seats
[2025-11-19 20:45:49] ? Cancelled expired booking ID=29, Customer=1, Released 0 seats
[2025-11-19 20:45:49] ? Cancelled expired booking ID=30, Customer=1, Released 0 seats
[2025-11-19 20:45:49] ? Cancelled expired booking ID=31, Customer=1, Released 1 seats
[2025-11-19 20:45:49] ? Cancelled expired booking ID=32, Customer=1, Released 2 seats
[2025-11-19 20:45:49] ? Cancelled expired booking ID=33, Customer=1, Released 2 seats
[2025-11-19 20:45:49] ? Cancelled expired booking ID=34, Customer=1, Released 2 seats
[2025-11-19 20:45:49] ? Cancelled expired booking ID=35, Customer=1, Released 0 seats
[2025-11-19 20:45:49] ? Cancelled expired booking ID=36, Customer=1, Released 2 seats
[2025-11-19 20:45:49] ? Cancelled expired booking ID=37, Customer=1, Released 1 seats
[2025-11-19 20:45:49] ? Cancelled expired booking ID=38, Customer=1, Released 0 seats
[2025-11-19 20:45:49] ? Cancelled expired booking ID=39, Customer=1, Released 2 seats
[2025-11-19 20:45:49] ? Cancelled expired booking ID=40, Customer=1, Released 0 seats
[2025-11-19 20:45:49] ? Cancelled expired booking ID=41, Customer=1, Released 1 seats
[2025-11-19 20:45:49] ? Cancelled expired booking ID=42, Customer=1, Released 0 seats
[2025-11-19 20:45:49] ? Cancelled expired booking ID=58, Customer=1, Released 0 seats
[2025-11-19 20:45:49] ? Cancelled expired booking ID=64, Customer=1, Released 2 seats
[2025-11-19 20:45:49] ? Cancelled expired booking ID=65, Customer=1, Released 2 seats
[2025-11-19 20:45:49] ? Cancelled expired booking ID=67, Customer=1, Released 2 seats
[2025-11-19 20:45:49] ? Cancelled expired booking ID=68, Customer=1, Released 1 seats
[2025-11-19 20:45:49] ? Cancelled expired booking ID=69, Customer=1, Released 0 seats
[2025-11-19 20:45:49] ? Cancelled expired booking ID=75, Customer=1, Released 0 seats
[2025-11-19 20:45:49] ? Cancelled expired booking ID=76, Customer=1, Released 0 seats
[2025-11-19 20:45:49] ? Cancelled expired booking ID=77, Customer=1, Released 0 seats
[2025-11-19 20:45:49] ? Cancelled expired booking ID=78, Customer=1, Released 0 seats
[2025-11-19 20:45:49] ? Cancelled expired booking ID=79, Customer=1, Released 1 seats
[2025-11-19 20:45:49] ? Cancelled expired booking ID=80, Customer=1, Released 1 seats
[2025-11-19 20:45:49] ? Cancelled expired booking ID=81, Customer=1, Released 0 seats
[2025-11-19 20:45:49] ? Cancelled expired booking ID=82, Customer=1, Released 1 seats
[2025-11-19 20:45:49] ? Cancelled expired booking ID=83, Customer=1, Released 0 seats
[2025-11-19 20:45:49] ? Cancelled expired booking ID=84, Customer=1, Released 0 seats
[2025-11-19 20:45:49] ? Cancelled expired booking ID=85, Customer=1, Released 0 seats
[2025-11-19 20:45:49] ? Cancelled expired booking ID=86, Customer=1, Released 0 seats
[2025-11-19 20:45:49] ? Cancelled expired booking ID=87, Customer=1, Released 0 seats
[2025-11-19 20:45:49] ? Cancelled expired booking ID=88, Customer=1, Released 0 seats
[2025-11-19 20:45:49] ? Cancelled expired booking ID=89, Customer=1, Released 0 seats
[2025-11-19 20:45:49] ? Cancelled expired booking ID=90, Customer=1, Released 0 seats
[2025-11-19 20:45:49] ? Cancelled expired booking ID=92, Customer=2, Released 0 seats
[2025-11-19 20:45:49] ? Cancelled expired booking ID=95, Customer=1, Released 0 seats
[2025-11-19 20:45:49] ? Cancelled expired booking ID=96, Customer=1, Released 0 seats
[2025-11-19 20:45:49] ? Cancelled expired booking ID=97, Customer=1, Released 0 seats
[2025-11-19 20:45:49] ? Cancelled expired booking ID=98, Customer=1, Released 0 seats
[2025-11-19 20:45:49] ? Cancelled expired booking ID=99, Customer=1, Released 0 seats
[2025-11-19 20:45:49] ? Cancelled expired booking ID=100, Customer=1, Released 0 seats
[2025-11-19 20:45:49] ? Cancelled expired booking ID=102, Customer=1, Released 0 seats
[2025-11-19 20:46:48] ? Found 67 expired bookings to cancel
[2025-11-19 20:46:49] ? Cancelled expired booking ID=6, Customer=1, Released 0 seats
[2025-11-19 20:46:49] ? Cancelled expired booking ID=7, Customer=1, Released 0 seats
[2025-11-19 20:46:49] ? Cancelled expired booking ID=8, Customer=1, Released 0 seats
[2025-11-19 20:46:49] ? Cancelled expired booking ID=9, Customer=1, Released 0 seats
[2025-11-19 20:46:49] ? Cancelled expired booking ID=10, Customer=1, Released 1 seats
[2025-11-19 20:46:49] ? Cancelled expired booking ID=11, Customer=1, Released 0 seats
[2025-11-19 20:46:49] ? Cancelled expired booking ID=12, Customer=1, Released 2 seats
[2025-11-19 20:46:49] ? Cancelled expired booking ID=13, Customer=1, Released 1 seats
[2025-11-19 20:46:49] ? Cancelled expired booking ID=14, Customer=1, Released 2 seats
[2025-11-19 20:46:49] ? Cancelled expired booking ID=15, Customer=1, Released 0 seats
[2025-11-19 20:46:49] ? Cancelled expired booking ID=16, Customer=1, Released 0 seats
[2025-11-19 20:46:49] ? Cancelled expired booking ID=17, Customer=1, Released 0 seats
[2025-11-19 20:46:49] ? Cancelled expired booking ID=18, Customer=1, Released 0 seats
[2025-11-19 20:46:49] ? Cancelled expired booking ID=19, Customer=1, Released 1 seats
[2025-11-19 20:46:49] ? Cancelled expired booking ID=20, Customer=1, Released 0 seats
[2025-11-19 20:46:49] ? Cancelled expired booking ID=21, Customer=1, Released 0 seats
[2025-11-19 20:46:49] ? Cancelled expired booking ID=22, Customer=1, Released 0 seats
[2025-11-19 20:46:49] ? Cancelled expired booking ID=23, Customer=1, Released 0 seats
[2025-11-19 20:46:49] ? Cancelled expired booking ID=24, Customer=1, Released 0 seats
[2025-11-19 20:46:49] ? Cancelled expired booking ID=25, Customer=1, Released 0 seats
[2025-11-19 20:46:49] ? Cancelled expired booking ID=26, Customer=1, Released 2 seats
[2025-11-19 20:46:49] ? Cancelled expired booking ID=27, Customer=1, Released 0 seats
[2025-11-19 20:46:49] ? Cancelled expired booking ID=28, Customer=1, Released 0 seats
[2025-11-19 20:46:49] ? Cancelled expired booking ID=29, Customer=1, Released 0 seats
[2025-11-19 20:46:49] ? Cancelled expired booking ID=30, Customer=1, Released 0 seats
[2025-11-19 20:46:49] ? Cancelled expired booking ID=31, Customer=1, Released 1 seats
[2025-11-19 20:46:49] ? Cancelled expired booking ID=32, Customer=1, Released 2 seats
[2025-11-19 20:46:49] ? Cancelled expired booking ID=33, Customer=1, Released 2 seats
[2025-11-19 20:46:49] ? Cancelled expired booking ID=34, Customer=1, Released 2 seats
[2025-11-19 20:46:49] ? Cancelled expired booking ID=35, Customer=1, Released 0 seats
[2025-11-19 20:46:49] ? Cancelled expired booking ID=36, Customer=1, Released 2 seats
[2025-11-19 20:46:49] ? Cancelled expired booking ID=37, Customer=1, Released 1 seats
[2025-11-19 20:46:49] ? Cancelled expired booking ID=38, Customer=1, Released 0 seats
[2025-11-19 20:46:49] ? Cancelled expired booking ID=39, Customer=1, Released 2 seats
[2025-11-19 20:46:49] ? Cancelled expired booking ID=40, Customer=1, Released 0 seats
[2025-11-19 20:46:49] ? Cancelled expired booking ID=41, Customer=1, Released 1 seats
[2025-11-19 20:46:49] ? Cancelled expired booking ID=42, Customer=1, Released 0 seats
[2025-11-19 20:46:49] ? Cancelled expired booking ID=58, Customer=1, Released 0 seats
[2025-11-19 20:46:49] ? Cancelled expired booking ID=64, Customer=1, Released 2 seats
[2025-11-19 20:46:49] ? Cancelled expired booking ID=65, Customer=1, Released 2 seats
[2025-11-19 20:46:49] ? Cancelled expired booking ID=67, Customer=1, Released 2 seats
[2025-11-19 20:46:49] ? Cancelled expired booking ID=68, Customer=1, Released 1 seats
[2025-11-19 20:46:49] ? Cancelled expired booking ID=69, Customer=1, Released 0 seats
[2025-11-19 20:46:49] ? Cancelled expired booking ID=75, Customer=1, Released 0 seats
[2025-11-19 20:46:49] ? Cancelled expired booking ID=76, Customer=1, Released 0 seats
[2025-11-19 20:46:49] ? Cancelled expired booking ID=77, Customer=1, Released 0 seats
[2025-11-19 20:46:49] ? Cancelled expired booking ID=78, Customer=1, Released 0 seats
[2025-11-19 20:46:49] ? Cancelled expired booking ID=79, Customer=1, Released 1 seats
[2025-11-19 20:46:49] ? Cancelled expired booking ID=80, Customer=1, Released 1 seats
[2025-11-19 20:46:49] ? Cancelled expired booking ID=81, Customer=1, Released 0 seats
[2025-11-19 20:46:49] ? Cancelled expired booking ID=82, Customer=1, Released 1 seats
[2025-11-19 20:46:49] ? Cancelled expired booking ID=83, Customer=1, Released 0 seats
[2025-11-19 20:46:49] ? Cancelled expired booking ID=84, Customer=1, Released 0 seats
[2025-11-19 20:46:49] ? Cancelled expired booking ID=85, Customer=1, Released 0 seats
[2025-11-19 20:46:49] ? Cancelled expired booking ID=86, Customer=1, Released 0 seats
[2025-11-19 20:46:49] ? Cancelled expired booking ID=87, Customer=1, Released 0 seats
[2025-11-19 20:46:49] ? Cancelled expired booking ID=88, Customer=1, Released 0 seats
[2025-11-19 20:46:49] ? Cancelled expired booking ID=89, Customer=1, Released 0 seats
[2025-11-19 20:46:49] ? Cancelled expired booking ID=90, Customer=1, Released 0 seats
[2025-11-19 20:46:49] ? Cancelled expired booking ID=92, Customer=2, Released 0 seats
[2025-11-19 20:46:49] ? Cancelled expired booking ID=95, Customer=1, Released 0 seats
[2025-11-19 20:46:49] ? Cancelled expired booking ID=96, Customer=1, Released 0 seats
[2025-11-19 20:46:49] ? Cancelled expired booking ID=97, Customer=1, Released 0 seats
[2025-11-19 20:46:49] ? Cancelled expired booking ID=98, Customer=1, Released 0 seats
[2025-11-19 20:46:49] ? Cancelled expired booking ID=99, Customer=1, Released 0 seats
[2025-11-19 20:46:49] ? Cancelled expired booking ID=100, Customer=1, Released 0 seats
[2025-11-19 20:46:49] ? Cancelled expired booking ID=102, Customer=1, Released 0 seats
[2025-11-19 20:49:14] ? BookingExpirationService started
[2025-11-19 20:49:35] ✅ QR Code URL (new format) generated: https://img.vietqr.io/image/VCB-1031419192-compact2.png?amount=70000&addInfo=VeThe%20Dark%20K
[2025-11-19 20:49:56] ✅ Decrement KM004: Remaining 999996
[2025-11-19 20:49:57] ✅ Admin ViewInvoice: Booking ID 105
[2025-11-19 20:49:57] ✅ Sinh QR code: d6b8fa61-30c4-4886-83d9-eacdea0d0c02 -> qr_d6b8fa61-30c4-4886-83d9-eacdea0d0c02.png
[2025-11-19 20:50:14] ? Found 67 expired bookings to cancel
[2025-11-19 20:50:14] ? Cancelled expired booking ID=6, Customer=1, Released 0 seats
[2025-11-19 20:50:14] ? Cancelled expired booking ID=7, Customer=1, Released 0 seats
[2025-11-19 20:50:14] ? Cancelled expired booking ID=8, Customer=1, Released 0 seats
[2025-11-19 20:50:14] ? Cancelled expired booking ID=9, Customer=1, Released 0 seats
[2025-11-19 20:50:14] ? Cancelled expired booking ID=10, Customer=1, Released 1 seats
[2025-11-19 20:50:14] ? Cancelled expired booking ID=11, Customer=1, Released 0 seats
[2025-11-19 20:50:14] ? Cancelled expired booking ID=12, Customer=1, Released 2 seats
[2025-11-19 20:50:14] ? Cancelled expired booking ID=13, Customer=1, Released 1 seats
[2025-11-19 20:50:14] ? Cancelled expired booking ID=14, Customer=1, Released 2 seats
[2025-11-19 20:50:14] ? Cancelled expired booking ID=15, Customer=1, Released 0 seats
[2025-11-19 20:50:14] ? Cancelled expired booking ID=16, Customer=1, Released 0 seats
[2025-11-19 20:50:14] ? Cancelled expired booking ID=17, Customer=1, Released 0 seats
[2025-11-19 20:50:14] ? Cancelled expired booking ID=18, Customer=1, Released 0 seats
[2025-11-19 20:50:14] ? Cancelled expired booking ID=19, Customer=1, Released 1 seats
[2025-11-19 20:50:14] ? Cancelled expired booking ID=20, Customer=1, Released 0 seats
[2025-11-19 20:50:14] ? Cancelled expired booking ID=21, Customer=1, Released 0 seats
[2025-11-19 20:50:14] ? Cancelled expired booking ID=22, Customer=1, Released 0 seats
[2025-11-19 20:50:14] ? Cancelled expired booking ID=23, Customer=1, Released 0 seats
[2025-11-19 20:50:14] ? Cancelled expired booking ID=24, Customer=1, Released 0 seats
[2025-11-19 20:50:14] ? Cancelled expired booking ID=25, Customer=1, Released 0 seats
[2025-11-19 20:50:14] ? Cancelled expired booking ID=26, Customer=1, Released 2 seats
[2025-11-19 20:50:14] ? Cancelled expired booking ID=27, Customer=1, Released 0 seats
[2025-11-19 20:50:14] ? Cancelled expired booking ID=28, Customer=1, Released 0 seats
[2025-11-19 20:50:14] ? Cancelled expired booking ID=29, Customer=1, Released 0 seats
[2025-11-19 20:50:14] ? Cancelled expired booking ID=30, Customer=1, Released 0 seats
[2025-11-19 20:50:14] ? Cancelled expired booking ID=31, Customer=1, Released 1 seats
[2025-11-19 20:50:14] ? Cancelled expired booking ID=32, Customer=1, Released 2 seats
[2025-11-19 20:50:14] ? Cancelled expired booking ID=33, Customer=1, Released 2 seats
[2025-11-19 20:50:14] ? Cancelled expired booking ID=34, Customer=1, Released 2 seats
[2025-11-19 20:50:14] ? Cancelled expired booking ID=35, Customer=1, Released 0 seats
[2025-11-19 20:50:14] ? Cancelled expired booking ID=36, Customer=1, Released 2 seats
[2025-11-19 20:50:14] ? Cancelled expired booking ID=37, Customer=1, Released 1 seats
[2025-11-19 20:50:14] ? Cancelled expired booking ID=38, Customer=1, Released 0 seats
[2025-11-19 20:50:14] ? Cancelled expired booking ID=39, Customer=1, Released 2 seats
[2025-11-19 20:50:14] ? Cancelled expired booking ID=40, Customer=1, Released 0 seats
[2025-11-19 20:50:14] ? Cancelled expired booking ID=41, Customer=1, Released 1 seats
[2025-11-19 20:50:14] ? Cancelled expired booking ID=42, Customer=1, Released 0 seats
[2025-11-19 20:50:14] ? Cancelled expired booking ID=58, Customer=1, Released 0 seats
[2025-11-19 20:50:14] ? Cancelled expired booking ID=64, Customer=1, Released 2 seats
[2025-11-19 20:50:14] ? Cancelled expired booking ID=65, Customer=1, Released 2 seats
[2025-11-19 20:50:14] ? Cancelled expired booking ID=67, Customer=1, Released 2 seats
[2025-11-19 20:50:14] ? Cancelled expired booking ID=68, Customer=1, Released 1 seats
[2025-11-19 20:50:14] ? Cancelled expired booking ID=69, Customer=1, Released 0 seats
[2025-11-19 20:50:14] ? Cancelled expired booking ID=75, Customer=1, Released 0 seats
[2025-11-19 20:50:14] ? Cancelled expired booking ID=76, Customer=1, Released 0 seats
[2025-11-19 20:50:14] ? Cancelled expired booking ID=77, Customer=1, Released 0 seats
[2025-11-19 20:50:14] ? Cancelled expired booking ID=78, Customer=1, Released 0 seats
[2025-11-19 20:50:14] ? Cancelled expired booking ID=79, Customer=1, Released 1 seats
[2025-11-19 20:50:14] ? Cancelled expired booking ID=80, Customer=1, Released 1 seats
[2025-11-19 20:50:14] ? Cancelled expired booking ID=81, Customer=1, Released 0 seats
[2025-11-19 20:50:14] ? Cancelled expired booking ID=82, Customer=1, Released 0 seats
[2025-11-19 20:50:14] ? Cancelled expired booking ID=83, Customer=1, Released 0 seats
[2025-11-19 20:50:14] ? Cancelled expired booking ID=84, Customer=1, Released 0 seats
[2025-11-19 20:50:14] ? Cancelled expired booking ID=85, Customer=1, Released 0 seats
[2025-11-19 20:50:14] ? Cancelled expired booking ID=86, Customer=1, Released 0 seats
[2025-11-19 20:50:14] ? Cancelled expired booking ID=87, Customer=1, Released 0 seats
[2025-11-19 20:50:14] ? Cancelled expired booking ID=88, Customer=1, Released 0 seats
[2025-11-19 20:50:14] ? Cancelled expired booking ID=89, Customer=1, Released 0 seats
[2025-11-19 20:50:14] ? Cancelled expired booking ID=90, Customer=1, Released 0 seats
[2025-11-19 20:50:14] ? Cancelled expired booking ID=92, Customer=2, Released 0 seats
[2025-11-19 20:50:14] ? Cancelled expired booking ID=95, Customer=1, Released 0 seats
[2025-11-19 20:50:14] ? Cancelled expired booking ID=96, Customer=1, Released 0 seats
[2025-11-19 20:50:14] ? Cancelled expired booking ID=97, Customer=1, Released 0 seats
[2025-11-19 20:50:14] ? Cancelled expired booking ID=98, Customer=1, Released 0 seats
[2025-11-19 20:50:14] ? Cancelled expired booking ID=99, Customer=1, Released 0 seats
[2025-11-19 20:50:14] ? Cancelled expired booking ID=100, Customer=1, Released 0 seats
[2025-11-19 20:50:14] ? Cancelled expired booking ID=102, Customer=1, Released 0 seats
[2025-11-19 20:51:14] ? Found 67 expired bookings to cancel
[2025-11-19 20:51:14] ? Cancelled expired booking ID=6, Customer=1, Released 0 seats
[2025-11-19 20:51:14] ? Cancelled expired booking ID=7, Customer=1, Released 0 seats
[2025-11-19 20:51:14] ? Cancelled expired booking ID=8, Customer=1, Released 0 seats
[2025-11-19 20:51:14] ? Cancelled expired booking ID=9, Customer=1, Released 0 seats
[2025-11-19 20:51:14] ? Cancelled expired booking ID=10, Customer=1, Released 1 seats
[2025-11-19 20:51:14] ? Cancelled expired booking ID=11, Customer=1, Released 0 seats
[2025-11-19 20:51:14] ? Cancelled expired booking ID=12, Customer=1, Released 2 seats
[2025-11-19 20:51:14] ? Cancelled expired booking ID=13, Customer=1, Released 1 seats
[2025-11-19 20:51:14] ? Cancelled expired booking ID=14, Customer=1, Released 2 seats
[2025-11-19 20:51:14] ? Cancelled expired booking ID=15, Customer=1, Released 0 seats
[2025-11-19 20:51:14] ? Cancelled expired booking ID=16, Customer=1, Released 0 seats
[2025-11-19 20:51:14] ? Cancelled expired booking ID=17, Customer=1, Released 0 seats
[2025-11-19 20:51:14] ? Cancelled expired booking ID=18, Customer=1, Released 0 seats
[2025-11-19 20:51:14] ? Cancelled expired booking ID=19, Customer=1, Released 1 seats
[2025-11-19 20:51:14] ? Cancelled expired booking ID=20, Customer=1, Released 0 seats
[2025-11-19 20:51:14] ? Cancelled expired booking ID=21, Customer=1, Released 0 seats
[2025-11-19 20:51:14] ? Cancelled expired booking ID=22, Customer=1, Released 0 seats
[2025-11-19 20:51:14] ? Cancelled expired booking ID=23, Customer=1, Released 0 seats
[2025-11-19 20:51:14] ? Cancelled expired booking ID=24, Customer=1, Released 0 seats
[2025-11-19 20:51:14] ? Cancelled expired booking ID=25, Customer=1, Released 0 seats
[2025-11-19 20:51:14] ? Cancelled expired booking ID=26, Customer=1, Released 2 seats
[2025-11-19 20:51:14] ? Cancelled expired booking ID=27, Customer=1, Released 0 seats
[2025-11-19 20:51:14] ? Cancelled expired booking ID=28, Customer=1, Released 0 seats
[2025-11-19 20:51:14] ? Cancelled expired booking ID=29, Customer=1, Released 0 seats
[2025-11-19 20:51:14] ? Cancelled expired booking ID=30, Customer=1, Released 0 seats
[2025-11-19 20:51:14] ? Cancelled expired booking ID=31, Customer=1, Released 1 seats
[2025-11-19 20:51:14] ? Cancelled expired booking ID=32, Customer=1, Released 2 seats
[2025-11-19 20:51:14] ? Cancelled expired booking ID=33, Customer=1, Released 2 seats
[2025-11-19 20:51:14] ? Cancelled expired booking ID=34, Customer=1, Released 2 seats
[2025-11-19 20:51:14] ? Cancelled expired booking ID=35, Customer=1, Released 0 seats
[2025-11-19 20:51:14] ? Cancelled expired booking ID=36, Customer=1, Released 2 seats
[2025-11-19 20:51:14] ? Cancelled expired booking ID=37, Customer=1, Released 1 seats
[2025-11-19 20:51:14] ? Cancelled expired booking ID=38, Customer=1, Released 0 seats
[2025-11-19 20:51:14] ? Cancelled expired booking ID=39, Customer=1, Released 2 seats
[2025-11-19 20:51:14] ? Cancelled expired booking ID=40, Customer=1, Released 0 seats
[2025-11-19 20:51:14] ? Cancelled expired booking ID=41, Customer=1, Released 1 seats
[2025-11-19 20:51:14] ? Cancelled expired booking ID=42, Customer=1, Released 0 seats
[2025-11-19 20:51:14] ? Cancelled expired booking ID=58, Customer=1, Released 0 seats
[2025-11-19 20:51:14] ? Cancelled expired booking ID=64, Customer=1, Released 2 seats
[2025-11-19 20:51:15] ? Cancelled expired booking ID=65, Customer=1, Released 2 seats
[2025-11-19 20:51:15] ? Cancelled expired booking ID=67, Customer=1, Released 2 seats
[2025-11-19 20:51:15] ? Cancelled expired booking ID=68, Customer=1, Released 1 seats
[2025-11-19 20:51:15] ? Cancelled expired booking ID=69, Customer=1, Released 0 seats
[2025-11-19 20:51:15] ? Cancelled expired booking ID=75, Customer=1, Released 0 seats
[2025-11-19 20:51:15] ? Cancelled expired booking ID=76, Customer=1, Released 0 seats
[2025-11-19 20:51:15] ? Cancelled expired booking ID=77, Customer=1, Released 0 seats
[2025-11-19 20:51:15] ? Cancelled expired booking ID=78, Customer=1, Released 0 seats
[2025-11-19 20:51:15] ? Cancelled expired booking ID=79, Customer=1, Released 1 seats
[2025-11-19 20:51:15] ? Cancelled expired booking ID=80, Customer=1, Released 1 seats
[2025-11-19 20:51:15] ? Cancelled expired booking ID=81, Customer=1, Released 0 seats
[2025-11-19 20:51:15] ? Cancelled expired booking ID=82, Customer=1, Released 0 seats
[2025-11-19 20:51:15] ? Cancelled expired booking ID=83, Customer=1, Released 0 seats
[2025-11-19 20:51:15] ? Cancelled expired booking ID=84, Customer=1, Released 0 seats
[2025-11-19 20:51:15] ? Cancelled expired booking ID=85, Customer=1, Released 0 seats
[2025-11-19 20:51:15] ? Cancelled expired booking ID=86, Customer=1, Released 0 seats
[2025-11-19 20:51:15] ? Cancelled expired booking ID=87, Customer=1, Released 0 seats
[2025-11-19 20:51:15] ? Cancelled expired booking ID=88, Customer=1, Released 0 seats
[2025-11-19 20:51:15] ? Cancelled expired booking ID=89, Customer=1, Released 0 seats
[2025-11-19 20:51:15] ? Cancelled expired booking ID=90, Customer=1, Released 0 seats
[2025-11-19 20:51:15] ? Cancelled expired booking ID=92, Customer=2, Released 0 seats
[2025-11-19 20:51:15] ? Cancelled expired booking ID=95, Customer=1, Released 0 seats
[2025-11-19 20:51:15] ? Cancelled expired booking ID=96, Customer=1, Released 0 seats
[2025-11-19 20:51:15] ? Cancelled expired booking ID=97, Customer=1, Released 0 seats
[2025-11-19 20:51:15] ? Cancelled expired booking ID=98, Customer=1, Released 0 seats
[2025-11-19 20:51:15] ? Cancelled expired booking ID=99, Customer=1, Released 0 seats
[2025-11-19 20:51:15] ? Cancelled expired booking ID=100, Customer=1, Released 0 seats
[2025-11-19 20:51:15] ? Cancelled expired booking ID=102, Customer=1, Released 0 seats
[2025-11-19 20:52:14] ? Found 67 expired bookings to cancel
[2025-11-19 20:52:14] ? Cancelled expired booking ID=6, Customer=1, Released 0 seats
[2025-11-19 20:52:14] ? Cancelled expired booking ID=7, Customer=1, Released 0 seats
[2025-11-19 20:52:14] ? Cancelled expired booking ID=8, Customer=1, Released 0 seats
[2025-11-19 20:52:14] ? Cancelled expired booking ID=9, Customer=1, Released 0 seats
[2025-11-19 20:52:14] ? Cancelled expired booking ID=10, Customer=1, Released 1 seats
[2025-11-19 20:52:14] ? Cancelled expired booking ID=11, Customer=1, Released 0 seats
[2025-11-19 20:52:14] ? Cancelled expired booking ID=12, Customer=1, Released 2 seats
[2025-11-19 20:52:14] ? Cancelled expired booking ID=13, Customer=1, Released 1 seats
[2025-11-19 20:52:14] ? Cancelled expired booking ID=14, Customer=1, Released 2 seats
[2025-11-19 20:52:14] ? Cancelled expired booking ID=15, Customer=1, Released 0 seats
[2025-11-19 20:52:14] ? Cancelled expired booking ID=16, Customer=1, Released 0 seats
[2025-11-19 20:52:14] ? Cancelled expired booking ID=17, Customer=1, Released 0 seats
[2025-11-19 20:52:14] ? Cancelled expired booking ID=18, Customer=1, Released 0 seats
[2025-11-19 20:52:14] ? Cancelled expired booking ID=19, Customer=1, Released 1 seats
[2025-11-19 20:52:14] ? Cancelled expired booking ID=20, Customer=1, Released 0 seats
[2025-11-19 20:52:14] ? Cancelled expired booking ID=21, Customer=1, Released 0 seats
[2025-11-19 20:52:14] ? Cancelled expired booking ID=22, Customer=1, Released 0 seats
[2025-11-19 20:52:14] ? Cancelled expired booking ID=23, Customer=1, Released 0 seats
[2025-11-19 20:52:14] ? Cancelled expired booking ID=24, Customer=1, Released 0 seats
[2025-11-19 20:52:14] ? Cancelled expired booking ID=25, Customer=1, Released 0 seats
[2025-11-19 20:52:14] ? Cancelled expired booking ID=26, Customer=1, Released 2 seats
[2025-11-19 20:52:14] ? Cancelled expired booking ID=27, Customer=1, Released 0 seats
[2025-11-19 20:52:14] ? Cancelled expired booking ID=28, Customer=1, Released 0 seats
[2025-11-19 20:52:14] ? Cancelled expired booking ID=29, Customer=1, Released 0 seats
[2025-11-19 20:52:14] ? Cancelled expired booking ID=30, Customer=1, Released 0 seats
[2025-11-19 20:52:14] ? Cancelled expired booking ID=31, Customer=1, Released 1 seats
[2025-11-19 20:52:14] ? Cancelled expired booking ID=32, Customer=1, Released 2 seats
[2025-11-19 20:52:14] ? Cancelled expired booking ID=33, Customer=1, Released 2 seats
[2025-11-19 20:52:14] ? Cancelled expired booking ID=34, Customer=1, Released 2 seats
[2025-11-19 20:52:14] ? Cancelled expired booking ID=35, Customer=1, Released 0 seats
[2025-11-19 20:52:14] ? Cancelled expired booking ID=36, Customer=1, Released 2 seats
[2025-11-19 20:52:14] ? Cancelled expired booking ID=37, Customer=1, Released 1 seats
[2025-11-19 20:52:14] ? Cancelled expired booking ID=38, Customer=1, Released 0 seats
[2025-11-19 20:52:14] ? Cancelled expired booking ID=39, Customer=1, Released 2 seats
[2025-11-19 20:52:14] ? Cancelled expired booking ID=40, Customer=1, Released 0 seats
[2025-11-19 20:52:14] ? Cancelled expired booking ID=41, Customer=1, Released 1 seats
[2025-11-19 20:52:14] ? Cancelled expired booking ID=42, Customer=1, Released 0 seats
[2025-11-19 20:52:14] ? Cancelled expired booking ID=58, Customer=1, Released 0 seats
[2025-11-19 20:52:14] ? Cancelled expired booking ID=64, Customer=1, Released 2 seats
[2025-11-19 20:52:14] ? Cancelled expired booking ID=65, Customer=1, Released 2 seats
[2025-11-19 20:52:14] ? Cancelled expired booking ID=67, Customer=1, Released 2 seats
[2025-11-19 20:52:14] ? Cancelled expired booking ID=68, Customer=1, Released 1 seats
[2025-11-19 20:52:14] ? Cancelled expired booking ID=69, Customer=1, Released 0 seats
[2025-11-19 20:52:14] ? Cancelled expired booking ID=75, Customer=1, Released 0 seats
[2025-11-19 20:52:14] ? Cancelled expired booking ID=76, Customer=1, Released 0 seats
[2025-11-19 20:52:14] ? Cancelled expired booking ID=77, Customer=1, Released 0 seats
[2025-11-19 20:52:14] ? Cancelled expired booking ID=78, Customer=1, Released 0 seats
[2025-11-19 20:52:14] ? Cancelled expired booking ID=79, Customer=1, Released 1 seats
[2025-11-19 20:52:14] ? Cancelled expired booking ID=80, Customer=1, Released 1 seats
[2025-11-19 20:52:14] ? Cancelled expired booking ID=81, Customer=1, Released 0 seats
[2025-11-19 20:52:14] ? Cancelled expired booking ID=82, Customer=1, Released 0 seats
[2025-11-19 20:52:14] ? Cancelled expired booking ID=83, Customer=1, Released 0 seats
[2025-11-19 20:52:14] ? Cancelled expired booking ID=84, Customer=1, Released 0 seats
[2025-11-19 20:52:14] ? Cancelled expired booking ID=85, Customer=1, Released 0 seats
[2025-11-19 20:52:14] ? Cancelled expired booking ID=86, Customer=1, Released 0 seats
[2025-11-19 20:52:14] ? Cancelled expired booking ID=87, Customer=1, Released 0 seats
[2025-11-19 20:52:14] ? Cancelled expired booking ID=88, Customer=1, Released 0 seats
[2025-11-19 20:52:14] ? Cancelled expired booking ID=89, Customer=1, Released 0 seats
[2025-11-19 20:52:14] ? Cancelled expired booking ID=90, Customer=1, Released 0 seats
[2025-11-19 20:52:14] ? Cancelled expired booking ID=92, Customer=2, Released 0 seats
[2025-11-19 20:52:14] ? Cancelled expired booking ID=95, Customer=1, Released 0 seats
[2025-11-19 20:52:14] ? Cancelled expired booking ID=96, Customer=1, Released 0 seats
[2025-11-19 20:52:14] ? Cancelled expired booking ID=97, Customer=1, Released 0 seats
[2025-11-19 20:52:14] ? Cancelled expired booking ID=98, Customer=1, Released 0 seats
[2025-11-19 20:52:14] ? Cancelled expired booking ID=99, Customer=1, Released 0 seats
[2025-11-19 20:52:14] ? Cancelled expired booking ID=100, Customer=1, Released 0 seats
[2025-11-19 20:52:14] ? Cancelled expired booking ID=102, Customer=1, Released 0 seats
[2025-11-19 20:53:14] ? Found 67 expired bookings to cancel
[2025-11-19 20:53:14] ? Cancelled expired booking ID=6, Customer=1, Released 0 seats
[2025-11-19 20:53:14] ? Cancelled expired booking ID=7, Customer=1, Released 0 seats
[2025-11-19 20:53:14] ? Cancelled expired booking ID=8, Customer=1, Released 0 seats
[2025-11-19 20:53:14] ? Cancelled expired booking ID=9, Customer=1, Released 0 seats
[2025-11-19 20:53:14] ? Cancelled expired booking ID=10, Customer=1, Released 1 seats
[2025-11-19 20:53:14] ? Cancelled expired booking ID=11, Customer=1, Released 0 seats
[2025-11-19 20:53:14] ? Cancelled expired booking ID=12, Customer=1, Released 2 seats
[2025-11-19 20:53:14] ? Cancelled expired booking ID=13, Customer=1, Released 1 seats
[2025-11-19 20:53:14] ? Cancelled expired booking ID=14, Customer=1, Released 2 seats
[2025-11-19 20:53:14] ? Cancelled expired booking ID=15, Customer=1, Released 0 seats
[2025-11-19 20:53:14] ? Cancelled expired booking ID=16, Customer=1, Released 0 seats
[2025-11-19 20:53:14] ? Cancelled expired booking ID=17, Customer=1, Released 0 seats
[2025-11-19 20:53:14] ? Cancelled expired booking ID=18, Customer=1, Released 0 seats
[2025-11-19 20:53:14] ? Cancelled expired booking ID=19, Customer=1, Released 1 seats
[2025-11-19 20:53:14] ? Cancelled expired booking ID=20, Customer=1, Released 0 seats
[2025-11-19 20:53:14] ? Cancelled expired booking ID=21, Customer=1, Released 0 seats
[2025-11-19 20:53:14] ? Cancelled expired booking ID=22, Customer=1, Released 0 seats
[2025-11-19 20:53:14] ? Cancelled expired booking ID=23, Customer=1, Released 0 seats
[2025-11-19 20:53:14] ? Cancelled expired booking ID=24, Customer=1, Released 0 seats
[2025-11-19 20:53:14] ? Cancelled expired booking ID=25, Customer=1, Released 0 seats
[2025-11-19 20:53:14] ? Cancelled expired booking ID=26, Customer=1, Released 2 seats
[2025-11-19 20:53:14] ? Cancelled expired booking ID=27, Customer=1, Released 0 seats
[2025-11-19 20:53:14] ? Cancelled expired booking ID=28, Customer=1, Released 0 seats
[2025-11-19 20:53:14] ? Cancelled expired booking ID=29, Customer=1, Released 0 seats
[2025-11-19 20:53:14] ? Cancelled expired booking ID=30, Customer=1, Released 0 seats
[2025-11-19 20:53:14] ? Cancelled expired booking ID=31, Customer=1, Released 1 seats
[2025-11-19 20:53:14] ? Cancelled expired booking ID=32, Customer=1, Released 2 seats
[2025-11-19 20:53:14] ? Cancelled expired booking ID=33, Customer=1, Released 2 seats
[2025-11-19 20:53:14] ? Cancelled expired booking ID=34, Customer=1, Released 2 seats
[2025-11-19 20:53:14] ? Cancelled expired booking ID=35, Customer=1, Released 0 seats
[2025-11-19 20:53:14] ? Cancelled expired booking ID=36, Customer=1, Released 2 seats
[2025-11-19 20:53:14] ? Cancelled expired booking ID=37, Customer=1, Released 1 seats
[2025-11-19 20:53:14] ? Cancelled expired booking ID=38, Customer=1, Released 0 seats
[2025-11-19 20:53:14] ? Cancelled expired booking ID=39, Customer=1, Released 2 seats
[2025-11-19 20:53:14] ? Cancelled expired booking ID=40, Customer=1, Released 0 seats
[2025-11-19 20:53:14] ? Cancelled expired booking ID=41, Customer=1, Released 1 seats
[2025-11-19 20:53:14] ? Cancelled expired booking ID=42, Customer=1, Released 0 seats
[2025-11-19 20:53:14] ? Cancelled expired booking ID=58, Customer=1, Released 0 seats
[2025-11-19 20:53:14] ? Cancelled expired booking ID=64, Customer=1, Released 2 seats
[2025-11-19 20:53:14] ? Cancelled expired booking ID=65, Customer=1, Released 2 seats
[2025-11-19 20:53:14] ? Cancelled expired booking ID=67, Customer=1, Released 2 seats
[2025-11-19 20:53:14] ? Cancelled expired booking ID=68, Customer=1, Released 1 seats
[2025-11-19 20:53:14] ? Cancelled expired booking ID=69, Customer=1, Released 0 seats
[2025-11-19 20:53:14] ? Cancelled expired booking ID=75, Customer=1, Released 0 seats
[2025-11-19 20:53:14] ? Cancelled expired booking ID=76, Customer=1, Released 0 seats
[2025-11-19 20:53:14] ? Cancelled expired booking ID=77, Customer=1, Released 0 seats
[2025-11-19 20:53:14] ? Cancelled expired booking ID=78, Customer=1, Released 0 seats
[2025-11-19 20:53:14] ? Cancelled expired booking ID=79, Customer=1, Released 1 seats
[2025-11-19 20:53:14] ? Cancelled expired booking ID=80, Customer=1, Released 1 seats
[2025-11-19 20:53:14] ? Cancelled expired booking ID=81, Customer=1, Released 0 seats
[2025-11-19 20:53:14] ? Cancelled expired booking ID=82, Customer=1, Released 0 seats
[2025-11-19 20:53:14] ? Cancelled expired booking ID=83, Customer=1, Released 0 seats
[2025-11-19 20:53:14] ? Cancelled expired booking ID=84, Customer=1, Released 0 seats
[2025-11-19 20:53:14] ? Cancelled expired booking ID=85, Customer=1, Released 0 seats
[2025-11-19 20:53:14] ? Cancelled expired booking ID=86, Customer=1, Released 0 seats
[2025-11-19 20:53:14] ? Cancelled expired booking ID=87, Customer=1, Released 0 seats
[2025-11-19 20:53:14] ? Cancelled expired booking ID=88, Customer=1, Released 0 seats
[2025-11-19 20:53:14] ? Cancelled expired booking ID=89, Customer=1, Released 0 seats
[2025-11-19 20:53:14] ? Cancelled expired booking ID=90, Customer=1, Released 0 seats
[2025-11-19 20:53:14] ? Cancelled expired booking ID=92, Customer=2, Released 0 seats
[2025-11-19 20:53:14] ? Cancelled expired booking ID=95, Customer=1, Released 0 seats
[2025-11-19 20:53:14] ? Cancelled expired booking ID=96, Customer=1, Released 0 seats
[2025-11-19 20:53:14] ? Cancelled expired booking ID=97, Customer=1, Released 0 seats
[2025-11-19 20:53:14] ? Cancelled expired booking ID=98, Customer=1, Released 0 seats
[2025-11-19 20:53:14] ? Cancelled expired booking ID=99, Customer=1, Released 0 seats
[2025-11-19 20:53:14] ? Cancelled expired booking ID=100, Customer=1, Released 0 seats
[2025-11-19 20:53:14] ? Cancelled expired booking ID=102, Customer=1, Released 0 seats
[2025-11-19 20:54:14] ? Found 67 expired bookings to cancel
[2025-11-19 20:54:14] ? Cancelled expired booking ID=6, Customer=1, Released 0 seats
[2025-11-19 20:54:14] ? Cancelled expired booking ID=7, Customer=1, Released 0 seats
[2025-11-19 20:54:14] ? Cancelled expired booking ID=8, Customer=1, Released 0 seats
[2025-11-19 20:54:14] ? Cancelled expired booking ID=9, Customer=1, Released 0 seats
[2025-11-19 20:54:14] ? Cancelled expired booking ID=10, Customer=1, Released 1 seats
[2025-11-19 20:54:14] ? Cancelled expired booking ID=11, Customer=1, Released 0 seats
[2025-11-19 20:54:14] ? Cancelled expired booking ID=12, Customer=1, Released 2 seats
[2025-11-19 20:54:14] ? Cancelled expired booking ID=13, Customer=1, Released 1 seats
[2025-11-19 20:54:14] ? Cancelled expired booking ID=14, Customer=1, Released 2 seats
[2025-11-19 20:54:14] ? Cancelled expired booking ID=15, Customer=1, Released 0 seats
[2025-11-19 20:54:14] ? Cancelled expired booking ID=16, Customer=1, Released 0 seats
[2025-11-19 20:54:14] ? Cancelled expired booking ID=17, Customer=1, Released 0 seats
[2025-11-19 20:54:14] ? Cancelled expired booking ID=18, Customer=1, Released 0 seats
[2025-11-19 20:54:14] ? Cancelled expired booking ID=19, Customer=1, Released 1 seats
[2025-11-19 20:54:14] ? Cancelled expired booking ID=20, Customer=1, Released 0 seats
[2025-11-19 20:54:14] ? Cancelled expired booking ID=21, Customer=1, Released 0 seats
[2025-11-19 20:54:14] ? Cancelled expired booking ID=22, Customer=1, Released 0 seats
[2025-11-19 20:54:14] ? Cancelled expired booking ID=23, Customer=1, Released 0 seats
[2025-11-19 20:54:14] ? Cancelled expired booking ID=24, Customer=1, Released 0 seats
[2025-11-19 20:54:14] ? Cancelled expired booking ID=25, Customer=1, Released 0 seats
[2025-11-19 20:54:14] ? Cancelled expired booking ID=26, Customer=1, Released 2 seats
[2025-11-19 20:54:14] ? Cancelled expired booking ID=27, Customer=1, Released 0 seats
[2025-11-19 20:54:14] ? Cancelled expired booking ID=28, Customer=1, Released 0 seats
[2025-11-19 20:54:14] ? Cancelled expired booking ID=29, Customer=1, Released 0 seats
[2025-11-19 20:54:14] ? Cancelled expired booking ID=30, Customer=1, Released 0 seats
[2025-11-19 20:54:14] ? Cancelled expired booking ID=31, Customer=1, Released 1 seats
[2025-11-19 20:54:14] ? Cancelled expired booking ID=32, Customer=1, Released 2 seats
[2025-11-19 20:54:14] ? Cancelled expired booking ID=33, Customer=1, Released 2 seats
[2025-11-19 20:54:14] ? Cancelled expired booking ID=34, Customer=1, Released 2 seats
[2025-11-19 20:54:14] ? Cancelled expired booking ID=35, Customer=1, Released 0 seats
[2025-11-19 20:54:14] ? Cancelled expired booking ID=36, Customer=1, Released 2 seats
[2025-11-19 20:54:14] ? Cancelled expired booking ID=37, Customer=1, Released 1 seats
[2025-11-19 20:54:14] ? Cancelled expired booking ID=38, Customer=1, Released 0 seats
[2025-11-19 20:54:14] ? Cancelled expired booking ID=39, Customer=1, Released 2 seats
[2025-11-19 20:54:14] ? Cancelled expired booking ID=40, Customer=1, Released 0 seats
[2025-11-19 20:54:14] ? Cancelled expired booking ID=41, Customer=1, Released 1 seats
[2025-11-19 20:54:14] ? Cancelled expired booking ID=42, Customer=1, Released 0 seats
[2025-11-19 20:54:14] ? Cancelled expired booking ID=58, Customer=1, Released 0 seats
[2025-11-19 20:54:14] ? Cancelled expired booking ID=64, Customer=1, Released 2 seats
[2025-11-19 20:54:14] ? Cancelled expired booking ID=65, Customer=1, Released 2 seats
[2025-11-19 20:54:14] ? Cancelled expired booking ID=67, Customer=1, Released 2 seats
[2025-11-19 20:54:14] ? Cancelled expired booking ID=68, Customer=1, Released 1 seats
[2025-11-19 20:54:14] ? Cancelled expired booking ID=69, Customer=1, Released 0 seats
[2025-11-19 20:54:14] ? Cancelled expired booking ID=75, Customer=1, Released 0 seats
[2025-11-19 20:54:14] ? Cancelled expired booking ID=76, Customer=1, Released 0 seats
[2025-11-19 20:54:14] ? Cancelled expired booking ID=77, Customer=1, Released 0 seats
[2025-11-19 20:54:14] ? Cancelled expired booking ID=78, Customer=1, Released 0 seats
[2025-11-19 20:54:14] ? Cancelled expired booking ID=79, Customer=1, Released 1 seats
[2025-11-19 20:54:14] ? Cancelled expired booking ID=80, Customer=1, Released 1 seats
[2025-11-19 20:54:14] ? Cancelled expired booking ID=81, Customer=1, Released 0 seats
[2025-11-19 20:54:14] ? Cancelled expired booking ID=82, Customer=1, Released 0 seats
[2025-11-19 20:54:14] ? Cancelled expired booking ID=83, Customer=1, Released 0 seats
[2025-11-19 20:54:14] ? Cancelled expired booking ID=84, Customer=1, Released 0 seats
[2025-11-19 20:54:14] ? Cancelled expired booking ID=85, Customer=1, Released 0 seats
[2025-11-19 20:54:14] ? Cancelled expired booking ID=86, Customer=1, Released 0 seats
[2025-11-19 20:54:14] ? Cancelled expired booking ID=87, Customer=1, Released 0 seats
[2025-11-19 20:54:14] ? Cancelled expired booking ID=88, Customer=1, Released 0 seats
[2025-11-19 20:54:14] ? Cancelled expired booking ID=89, Customer=1, Released 0 seats
[2025-11-19 20:54:14] ? Cancelled expired booking ID=90, Customer=1, Released 0 seats
[2025-11-19 20:54:14] ? Cancelled expired booking ID=92, Customer=2, Released 0 seats
[2025-11-19 20:54:14] ? Cancelled expired booking ID=95, Customer=1, Released 0 seats
[2025-11-19 20:54:14] ? Cancelled expired booking ID=96, Customer=1, Released 0 seats
[2025-11-19 20:54:14] ? Cancelled expired booking ID=97, Customer=1, Released 0 seats
[2025-11-19 20:54:14] ? Cancelled expired booking ID=98, Customer=1, Released 0 seats
[2025-11-19 20:54:14] ? Cancelled expired booking ID=99, Customer=1, Released 0 seats
[2025-11-19 20:54:14] ? Cancelled expired booking ID=100, Customer=1, Released 0 seats
[2025-11-19 20:54:14] ? Cancelled expired booking ID=102, Customer=1, Released 0 seats
[2025-11-19 20:54:45] ✅ Admin ViewInvoice: Booking ID 105
[2025-11-19 20:55:02] ✅ Admin ViewInvoice: Booking ID 105
[2025-11-19 20:55:38] ? BookingExpirationService started
[2025-11-19 20:56:04] ✅ QR Code URL (new format) generated: https://img.vietqr.io/image/VCB-1031419192-compact2.png?amount=70000&addInfo=VeThe%20Dark%20K
[2025-11-19 20:56:38] ? Found 67 expired bookings to cancel
[2025-11-19 20:56:38] ? Cancelled expired booking ID=6, Customer=1, Released 0 seats
[2025-11-19 20:56:38] ? Cancelled expired booking ID=7, Customer=1, Released 0 seats
[2025-11-19 20:56:38] ? Cancelled expired booking ID=8, Customer=1, Released 0 seats
[2025-11-19 20:56:38] ? Cancelled expired booking ID=9, Customer=1, Released 0 seats
[2025-11-19 20:56:38] ? Cancelled expired booking ID=10, Customer=1, Released 1 seats
[2025-11-19 20:56:38] ? Cancelled expired booking ID=11, Customer=1, Released 0 seats
[2025-11-19 20:56:38] ? Cancelled expired booking ID=12, Customer=1, Released 2 seats
[2025-11-19 20:56:38] ? Cancelled expired booking ID=13, Customer=1, Released 1 seats
[2025-11-19 20:56:38] ? Cancelled expired booking ID=14, Customer=1, Released 2 seats
[2025-11-19 20:56:38] ? Cancelled expired booking ID=15, Customer=1, Released 0 seats
[2025-11-19 20:56:38] ? Cancelled expired booking ID=16, Customer=1, Released 0 seats
[2025-11-19 20:56:38] ? Cancelled expired booking ID=17, Customer=1, Released 0 seats
[2025-11-19 20:56:38] ? Cancelled expired booking ID=18, Customer=1, Released 0 seats
[2025-11-19 20:56:38] ? Cancelled expired booking ID=19, Customer=1, Released 1 seats
[2025-11-19 20:56:38] ? Cancelled expired booking ID=20, Customer=1, Released 0 seats
[2025-11-19 20:56:38] ? Cancelled expired booking ID=21, Customer=1, Released 0 seats
[2025-11-19 20:56:38] ? Cancelled expired booking ID=22, Customer=1, Released 0 seats
[2025-11-19 20:56:38] ? Cancelled expired booking ID=23, Customer=1, Released 0 seats
[2025-11-19 20:56:38] ? Cancelled expired booking ID=24, Customer=1, Released 0 seats
[2025-11-19 20:56:38] ? Cancelled expired booking ID=25, Customer=1, Released 0 seats
[2025-11-19 20:56:38] ? Cancelled expired booking ID=26, Customer=1, Released 2 seats
[2025-11-19 20:56:38] ? Cancelled expired booking ID=27, Customer=1, Released 0 seats
[2025-11-19 20:56:38] ? Cancelled expired booking ID=28, Customer=1, Released 0 seats
[2025-11-19 20:56:38] ? Cancelled expired booking ID=29, Customer=1, Released 0 seats
[2025-11-19 20:56:38] ? Cancelled expired booking ID=30, Customer=1, Released 0 seats
[2025-11-19 20:56:38] ? Cancelled expired booking ID=31, Customer=1, Released 1 seats
[2025-11-19 20:56:38] ? Cancelled expired booking ID=32, Customer=1, Released 2 seats
[2025-11-19 20:56:38] ? Cancelled expired booking ID=33, Customer=1, Released 2 seats
[2025-11-19 20:56:38] ? Cancelled expired booking ID=34, Customer=1, Released 2 seats
[2025-11-19 20:56:38] ? Cancelled expired booking ID=35, Customer=1, Released 0 seats
[2025-11-19 20:56:38] ? Cancelled expired booking ID=36, Customer=1, Released 2 seats
[2025-11-19 20:56:38] ? Cancelled expired booking ID=37, Customer=1, Released 1 seats
[2025-11-19 20:56:38] ? Cancelled expired booking ID=38, Customer=1, Released 0 seats
[2025-11-19 20:56:38] ? Cancelled expired booking ID=39, Customer=1, Released 2 seats
[2025-11-19 20:56:38] ? Cancelled expired booking ID=40, Customer=1, Released 0 seats
[2025-11-19 20:56:38] ? Cancelled expired booking ID=41, Customer=1, Released 1 seats
[2025-11-19 20:56:38] ? Cancelled expired booking ID=42, Customer=1, Released 0 seats
[2025-11-19 20:56:38] ? Cancelled expired booking ID=58, Customer=1, Released 0 seats
[2025-11-19 20:56:38] ? Cancelled expired booking ID=64, Customer=1, Released 2 seats
[2025-11-19 20:56:38] ? Cancelled expired booking ID=65, Customer=1, Released 2 seats
[2025-11-19 20:56:38] ? Cancelled expired booking ID=67, Customer=1, Released 2 seats
[2025-11-19 20:56:38] ? Cancelled expired booking ID=68, Customer=1, Released 1 seats
[2025-11-19 20:56:38] ? Cancelled expired booking ID=69, Customer=1, Released 0 seats
[2025-11-19 20:56:38] ? Cancelled expired booking ID=75, Customer=1, Released 0 seats
[2025-11-19 20:56:38] ? Cancelled expired booking ID=76, Customer=1, Released 0 seats
[2025-11-19 20:56:38] ? Cancelled expired booking ID=77, Customer=1, Released 0 seats
[2025-11-19 20:56:38] ? Cancelled expired booking ID=78, Customer=1, Released 0 seats
[2025-11-19 20:56:38] ? Cancelled expired booking ID=79, Customer=1, Released 1 seats
[2025-11-19 20:56:38] ? Cancelled expired booking ID=80, Customer=1, Released 1 seats
[2025-11-19 20:56:38] ? Cancelled expired booking ID=81, Customer=1, Released 0 seats
[2025-11-19 20:56:38] ? Cancelled expired booking ID=82, Customer=1, Released 0 seats
[2025-11-19 20:56:38] ? Cancelled expired booking ID=83, Customer=1, Released 0 seats
[2025-11-19 20:56:38] ? Cancelled expired booking ID=84, Customer=1, Released 0 seats
[2025-11-19 20:56:38] ? Cancelled expired booking ID=85, Customer=1, Released 0 seats
[2025-11-19 20:56:38] ? Cancelled expired booking ID=86, Customer=1, Released 0 seats
[2025-11-19 20:56:38] ? Cancelled expired booking ID=87, Customer=1, Released 0 seats
[2025-11-19 20:56:38] ? Cancelled expired booking ID=88, Customer=1, Released 0 seats
[2025-11-19 20:56:38] ? Cancelled expired booking ID=89, Customer=1, Released 0 seats
[2025-11-19 20:56:38] ? Cancelled expired booking ID=90, Customer=1, Released 0 seats
[2025-11-19 20:56:38] ? Cancelled expired booking ID=92, Customer=2, Released 0 seats
[2025-11-19 20:56:38] ? Cancelled expired booking ID=95, Customer=1, Released 0 seats
[2025-11-19 20:56:38] ? Cancelled expired booking ID=96, Customer=1, Released 0 seats
[2025-11-19 20:56:38] ? Cancelled expired booking ID=97, Customer=1, Released 0 seats
[2025-11-19 20:56:38] ? Cancelled expired booking ID=98, Customer=1, Released 0 seats
[2025-11-19 20:56:38] ? Cancelled expired booking ID=99, Customer=1, Released 0 seats
[2025-11-19 20:56:38] ? Cancelled expired booking ID=100, Customer=1, Released 0 seats
[2025-11-19 20:56:38] ? Cancelled expired booking ID=102, Customer=1, Released 0 seats
[2025-11-19 20:56:49] ✅ Decrement KM004: Remaining 999995
[2025-11-19 20:56:53] ✅ Admin ViewInvoice: Booking ID 106
[2025-11-19 20:56:54] ✅ Sinh QR code: f3c7cd3f-51ef-4ce8-9d44-69d5fb23a9a8 -> qr_f3c7cd3f-51ef-4ce8-9d44-69d5fb23a9a8.png
[2025-11-19 20:57:38] ? Found 67 expired bookings to cancel
[2025-11-19 20:57:38] ? Cancelled expired booking ID=6, Customer=1, Released 0 seats
[2025-11-19 20:57:38] ? Cancelled expired booking ID=7, Customer=1, Released 0 seats
[2025-11-19 20:57:38] ? Cancelled expired booking ID=8, Customer=1, Released 0 seats
[2025-11-19 20:57:38] ? Cancelled expired booking ID=9, Customer=1, Released 0 seats
[2025-11-19 20:57:38] ? Cancelled expired booking ID=10, Customer=1, Released 1 seats
[2025-11-19 20:57:38] ? Cancelled expired booking ID=11, Customer=1, Released 0 seats
[2025-11-19 20:57:38] ? Cancelled expired booking ID=12, Customer=1, Released 2 seats
[2025-11-19 20:57:38] ? Cancelled expired booking ID=13, Customer=1, Released 1 seats
[2025-11-19 20:57:38] ? Cancelled expired booking ID=14, Customer=1, Released 2 seats
[2025-11-19 20:57:38] ? Cancelled expired booking ID=15, Customer=1, Released 0 seats
[2025-11-19 20:57:38] ? Cancelled expired booking ID=16, Customer=1, Released 0 seats
[2025-11-19 20:57:38] ? Cancelled expired booking ID=17, Customer=1, Released 0 seats
[2025-11-19 20:57:38] ? Cancelled expired booking ID=18, Customer=1, Released 0 seats
[2025-11-19 20:57:38] ? Cancelled expired booking ID=19, Customer=1, Released 1 seats
[2025-11-19 20:57:38] ? Cancelled expired booking ID=20, Customer=1, Released 0 seats
[2025-11-19 20:57:38] ? Cancelled expired booking ID=21, Customer=1, Released 0 seats
[2025-11-19 20:57:38] ? Cancelled expired booking ID=22, Customer=1, Released 0 seats
[2025-11-19 20:57:38] ? Cancelled expired booking ID=23, Customer=1, Released 0 seats
[2025-11-19 20:57:38] ? Cancelled expired booking ID=24, Customer=1, Released 0 seats
[2025-11-19 20:57:38] ? Cancelled expired booking ID=25, Customer=1, Released 0 seats
[2025-11-19 20:57:38] ? Cancelled expired booking ID=26, Customer=1, Released 2 seats
[2025-11-19 20:57:38] ? Cancelled expired booking ID=27, Customer=1, Released 0 seats
[2025-11-19 20:57:38] ? Cancelled expired booking ID=28, Customer=1, Released 0 seats
[2025-11-19 20:57:38] ? Cancelled expired booking ID=29, Customer=1, Released 0 seats
[2025-11-19 20:57:38] ? Cancelled expired booking ID=30, Customer=1, Released 0 seats
[2025-11-19 20:57:38] ? Cancelled expired booking ID=31, Customer=1, Released 1 seats
[2025-11-19 20:57:38] ? Cancelled expired booking ID=32, Customer=1, Released 2 seats
[2025-11-19 20:57:38] ? Cancelled expired booking ID=33, Customer=1, Released 2 seats
[2025-11-19 20:57:38] ? Cancelled expired booking ID=34, Customer=1, Released 2 seats
[2025-11-19 20:57:38] ? Cancelled expired booking ID=35, Customer=1, Released 0 seats
[2025-11-19 20:57:38] ? Cancelled expired booking ID=36, Customer=1, Released 2 seats
[2025-11-19 20:57:38] ? Cancelled expired booking ID=37, Customer=1, Released 1 seats
[2025-11-19 20:57:38] ? Cancelled expired booking ID=38, Customer=1, Released 0 seats
[2025-11-19 20:57:38] ? Cancelled expired booking ID=39, Customer=1, Released 2 seats
[2025-11-19 20:57:38] ? Cancelled expired booking ID=40, Customer=1, Released 0 seats
[2025-11-19 20:57:38] ? Cancelled expired booking ID=41, Customer=1, Released 1 seats
[2025-11-19 20:57:38] ? Cancelled expired booking ID=42, Customer=1, Released 0 seats
[2025-11-19 20:57:38] ? Cancelled expired booking ID=58, Customer=1, Released 0 seats
[2025-11-19 20:57:38] ? Cancelled expired booking ID=64, Customer=1, Released 2 seats
[2025-11-19 20:57:38] ? Cancelled expired booking ID=65, Customer=1, Released 2 seats
[2025-11-19 20:57:38] ? Cancelled expired booking ID=67, Customer=1, Released 2 seats
[2025-11-19 20:57:38] ? Cancelled expired booking ID=68, Customer=1, Released 1 seats
[2025-11-19 20:57:38] ? Cancelled expired booking ID=69, Customer=1, Released 0 seats
[2025-11-19 20:57:38] ? Cancelled expired booking ID=75, Customer=1, Released 0 seats
[2025-11-19 20:57:38] ? Cancelled expired booking ID=76, Customer=1, Released 0 seats
[2025-11-19 20:57:38] ? Cancelled expired booking ID=77, Customer=1, Released 0 seats
[2025-11-19 20:57:38] ? Cancelled expired booking ID=78, Customer=1, Released 0 seats
[2025-11-19 20:57:38] ? Cancelled expired booking ID=79, Customer=1, Released 1 seats
[2025-11-19 20:57:38] ? Cancelled expired booking ID=80, Customer=1, Released 1 seats
[2025-11-19 20:57:38] ? Cancelled expired booking ID=81, Customer=1, Released 0 seats
[2025-11-19 20:57:38] ? Cancelled expired booking ID=82, Customer=1, Released 0 seats
[2025-11-19 20:57:38] ? Cancelled expired booking ID=83, Customer=1, Released 0 seats
[2025-11-19 20:57:38] ? Cancelled expired booking ID=84, Customer=1, Released 0 seats
[2025-11-19 20:57:38] ? Cancelled expired booking ID=85, Customer=1, Released 0 seats
[2025-11-19 20:57:38] ? Cancelled expired booking ID=86, Customer=1, Released 0 seats
[2025-11-19 20:57:38] ? Cancelled expired booking ID=87, Customer=1, Released 0 seats
[2025-11-19 20:57:38] ? Cancelled expired booking ID=88, Customer=1, Released 0 seats
[2025-11-19 20:57:38] ? Cancelled expired booking ID=89, Customer=1, Released 0 seats
[2025-11-19 20:57:38] ? Cancelled expired booking ID=90, Customer=1, Released 0 seats
[2025-11-19 20:57:38] ? Cancelled expired booking ID=92, Customer=2, Released 0 seats
[2025-11-19 20:57:38] ? Cancelled expired booking ID=95, Customer=1, Released 0 seats
[2025-11-19 20:57:38] ? Cancelled expired booking ID=96, Customer=1, Released 0 seats
[2025-11-19 20:57:38] ? Cancelled expired booking ID=97, Customer=1, Released 0 seats
[2025-11-19 20:57:38] ? Cancelled expired booking ID=98, Customer=1, Released 0 seats
[2025-11-19 20:57:38] ? Cancelled expired booking ID=99, Customer=1, Released 0 seats
[2025-11-19 20:57:38] ? Cancelled expired booking ID=100, Customer=1, Released 0 seats
[2025-11-19 20:57:38] ? Cancelled expired booking ID=102, Customer=1, Released 0 seats
[2025-11-19 20:58:38] ? Found 67 expired bookings to cancel
[2025-11-19 20:58:38] ? Cancelled expired booking ID=6, Customer=1, Released 0 seats
[2025-11-19 20:58:38] ? Cancelled expired booking ID=7, Customer=1, Released 0 seats
[2025-11-19 20:58:38] ? Cancelled expired booking ID=8, Customer=1, Released 0 seats
[2025-11-19 20:58:38] ? Cancelled expired booking ID=9, Customer=1, Released 0 seats
[2025-11-19 20:58:38] ? Cancelled expired booking ID=10, Customer=1, Released 1 seats
[2025-11-19 20:58:38] ? Cancelled expired booking ID=11, Customer=1, Released 0 seats
[2025-11-19 20:58:38] ? Cancelled expired booking ID=12, Customer=1, Released 2 seats
[2025-11-19 20:58:38] ? Cancelled expired booking ID=13, Customer=1, Released 1 seats
[2025-11-19 20:58:38] ? Cancelled expired booking ID=14, Customer=1, Released 2 seats
[2025-11-19 20:58:38] ? Cancelled expired booking ID=15, Customer=1, Released 0 seats
[2025-11-19 20:58:38] ? Cancelled expired booking ID=16, Customer=1, Released 0 seats
[2025-11-19 20:58:38] ? Cancelled expired booking ID=17, Customer=1, Released 0 seats
[2025-11-19 20:58:38] ? Cancelled expired booking ID=18, Customer=1, Released 0 seats
[2025-11-19 20:58:38] ? Cancelled expired booking ID=19, Customer=1, Released 1 seats
[2025-11-19 20:58:38] ? Cancelled expired booking ID=20, Customer=1, Released 0 seats
[2025-11-19 20:58:38] ? Cancelled expired booking ID=21, Customer=1, Released 0 seats
[2025-11-19 20:58:38] ? Cancelled expired booking ID=22, Customer=1, Released 0 seats
[2025-11-19 20:58:38] ? Cancelled expired booking ID=23, Customer=1, Released 0 seats
[2025-11-19 20:58:38] ? Cancelled expired booking ID=24, Customer=1, Released 0 seats
[2025-11-19 20:58:38] ? Cancelled expired booking ID=25, Customer=1, Released 0 seats
[2025-11-19 20:58:38] ? Cancelled expired booking ID=26, Customer=1, Released 2 seats
[2025-11-19 20:58:38] ? Cancelled expired booking ID=27, Customer=1, Released 0 seats
[2025-11-19 20:58:38] ? Cancelled expired booking ID=28, Customer=1, Released 0 seats
[2025-11-19 20:58:38] ? Cancelled expired booking ID=29, Customer=1, Released 0 seats
[2025-11-19 20:58:38] ? Cancelled expired booking ID=30, Customer=1, Released 0 seats
[2025-11-19 20:58:38] ? Cancelled expired booking ID=31, Customer=1, Released 1 seats
[2025-11-19 20:58:38] ? Cancelled expired booking ID=32, Customer=1, Released 2 seats
[2025-11-19 20:58:38] ? Cancelled expired booking ID=33, Customer=1, Released 2 seats
[2025-11-19 20:58:38] ? Cancelled expired booking ID=34, Customer=1, Released 2 seats
[2025-11-19 20:58:38] ? Cancelled expired booking ID=35, Customer=1, Released 0 seats
[2025-11-19 20:58:38] ? Cancelled expired booking ID=36, Customer=1, Released 2 seats
[2025-11-19 20:58:38] ? Cancelled expired booking ID=37, Customer=1, Released 1 seats
[2025-11-19 20:58:38] ? Cancelled expired booking ID=38, Customer=1, Released 0 seats
[2025-11-19 20:58:38] ? Cancelled expired booking ID=39, Customer=1, Released 2 seats
[2025-11-19 20:58:38] ? Cancelled expired booking ID=40, Customer=1, Released 0 seats
[2025-11-19 20:58:38] ? Cancelled expired booking ID=41, Customer=1, Released 1 seats
[2025-11-19 20:58:38] ? Cancelled expired booking ID=42, Customer=1, Released 0 seats
[2025-11-19 20:58:38] ? Cancelled expired booking ID=58, Customer=1, Released 0 seats
[2025-11-19 20:58:38] ? Cancelled expired booking ID=64, Customer=1, Released 2 seats
[2025-11-19 20:58:38] ? Cancelled expired booking ID=65, Customer=1, Released 2 seats
[2025-11-19 20:58:38] ? Cancelled expired booking ID=67, Customer=1, Released 2 seats
[2025-11-19 20:58:38] ? Cancelled expired booking ID=68, Customer=1, Released 1 seats
[2025-11-19 20:58:38] ? Cancelled expired booking ID=69, Customer=1, Released 0 seats
[2025-11-19 20:58:38] ? Cancelled expired booking ID=75, Customer=1, Released 0 seats
[2025-11-19 20:58:38] ? Cancelled expired booking ID=76, Customer=1, Released 0 seats
[2025-11-19 20:58:38] ? Cancelled expired booking ID=77, Customer=1, Released 0 seats
[2025-11-19 20:58:38] ? Cancelled expired booking ID=78, Customer=1, Released 0 seats
[2025-11-19 20:58:38] ? Cancelled expired booking ID=79, Customer=1, Released 1 seats
[2025-11-19 20:58:38] ? Cancelled expired booking ID=80, Customer=1, Released 1 seats
[2025-11-19 20:58:38] ? Cancelled expired booking ID=81, Customer=1, Released 0 seats
[2025-11-19 20:58:38] ? Cancelled expired booking ID=82, Customer=1, Released 0 seats
[2025-11-19 20:58:38] ? Cancelled expired booking ID=83, Customer=1, Released 0 seats
[2025-11-19 20:58:38] ? Cancelled expired booking ID=84, Customer=1, Released 0 seats
[2025-11-19 20:58:38] ? Cancelled expired booking ID=85, Customer=1, Released 0 seats
[2025-11-19 20:58:38] ? Cancelled expired booking ID=86, Customer=1, Released 0 seats
[2025-11-19 20:58:38] ? Cancelled expired booking ID=87, Customer=1, Released 0 seats
[2025-11-19 20:58:38] ? Cancelled expired booking ID=88, Customer=1, Released 0 seats
[2025-11-19 20:58:38] ? Cancelled expired booking ID=89, Customer=1, Released 0 seats
[2025-11-19 20:58:38] ? Cancelled expired booking ID=90, Customer=1, Released 0 seats
[2025-11-19 20:58:38] ? Cancelled expired booking ID=92, Customer=2, Released 0 seats
[2025-11-19 20:58:38] ? Cancelled expired booking ID=95, Customer=1, Released 0 seats
[2025-11-19 20:58:38] ? Cancelled expired booking ID=96, Customer=1, Released 0 seats
[2025-11-19 20:58:38] ? Cancelled expired booking ID=97, Customer=1, Released 0 seats
[2025-11-19 20:58:38] ? Cancelled expired booking ID=98, Customer=1, Released 0 seats
[2025-11-19 20:58:38] ? Cancelled expired booking ID=99, Customer=1, Released 0 seats
[2025-11-19 20:58:38] ? Cancelled expired booking ID=100, Customer=1, Released 0 seats
[2025-11-19 20:58:38] ? Cancelled expired booking ID=102, Customer=1, Released 0 seats
[2025-11-19 21:03:35] ? BookingExpirationService started
[2025-11-19 21:04:07] ✅ QR Code URL (new format) generated: https://img.vietqr.io/image/VCB-1031419192-compact2.png?amount=70000&addInfo=VeThe%20Dark%20K
[2025-11-19 21:04:29] ✅ Staff Applied KM004: Discount 18750,0000
[2025-11-19 21:04:29] ✅ Decrement KM004: Remaining 999994
[2025-11-19 21:04:31] ✅ Admin ViewInvoice: Booking ID 107
[2025-11-19 21:04:32] ✅ Sinh QR code: 06665e6e-85ae-46c6-b89b-cdfa77df71bd -> qr_06665e6e-85ae-46c6-b89b-cdfa77df71bd.png
[2025-11-19 21:04:35] ? Found 67 expired bookings to cancel
[2025-11-19 21:04:35] ? Cancelled expired booking ID=6, Customer=1, Released 0 seats
[2025-11-19 21:04:35] ? Cancelled expired booking ID=7, Customer=1, Released 0 seats
[2025-11-19 21:04:35] ? Cancelled expired booking ID=8, Customer=1, Released 0 seats
[2025-11-19 21:04:35] ? Cancelled expired booking ID=9, Customer=1, Released 0 seats
[2025-11-19 21:04:35] ? Cancelled expired booking ID=10, Customer=1, Released 1 seats
[2025-11-19 21:04:35] ? Cancelled expired booking ID=11, Customer=1, Released 0 seats
[2025-11-19 21:04:35] ? Cancelled expired booking ID=12, Customer=1, Released 2 seats
[2025-11-19 21:04:35] ? Cancelled expired booking ID=13, Customer=1, Released 1 seats
[2025-11-19 21:04:35] ? Cancelled expired booking ID=14, Customer=1, Released 2 seats
[2025-11-19 21:04:35] ? Cancelled expired booking ID=15, Customer=1, Released 0 seats
[2025-11-19 21:04:35] ? Cancelled expired booking ID=16, Customer=1, Released 0 seats
[2025-11-19 21:04:35] ? Cancelled expired booking ID=17, Customer=1, Released 0 seats
[2025-11-19 21:04:35] ? Cancelled expired booking ID=18, Customer=1, Released 0 seats
[2025-11-19 21:04:35] ? Cancelled expired booking ID=19, Customer=1, Released 1 seats
[2025-11-19 21:04:35] ? Cancelled expired booking ID=20, Customer=1, Released 0 seats
[2025-11-19 21:04:35] ? Cancelled expired booking ID=21, Customer=1, Released 0 seats
[2025-11-19 21:04:35] ? Cancelled expired booking ID=22, Customer=1, Released 0 seats
[2025-11-19 21:04:35] ? Cancelled expired booking ID=23, Customer=1, Released 0 seats
[2025-11-19 21:04:35] ? Cancelled expired booking ID=24, Customer=1, Released 0 seats
[2025-11-19 21:04:35] ? Cancelled expired booking ID=25, Customer=1, Released 0 seats
[2025-11-19 21:04:35] ? Cancelled expired booking ID=26, Customer=1, Released 2 seats
[2025-11-19 21:04:35] ? Cancelled expired booking ID=27, Customer=1, Released 0 seats
[2025-11-19 21:04:35] ? Cancelled expired booking ID=28, Customer=1, Released 0 seats
[2025-11-19 21:04:35] ? Cancelled expired booking ID=29, Customer=1, Released 0 seats
[2025-11-19 21:04:35] ? Cancelled expired booking ID=30, Customer=1, Released 0 seats
[2025-11-19 21:04:35] ? Cancelled expired booking ID=31, Customer=1, Released 1 seats
[2025-11-19 21:04:35] ? Cancelled expired booking ID=32, Customer=1, Released 2 seats
[2025-11-19 21:04:35] ? Cancelled expired booking ID=33, Customer=1, Released 2 seats
[2025-11-19 21:04:35] ? Cancelled expired booking ID=34, Customer=1, Released 2 seats
[2025-11-19 21:04:35] ? Cancelled expired booking ID=35, Customer=1, Released 0 seats
[2025-11-19 21:04:35] ? Cancelled expired booking ID=36, Customer=1, Released 2 seats
[2025-11-19 21:04:35] ? Cancelled expired booking ID=37, Customer=1, Released 1 seats
[2025-11-19 21:04:35] ? Cancelled expired booking ID=38, Customer=1, Released 0 seats
[2025-11-19 21:04:35] ? Cancelled expired booking ID=39, Customer=1, Released 2 seats
[2025-11-19 21:04:35] ? Cancelled expired booking ID=40, Customer=1, Released 0 seats
[2025-11-19 21:04:35] ? Cancelled expired booking ID=41, Customer=1, Released 1 seats
[2025-11-19 21:04:35] ? Cancelled expired booking ID=42, Customer=1, Released 0 seats
[2025-11-19 21:04:35] ? Cancelled expired booking ID=58, Customer=1, Released 0 seats
[2025-11-19 21:04:35] ? Cancelled expired booking ID=64, Customer=1, Released 2 seats
[2025-11-19 21:04:35] ? Cancelled expired booking ID=65, Customer=1, Released 2 seats
[2025-11-19 21:04:35] ? Cancelled expired booking ID=67, Customer=1, Released 2 seats
[2025-11-19 21:04:35] ? Cancelled expired booking ID=68, Customer=1, Released 1 seats
[2025-11-19 21:04:35] ? Cancelled expired booking ID=69, Customer=1, Released 0 seats
[2025-11-19 21:04:35] ? Cancelled expired booking ID=75, Customer=1, Released 0 seats
[2025-11-19 21:04:35] ? Cancelled expired booking ID=76, Customer=1, Released 0 seats
[2025-11-19 21:04:35] ? Cancelled expired booking ID=77, Customer=1, Released 0 seats
[2025-11-19 21:04:35] ? Cancelled expired booking ID=78, Customer=1, Released 0 seats
[2025-11-19 21:04:35] ? Cancelled expired booking ID=79, Customer=1, Released 1 seats
[2025-11-19 21:04:35] ? Cancelled expired booking ID=80, Customer=1, Released 1 seats
[2025-11-19 21:04:35] ? Cancelled expired booking ID=81, Customer=1, Released 0 seats
[2025-11-19 21:04:35] ? Cancelled expired booking ID=82, Customer=1, Released 0 seats
[2025-11-19 21:04:35] ? Cancelled expired booking ID=83, Customer=1, Released 0 seats
[2025-11-19 21:04:35] ? Cancelled expired booking ID=84, Customer=1, Released 0 seats
[2025-11-19 21:04:35] ? Cancelled expired booking ID=85, Customer=1, Released 0 seats
[2025-11-19 21:04:35] ? Cancelled expired booking ID=86, Customer=1, Released 0 seats
[2025-11-19 21:04:35] ? Cancelled expired booking ID=87, Customer=1, Released 0 seats
[2025-11-19 21:04:35] ? Cancelled expired booking ID=88, Customer=1, Released 0 seats
[2025-11-19 21:04:35] ? Cancelled expired booking ID=89, Customer=1, Released 0 seats
[2025-11-19 21:04:35] ? Cancelled expired booking ID=90, Customer=1, Released 0 seats
[2025-11-19 21:04:35] ? Cancelled expired booking ID=92, Customer=2, Released 0 seats
[2025-11-19 21:04:35] ? Cancelled expired booking ID=95, Customer=1, Released 0 seats
[2025-11-19 21:04:35] ? Cancelled expired booking ID=96, Customer=1, Released 0 seats
[2025-11-19 21:04:35] ? Cancelled expired booking ID=97, Customer=1, Released 0 seats
[2025-11-19 21:04:35] ? Cancelled expired booking ID=98, Customer=1, Released 0 seats
[2025-11-19 21:04:35] ? Cancelled expired booking ID=99, Customer=1, Released 0 seats
[2025-11-19 21:04:35] ? Cancelled expired booking ID=100, Customer=1, Released 0 seats
[2025-11-19 21:04:35] ? Cancelled expired booking ID=102, Customer=1, Released 0 seats
[2025-11-19 21:05:35] ? Found 67 expired bookings to cancel
[2025-11-19 21:05:35] ? Cancelled expired booking ID=6, Customer=1, Released 0 seats
[2025-11-19 21:05:35] ? Cancelled expired booking ID=7, Customer=1, Released 0 seats
[2025-11-19 21:05:35] ? Cancelled expired booking ID=8, Customer=1, Released 0 seats
[2025-11-19 21:05:35] ? Cancelled expired booking ID=9, Customer=1, Released 0 seats
[2025-11-19 21:05:35] ? Cancelled expired booking ID=10, Customer=1, Released 1 seats
[2025-11-19 21:05:35] ? Cancelled expired booking ID=11, Customer=1, Released 0 seats
[2025-11-19 21:05:35] ? Cancelled expired booking ID=12, Customer=1, Released 2 seats
[2025-11-19 21:05:35] ? Cancelled expired booking ID=13, Customer=1, Released 1 seats
[2025-11-19 21:05:35] ? Cancelled expired booking ID=14, Customer=1, Released 2 seats
[2025-11-19 21:05:35] ? Cancelled expired booking ID=15, Customer=1, Released 0 seats
[2025-11-19 21:05:35] ? Cancelled expired booking ID=16, Customer=1, Released 0 seats
[2025-11-19 21:05:35] ? Cancelled expired booking ID=17, Customer=1, Released 0 seats
[2025-11-19 21:05:35] ? Cancelled expired booking ID=18, Customer=1, Released 0 seats
[2025-11-19 21:05:35] ? Cancelled expired booking ID=19, Customer=1, Released 1 seats
[2025-11-19 21:05:35] ? Cancelled expired booking ID=20, Customer=1, Released 0 seats
[2025-11-19 21:05:35] ? Cancelled expired booking ID=21, Customer=1, Released 0 seats
[2025-11-19 21:05:35] ? Cancelled expired booking ID=22, Customer=1, Released 0 seats
[2025-11-19 21:05:35] ? Cancelled expired booking ID=23, Customer=1, Released 0 seats
[2025-11-19 21:05:35] ? Cancelled expired booking ID=24, Customer=1, Released 0 seats
[2025-11-19 21:05:35] ? Cancelled expired booking ID=25, Customer=1, Released 0 seats
[2025-11-19 21:05:35] ? Cancelled expired booking ID=26, Customer=1, Released 2 seats
[2025-11-19 21:05:35] ? Cancelled expired booking ID=27, Customer=1, Released 0 seats
[2025-11-19 21:05:35] ? Cancelled expired booking ID=28, Customer=1, Released 0 seats
[2025-11-19 21:05:35] ? Cancelled expired booking ID=29, Customer=1, Released 0 seats
[2025-11-19 21:05:35] ? Cancelled expired booking ID=30, Customer=1, Released 0 seats
[2025-11-19 21:05:35] ? Cancelled expired booking ID=31, Customer=1, Released 1 seats
[2025-11-19 21:05:35] ? Cancelled expired booking ID=32, Customer=1, Released 2 seats
[2025-11-19 21:05:35] ? Cancelled expired booking ID=33, Customer=1, Released 2 seats
[2025-11-19 21:05:35] ? Cancelled expired booking ID=34, Customer=1, Released 2 seats
[2025-11-19 21:05:35] ? Cancelled expired booking ID=35, Customer=1, Released 0 seats
[2025-11-19 21:05:35] ? Cancelled expired booking ID=36, Customer=1, Released 2 seats
[2025-11-19 21:05:35] ? Cancelled expired booking ID=37, Customer=1, Released 1 seats
[2025-11-19 21:05:35] ? Cancelled expired booking ID=38, Customer=1, Released 0 seats
[2025-11-19 21:05:35] ? Cancelled expired booking ID=39, Customer=1, Released 2 seats
[2025-11-19 21:05:35] ? Cancelled expired booking ID=40, Customer=1, Released 0 seats
[2025-11-19 21:05:35] ? Cancelled expired booking ID=41, Customer=1, Released 1 seats
[2025-11-19 21:05:35] ? Cancelled expired booking ID=42, Customer=1, Released 0 seats
[2025-11-19 21:05:35] ? Cancelled expired booking ID=58, Customer=1, Released 0 seats
[2025-11-19 21:05:35] ? Cancelled expired booking ID=64, Customer=1, Released 2 seats
[2025-11-19 21:05:35] ? Cancelled expired booking ID=65, Customer=1, Released 2 seats
[2025-11-19 21:05:35] ? Cancelled expired booking ID=67, Customer=1, Released 2 seats
[2025-11-19 21:05:35] ? Cancelled expired booking ID=68, Customer=1, Released 1 seats
[2025-11-19 21:05:35] ? Cancelled expired booking ID=69, Customer=1, Released 0 seats
[2025-11-19 21:05:35] ? Cancelled expired booking ID=75, Customer=1, Released 0 seats
[2025-11-19 21:05:35] ? Cancelled expired booking ID=76, Customer=1, Released 0 seats
[2025-11-19 21:05:35] ? Cancelled expired booking ID=77, Customer=1, Released 0 seats
[2025-11-19 21:05:35] ? Cancelled expired booking ID=78, Customer=1, Released 0 seats
[2025-11-19 21:05:35] ? Cancelled expired booking ID=79, Customer=1, Released 1 seats
[2025-11-19 21:05:35] ? Cancelled expired booking ID=80, Customer=1, Released 1 seats
[2025-11-19 21:05:35] ? Cancelled expired booking ID=81, Customer=1, Released 0 seats
[2025-11-19 21:05:35] ? Cancelled expired booking ID=82, Customer=1, Released 0 seats
[2025-11-19 21:05:35] ? Cancelled expired booking ID=83, Customer=1, Released 0 seats
[2025-11-19 21:05:35] ? Cancelled expired booking ID=84, Customer=1, Released 0 seats
[2025-11-19 21:05:35] ? Cancelled expired booking ID=85, Customer=1, Released 0 seats
[2025-11-19 21:05:35] ? Cancelled expired booking ID=86, Customer=1, Released 0 seats
[2025-11-19 21:05:35] ? Cancelled expired booking ID=87, Customer=1, Released 0 seats
[2025-11-19 21:05:35] ? Cancelled expired booking ID=88, Customer=1, Released 0 seats
[2025-11-19 21:05:35] ? Cancelled expired booking ID=89, Customer=1, Released 0 seats
[2025-11-19 21:05:35] ? Cancelled expired booking ID=90, Customer=1, Released 0 seats
[2025-11-19 21:05:35] ? Cancelled expired booking ID=92, Customer=2, Released 0 seats
[2025-11-19 21:05:35] ? Cancelled expired booking ID=95, Customer=1, Released 0 seats
[2025-11-19 21:05:35] ? Cancelled expired booking ID=96, Customer=1, Released 0 seats
[2025-11-19 21:05:35] ? Cancelled expired booking ID=97, Customer=1, Released 0 seats
[2025-11-19 21:05:35] ? Cancelled expired booking ID=98, Customer=1, Released 0 seats
[2025-11-19 21:05:35] ? Cancelled expired booking ID=99, Customer=1, Released 0 seats
[2025-11-19 21:05:35] ? Cancelled expired booking ID=100, Customer=1, Released 0 seats
[2025-11-19 21:05:35] ? Cancelled expired booking ID=102, Customer=1, Released 0 seats
[2025-11-19 21:06:35] ? Found 67 expired bookings to cancel
[2025-11-19 21:06:35] ? Cancelled expired booking ID=6, Customer=1, Released 0 seats
[2025-11-19 21:06:35] ? Cancelled expired booking ID=7, Customer=1, Released 0 seats
[2025-11-19 21:06:35] ? Cancelled expired booking ID=8, Customer=1, Released 0 seats
[2025-11-19 21:06:35] ? Cancelled expired booking ID=9, Customer=1, Released 0 seats
[2025-11-19 21:06:35] ? Cancelled expired booking ID=10, Customer=1, Released 1 seats
[2025-11-19 21:06:35] ? Cancelled expired booking ID=11, Customer=1, Released 0 seats
[2025-11-19 21:06:35] ? Cancelled expired booking ID=12, Customer=1, Released 2 seats
[2025-11-19 21:06:35] ? Cancelled expired booking ID=13, Customer=1, Released 1 seats
[2025-11-19 21:06:35] ? Cancelled expired booking ID=14, Customer=1, Released 2 seats
[2025-11-19 21:06:35] ? Cancelled expired booking ID=15, Customer=1, Released 0 seats
[2025-11-19 21:06:35] ? Cancelled expired booking ID=16, Customer=1, Released 0 seats
[2025-11-19 21:06:35] ? Cancelled expired booking ID=17, Customer=1, Released 0 seats
[2025-11-19 21:06:35] ? Cancelled expired booking ID=18, Customer=1, Released 0 seats
[2025-11-19 21:06:35] ? Cancelled expired booking ID=19, Customer=1, Released 1 seats
[2025-11-19 21:06:35] ? Cancelled expired booking ID=20, Customer=1, Released 0 seats
[2025-11-19 21:06:35] ? Cancelled expired booking ID=21, Customer=1, Released 0 seats
[2025-11-19 21:06:35] ? Cancelled expired booking ID=22, Customer=1, Released 0 seats
[2025-11-19 21:06:35] ? Cancelled expired booking ID=23, Customer=1, Released 0 seats
[2025-11-19 21:06:35] ? Cancelled expired booking ID=24, Customer=1, Released 0 seats
[2025-11-19 21:06:35] ? Cancelled expired booking ID=25, Customer=1, Released 0 seats
[2025-11-19 21:06:35] ? Cancelled expired booking ID=26, Customer=1, Released 2 seats
[2025-11-19 21:06:35] ? Cancelled expired booking ID=27, Customer=1, Released 0 seats
[2025-11-19 21:06:35] ? Cancelled expired booking ID=28, Customer=1, Released 0 seats
[2025-11-19 21:06:35] ? Cancelled expired booking ID=29, Customer=1, Released 0 seats
[2025-11-19 21:06:35] ? Cancelled expired booking ID=30, Customer=1, Released 0 seats
[2025-11-19 21:06:35] ? Cancelled expired booking ID=31, Customer=1, Released 1 seats
[2025-11-19 21:06:35] ? Cancelled expired booking ID=32, Customer=1, Released 2 seats
[2025-11-19 21:06:35] ? Cancelled expired booking ID=33, Customer=1, Released 2 seats
[2025-11-19 21:06:35] ? Cancelled expired booking ID=34, Customer=1, Released 2 seats
[2025-11-19 21:06:35] ? Cancelled expired booking ID=35, Customer=1, Released 0 seats
[2025-11-19 21:06:35] ? Cancelled expired booking ID=36, Customer=1, Released 2 seats
[2025-11-19 21:06:35] ? Cancelled expired booking ID=37, Customer=1, Released 1 seats
[2025-11-19 21:06:35] ? Cancelled expired booking ID=38, Customer=1, Released 0 seats
[2025-11-19 21:06:35] ? Cancelled expired booking ID=39, Customer=1, Released 2 seats
[2025-11-19 21:06:35] ? Cancelled expired booking ID=40, Customer=1, Released 0 seats
[2025-11-19 21:06:35] ? Cancelled expired booking ID=41, Customer=1, Released 1 seats
[2025-11-19 21:06:35] ? Cancelled expired booking ID=42, Customer=1, Released 0 seats
[2025-11-19 21:06:35] ? Cancelled expired booking ID=58, Customer=1, Released 0 seats
[2025-11-19 21:06:35] ? Cancelled expired booking ID=64, Customer=1, Released 2 seats
[2025-11-19 21:06:35] ? Cancelled expired booking ID=65, Customer=1, Released 2 seats
[2025-11-19 21:06:35] ? Cancelled expired booking ID=67, Customer=1, Released 2 seats
[2025-11-19 21:06:35] ? Cancelled expired booking ID=68, Customer=1, Released 1 seats
[2025-11-19 21:06:35] ? Cancelled expired booking ID=69, Customer=1, Released 0 seats
[2025-11-19 21:06:35] ? Cancelled expired booking ID=75, Customer=1, Released 0 seats
[2025-11-19 21:06:35] ? Cancelled expired booking ID=76, Customer=1, Released 0 seats
[2025-11-19 21:06:35] ? Cancelled expired booking ID=77, Customer=1, Released 0 seats
[2025-11-19 21:06:35] ? Cancelled expired booking ID=78, Customer=1, Released 0 seats
[2025-11-19 21:06:35] ? Cancelled expired booking ID=79, Customer=1, Released 1 seats
[2025-11-19 21:06:35] ? Cancelled expired booking ID=80, Customer=1, Released 1 seats
[2025-11-19 21:06:35] ? Cancelled expired booking ID=81, Customer=1, Released 0 seats
[2025-11-19 21:06:35] ? Cancelled expired booking ID=82, Customer=1, Released 0 seats
[2025-11-19 21:06:35] ? Cancelled expired booking ID=83, Customer=1, Released 0 seats
[2025-11-19 21:06:35] ? Cancelled expired booking ID=84, Customer=1, Released 0 seats
[2025-11-19 21:06:35] ? Cancelled expired booking ID=85, Customer=1, Released 0 seats
[2025-11-19 21:06:35] ? Cancelled expired booking ID=86, Customer=1, Released 0 seats
[2025-11-19 21:06:35] ? Cancelled expired booking ID=87, Customer=1, Released 0 seats
[2025-11-19 21:06:35] ? Cancelled expired booking ID=88, Customer=1, Released 0 seats
[2025-11-19 21:06:35] ? Cancelled expired booking ID=89, Customer=1, Released 0 seats
[2025-11-19 21:06:35] ? Cancelled expired booking ID=90, Customer=1, Released 0 seats
[2025-11-19 21:06:35] ? Cancelled expired booking ID=92, Customer=2, Released 0 seats
[2025-11-19 21:06:35] ? Cancelled expired booking ID=95, Customer=1, Released 0 seats
[2025-11-19 21:06:35] ? Cancelled expired booking ID=96, Customer=1, Released 0 seats
[2025-11-19 21:06:35] ? Cancelled expired booking ID=97, Customer=1, Released 0 seats
[2025-11-19 21:06:35] ? Cancelled expired booking ID=98, Customer=1, Released 0 seats
[2025-11-19 21:06:35] ? Cancelled expired booking ID=99, Customer=1, Released 0 seats
[2025-11-19 21:06:35] ? Cancelled expired booking ID=100, Customer=1, Released 0 seats
[2025-11-19 21:06:35] ? Cancelled expired booking ID=102, Customer=1, Released 0 seats
[2025-11-19 21:06:36] ✅ QR Code URL (new format) generated: https://img.vietqr.io/image/VCB-1031419192-compact2.png?amount=70000&addInfo=VeThe%20Dark%20K
[2025-11-19 21:07:35] ? Found 67 expired bookings to cancel
[2025-11-19 21:07:35] ? Cancelled expired booking ID=6, Customer=1, Released 0 seats
[2025-11-19 21:07:35] ? Cancelled expired booking ID=7, Customer=1, Released 0 seats
[2025-11-19 21:07:35] ? Cancelled expired booking ID=8, Customer=1, Released 0 seats
[2025-11-19 21:07:35] ? Cancelled expired booking ID=9, Customer=1, Released 0 seats
[2025-11-19 21:07:35] ? Cancelled expired booking ID=10, Customer=1, Released 1 seats
[2025-11-19 21:07:35] ? Cancelled expired booking ID=11, Customer=1, Released 0 seats
[2025-11-19 21:07:35] ? Cancelled expired booking ID=12, Customer=1, Released 2 seats
[2025-11-19 21:07:35] ? Cancelled expired booking ID=13, Customer=1, Released 1 seats
[2025-11-19 21:07:35] ? Cancelled expired booking ID=14, Customer=1, Released 2 seats
[2025-11-19 21:07:35] ? Cancelled expired booking ID=15, Customer=1, Released 0 seats
[2025-11-19 21:07:35] ? Cancelled expired booking ID=16, Customer=1, Released 0 seats
[2025-11-19 21:07:35] ? Cancelled expired booking ID=17, Customer=1, Released 0 seats
[2025-11-19 21:07:35] ? Cancelled expired booking ID=18, Customer=1, Released 0 seats
[2025-11-19 21:07:35] ? Cancelled expired booking ID=19, Customer=1, Released 1 seats
[2025-11-19 21:07:35] ? Cancelled expired booking ID=20, Customer=1, Released 0 seats
[2025-11-19 21:07:35] ? Cancelled expired booking ID=21, Customer=1, Released 0 seats
[2025-11-19 21:07:35] ? Cancelled expired booking ID=22, Customer=1, Released 0 seats
[2025-11-19 21:07:35] ? Cancelled expired booking ID=23, Customer=1, Released 0 seats
[2025-11-19 21:07:35] ? Cancelled expired booking ID=24, Customer=1, Released 0 seats
[2025-11-19 21:07:35] ? Cancelled expired booking ID=25, Customer=1, Released 0 seats
[2025-11-19 21:07:35] ? Cancelled expired booking ID=26, Customer=1, Released 2 seats
[2025-11-19 21:07:35] ? Cancelled expired booking ID=27, Customer=1, Released 0 seats
[2025-11-19 21:07:35] ? Cancelled expired booking ID=28, Customer=1, Released 0 seats
[2025-11-19 21:07:35] ? Cancelled expired booking ID=29, Customer=1, Released 0 seats
[2025-11-19 21:07:35] ? Cancelled expired booking ID=30, Customer=1, Released 0 seats
[2025-11-19 21:07:35] ? Cancelled expired booking ID=31, Customer=1, Released 1 seats
[2025-11-19 21:07:35] ? Cancelled expired booking ID=32, Customer=1, Released 2 seats
[2025-11-19 21:07:35] ? Cancelled expired booking ID=33, Customer=1, Released 2 seats
[2025-11-19 21:07:35] ? Cancelled expired booking ID=34, Customer=1, Released 2 seats
[2025-11-19 21:07:35] ? Cancelled expired booking ID=35, Customer=1, Released 0 seats
[2025-11-19 21:07:35] ? Cancelled expired booking ID=36, Customer=1, Released 2 seats
[2025-11-19 21:07:35] ? Cancelled expired booking ID=37, Customer=1, Released 1 seats
[2025-11-19 21:07:35] ? Cancelled expired booking ID=38, Customer=1, Released 0 seats
[2025-11-19 21:07:35] ? Cancelled expired booking ID=39, Customer=1, Released 2 seats
[2025-11-19 21:07:35] ? Cancelled expired booking ID=40, Customer=1, Released 0 seats
[2025-11-19 21:07:35] ? Cancelled expired booking ID=41, Customer=1, Released 1 seats
[2025-11-19 21:07:35] ? Cancelled expired booking ID=42, Customer=1, Released 0 seats
[2025-11-19 21:07:35] ? Cancelled expired booking ID=58, Customer=1, Released 0 seats
[2025-11-19 21:07:35] ? Cancelled expired booking ID=64, Customer=1, Released 2 seats
[2025-11-19 21:07:35] ? Cancelled expired booking ID=65, Customer=1, Released 2 seats
[2025-11-19 21:07:35] ? Cancelled expired booking ID=67, Customer=1, Released 2 seats
[2025-11-19 21:07:35] ? Cancelled expired booking ID=68, Customer=1, Released 1 seats
[2025-11-19 21:07:35] ? Cancelled expired booking ID=69, Customer=1, Released 0 seats
[2025-11-19 21:07:35] ? Cancelled expired booking ID=75, Customer=1, Released 0 seats
[2025-11-19 21:07:35] ? Cancelled expired booking ID=76, Customer=1, Released 0 seats
[2025-11-19 21:07:35] ? Cancelled expired booking ID=77, Customer=1, Released 0 seats
[2025-11-19 21:07:35] ? Cancelled expired booking ID=78, Customer=1, Released 0 seats
[2025-11-19 21:07:35] ? Cancelled expired booking ID=79, Customer=1, Released 1 seats
[2025-11-19 21:07:35] ? Cancelled expired booking ID=80, Customer=1, Released 1 seats
[2025-11-19 21:07:35] ? Cancelled expired booking ID=81, Customer=1, Released 0 seats
[2025-11-19 21:07:35] ? Cancelled expired booking ID=82, Customer=1, Released 0 seats
[2025-11-19 21:07:35] ? Cancelled expired booking ID=83, Customer=1, Released 0 seats
[2025-11-19 21:07:35] ? Cancelled expired booking ID=84, Customer=1, Released 0 seats
[2025-11-19 21:07:35] ? Cancelled expired booking ID=85, Customer=1, Released 0 seats
[2025-11-19 21:07:35] ? Cancelled expired booking ID=86, Customer=1, Released 0 seats
[2025-11-19 21:07:35] ? Cancelled expired booking ID=87, Customer=1, Released 0 seats
[2025-11-19 21:07:35] ? Cancelled expired booking ID=88, Customer=1, Released 0 seats
[2025-11-19 21:07:35] ? Cancelled expired booking ID=89, Customer=1, Released 0 seats
[2025-11-19 21:07:35] ? Cancelled expired booking ID=90, Customer=1, Released 0 seats
[2025-11-19 21:07:35] ? Cancelled expired booking ID=92, Customer=2, Released 0 seats
[2025-11-19 21:07:35] ? Cancelled expired booking ID=95, Customer=1, Released 0 seats
[2025-11-19 21:07:35] ? Cancelled expired booking ID=96, Customer=1, Released 0 seats
[2025-11-19 21:07:35] ? Cancelled expired booking ID=97, Customer=1, Released 0 seats
[2025-11-19 21:07:35] ? Cancelled expired booking ID=98, Customer=1, Released 0 seats
[2025-11-19 21:07:35] ? Cancelled expired booking ID=99, Customer=1, Released 0 seats
[2025-11-19 21:07:35] ? Cancelled expired booking ID=100, Customer=1, Released 0 seats
[2025-11-19 21:07:35] ? Cancelled expired booking ID=102, Customer=1, Released 0 seats
[2025-11-19 21:08:35] ? Found 67 expired bookings to cancel
[2025-11-19 21:08:35] ? Cancelled expired booking ID=6, Customer=1, Released 0 seats
[2025-11-19 21:08:35] ? Cancelled expired booking ID=7, Customer=1, Released 0 seats
[2025-11-19 21:08:35] ? Cancelled expired booking ID=8, Customer=1, Released 0 seats
[2025-11-19 21:08:35] ? Cancelled expired booking ID=9, Customer=1, Released 0 seats
[2025-11-19 21:08:35] ? Cancelled expired booking ID=10, Customer=1, Released 1 seats
[2025-11-19 21:08:35] ? Cancelled expired booking ID=11, Customer=1, Released 0 seats
[2025-11-19 21:08:35] ? Cancelled expired booking ID=12, Customer=1, Released 2 seats
[2025-11-19 21:08:35] ? Cancelled expired booking ID=13, Customer=1, Released 1 seats
[2025-11-19 21:08:35] ? Cancelled expired booking ID=14, Customer=1, Released 2 seats
[2025-11-19 21:08:35] ? Cancelled expired booking ID=15, Customer=1, Released 0 seats
[2025-11-19 21:08:35] ? Cancelled expired booking ID=16, Customer=1, Released 0 seats
[2025-11-19 21:08:35] ? Cancelled expired booking ID=17, Customer=1, Released 0 seats
[2025-11-19 21:08:35] ? Cancelled expired booking ID=18, Customer=1, Released 0 seats
[2025-11-19 21:08:35] ? Cancelled expired booking ID=19, Customer=1, Released 1 seats
[2025-11-19 21:08:35] ? Cancelled expired booking ID=20, Customer=1, Released 0 seats
[2025-11-19 21:08:35] ? Cancelled expired booking ID=21, Customer=1, Released 0 seats
[2025-11-19 21:08:35] ? Cancelled expired booking ID=22, Customer=1, Released 0 seats
[2025-11-19 21:08:35] ? Cancelled expired booking ID=23, Customer=1, Released 0 seats
[2025-11-19 21:08:35] ? Cancelled expired booking ID=24, Customer=1, Released 0 seats
[2025-11-19 21:08:35] ? Cancelled expired booking ID=25, Customer=1, Released 0 seats
[2025-11-19 21:08:35] ? Cancelled expired booking ID=26, Customer=1, Released 2 seats
[2025-11-19 21:08:35] ? Cancelled expired booking ID=27, Customer=1, Released 0 seats
[2025-11-19 21:08:35] ? Cancelled expired booking ID=28, Customer=1, Released 0 seats
[2025-11-19 21:08:35] ? Cancelled expired booking ID=29, Customer=1, Released 0 seats
[2025-11-19 21:08:35] ? Cancelled expired booking ID=30, Customer=1, Released 0 seats
[2025-11-19 21:08:35] ? Cancelled expired booking ID=31, Customer=1, Released 1 seats
[2025-11-19 21:08:35] ? Cancelled expired booking ID=32, Customer=1, Released 2 seats
[2025-11-19 21:08:35] ? Cancelled expired booking ID=33, Customer=1, Released 2 seats
[2025-11-19 21:08:35] ? Cancelled expired booking ID=34, Customer=1, Released 2 seats
[2025-11-19 21:08:35] ? Cancelled expired booking ID=35, Customer=1, Released 0 seats
[2025-11-19 21:08:35] ? Cancelled expired booking ID=36, Customer=1, Released 2 seats
[2025-11-19 21:08:35] ? Cancelled expired booking ID=37, Customer=1, Released 1 seats
[2025-11-19 21:08:35] ? Cancelled expired booking ID=38, Customer=1, Released 0 seats
[2025-11-19 21:08:35] ? Cancelled expired booking ID=39, Customer=1, Released 2 seats
[2025-11-19 21:08:35] ? Cancelled expired booking ID=40, Customer=1, Released 0 seats
[2025-11-19 21:08:35] ? Cancelled expired booking ID=41, Customer=1, Released 1 seats
[2025-11-19 21:08:35] ? Cancelled expired booking ID=42, Customer=1, Released 0 seats
[2025-11-19 21:08:35] ? Cancelled expired booking ID=58, Customer=1, Released 0 seats
[2025-11-19 21:08:35] ? Cancelled expired booking ID=64, Customer=1, Released 2 seats
[2025-11-19 21:08:35] ? Cancelled expired booking ID=65, Customer=1, Released 2 seats
[2025-11-19 21:08:35] ? Cancelled expired booking ID=67, Customer=1, Released 2 seats
[2025-11-19 21:08:35] ? Cancelled expired booking ID=68, Customer=1, Released 1 seats
[2025-11-19 21:08:35] ? Cancelled expired booking ID=69, Customer=1, Released 0 seats
[2025-11-19 21:08:35] ? Cancelled expired booking ID=75, Customer=1, Released 0 seats
[2025-11-19 21:08:35] ? Cancelled expired booking ID=76, Customer=1, Released 0 seats
[2025-11-19 21:08:35] ? Cancelled expired booking ID=77, Customer=1, Released 0 seats
[2025-11-19 21:08:35] ? Cancelled expired booking ID=78, Customer=1, Released 0 seats
[2025-11-19 21:08:35] ? Cancelled expired booking ID=79, Customer=1, Released 1 seats
[2025-11-19 21:08:35] ? Cancelled expired booking ID=80, Customer=1, Released 1 seats
[2025-11-19 21:08:35] ? Cancelled expired booking ID=81, Customer=1, Released 0 seats
[2025-11-19 21:08:35] ? Cancelled expired booking ID=82, Customer=1, Released 0 seats
[2025-11-19 21:08:35] ? Cancelled expired booking ID=83, Customer=1, Released 0 seats
[2025-11-19 21:08:35] ? Cancelled expired booking ID=84, Customer=1, Released 0 seats
[2025-11-19 21:08:35] ? Cancelled expired booking ID=85, Customer=1, Released 0 seats
[2025-11-19 21:08:35] ? Cancelled expired booking ID=86, Customer=1, Released 0 seats
[2025-11-19 21:08:35] ? Cancelled expired booking ID=87, Customer=1, Released 0 seats
[2025-11-19 21:08:35] ? Cancelled expired booking ID=88, Customer=1, Released 0 seats
[2025-11-19 21:08:35] ? Cancelled expired booking ID=89, Customer=1, Released 0 seats
[2025-11-19 21:08:35] ? Cancelled expired booking ID=90, Customer=1, Released 0 seats
[2025-11-19 21:08:35] ? Cancelled expired booking ID=92, Customer=2, Released 0 seats
[2025-11-19 21:08:35] ? Cancelled expired booking ID=95, Customer=1, Released 0 seats
[2025-11-19 21:08:35] ? Cancelled expired booking ID=96, Customer=1, Released 0 seats
[2025-11-19 21:08:35] ? Cancelled expired booking ID=97, Customer=1, Released 0 seats
[2025-11-19 21:08:35] ? Cancelled expired booking ID=98, Customer=1, Released 0 seats
[2025-11-19 21:08:35] ? Cancelled expired booking ID=99, Customer=1, Released 0 seats
[2025-11-19 21:08:35] ? Cancelled expired booking ID=100, Customer=1, Released 0 seats
[2025-11-19 21:08:35] ? Cancelled expired booking ID=102, Customer=1, Released 0 seats
[2025-11-19 21:09:35] ? Found 67 expired bookings to cancel
[2025-11-19 21:09:35] ? Cancelled expired booking ID=6, Customer=1, Released 0 seats
[2025-11-19 21:09:35] ? Cancelled expired booking ID=7, Customer=1, Released 0 seats
[2025-11-19 21:09:35] ? Cancelled expired booking ID=8, Customer=1, Released 0 seats
[2025-11-19 21:09:35] ? Cancelled expired booking ID=9, Customer=1, Released 0 seats
[2025-11-19 21:09:35] ? Cancelled expired booking ID=10, Customer=1, Released 1 seats
[2025-11-19 21:09:35] ? Cancelled expired booking ID=11, Customer=1, Released 0 seats
[2025-11-19 21:09:35] ? Cancelled expired booking ID=12, Customer=1, Released 2 seats
[2025-11-19 21:09:35] ? Cancelled expired booking ID=13, Customer=1, Released 1 seats
[2025-11-19 21:09:35] ? Cancelled expired booking ID=14, Customer=1, Released 2 seats
[2025-11-19 21:09:35] ? Cancelled expired booking ID=15, Customer=1, Released 0 seats
[2025-11-19 21:09:35] ? Cancelled expired booking ID=16, Customer=1, Released 0 seats
[2025-11-19 21:09:35] ? Cancelled expired booking ID=17, Customer=1, Released 0 seats
[2025-11-19 21:09:35] ? Cancelled expired booking ID=18, Customer=1, Released 0 seats
[2025-11-19 21:09:35] ? Cancelled expired booking ID=19, Customer=1, Released 1 seats
[2025-11-19 21:09:35] ? Cancelled expired booking ID=20, Customer=1, Released 0 seats
[2025-11-19 21:09:35] ? Cancelled expired booking ID=21, Customer=1, Released 0 seats
[2025-11-19 21:09:35] ? Cancelled expired booking ID=22, Customer=1, Released 0 seats
[2025-11-19 21:09:35] ? Cancelled expired booking ID=23, Customer=1, Released 0 seats
[2025-11-19 21:09:35] ? Cancelled expired booking ID=24, Customer=1, Released 0 seats
[2025-11-19 21:09:35] ? Cancelled expired booking ID=25, Customer=1, Released 0 seats
[2025-11-19 21:09:35] ? Cancelled expired booking ID=26, Customer=1, Released 2 seats
[2025-11-19 21:09:35] ? Cancelled expired booking ID=27, Customer=1, Released 0 seats
[2025-11-19 21:09:35] ? Cancelled expired booking ID=28, Customer=1, Released 0 seats
[2025-11-19 21:09:35] ? Cancelled expired booking ID=29, Customer=1, Released 0 seats
[2025-11-19 21:09:35] ? Cancelled expired booking ID=30, Customer=1, Released 0 seats
[2025-11-19 21:09:35] ? Cancelled expired booking ID=31, Customer=1, Released 1 seats
[2025-11-19 21:09:35] ? Cancelled expired booking ID=32, Customer=1, Released 2 seats
[2025-11-19 21:09:35] ? Cancelled expired booking ID=33, Customer=1, Released 2 seats
[2025-11-19 21:09:35] ? Cancelled expired booking ID=34, Customer=1, Released 2 seats
[2025-11-19 21:09:35] ? Cancelled expired booking ID=35, Customer=1, Released 0 seats
[2025-11-19 21:09:35] ? Cancelled expired booking ID=36, Customer=1, Released 2 seats
[2025-11-19 21:09:35] ? Cancelled expired booking ID=37, Customer=1, Released 1 seats
[2025-11-19 21:09:35] ? Cancelled expired booking ID=38, Customer=1, Released 0 seats
[2025-11-19 21:09:35] ? Cancelled expired booking ID=39, Customer=1, Released 2 seats
[2025-11-19 21:09:35] ? Cancelled expired booking ID=40, Customer=1, Released 0 seats
[2025-11-19 21:09:35] ? Cancelled expired booking ID=41, Customer=1, Released 1 seats
[2025-11-19 21:09:35] ? Cancelled expired booking ID=42, Customer=1, Released 0 seats
[2025-11-19 21:09:35] ? Cancelled expired booking ID=58, Customer=1, Released 0 seats
[2025-11-19 21:09:35] ? Cancelled expired booking ID=64, Customer=1, Released 2 seats
[2025-11-19 21:09:35] ? Cancelled expired booking ID=65, Customer=1, Released 2 seats
[2025-11-19 21:09:35] ? Cancelled expired booking ID=67, Customer=1, Released 2 seats
[2025-11-19 21:09:35] ? Cancelled expired booking ID=68, Customer=1, Released 1 seats
[2025-11-19 21:09:35] ? Cancelled expired booking ID=69, Customer=1, Released 0 seats
[2025-11-19 21:09:35] ? Cancelled expired booking ID=75, Customer=1, Released 0 seats
[2025-11-19 21:09:35] ? Cancelled expired booking ID=76, Customer=1, Released 0 seats
[2025-11-19 21:09:35] ? Cancelled expired booking ID=77, Customer=1, Released 0 seats
[2025-11-19 21:09:35] ? Cancelled expired booking ID=78, Customer=1, Released 0 seats
[2025-11-19 21:09:35] ? Cancelled expired booking ID=79, Customer=1, Released 1 seats
[2025-11-19 21:09:35] ? Cancelled expired booking ID=80, Customer=1, Released 1 seats
[2025-11-19 21:09:35] ? Cancelled expired booking ID=81, Customer=1, Released 0 seats
[2025-11-19 21:09:35] ? Cancelled expired booking ID=82, Customer=1, Released 0 seats
[2025-11-19 21:09:35] ? Cancelled expired booking ID=83, Customer=1, Released 0 seats
[2025-11-19 21:09:35] ? Cancelled expired booking ID=84, Customer=1, Released 0 seats
[2025-11-19 21:09:35] ? Cancelled expired booking ID=85, Customer=1, Released 0 seats
[2025-11-19 21:09:35] ? Cancelled expired booking ID=86, Customer=1, Released 0 seats
[2025-11-19 21:09:35] ? Cancelled expired booking ID=87, Customer=1, Released 0 seats
[2025-11-19 21:09:35] ? Cancelled expired booking ID=88, Customer=1, Released 0 seats
[2025-11-19 21:09:35] ? Cancelled expired booking ID=89, Customer=1, Released 0 seats
[2025-11-19 21:09:35] ? Cancelled expired booking ID=90, Customer=1, Released 0 seats
[2025-11-19 21:09:35] ? Cancelled expired booking ID=92, Customer=2, Released 0 seats
[2025-11-19 21:09:35] ? Cancelled expired booking ID=95, Customer=1, Released 0 seats
[2025-11-19 21:09:35] ? Cancelled expired booking ID=96, Customer=1, Released 0 seats
[2025-11-19 21:09:35] ? Cancelled expired booking ID=97, Customer=1, Released 0 seats
[2025-11-19 21:09:35] ? Cancelled expired booking ID=98, Customer=1, Released 0 seats
[2025-11-19 21:09:35] ? Cancelled expired booking ID=99, Customer=1, Released 0 seats
[2025-11-19 21:09:35] ? Cancelled expired booking ID=100, Customer=1, Released 0 seats
[2025-11-19 21:09:35] ? Cancelled expired booking ID=102, Customer=1, Released 0 seats
[2025-11-19 21:10:35] ? Found 67 expired bookings to cancel
[2025-11-19 21:10:35] ? Cancelled expired booking ID=6, Customer=1, Released 0 seats
[2025-11-19 21:10:35] ? Cancelled expired booking ID=7, Customer=1, Released 0 seats
[2025-11-19 21:10:35] ? Cancelled expired booking ID=8, Customer=1, Released 0 seats
[2025-11-19 21:10:35] ? Cancelled expired booking ID=9, Customer=1, Released 0 seats
[2025-11-19 21:10:35] ? Cancelled expired booking ID=10, Customer=1, Released 1 seats
[2025-11-19 21:10:35] ? Cancelled expired booking ID=11, Customer=1, Released 0 seats
[2025-11-19 21:10:35] ? Cancelled expired booking ID=12, Customer=1, Released 2 seats
[2025-11-19 21:10:35] ? Cancelled expired booking ID=13, Customer=1, Released 1 seats
[2025-11-19 21:10:35] ? Cancelled expired booking ID=14, Customer=1, Released 2 seats
[2025-11-19 21:10:35] ? Cancelled expired booking ID=15, Customer=1, Released 0 seats
[2025-11-19 21:10:35] ? Cancelled expired booking ID=16, Customer=1, Released 0 seats
[2025-11-19 21:10:35] ? Cancelled expired booking ID=17, Customer=1, Released 0 seats
[2025-11-19 21:10:35] ? Cancelled expired booking ID=18, Customer=1, Released 0 seats
[2025-11-19 21:10:35] ? Cancelled expired booking ID=19, Customer=1, Released 1 seats
[2025-11-19 21:10:35] ? Cancelled expired booking ID=20, Customer=1, Released 0 seats
[2025-11-19 21:10:35] ? Cancelled expired booking ID=21, Customer=1, Released 0 seats
[2025-11-19 21:10:35] ? Cancelled expired booking ID=22, Customer=1, Released 0 seats
[2025-11-19 21:10:35] ? Cancelled expired booking ID=23, Customer=1, Released 0 seats
[2025-11-19 21:10:35] ? Cancelled expired booking ID=24, Customer=1, Released 0 seats
[2025-11-19 21:10:35] ? Cancelled expired booking ID=25, Customer=1, Released 0 seats
[2025-11-19 21:10:35] ? Cancelled expired booking ID=26, Customer=1, Released 2 seats
[2025-11-19 21:10:35] ? Cancelled expired booking ID=27, Customer=1, Released 0 seats
[2025-11-19 21:10:35] ? Cancelled expired booking ID=28, Customer=1, Released 0 seats
[2025-11-19 21:10:35] ? Cancelled expired booking ID=29, Customer=1, Released 0 seats
[2025-11-19 21:10:35] ? Cancelled expired booking ID=30, Customer=1, Released 0 seats
[2025-11-19 21:10:35] ? Cancelled expired booking ID=31, Customer=1, Released 1 seats
[2025-11-19 21:10:35] ? Cancelled expired booking ID=32, Customer=1, Released 2 seats
[2025-11-19 21:10:35] ? Cancelled expired booking ID=33, Customer=1, Released 2 seats
[2025-11-19 21:10:35] ? Cancelled expired booking ID=34, Customer=1, Released 2 seats
[2025-11-19 21:10:35] ? Cancelled expired booking ID=35, Customer=1, Released 0 seats
[2025-11-19 21:10:35] ? Cancelled expired booking ID=36, Customer=1, Released 2 seats
[2025-11-19 21:10:35] ? Cancelled expired booking ID=37, Customer=1, Released 1 seats
[2025-11-19 21:10:35] ? Cancelled expired booking ID=38, Customer=1, Released 0 seats
[2025-11-19 21:10:35] ? Cancelled expired booking ID=39, Customer=1, Released 2 seats
[2025-11-19 21:10:35] ? Cancelled expired booking ID=40, Customer=1, Released 0 seats
[2025-11-19 21:10:35] ? Cancelled expired booking ID=41, Customer=1, Released 1 seats
[2025-11-19 21:10:35] ? Cancelled expired booking ID=42, Customer=1, Released 0 seats
[2025-11-19 21:10:35] ? Cancelled expired booking ID=58, Customer=1, Released 0 seats
[2025-11-19 21:10:35] ? Cancelled expired booking ID=64, Customer=1, Released 2 seats
[2025-11-19 21:10:35] ? Cancelled expired booking ID=65, Customer=1, Released 2 seats
[2025-11-19 21:10:35] ? Cancelled expired booking ID=67, Customer=1, Released 2 seats
[2025-11-19 21:10:35] ? Cancelled expired booking ID=68, Customer=1, Released 1 seats
[2025-11-19 21:10:35] ? Cancelled expired booking ID=69, Customer=1, Released 0 seats
[2025-11-19 21:10:35] ? Cancelled expired booking ID=75, Customer=1, Released 0 seats
[2025-11-19 21:10:35] ? Cancelled expired booking ID=76, Customer=1, Released 0 seats
[2025-11-19 21:10:35] ? Cancelled expired booking ID=77, Customer=1, Released 0 seats
[2025-11-19 21:10:35] ? Cancelled expired booking ID=78, Customer=1, Released 0 seats
[2025-11-19 21:10:35] ? Cancelled expired booking ID=79, Customer=1, Released 1 seats
[2025-11-19 21:10:35] ? Cancelled expired booking ID=80, Customer=1, Released 1 seats
[2025-11-19 21:10:35] ? Cancelled expired booking ID=81, Customer=1, Released 0 seats
[2025-11-19 21:10:35] ? Cancelled expired booking ID=82, Customer=1, Released 0 seats
[2025-11-19 21:10:35] ? Cancelled expired booking ID=83, Customer=1, Released 0 seats
[2025-11-19 21:10:35] ? Cancelled expired booking ID=84, Customer=1, Released 0 seats
[2025-11-19 21:10:35] ? Cancelled expired booking ID=85, Customer=1, Released 0 seats
[2025-11-19 21:10:35] ? Cancelled expired booking ID=86, Customer=1, Released 0 seats
[2025-11-19 21:10:35] ? Cancelled expired booking ID=87, Customer=1, Released 0 seats
[2025-11-19 21:10:35] ? Cancelled expired booking ID=88, Customer=1, Released 0 seats
[2025-11-19 21:10:35] ? Cancelled expired booking ID=89, Customer=1, Released 0 seats
[2025-11-19 21:10:35] ? Cancelled expired booking ID=90, Customer=1, Released 0 seats
[2025-11-19 21:10:35] ? Cancelled expired booking ID=92, Customer=2, Released 0 seats
[2025-11-19 21:10:35] ? Cancelled expired booking ID=95, Customer=1, Released 0 seats
[2025-11-19 21:10:35] ? Cancelled expired booking ID=96, Customer=1, Released 0 seats
[2025-11-19 21:10:35] ? Cancelled expired booking ID=97, Customer=1, Released 0 seats
[2025-11-19 21:10:35] ? Cancelled expired booking ID=98, Customer=1, Released 0 seats
[2025-11-19 21:10:35] ? Cancelled expired booking ID=99, Customer=1, Released 0 seats
[2025-11-19 21:10:35] ? Cancelled expired booking ID=100, Customer=1, Released 0 seats
[2025-11-19 21:10:35] ? Cancelled expired booking ID=102, Customer=1, Released 0 seats
[2025-11-19 21:14:01] ? BookingExpirationService started
[2025-11-19 21:14:52] ✅ QR Code URL (new format) generated: https://img.vietqr.io/image/VCB-1031419192-compact2.png?amount=0&addInfo=VeThe%20Dark%20K
[2025-11-19 21:15:01] ? Found 67 expired bookings to cancel
[2025-11-19 21:15:01] ? Cancelled expired booking ID=6, Customer=1, Released 0 seats
[2025-11-19 21:15:01] ? Cancelled expired booking ID=7, Customer=1, Released 0 seats
[2025-11-19 21:15:01] ? Cancelled expired booking ID=8, Customer=1, Released 0 seats
[2025-11-19 21:15:01] ? Cancelled expired booking ID=9, Customer=1, Released 0 seats
[2025-11-19 21:15:01] ? Cancelled expired booking ID=10, Customer=1, Released 1 seats
[2025-11-19 21:15:01] ? Cancelled expired booking ID=11, Customer=1, Released 0 seats
[2025-11-19 21:15:01] ? Cancelled expired booking ID=12, Customer=1, Released 2 seats
[2025-11-19 21:15:01] ? Cancelled expired booking ID=13, Customer=1, Released 1 seats
[2025-11-19 21:15:01] ? Cancelled expired booking ID=14, Customer=1, Released 2 seats
[2025-11-19 21:15:01] ? Cancelled expired booking ID=15, Customer=1, Released 0 seats
[2025-11-19 21:15:01] ? Cancelled expired booking ID=16, Customer=1, Released 0 seats
[2025-11-19 21:15:01] ? Cancelled expired booking ID=17, Customer=1, Released 0 seats
[2025-11-19 21:15:01] ? Cancelled expired booking ID=18, Customer=1, Released 0 seats
[2025-11-19 21:15:01] ? Cancelled expired booking ID=19, Customer=1, Released 1 seats
[2025-11-19 21:15:01] ? Cancelled expired booking ID=20, Customer=1, Released 0 seats
[2025-11-19 21:15:01] ? Cancelled expired booking ID=21, Customer=1, Released 0 seats
[2025-11-19 21:15:01] ? Cancelled expired booking ID=22, Customer=1, Released 0 seats
[2025-11-19 21:15:01] ? Cancelled expired booking ID=23, Customer=1, Released 0 seats
[2025-11-19 21:15:01] ? Cancelled expired booking ID=24, Customer=1, Released 0 seats
[2025-11-19 21:15:01] ? Cancelled expired booking ID=25, Customer=1, Released 0 seats
[2025-11-19 21:15:01] ? Cancelled expired booking ID=26, Customer=1, Released 2 seats
[2025-11-19 21:15:01] ? Cancelled expired booking ID=27, Customer=1, Released 0 seats
[2025-11-19 21:15:01] ? Cancelled expired booking ID=28, Customer=1, Released 0 seats
[2025-11-19 21:15:01] ? Cancelled expired booking ID=29, Customer=1, Released 0 seats
[2025-11-19 21:15:01] ? Cancelled expired booking ID=30, Customer=1, Released 0 seats
[2025-11-19 21:15:01] ? Cancelled expired booking ID=31, Customer=1, Released 1 seats
[2025-11-19 21:15:01] ? Cancelled expired booking ID=32, Customer=1, Released 2 seats
[2025-11-19 21:15:01] ? Cancelled expired booking ID=33, Customer=1, Released 2 seats
[2025-11-19 21:15:01] ? Cancelled expired booking ID=34, Customer=1, Released 2 seats
[2025-11-19 21:15:01] ? Cancelled expired booking ID=35, Customer=1, Released 0 seats
[2025-11-19 21:15:01] ? Cancelled expired booking ID=36, Customer=1, Released 2 seats
[2025-11-19 21:15:01] ? Cancelled expired booking ID=37, Customer=1, Released 1 seats
[2025-11-19 21:15:01] ? Cancelled expired booking ID=38, Customer=1, Released 0 seats
[2025-11-19 21:15:01] ? Cancelled expired booking ID=39, Customer=1, Released 2 seats
[2025-11-19 21:15:01] ? Cancelled expired booking ID=40, Customer=1, Released 0 seats
[2025-11-19 21:15:01] ? Cancelled expired booking ID=41, Customer=1, Released 1 seats
[2025-11-19 21:15:01] ? Cancelled expired booking ID=42, Customer=1, Released 0 seats
[2025-11-19 21:15:01] ? Cancelled expired booking ID=58, Customer=1, Released 0 seats
[2025-11-19 21:15:01] ? Cancelled expired booking ID=64, Customer=1, Released 2 seats
[2025-11-19 21:15:01] ? Cancelled expired booking ID=65, Customer=1, Released 2 seats
[2025-11-19 21:15:01] ? Cancelled expired booking ID=67, Customer=1, Released 2 seats
[2025-11-19 21:15:01] ? Cancelled expired booking ID=68, Customer=1, Released 1 seats
[2025-11-19 21:15:01] ? Cancelled expired booking ID=69, Customer=1, Released 0 seats
[2025-11-19 21:15:01] ? Cancelled expired booking ID=75, Customer=1, Released 0 seats
[2025-11-19 21:15:01] ? Cancelled expired booking ID=76, Customer=1, Released 0 seats
[2025-11-19 21:15:01] ? Cancelled expired booking ID=77, Customer=1, Released 0 seats
[2025-11-19 21:15:01] ? Cancelled expired booking ID=78, Customer=1, Released 0 seats
[2025-11-19 21:15:01] ? Cancelled expired booking ID=79, Customer=1, Released 1 seats
[2025-11-19 21:15:01] ? Cancelled expired booking ID=80, Customer=1, Released 1 seats
[2025-11-19 21:15:01] ? Cancelled expired booking ID=81, Customer=1, Released 0 seats
[2025-11-19 21:15:01] ? Cancelled expired booking ID=82, Customer=1, Released 0 seats
[2025-11-19 21:15:01] ? Cancelled expired booking ID=83, Customer=1, Released 0 seats
[2025-11-19 21:15:01] ? Cancelled expired booking ID=84, Customer=1, Released 0 seats
[2025-11-19 21:15:01] ? Cancelled expired booking ID=85, Customer=1, Released 0 seats
[2025-11-19 21:15:01] ? Cancelled expired booking ID=86, Customer=1, Released 0 seats
[2025-11-19 21:15:01] ? Cancelled expired booking ID=87, Customer=1, Released 0 seats
[2025-11-19 21:15:01] ? Cancelled expired booking ID=88, Customer=1, Released 0 seats
[2025-11-19 21:15:01] ? Cancelled expired booking ID=89, Customer=1, Released 0 seats
[2025-11-19 21:15:01] ? Cancelled expired booking ID=90, Customer=1, Released 0 seats
[2025-11-19 21:15:01] ? Cancelled expired booking ID=92, Customer=2, Released 0 seats
[2025-11-19 21:15:01] ? Cancelled expired booking ID=95, Customer=1, Released 0 seats
[2025-11-19 21:15:01] ? Cancelled expired booking ID=96, Customer=1, Released 0 seats
[2025-11-19 21:15:01] ? Cancelled expired booking ID=97, Customer=1, Released 0 seats
[2025-11-19 21:15:01] ? Cancelled expired booking ID=98, Customer=1, Released 0 seats
[2025-11-19 21:15:01] ? Cancelled expired booking ID=99, Customer=1, Released 0 seats
[2025-11-19 21:15:01] ? Cancelled expired booking ID=100, Customer=1, Released 0 seats
[2025-11-19 21:15:01] ? Cancelled expired booking ID=102, Customer=1, Released 0 seats
[2025-11-19 21:16:01] ? Found 67 expired bookings to cancel
[2025-11-19 21:16:01] ? Cancelled expired booking ID=6, Customer=1, Released 0 seats
[2025-11-19 21:16:01] ? Cancelled expired booking ID=7, Customer=1, Released 0 seats
[2025-11-19 21:16:01] ? Cancelled expired booking ID=8, Customer=1, Released 0 seats
[2025-11-19 21:16:01] ? Cancelled expired booking ID=9, Customer=1, Released 0 seats
[2025-11-19 21:16:01] ? Cancelled expired booking ID=10, Customer=1, Released 1 seats
[2025-11-19 21:16:01] ? Cancelled expired booking ID=11, Customer=1, Released 0 seats
[2025-11-19 21:16:01] ? Cancelled expired booking ID=12, Customer=1, Released 2 seats
[2025-11-19 21:16:01] ? Cancelled expired booking ID=13, Customer=1, Released 1 seats
[2025-11-19 21:16:01] ? Cancelled expired booking ID=14, Customer=1, Released 2 seats
[2025-11-19 21:16:01] ? Cancelled expired booking ID=15, Customer=1, Released 0 seats
[2025-11-19 21:16:01] ? Cancelled expired booking ID=16, Customer=1, Released 0 seats
[2025-11-19 21:16:01] ? Cancelled expired booking ID=17, Customer=1, Released 0 seats
[2025-11-19 21:16:01] ? Cancelled expired booking ID=18, Customer=1, Released 0 seats
[2025-11-19 21:16:01] ? Cancelled expired booking ID=19, Customer=1, Released 1 seats
[2025-11-19 21:16:01] ? Cancelled expired booking ID=20, Customer=1, Released 0 seats
[2025-11-19 21:16:01] ? Cancelled expired booking ID=21, Customer=1, Released 0 seats
[2025-11-19 21:16:01] ? Cancelled expired booking ID=22, Customer=1, Released 0 seats
[2025-11-19 21:16:01] ? Cancelled expired booking ID=23, Customer=1, Released 0 seats
[2025-11-19 21:16:01] ? Cancelled expired booking ID=24, Customer=1, Released 0 seats
[2025-11-19 21:16:01] ? Cancelled expired booking ID=25, Customer=1, Released 0 seats
[2025-11-19 21:16:01] ? Cancelled expired booking ID=26, Customer=1, Released 2 seats
[2025-11-19 21:16:01] ? Cancelled expired booking ID=27, Customer=1, Released 0 seats
[2025-11-19 21:16:01] ? Cancelled expired booking ID=28, Customer=1, Released 0 seats
[2025-11-19 21:16:01] ? Cancelled expired booking ID=29, Customer=1, Released 0 seats
[2025-11-19 21:16:01] ? Cancelled expired booking ID=30, Customer=1, Released 0 seats
[2025-11-19 21:16:01] ? Cancelled expired booking ID=31, Customer=1, Released 1 seats
[2025-11-19 21:16:01] ? Cancelled expired booking ID=32, Customer=1, Released 2 seats
[2025-11-19 21:16:01] ? Cancelled expired booking ID=33, Customer=1, Released 2 seats
[2025-11-19 21:16:01] ? Cancelled expired booking ID=34, Customer=1, Released 2 seats
[2025-11-19 21:16:01] ? Cancelled expired booking ID=35, Customer=1, Released 0 seats
[2025-11-19 21:16:01] ? Cancelled expired booking ID=36, Customer=1, Released 2 seats
[2025-11-19 21:16:01] ? Cancelled expired booking ID=37, Customer=1, Released 1 seats
[2025-11-19 21:16:01] ? Cancelled expired booking ID=38, Customer=1, Released 0 seats
[2025-11-19 21:16:01] ? Cancelled expired booking ID=39, Customer=1, Released 2 seats
[2025-11-19 21:16:01] ? Cancelled expired booking ID=40, Customer=1, Released 0 seats
[2025-11-19 21:16:01] ? Cancelled expired booking ID=41, Customer=1, Released 1 seats
[2025-11-19 21:16:01] ? Cancelled expired booking ID=42, Customer=1, Released 0 seats
[2025-11-19 21:16:01] ? Cancelled expired booking ID=58, Customer=1, Released 0 seats
[2025-11-19 21:16:01] ? Cancelled expired booking ID=64, Customer=1, Released 2 seats
[2025-11-19 21:16:01] ? Cancelled expired booking ID=65, Customer=1, Released 2 seats
[2025-11-19 21:16:01] ? Cancelled expired booking ID=67, Customer=1, Released 2 seats
[2025-11-19 21:16:01] ? Cancelled expired booking ID=68, Customer=1, Released 1 seats
[2025-11-19 21:16:01] ? Cancelled expired booking ID=69, Customer=1, Released 0 seats
[2025-11-19 21:16:01] ? Cancelled expired booking ID=75, Customer=1, Released 0 seats
[2025-11-19 21:16:01] ? Cancelled expired booking ID=76, Customer=1, Released 0 seats
[2025-11-19 21:16:01] ? Cancelled expired booking ID=77, Customer=1, Released 0 seats
[2025-11-19 21:16:01] ? Cancelled expired booking ID=78, Customer=1, Released 0 seats
[2025-11-19 21:16:01] ? Cancelled expired booking ID=79, Customer=1, Released 1 seats
[2025-11-19 21:16:01] ? Cancelled expired booking ID=80, Customer=1, Released 1 seats
[2025-11-19 21:16:01] ? Cancelled expired booking ID=81, Customer=1, Released 0 seats
[2025-11-19 21:16:01] ? Cancelled expired booking ID=82, Customer=1, Released 0 seats
[2025-11-19 21:16:01] ? Cancelled expired booking ID=83, Customer=1, Released 0 seats
[2025-11-19 21:16:01] ? Cancelled expired booking ID=84, Customer=1, Released 0 seats
[2025-11-19 21:16:01] ? Cancelled expired booking ID=85, Customer=1, Released 0 seats
[2025-11-19 21:16:01] ? Cancelled expired booking ID=86, Customer=1, Released 0 seats
[2025-11-19 21:16:01] ? Cancelled expired booking ID=87, Customer=1, Released 0 seats
[2025-11-19 21:16:01] ? Cancelled expired booking ID=88, Customer=1, Released 0 seats
[2025-11-19 21:16:01] ? Cancelled expired booking ID=89, Customer=1, Released 0 seats
[2025-11-19 21:16:01] ? Cancelled expired booking ID=90, Customer=1, Released 0 seats
[2025-11-19 21:16:01] ? Cancelled expired booking ID=92, Customer=2, Released 0 seats
[2025-11-19 21:16:01] ? Cancelled expired booking ID=95, Customer=1, Released 0 seats
[2025-11-19 21:16:01] ? Cancelled expired booking ID=96, Customer=1, Released 0 seats
[2025-11-19 21:16:01] ? Cancelled expired booking ID=97, Customer=1, Released 0 seats
[2025-11-19 21:16:01] ? Cancelled expired booking ID=98, Customer=1, Released 0 seats
[2025-11-19 21:16:02] ? Cancelled expired booking ID=99, Customer=1, Released 0 seats
[2025-11-19 21:16:02] ? Cancelled expired booking ID=100, Customer=1, Released 0 seats
[2025-11-19 21:16:02] ? Cancelled expired booking ID=102, Customer=1, Released 0 seats
[2025-11-19 21:17:01] ? Found 67 expired bookings to cancel
[2025-11-19 21:17:01] ? Cancelled expired booking ID=6, Customer=1, Released 0 seats
[2025-11-19 21:17:01] ? Cancelled expired booking ID=7, Customer=1, Released 0 seats
[2025-11-19 21:17:01] ? Cancelled expired booking ID=8, Customer=1, Released 0 seats
[2025-11-19 21:17:01] ? Cancelled expired booking ID=9, Customer=1, Released 0 seats
[2025-11-19 21:17:01] ? Cancelled expired booking ID=10, Customer=1, Released 1 seats
[2025-11-19 21:17:01] ? Cancelled expired booking ID=11, Customer=1, Released 0 seats
[2025-11-19 21:17:01] ? Cancelled expired booking ID=12, Customer=1, Released 2 seats
[2025-11-19 21:17:01] ? Cancelled expired booking ID=13, Customer=1, Released 1 seats
[2025-11-19 21:17:01] ? Cancelled expired booking ID=14, Customer=1, Released 2 seats
[2025-11-19 21:17:01] ? Cancelled expired booking ID=15, Customer=1, Released 0 seats
[2025-11-19 21:17:01] ? Cancelled expired booking ID=16, Customer=1, Released 0 seats
[2025-11-19 21:17:01] ? Cancelled expired booking ID=17, Customer=1, Released 0 seats
[2025-11-19 21:17:01] ? Cancelled expired booking ID=18, Customer=1, Released 0 seats
[2025-11-19 21:17:01] ? Cancelled expired booking ID=19, Customer=1, Released 1 seats
[2025-11-19 21:17:01] ? Cancelled expired booking ID=20, Customer=1, Released 0 seats
[2025-11-19 21:17:01] ? Cancelled expired booking ID=21, Customer=1, Released 0 seats
[2025-11-19 21:17:01] ? Cancelled expired booking ID=22, Customer=1, Released 0 seats
[2025-11-19 21:17:01] ? Cancelled expired booking ID=23, Customer=1, Released 0 seats
[2025-11-19 21:17:01] ? Cancelled expired booking ID=24, Customer=1, Released 0 seats
[2025-11-19 21:17:01] ? Cancelled expired booking ID=25, Customer=1, Released 0 seats
[2025-11-19 21:17:01] ? Cancelled expired booking ID=26, Customer=1, Released 2 seats
[2025-11-19 21:17:01] ? Cancelled expired booking ID=27, Customer=1, Released 0 seats
[2025-11-19 21:17:01] ? Cancelled expired booking ID=28, Customer=1, Released 0 seats
[2025-11-19 21:17:01] ? Cancelled expired booking ID=29, Customer=1, Released 0 seats
[2025-11-19 21:17:01] ? Cancelled expired booking ID=30, Customer=1, Released 0 seats
[2025-11-19 21:17:01] ? Cancelled expired booking ID=31, Customer=1, Released 1 seats
[2025-11-19 21:17:01] ? Cancelled expired booking ID=32, Customer=1, Released 2 seats
[2025-11-19 21:17:01] ? Cancelled expired booking ID=33, Customer=1, Released 2 seats
[2025-11-19 21:17:01] ? Cancelled expired booking ID=34, Customer=1, Released 2 seats
[2025-11-19 21:17:01] ? Cancelled expired booking ID=35, Customer=1, Released 0 seats
[2025-11-19 21:17:01] ? Cancelled expired booking ID=36, Customer=1, Released 2 seats
[2025-11-19 21:17:01] ? Cancelled expired booking ID=37, Customer=1, Released 1 seats
[2025-11-19 21:17:01] ? Cancelled expired booking ID=38, Customer=1, Released 0 seats
[2025-11-19 21:17:01] ? Cancelled expired booking ID=39, Customer=1, Released 2 seats
[2025-11-19 21:17:01] ? Cancelled expired booking ID=40, Customer=1, Released 0 seats
[2025-11-19 21:17:01] ? Cancelled expired booking ID=41, Customer=1, Released 1 seats
[2025-11-19 21:17:01] ? Cancelled expired booking ID=42, Customer=1, Released 0 seats
[2025-11-19 21:17:01] ? Cancelled expired booking ID=58, Customer=1, Released 0 seats
[2025-11-19 21:17:01] ? Cancelled expired booking ID=64, Customer=1, Released 2 seats
[2025-11-19 21:17:01] ? Cancelled expired booking ID=65, Customer=1, Released 2 seats
[2025-11-19 21:17:01] ? Cancelled expired booking ID=67, Customer=1, Released 2 seats
[2025-11-19 21:17:01] ? Cancelled expired booking ID=68, Customer=1, Released 1 seats
[2025-11-19 21:17:01] ? Cancelled expired booking ID=69, Customer=1, Released 0 seats
[2025-11-19 21:17:01] ? Cancelled expired booking ID=75, Customer=1, Released 0 seats
[2025-11-19 21:17:01] ? Cancelled expired booking ID=76, Customer=1, Released 0 seats
[2025-11-19 21:17:01] ? Cancelled expired booking ID=77, Customer=1, Released 0 seats
[2025-11-19 21:17:01] ? Cancelled expired booking ID=78, Customer=1, Released 0 seats
[2025-11-19 21:17:01] ? Cancelled expired booking ID=79, Customer=1, Released 1 seats
[2025-11-19 21:17:01] ? Cancelled expired booking ID=80, Customer=1, Released 1 seats
[2025-11-19 21:17:01] ? Cancelled expired booking ID=81, Customer=1, Released 0 seats
[2025-11-19 21:17:01] ? Cancelled expired booking ID=82, Customer=1, Released 0 seats
[2025-11-19 21:17:01] ? Cancelled expired booking ID=83, Customer=1, Released 0 seats
[2025-11-19 21:17:01] ? Cancelled expired booking ID=84, Customer=1, Released 0 seats
[2025-11-19 21:17:01] ? Cancelled expired booking ID=85, Customer=1, Released 0 seats
[2025-11-19 21:17:01] ? Cancelled expired booking ID=86, Customer=1, Released 0 seats
[2025-11-19 21:17:01] ? Cancelled expired booking ID=87, Customer=1, Released 0 seats
[2025-11-19 21:17:01] ? Cancelled expired booking ID=88, Customer=1, Released 0 seats
[2025-11-19 21:17:01] ? Cancelled expired booking ID=89, Customer=1, Released 0 seats
[2025-11-19 21:17:01] ? Cancelled expired booking ID=90, Customer=1, Released 0 seats
[2025-11-19 21:17:01] ? Cancelled expired booking ID=92, Customer=2, Released 0 seats
[2025-11-19 21:17:01] ? Cancelled expired booking ID=95, Customer=1, Released 0 seats
[2025-11-19 21:17:01] ? Cancelled expired booking ID=96, Customer=1, Released 0 seats
[2025-11-19 21:17:01] ? Cancelled expired booking ID=97, Customer=1, Released 0 seats
[2025-11-19 21:17:01] ? Cancelled expired booking ID=98, Customer=1, Released 0 seats
[2025-11-19 21:17:01] ? Cancelled expired booking ID=99, Customer=1, Released 0 seats
[2025-11-19 21:17:01] ? Cancelled expired booking ID=100, Customer=1, Released 0 seats
[2025-11-19 21:17:01] ? Cancelled expired booking ID=102, Customer=1, Released 0 seats
[2025-11-19 21:18:01] ? Found 67 expired bookings to cancel
[2025-11-19 21:18:01] ? Cancelled expired booking ID=6, Customer=1, Released 0 seats
[2025-11-19 21:18:01] ? Cancelled expired booking ID=7, Customer=1, Released 0 seats
[2025-11-19 21:18:01] ? Cancelled expired booking ID=8, Customer=1, Released 0 seats
[2025-11-19 21:18:01] ? Cancelled expired booking ID=9, Customer=1, Released 0 seats
[2025-11-19 21:18:01] ? Cancelled expired booking ID=10, Customer=1, Released 1 seats
[2025-11-19 21:18:01] ? Cancelled expired booking ID=11, Customer=1, Released 0 seats
[2025-11-19 21:18:01] ? Cancelled expired booking ID=12, Customer=1, Released 2 seats
[2025-11-19 21:18:01] ? Cancelled expired booking ID=13, Customer=1, Released 1 seats
[2025-11-19 21:18:01] ? Cancelled expired booking ID=14, Customer=1, Released 2 seats
[2025-11-19 21:18:01] ? Cancelled expired booking ID=15, Customer=1, Released 0 seats
[2025-11-19 21:18:01] ? Cancelled expired booking ID=16, Customer=1, Released 0 seats
[2025-11-19 21:18:01] ? Cancelled expired booking ID=17, Customer=1, Released 0 seats
[2025-11-19 21:18:01] ? Cancelled expired booking ID=18, Customer=1, Released 0 seats
[2025-11-19 21:18:01] ? Cancelled expired booking ID=19, Customer=1, Released 1 seats
[2025-11-19 21:18:01] ? Cancelled expired booking ID=20, Customer=1, Released 0 seats
[2025-11-19 21:18:01] ? Cancelled expired booking ID=21, Customer=1, Released 0 seats
[2025-11-19 21:18:01] ? Cancelled expired booking ID=22, Customer=1, Released 0 seats
[2025-11-19 21:18:01] ? Cancelled expired booking ID=23, Customer=1, Released 0 seats
[2025-11-19 21:18:01] ? Cancelled expired booking ID=24, Customer=1, Released 0 seats
[2025-11-19 21:18:01] ? Cancelled expired booking ID=25, Customer=1, Released 0 seats
[2025-11-19 21:18:01] ? Cancelled expired booking ID=26, Customer=1, Released 2 seats
[2025-11-19 21:18:01] ? Cancelled expired booking ID=27, Customer=1, Released 0 seats
[2025-11-19 21:18:01] ? Cancelled expired booking ID=28, Customer=1, Released 0 seats
[2025-11-19 21:18:01] ? Cancelled expired booking ID=29, Customer=1, Released 0 seats
[2025-11-19 21:18:01] ? Cancelled expired booking ID=30, Customer=1, Released 0 seats
[2025-11-19 21:18:01] ? Cancelled expired booking ID=31, Customer=1, Released 1 seats
[2025-11-19 21:18:01] ? Cancelled expired booking ID=32, Customer=1, Released 2 seats
[2025-11-19 21:18:01] ? Cancelled expired booking ID=33, Customer=1, Released 2 seats
[2025-11-19 21:18:01] ? Cancelled expired booking ID=34, Customer=1, Released 2 seats
[2025-11-19 21:18:01] ? Cancelled expired booking ID=35, Customer=1, Released 0 seats
[2025-11-19 21:18:01] ? Cancelled expired booking ID=36, Customer=1, Released 2 seats
[2025-11-19 21:18:01] ? Cancelled expired booking ID=37, Customer=1, Released 1 seats
[2025-11-19 21:18:01] ? Cancelled expired booking ID=38, Customer=1, Released 0 seats
[2025-11-19 21:18:01] ? Cancelled expired booking ID=39, Customer=1, Released 2 seats
[2025-11-19 21:18:01] ? Cancelled expired booking ID=40, Customer=1, Released 0 seats
[2025-11-19 21:18:01] ? Cancelled expired booking ID=41, Customer=1, Released 1 seats
[2025-11-19 21:18:01] ? Cancelled expired booking ID=42, Customer=1, Released 0 seats
[2025-11-19 21:18:01] ? Cancelled expired booking ID=58, Customer=1, Released 0 seats
[2025-11-19 21:18:01] ? Cancelled expired booking ID=64, Customer=1, Released 2 seats
[2025-11-19 21:18:01] ? Cancelled expired booking ID=65, Customer=1, Released 2 seats
[2025-11-19 21:18:01] ? Cancelled expired booking ID=67, Customer=1, Released 2 seats
[2025-11-19 21:18:01] ? Cancelled expired booking ID=68, Customer=1, Released 1 seats
[2025-11-19 21:18:01] ? Cancelled expired booking ID=69, Customer=1, Released 0 seats
[2025-11-19 21:18:01] ? Cancelled expired booking ID=75, Customer=1, Released 0 seats
[2025-11-19 21:18:01] ? Cancelled expired booking ID=76, Customer=1, Released 0 seats
[2025-11-19 21:18:01] ? Cancelled expired booking ID=77, Customer=1, Released 0 seats
[2025-11-19 21:18:01] ? Cancelled expired booking ID=78, Customer=1, Released 0 seats
[2025-11-19 21:18:01] ? Cancelled expired booking ID=79, Customer=1, Released 1 seats
[2025-11-19 21:18:01] ? Cancelled expired booking ID=80, Customer=1, Released 1 seats
[2025-11-19 21:18:01] ? Cancelled expired booking ID=81, Customer=1, Released 0 seats
[2025-11-19 21:18:01] ? Cancelled expired booking ID=82, Customer=1, Released 0 seats
[2025-11-19 21:18:01] ? Cancelled expired booking ID=83, Customer=1, Released 0 seats
[2025-11-19 21:18:01] ? Cancelled expired booking ID=84, Customer=1, Released 0 seats
[2025-11-19 21:18:01] ? Cancelled expired booking ID=85, Customer=1, Released 0 seats
[2025-11-19 21:18:01] ? Cancelled expired booking ID=86, Customer=1, Released 0 seats
[2025-11-19 21:18:01] ? Cancelled expired booking ID=87, Customer=1, Released 0 seats
[2025-11-19 21:18:01] ? Cancelled expired booking ID=88, Customer=1, Released 0 seats
[2025-11-19 21:18:01] ? Cancelled expired booking ID=89, Customer=1, Released 0 seats
[2025-11-19 21:18:01] ? Cancelled expired booking ID=90, Customer=1, Released 0 seats
[2025-11-19 21:18:01] ? Cancelled expired booking ID=92, Customer=2, Released 0 seats
[2025-11-19 21:18:01] ? Cancelled expired booking ID=95, Customer=1, Released 0 seats
[2025-11-19 21:18:01] ? Cancelled expired booking ID=96, Customer=1, Released 0 seats
[2025-11-19 21:18:01] ? Cancelled expired booking ID=97, Customer=1, Released 0 seats
[2025-11-19 21:18:01] ? Cancelled expired booking ID=98, Customer=1, Released 0 seats
[2025-11-19 21:18:01] ? Cancelled expired booking ID=99, Customer=1, Released 0 seats
[2025-11-19 21:18:01] ? Cancelled expired booking ID=100, Customer=1, Released 0 seats
[2025-11-19 21:18:01] ? Cancelled expired booking ID=102, Customer=1, Released 0 seats
[2025-11-19 21:19:01] ? Found 67 expired bookings to cancel
[2025-11-19 21:19:01] ? Cancelled expired booking ID=6, Customer=1, Released 0 seats
[2025-11-19 21:19:01] ? Cancelled expired booking ID=7, Customer=1, Released 0 seats
[2025-11-19 21:19:01] ? Cancelled expired booking ID=8, Customer=1, Released 0 seats
[2025-11-19 21:19:01] ? Cancelled expired booking ID=9, Customer=1, Released 0 seats
[2025-11-19 21:19:01] ? Cancelled expired booking ID=10, Customer=1, Released 1 seats
[2025-11-19 21:19:01] ? Cancelled expired booking ID=11, Customer=1, Released 0 seats
[2025-11-19 21:19:01] ? Cancelled expired booking ID=12, Customer=1, Released 2 seats
[2025-11-19 21:19:01] ? Cancelled expired booking ID=13, Customer=1, Released 1 seats
[2025-11-19 21:19:01] ? Cancelled expired booking ID=14, Customer=1, Released 2 seats
[2025-11-19 21:19:01] ? Cancelled expired booking ID=15, Customer=1, Released 0 seats
[2025-11-19 21:19:01] ? Cancelled expired booking ID=16, Customer=1, Released 0 seats
[2025-11-19 21:19:01] ? Cancelled expired booking ID=17, Customer=1, Released 0 seats
[2025-11-19 21:19:01] ? Cancelled expired booking ID=18, Customer=1, Released 0 seats
[2025-11-19 21:19:01] ? Cancelled expired booking ID=19, Customer=1, Released 1 seats
[2025-11-19 21:19:01] ? Cancelled expired booking ID=20, Customer=1, Released 0 seats
[2025-11-19 21:19:01] ? Cancelled expired booking ID=21, Customer=1, Released 0 seats
[2025-11-19 21:19:01] ? Cancelled expired booking ID=22, Customer=1, Released 0 seats
[2025-11-19 21:19:01] ? Cancelled expired booking ID=23, Customer=1, Released 0 seats
[2025-11-19 21:19:01] ? Cancelled expired booking ID=24, Customer=1, Released 0 seats
[2025-11-19 21:19:01] ? Cancelled expired booking ID=25, Customer=1, Released 0 seats
[2025-11-19 21:19:01] ? Cancelled expired booking ID=26, Customer=1, Released 2 seats
[2025-11-19 21:19:01] ? Cancelled expired booking ID=27, Customer=1, Released 0 seats
[2025-11-19 21:19:01] ? Cancelled expired booking ID=28, Customer=1, Released 0 seats
[2025-11-19 21:19:01] ? Cancelled expired booking ID=29, Customer=1, Released 0 seats
[2025-11-19 21:19:01] ? Cancelled expired booking ID=30, Customer=1, Released 0 seats
[2025-11-19 21:19:01] ? Cancelled expired booking ID=31, Customer=1, Released 1 seats
[2025-11-19 21:19:01] ? Cancelled expired booking ID=32, Customer=1, Released 2 seats
[2025-11-19 21:19:01] ? Cancelled expired booking ID=33, Customer=1, Released 2 seats
[2025-11-19 21:19:01] ? Cancelled expired booking ID=34, Customer=1, Released 2 seats
[2025-11-19 21:19:01] ? Cancelled expired booking ID=35, Customer=1, Released 0 seats
[2025-11-19 21:19:01] ? Cancelled expired booking ID=36, Customer=1, Released 2 seats
[2025-11-19 21:19:01] ? Cancelled expired booking ID=37, Customer=1, Released 1 seats
[2025-11-19 21:19:01] ? Cancelled expired booking ID=38, Customer=1, Released 0 seats
[2025-11-19 21:19:01] ? Cancelled expired booking ID=39, Customer=1, Released 2 seats
[2025-11-19 21:19:01] ? Cancelled expired booking ID=40, Customer=1, Released 0 seats
[2025-11-19 21:19:01] ? Cancelled expired booking ID=41, Customer=1, Released 1 seats
[2025-11-19 21:19:01] ? Cancelled expired booking ID=42, Customer=1, Released 0 seats
[2025-11-19 21:19:01] ? Cancelled expired booking ID=58, Customer=1, Released 0 seats
[2025-11-19 21:19:01] ? Cancelled expired booking ID=64, Customer=1, Released 2 seats
[2025-11-19 21:19:01] ? Cancelled expired booking ID=65, Customer=1, Released 2 seats
[2025-11-19 21:19:01] ? Cancelled expired booking ID=67, Customer=1, Released 2 seats
[2025-11-19 21:19:01] ? Cancelled expired booking ID=68, Customer=1, Released 1 seats
[2025-11-19 21:19:01] ? Cancelled expired booking ID=69, Customer=1, Released 0 seats
[2025-11-19 21:19:01] ? Cancelled expired booking ID=75, Customer=1, Released 0 seats
[2025-11-19 21:19:01] ? Cancelled expired booking ID=76, Customer=1, Released 0 seats
[2025-11-19 21:19:01] ? Cancelled expired booking ID=77, Customer=1, Released 0 seats
[2025-11-19 21:19:01] ? Cancelled expired booking ID=78, Customer=1, Released 0 seats
[2025-11-19 21:19:01] ? Cancelled expired booking ID=79, Customer=1, Released 1 seats
[2025-11-19 21:19:01] ? Cancelled expired booking ID=80, Customer=1, Released 1 seats
[2025-11-19 21:19:01] ? Cancelled expired booking ID=81, Customer=1, Released 0 seats
[2025-11-19 21:19:01] ? Cancelled expired booking ID=82, Customer=1, Released 0 seats
[2025-11-19 21:19:01] ? Cancelled expired booking ID=83, Customer=1, Released 0 seats
[2025-11-19 21:19:01] ? Cancelled expired booking ID=84, Customer=1, Released 0 seats
[2025-11-19 21:19:01] ? Cancelled expired booking ID=85, Customer=1, Released 0 seats
[2025-11-19 21:19:01] ? Cancelled expired booking ID=86, Customer=1, Released 0 seats
[2025-11-19 21:19:01] ? Cancelled expired booking ID=87, Customer=1, Released 0 seats
[2025-11-19 21:19:01] ? Cancelled expired booking ID=88, Customer=1, Released 0 seats
[2025-11-19 21:19:01] ? Cancelled expired booking ID=89, Customer=1, Released 0 seats
[2025-11-19 21:19:01] ? Cancelled expired booking ID=90, Customer=1, Released 0 seats
[2025-11-19 21:19:01] ? Cancelled expired booking ID=92, Customer=2, Released 0 seats
[2025-11-19 21:19:01] ? Cancelled expired booking ID=95, Customer=1, Released 0 seats
[2025-11-19 21:19:01] ? Cancelled expired booking ID=96, Customer=1, Released 0 seats
[2025-11-19 21:19:01] ? Cancelled expired booking ID=97, Customer=1, Released 0 seats
[2025-11-19 21:19:01] ? Cancelled expired booking ID=98, Customer=1, Released 0 seats
[2025-11-19 21:19:01] ? Cancelled expired booking ID=99, Customer=1, Released 0 seats
[2025-11-19 21:19:01] ? Cancelled expired booking ID=100, Customer=1, Released 0 seats
[2025-11-19 21:19:01] ? Cancelled expired booking ID=102, Customer=1, Released 0 seats
[2025-11-19 21:20:01] ? Found 67 expired bookings to cancel
[2025-11-19 21:20:01] ? Cancelled expired booking ID=6, Customer=1, Released 0 seats
[2025-11-19 21:20:01] ? Cancelled expired booking ID=7, Customer=1, Released 0 seats
[2025-11-19 21:20:01] ? Cancelled expired booking ID=8, Customer=1, Released 0 seats
[2025-11-19 21:20:01] ? Cancelled expired booking ID=9, Customer=1, Released 0 seats
[2025-11-19 21:20:01] ? Cancelled expired booking ID=10, Customer=1, Released 1 seats
[2025-11-19 21:20:01] ? Cancelled expired booking ID=11, Customer=1, Released 0 seats
[2025-11-19 21:20:01] ? Cancelled expired booking ID=12, Customer=1, Released 2 seats
[2025-11-19 21:20:01] ? Cancelled expired booking ID=13, Customer=1, Released 1 seats
[2025-11-19 21:20:01] ? Cancelled expired booking ID=14, Customer=1, Released 2 seats
[2025-11-19 21:20:01] ? Cancelled expired booking ID=15, Customer=1, Released 0 seats
[2025-11-19 21:20:01] ? Cancelled expired booking ID=16, Customer=1, Released 0 seats
[2025-11-19 21:20:01] ? Cancelled expired booking ID=17, Customer=1, Released 0 seats
[2025-11-19 21:20:01] ? Cancelled expired booking ID=18, Customer=1, Released 0 seats
[2025-11-19 21:20:01] ? Cancelled expired booking ID=19, Customer=1, Released 1 seats
[2025-11-19 21:20:01] ? Cancelled expired booking ID=20, Customer=1, Released 0 seats
[2025-11-19 21:20:01] ? Cancelled expired booking ID=21, Customer=1, Released 0 seats
[2025-11-19 21:20:01] ? Cancelled expired booking ID=22, Customer=1, Released 0 seats
[2025-11-19 21:20:01] ? Cancelled expired booking ID=23, Customer=1, Released 0 seats
[2025-11-19 21:20:01] ? Cancelled expired booking ID=24, Customer=1, Released 0 seats
[2025-11-19 21:20:01] ? Cancelled expired booking ID=25, Customer=1, Released 0 seats
[2025-11-19 21:20:01] ? Cancelled expired booking ID=26, Customer=1, Released 2 seats
[2025-11-19 21:20:01] ? Cancelled expired booking ID=27, Customer=1, Released 0 seats
[2025-11-19 21:20:01] ? Cancelled expired booking ID=28, Customer=1, Released 0 seats
[2025-11-19 21:20:01] ? Cancelled expired booking ID=29, Customer=1, Released 0 seats
[2025-11-19 21:20:01] ? Cancelled expired booking ID=30, Customer=1, Released 0 seats
[2025-11-19 21:20:01] ? Cancelled expired booking ID=31, Customer=1, Released 1 seats
[2025-11-19 21:20:01] ? Cancelled expired booking ID=32, Customer=1, Released 2 seats
[2025-11-19 21:20:01] ? Cancelled expired booking ID=33, Customer=1, Released 2 seats
[2025-11-19 21:20:01] ? Cancelled expired booking ID=34, Customer=1, Released 2 seats
[2025-11-19 21:20:01] ? Cancelled expired booking ID=35, Customer=1, Released 0 seats
[2025-11-19 21:20:01] ? Cancelled expired booking ID=36, Customer=1, Released 2 seats
[2025-11-19 21:20:01] ? Cancelled expired booking ID=37, Customer=1, Released 1 seats
[2025-11-19 21:20:01] ? Cancelled expired booking ID=38, Customer=1, Released 0 seats
[2025-11-19 21:20:01] ? Cancelled expired booking ID=39, Customer=1, Released 2 seats
[2025-11-19 21:20:01] ? Cancelled expired booking ID=40, Customer=1, Released 0 seats
[2025-11-19 21:20:01] ? Cancelled expired booking ID=41, Customer=1, Released 1 seats
[2025-11-19 21:20:01] ? Cancelled expired booking ID=42, Customer=1, Released 0 seats
[2025-11-19 21:20:01] ? Cancelled expired booking ID=58, Customer=1, Released 0 seats
[2025-11-19 21:20:01] ? Cancelled expired booking ID=64, Customer=1, Released 2 seats
[2025-11-19 21:20:01] ? Cancelled expired booking ID=65, Customer=1, Released 2 seats
[2025-11-19 21:20:01] ? Cancelled expired booking ID=67, Customer=1, Released 2 seats
[2025-11-19 21:20:01] ? Cancelled expired booking ID=68, Customer=1, Released 1 seats
[2025-11-19 21:20:01] ? Cancelled expired booking ID=69, Customer=1, Released 0 seats
[2025-11-19 21:20:01] ? Cancelled expired booking ID=75, Customer=1, Released 0 seats
[2025-11-19 21:20:01] ? Cancelled expired booking ID=76, Customer=1, Released 0 seats
[2025-11-19 21:20:01] ? Cancelled expired booking ID=77, Customer=1, Released 0 seats
[2025-11-19 21:20:01] ? Cancelled expired booking ID=78, Customer=1, Released 0 seats
[2025-11-19 21:20:01] ? Cancelled expired booking ID=79, Customer=1, Released 1 seats
[2025-11-19 21:20:01] ? Cancelled expired booking ID=80, Customer=1, Released 1 seats
[2025-11-19 21:20:01] ? Cancelled expired booking ID=81, Customer=1, Released 0 seats
[2025-11-19 21:20:01] ? Cancelled expired booking ID=82, Customer=1, Released 0 seats
[2025-11-19 21:20:01] ? Cancelled expired booking ID=83, Customer=1, Released 0 seats
[2025-11-19 21:20:01] ? Cancelled expired booking ID=84, Customer=1, Released 0 seats
[2025-11-19 21:20:01] ? Cancelled expired booking ID=85, Customer=1, Released 0 seats
[2025-11-19 21:20:01] ? Cancelled expired booking ID=86, Customer=1, Released 0 seats
[2025-11-19 21:20:01] ? Cancelled expired booking ID=87, Customer=1, Released 0 seats
[2025-11-19 21:20:01] ? Cancelled expired booking ID=88, Customer=1, Released 0 seats
[2025-11-19 21:20:01] ? Cancelled expired booking ID=89, Customer=1, Released 0 seats
[2025-11-19 21:20:01] ? Cancelled expired booking ID=90, Customer=1, Released 0 seats
[2025-11-19 21:20:01] ? Cancelled expired booking ID=92, Customer=2, Released 0 seats
[2025-11-19 21:20:01] ? Cancelled expired booking ID=95, Customer=1, Released 0 seats
[2025-11-19 21:20:01] ? Cancelled expired booking ID=96, Customer=1, Released 0 seats
[2025-11-19 21:20:01] ? Cancelled expired booking ID=97, Customer=1, Released 0 seats
[2025-11-19 21:20:01] ? Cancelled expired booking ID=98, Customer=1, Released 0 seats
[2025-11-19 21:20:01] ? Cancelled expired booking ID=99, Customer=1, Released 0 seats
[2025-11-19 21:20:01] ? Cancelled expired booking ID=100, Customer=1, Released 0 seats
[2025-11-19 21:20:01] ? Cancelled expired booking ID=102, Customer=1, Released 0 seats
[2025-11-19 21:23:32] ? BookingExpirationService started
[2025-11-19 21:24:32] ? Found 67 expired bookings to cancel
[2025-11-19 21:24:32] ? Cancelled expired booking ID=6, Customer=1, Released 0 seats
[2025-11-19 21:24:32] ? Cancelled expired booking ID=7, Customer=1, Released 0 seats
[2025-11-19 21:24:32] ? Cancelled expired booking ID=8, Customer=1, Released 0 seats
[2025-11-19 21:24:32] ? Cancelled expired booking ID=9, Customer=1, Released 0 seats
[2025-11-19 21:24:32] ? Cancelled expired booking ID=10, Customer=1, Released 1 seats
[2025-11-19 21:24:32] ? Cancelled expired booking ID=11, Customer=1, Released 0 seats
[2025-11-19 21:24:32] ? Cancelled expired booking ID=12, Customer=1, Released 2 seats
[2025-11-19 21:24:32] ? Cancelled expired booking ID=13, Customer=1, Released 1 seats
[2025-11-19 21:24:32] ? Cancelled expired booking ID=14, Customer=1, Released 2 seats
[2025-11-19 21:24:32] ? Cancelled expired booking ID=15, Customer=1, Released 0 seats
[2025-11-19 21:24:32] ? Cancelled expired booking ID=16, Customer=1, Released 0 seats
[2025-11-19 21:24:32] ? Cancelled expired booking ID=17, Customer=1, Released 0 seats
[2025-11-19 21:24:32] ? Cancelled expired booking ID=18, Customer=1, Released 0 seats
[2025-11-19 21:24:32] ? Cancelled expired booking ID=19, Customer=1, Released 1 seats
[2025-11-19 21:24:32] ? Cancelled expired booking ID=20, Customer=1, Released 0 seats
[2025-11-19 21:24:32] ? Cancelled expired booking ID=21, Customer=1, Released 0 seats
[2025-11-19 21:24:32] ? Cancelled expired booking ID=22, Customer=1, Released 0 seats
[2025-11-19 21:24:32] ? Cancelled expired booking ID=23, Customer=1, Released 0 seats
[2025-11-19 21:24:32] ? Cancelled expired booking ID=24, Customer=1, Released 0 seats
[2025-11-19 21:24:32] ? Cancelled expired booking ID=25, Customer=1, Released 0 seats
[2025-11-19 21:24:32] ? Cancelled expired booking ID=26, Customer=1, Released 2 seats
[2025-11-19 21:24:32] ? Cancelled expired booking ID=27, Customer=1, Released 0 seats
[2025-11-19 21:24:32] ? Cancelled expired booking ID=28, Customer=1, Released 0 seats
[2025-11-19 21:24:32] ? Cancelled expired booking ID=29, Customer=1, Released 0 seats
[2025-11-19 21:24:32] ? Cancelled expired booking ID=30, Customer=1, Released 0 seats
[2025-11-19 21:24:32] ? Cancelled expired booking ID=31, Customer=1, Released 1 seats
[2025-11-19 21:24:32] ? Cancelled expired booking ID=32, Customer=1, Released 2 seats
[2025-11-19 21:24:32] ? Cancelled expired booking ID=33, Customer=1, Released 2 seats
[2025-11-19 21:24:32] ? Cancelled expired booking ID=34, Customer=1, Released 2 seats
[2025-11-19 21:24:32] ? Cancelled expired booking ID=35, Customer=1, Released 0 seats
[2025-11-19 21:24:32] ? Cancelled expired booking ID=36, Customer=1, Released 2 seats
[2025-11-19 21:24:32] ? Cancelled expired booking ID=37, Customer=1, Released 1 seats
[2025-11-19 21:24:32] ? Cancelled expired booking ID=38, Customer=1, Released 0 seats
[2025-11-19 21:24:32] ? Cancelled expired booking ID=39, Customer=1, Released 2 seats
[2025-11-19 21:24:32] ? Cancelled expired booking ID=40, Customer=1, Released 0 seats
[2025-11-19 21:24:32] ? Cancelled expired booking ID=41, Customer=1, Released 1 seats
[2025-11-19 21:24:32] ? Cancelled expired booking ID=42, Customer=1, Released 0 seats
[2025-11-19 21:24:32] ? Cancelled expired booking ID=58, Customer=1, Released 0 seats
[2025-11-19 21:24:32] ? Cancelled expired booking ID=64, Customer=1, Released 2 seats
[2025-11-19 21:24:32] ? Cancelled expired booking ID=65, Customer=1, Released 2 seats
[2025-11-19 21:24:32] ? Cancelled expired booking ID=67, Customer=1, Released 2 seats
[2025-11-19 21:24:32] ? Cancelled expired booking ID=68, Customer=1, Released 1 seats
[2025-11-19 21:24:32] ? Cancelled expired booking ID=69, Customer=1, Released 0 seats
[2025-11-19 21:24:32] ? Cancelled expired booking ID=75, Customer=1, Released 0 seats
[2025-11-19 21:24:32] ? Cancelled expired booking ID=76, Customer=1, Released 0 seats
[2025-11-19 21:24:32] ? Cancelled expired booking ID=77, Customer=1, Released 0 seats
[2025-11-19 21:24:32] ? Cancelled expired booking ID=78, Customer=1, Released 0 seats
[2025-11-19 21:24:32] ? Cancelled expired booking ID=79, Customer=1, Released 1 seats
[2025-11-19 21:24:32] ? Cancelled expired booking ID=80, Customer=1, Released 1 seats
[2025-11-19 21:24:32] ? Cancelled expired booking ID=81, Customer=1, Released 0 seats
[2025-11-19 21:24:32] ? Cancelled expired booking ID=82, Customer=1, Released 0 seats
[2025-11-19 21:24:32] ? Cancelled expired booking ID=83, Customer=1, Released 0 seats
[2025-11-19 21:24:32] ? Cancelled expired booking ID=84, Customer=1, Released 0 seats
[2025-11-19 21:24:32] ? Cancelled expired booking ID=85, Customer=1, Released 0 seats
[2025-11-19 21:24:32] ? Cancelled expired booking ID=86, Customer=1, Released 0 seats
[2025-11-19 21:24:32] ? Cancelled expired booking ID=87, Customer=1, Released 0 seats
[2025-11-19 21:24:32] ? Cancelled expired booking ID=88, Customer=1, Released 0 seats
[2025-11-19 21:24:32] ? Cancelled expired booking ID=89, Customer=1, Released 0 seats
[2025-11-19 21:24:32] ? Cancelled expired booking ID=90, Customer=1, Released 0 seats
[2025-11-19 21:24:32] ? Cancelled expired booking ID=92, Customer=2, Released 0 seats
[2025-11-19 21:24:32] ? Cancelled expired booking ID=95, Customer=1, Released 0 seats
[2025-11-19 21:24:32] ? Cancelled expired booking ID=96, Customer=1, Released 0 seats
[2025-11-19 21:24:32] ? Cancelled expired booking ID=97, Customer=1, Released 0 seats
[2025-11-19 21:24:32] ? Cancelled expired booking ID=98, Customer=1, Released 0 seats
[2025-11-19 21:24:32] ? Cancelled expired booking ID=99, Customer=1, Released 0 seats
[2025-11-19 21:24:32] ? Cancelled expired booking ID=100, Customer=1, Released 0 seats
[2025-11-19 21:24:32] ? Cancelled expired booking ID=102, Customer=1, Released 0 seats
[2025-11-19 21:25:06] SelectSeats (Fresh DB): showtime=10, paidBookings=33, bookedCount=27
[2025-11-19 21:25:06] Booked seat ids: 102,104,111,112,116,117,121,122,126,127,131,132,136,137,141,142,151,161,165,166,168,169,171,181,186,187,105
[2025-11-19 21:25:12] ✅ Tạo Dat_Ve mới: ID=108, Trạng thái=Chưa thanh toán
[2025-11-19 21:25:12] ✅ Sinh QR code: DAVCINEMA-108-204-638991843123835331 -> qr_DAVCINEMA-108-204-638991843123835331.png
[2025-11-19 21:25:12] ✅ Cập nhật Dat_Ve: ID=108, Tổng tiền=70000,00, Vé=1, Đồ ăn=0
[2025-11-19 21:25:12] ✅ QR Code URL (new format) generated: https://img.vietqr.io/image/VCB-1031419192-compact2.png?amount=70000&addInfo=DatVe108
[2025-11-19 21:25:12] 🔍 KM004 Start: foodItemsJson=exist
[2025-11-19 21:25:12] ✅ KM004 Complete: hasCombo=False
[2025-11-19 21:25:19] ✅ Đơn hàng chờ duyệt: Booking ID 108, PromoCode: 
[2025-11-19 21:25:32] ? Found 67 expired bookings to cancel
[2025-11-19 21:25:32] ? Cancelled expired booking ID=6, Customer=1, Released 0 seats
[2025-11-19 21:25:32] ? Cancelled expired booking ID=7, Customer=1, Released 0 seats
[2025-11-19 21:25:32] ? Cancelled expired booking ID=8, Customer=1, Released 0 seats
[2025-11-19 21:25:32] ? Cancelled expired booking ID=9, Customer=1, Released 0 seats
[2025-11-19 21:25:32] ? Cancelled expired booking ID=10, Customer=1, Released 1 seats
[2025-11-19 21:25:32] ? Cancelled expired booking ID=11, Customer=1, Released 0 seats
[2025-11-19 21:25:32] ? Cancelled expired booking ID=12, Customer=1, Released 2 seats
[2025-11-19 21:25:32] ? Cancelled expired booking ID=13, Customer=1, Released 1 seats
[2025-11-19 21:25:32] ? Cancelled expired booking ID=14, Customer=1, Released 2 seats
[2025-11-19 21:25:32] ? Cancelled expired booking ID=15, Customer=1, Released 0 seats
[2025-11-19 21:25:32] ? Cancelled expired booking ID=16, Customer=1, Released 0 seats
[2025-11-19 21:25:32] ? Cancelled expired booking ID=17, Customer=1, Released 0 seats
[2025-11-19 21:25:32] ? Cancelled expired booking ID=18, Customer=1, Released 0 seats
[2025-11-19 21:25:32] ? Cancelled expired booking ID=19, Customer=1, Released 1 seats
[2025-11-19 21:25:32] ? Cancelled expired booking ID=20, Customer=1, Released 0 seats
[2025-11-19 21:25:32] ? Cancelled expired booking ID=21, Customer=1, Released 0 seats
[2025-11-19 21:25:32] ? Cancelled expired booking ID=22, Customer=1, Released 0 seats
[2025-11-19 21:25:32] ? Cancelled expired booking ID=23, Customer=1, Released 0 seats
[2025-11-19 21:25:32] ? Cancelled expired booking ID=24, Customer=1, Released 0 seats
[2025-11-19 21:25:32] ? Cancelled expired booking ID=25, Customer=1, Released 0 seats
[2025-11-19 21:25:32] ? Cancelled expired booking ID=26, Customer=1, Released 2 seats
[2025-11-19 21:25:32] ? Cancelled expired booking ID=27, Customer=1, Released 0 seats
[2025-11-19 21:25:32] ? Cancelled expired booking ID=28, Customer=1, Released 0 seats
[2025-11-19 21:25:32] ? Cancelled expired booking ID=29, Customer=1, Released 0 seats
[2025-11-19 21:25:32] ? Cancelled expired booking ID=30, Customer=1, Released 0 seats
[2025-11-19 21:25:32] ? Cancelled expired booking ID=31, Customer=1, Released 1 seats
[2025-11-19 21:25:32] ? Cancelled expired booking ID=32, Customer=1, Released 2 seats
[2025-11-19 21:25:32] ? Cancelled expired booking ID=33, Customer=1, Released 2 seats
[2025-11-19 21:25:32] ? Cancelled expired booking ID=34, Customer=1, Released 2 seats
[2025-11-19 21:25:32] ? Cancelled expired booking ID=35, Customer=1, Released 0 seats
[2025-11-19 21:25:32] ? Cancelled expired booking ID=36, Customer=1, Released 2 seats
[2025-11-19 21:25:32] ? Cancelled expired booking ID=37, Customer=1, Released 1 seats
[2025-11-19 21:25:32] ? Cancelled expired booking ID=38, Customer=1, Released 0 seats
[2025-11-19 21:25:32] ? Cancelled expired booking ID=39, Customer=1, Released 2 seats
[2025-11-19 21:25:32] ? Cancelled expired booking ID=40, Customer=1, Released 0 seats
[2025-11-19 21:25:32] ? Cancelled expired booking ID=41, Customer=1, Released 1 seats
[2025-11-19 21:25:32] ? Cancelled expired booking ID=42, Customer=1, Released 0 seats
[2025-11-19 21:25:32] ? Cancelled expired booking ID=58, Customer=1, Released 0 seats
[2025-11-19 21:25:32] ? Cancelled expired booking ID=64, Customer=1, Released 2 seats
[2025-11-19 21:25:32] ? Cancelled expired booking ID=65, Customer=1, Released 2 seats
[2025-11-19 21:25:32] ? Cancelled expired booking ID=67, Customer=1, Released 2 seats
[2025-11-19 21:25:32] ? Cancelled expired booking ID=68, Customer=1, Released 1 seats
[2025-11-19 21:25:32] ? Cancelled expired booking ID=69, Customer=1, Released 0 seats
[2025-11-19 21:25:32] ? Cancelled expired booking ID=75, Customer=1, Released 0 seats
[2025-11-19 21:25:32] ? Cancelled expired booking ID=76, Customer=1, Released 0 seats
[2025-11-19 21:25:32] ? Cancelled expired booking ID=77, Customer=1, Released 0 seats
[2025-11-19 21:25:32] ? Cancelled expired booking ID=78, Customer=1, Released 0 seats
[2025-11-19 21:25:32] ? Cancelled expired booking ID=79, Customer=1, Released 1 seats
[2025-11-19 21:25:32] ? Cancelled expired booking ID=80, Customer=1, Released 1 seats
[2025-11-19 21:25:32] ? Cancelled expired booking ID=81, Customer=1, Released 0 seats
[2025-11-19 21:25:32] ? Cancelled expired booking ID=82, Customer=1, Released 0 seats
[2025-11-19 21:25:32] ? Cancelled expired booking ID=83, Customer=1, Released 0 seats
[2025-11-19 21:25:32] ? Cancelled expired booking ID=84, Customer=1, Released 0 seats
[2025-11-19 21:25:32] ? Cancelled expired booking ID=85, Customer=1, Released 0 seats
[2025-11-19 21:25:32] ? Cancelled expired booking ID=86, Customer=1, Released 0 seats
[2025-11-19 21:25:32] ? Cancelled expired booking ID=87, Customer=1, Released 0 seats
[2025-11-19 21:25:32] ? Cancelled expired booking ID=88, Customer=1, Released 0 seats
[2025-11-19 21:25:32] ? Cancelled expired booking ID=89, Customer=1, Released 0 seats
[2025-11-19 21:25:32] ? Cancelled expired booking ID=90, Customer=1, Released 0 seats
[2025-11-19 21:25:32] ? Cancelled expired booking ID=92, Customer=2, Released 0 seats
[2025-11-19 21:25:32] ? Cancelled expired booking ID=95, Customer=1, Released 0 seats
[2025-11-19 21:25:32] ? Cancelled expired booking ID=96, Customer=1, Released 0 seats
[2025-11-19 21:25:32] ? Cancelled expired booking ID=97, Customer=1, Released 0 seats
[2025-11-19 21:25:32] ? Cancelled expired booking ID=98, Customer=1, Released 0 seats
[2025-11-19 21:25:32] ? Cancelled expired booking ID=99, Customer=1, Released 0 seats
[2025-11-19 21:25:32] ? Cancelled expired booking ID=100, Customer=1, Released 0 seats
[2025-11-19 21:25:32] ? Cancelled expired booking ID=102, Customer=1, Released 0 seats
[2025-11-19 21:25:45] ✅ ApproveBooking: Duyệt Dat_Ve ID=108, khách hàng: Lê Minh Khách
[2025-11-19 21:25:47] ✅ QR Code URL (new format) generated: https://img.vietqr.io/image/VCB-1031419192-compact2.png?amount=70000&addInfo=DatVe108
[2025-11-19 21:25:47] ✅ Hiển thị trang thanh toán thành công: Booking 108
[2025-11-19 21:26:32] ? Found 67 expired bookings to cancel
[2025-11-19 21:26:32] ? Cancelled expired booking ID=6, Customer=1, Released 0 seats
[2025-11-19 21:26:32] ? Cancelled expired booking ID=7, Customer=1, Released 0 seats
[2025-11-19 21:26:32] ? Cancelled expired booking ID=8, Customer=1, Released 0 seats
[2025-11-19 21:26:32] ? Cancelled expired booking ID=9, Customer=1, Released 0 seats
[2025-11-19 21:26:32] ? Cancelled expired booking ID=10, Customer=1, Released 1 seats
[2025-11-19 21:26:32] ? Cancelled expired booking ID=11, Customer=1, Released 0 seats
[2025-11-19 21:26:32] ? Cancelled expired booking ID=12, Customer=1, Released 2 seats
[2025-11-19 21:26:32] ? Cancelled expired booking ID=13, Customer=1, Released 1 seats
[2025-11-19 21:26:32] ? Cancelled expired booking ID=14, Customer=1, Released 2 seats
[2025-11-19 21:26:32] ? Cancelled expired booking ID=15, Customer=1, Released 0 seats
[2025-11-19 21:26:32] ? Cancelled expired booking ID=16, Customer=1, Released 0 seats
[2025-11-19 21:26:32] ? Cancelled expired booking ID=17, Customer=1, Released 0 seats
[2025-11-19 21:26:32] ? Cancelled expired booking ID=18, Customer=1, Released 0 seats
[2025-11-19 21:26:32] ? Cancelled expired booking ID=19, Customer=1, Released 1 seats
[2025-11-19 21:26:32] ? Cancelled expired booking ID=20, Customer=1, Released 0 seats
[2025-11-19 21:26:32] ? Cancelled expired booking ID=21, Customer=1, Released 0 seats
[2025-11-19 21:26:32] ? Cancelled expired booking ID=22, Customer=1, Released 0 seats
[2025-11-19 21:26:32] ? Cancelled expired booking ID=23, Customer=1, Released 0 seats
[2025-11-19 21:26:32] ? Cancelled expired booking ID=24, Customer=1, Released 0 seats
[2025-11-19 21:26:32] ? Cancelled expired booking ID=25, Customer=1, Released 0 seats
[2025-11-19 21:26:32] ? Cancelled expired booking ID=26, Customer=1, Released 2 seats
[2025-11-19 21:26:32] ? Cancelled expired booking ID=27, Customer=1, Released 0 seats
[2025-11-19 21:26:32] ? Cancelled expired booking ID=28, Customer=1, Released 0 seats
[2025-11-19 21:26:32] ? Cancelled expired booking ID=29, Customer=1, Released 0 seats
[2025-11-19 21:26:32] ? Cancelled expired booking ID=30, Customer=1, Released 0 seats
[2025-11-19 21:26:32] ? Cancelled expired booking ID=31, Customer=1, Released 1 seats
[2025-11-19 21:26:32] ? Cancelled expired booking ID=32, Customer=1, Released 2 seats
[2025-11-19 21:26:32] ? Cancelled expired booking ID=33, Customer=1, Released 2 seats
[2025-11-19 21:26:32] ? Cancelled expired booking ID=34, Customer=1, Released 2 seats
[2025-11-19 21:26:32] ? Cancelled expired booking ID=35, Customer=1, Released 0 seats
[2025-11-19 21:26:32] ? Cancelled expired booking ID=36, Customer=1, Released 2 seats
[2025-11-19 21:26:32] ? Cancelled expired booking ID=37, Customer=1, Released 1 seats
[2025-11-19 21:26:32] ? Cancelled expired booking ID=38, Customer=1, Released 0 seats
[2025-11-19 21:26:32] ? Cancelled expired booking ID=39, Customer=1, Released 2 seats
[2025-11-19 21:26:32] ? Cancelled expired booking ID=40, Customer=1, Released 0 seats
[2025-11-19 21:26:32] ? Cancelled expired booking ID=41, Customer=1, Released 1 seats
[2025-11-19 21:26:32] ? Cancelled expired booking ID=42, Customer=1, Released 0 seats
[2025-11-19 21:26:32] ? Cancelled expired booking ID=58, Customer=1, Released 0 seats
[2025-11-19 21:26:32] ? Cancelled expired booking ID=64, Customer=1, Released 2 seats
[2025-11-19 21:26:32] ? Cancelled expired booking ID=65, Customer=1, Released 2 seats
[2025-11-19 21:26:32] ? Cancelled expired booking ID=67, Customer=1, Released 2 seats
[2025-11-19 21:26:32] ? Cancelled expired booking ID=68, Customer=1, Released 1 seats
[2025-11-19 21:26:32] ? Cancelled expired booking ID=69, Customer=1, Released 0 seats
[2025-11-19 21:26:32] ? Cancelled expired booking ID=75, Customer=1, Released 0 seats
[2025-11-19 21:26:32] ? Cancelled expired booking ID=76, Customer=1, Released 0 seats
[2025-11-19 21:26:32] ? Cancelled expired booking ID=77, Customer=1, Released 0 seats
[2025-11-19 21:26:32] ? Cancelled expired booking ID=78, Customer=1, Released 0 seats
[2025-11-19 21:26:32] ? Cancelled expired booking ID=79, Customer=1, Released 1 seats
[2025-11-19 21:26:32] ? Cancelled expired booking ID=80, Customer=1, Released 1 seats
[2025-11-19 21:26:32] ? Cancelled expired booking ID=81, Customer=1, Released 0 seats
[2025-11-19 21:26:32] ? Cancelled expired booking ID=82, Customer=1, Released 0 seats
[2025-11-19 21:26:32] ? Cancelled expired booking ID=83, Customer=1, Released 0 seats
[2025-11-19 21:26:32] ? Cancelled expired booking ID=84, Customer=1, Released 0 seats
[2025-11-19 21:26:32] ? Cancelled expired booking ID=85, Customer=1, Released 0 seats
[2025-11-19 21:26:32] ? Cancelled expired booking ID=86, Customer=1, Released 0 seats
[2025-11-19 21:26:32] ? Cancelled expired booking ID=87, Customer=1, Released 0 seats
[2025-11-19 21:26:32] ? Cancelled expired booking ID=88, Customer=1, Released 0 seats
[2025-11-19 21:26:32] ? Cancelled expired booking ID=89, Customer=1, Released 0 seats
[2025-11-19 21:26:32] ? Cancelled expired booking ID=90, Customer=1, Released 0 seats
[2025-11-19 21:26:32] ? Cancelled expired booking ID=92, Customer=2, Released 0 seats
[2025-11-19 21:26:32] ? Cancelled expired booking ID=95, Customer=1, Released 0 seats
[2025-11-19 21:26:32] ? Cancelled expired booking ID=96, Customer=1, Released 0 seats
[2025-11-19 21:26:32] ? Cancelled expired booking ID=97, Customer=1, Released 0 seats
[2025-11-19 21:26:32] ? Cancelled expired booking ID=98, Customer=1, Released 0 seats
[2025-11-19 21:26:32] ? Cancelled expired booking ID=99, Customer=1, Released 0 seats
[2025-11-19 21:26:32] ? Cancelled expired booking ID=100, Customer=1, Released 0 seats
[2025-11-19 21:26:32] ? Cancelled expired booking ID=102, Customer=1, Released 0 seats
[2025-11-19 21:27:32] ? Found 67 expired bookings to cancel
[2025-11-19 21:27:32] ? Cancelled expired booking ID=6, Customer=1, Released 0 seats
[2025-11-19 21:27:32] ? Cancelled expired booking ID=7, Customer=1, Released 0 seats
[2025-11-19 21:27:32] ? Cancelled expired booking ID=8, Customer=1, Released 0 seats
[2025-11-19 21:27:32] ? Cancelled expired booking ID=9, Customer=1, Released 0 seats
[2025-11-19 21:27:32] ? Cancelled expired booking ID=10, Customer=1, Released 1 seats
[2025-11-19 21:27:32] ? Cancelled expired booking ID=11, Customer=1, Released 0 seats
[2025-11-19 21:27:32] ? Cancelled expired booking ID=12, Customer=1, Released 2 seats
[2025-11-19 21:27:32] ? Cancelled expired booking ID=13, Customer=1, Released 1 seats
[2025-11-19 21:27:32] ? Cancelled expired booking ID=14, Customer=1, Released 2 seats
[2025-11-19 21:27:32] ? Cancelled expired booking ID=15, Customer=1, Released 0 seats
[2025-11-19 21:27:32] ? Cancelled expired booking ID=16, Customer=1, Released 0 seats
[2025-11-19 21:27:32] ? Cancelled expired booking ID=17, Customer=1, Released 0 seats
[2025-11-19 21:27:32] ? Cancelled expired booking ID=18, Customer=1, Released 0 seats
[2025-11-19 21:27:32] ? Cancelled expired booking ID=19, Customer=1, Released 1 seats
[2025-11-19 21:27:32] ? Cancelled expired booking ID=20, Customer=1, Released 0 seats
[2025-11-19 21:27:32] ? Cancelled expired booking ID=21, Customer=1, Released 0 seats
[2025-11-19 21:27:32] ? Cancelled expired booking ID=22, Customer=1, Released 0 seats
[2025-11-19 21:27:32] ? Cancelled expired booking ID=23, Customer=1, Released 0 seats
[2025-11-19 21:27:32] ? Cancelled expired booking ID=24, Customer=1, Released 0 seats
[2025-11-19 21:27:32] ? Cancelled expired booking ID=25, Customer=1, Released 0 seats
[2025-11-19 21:27:32] ? Cancelled expired booking ID=26, Customer=1, Released 2 seats
[2025-11-19 21:27:32] ? Cancelled expired booking ID=27, Customer=1, Released 0 seats
[2025-11-19 21:27:32] ? Cancelled expired booking ID=28, Customer=1, Released 0 seats
[2025-11-19 21:27:32] ? Cancelled expired booking ID=29, Customer=1, Released 0 seats
[2025-11-19 21:27:32] ? Cancelled expired booking ID=30, Customer=1, Released 0 seats
[2025-11-19 21:27:32] ? Cancelled expired booking ID=31, Customer=1, Released 1 seats
[2025-11-19 21:27:32] ? Cancelled expired booking ID=32, Customer=1, Released 2 seats
[2025-11-19 21:27:32] ? Cancelled expired booking ID=33, Customer=1, Released 2 seats
[2025-11-19 21:27:32] ? Cancelled expired booking ID=34, Customer=1, Released 2 seats
[2025-11-19 21:27:32] ? Cancelled expired booking ID=35, Customer=1, Released 0 seats
[2025-11-19 21:27:32] ? Cancelled expired booking ID=36, Customer=1, Released 2 seats
[2025-11-19 21:27:32] ? Cancelled expired booking ID=37, Customer=1, Released 1 seats
[2025-11-19 21:27:32] ? Cancelled expired booking ID=38, Customer=1, Released 0 seats
[2025-11-19 21:27:32] ? Cancelled expired booking ID=39, Customer=1, Released 2 seats
[2025-11-19 21:27:32] ? Cancelled expired booking ID=40, Customer=1, Released 0 seats
[2025-11-19 21:27:32] ? Cancelled expired booking ID=41, Customer=1, Released 1 seats
[2025-11-19 21:27:32] ? Cancelled expired booking ID=42, Customer=1, Released 0 seats
[2025-11-19 21:27:32] ? Cancelled expired booking ID=58, Customer=1, Released 0 seats
[2025-11-19 21:27:32] ? Cancelled expired booking ID=64, Customer=1, Released 2 seats
[2025-11-19 21:27:32] ? Cancelled expired booking ID=65, Customer=1, Released 2 seats
[2025-11-19 21:27:32] ? Cancelled expired booking ID=67, Customer=1, Released 2 seats
[2025-11-19 21:27:32] ? Cancelled expired booking ID=68, Customer=1, Released 1 seats
[2025-11-19 21:27:32] ? Cancelled expired booking ID=69, Customer=1, Released 0 seats
[2025-11-19 21:27:32] ? Cancelled expired booking ID=75, Customer=1, Released 0 seats
[2025-11-19 21:27:32] ? Cancelled expired booking ID=76, Customer=1, Released 0 seats
[2025-11-19 21:27:32] ? Cancelled expired booking ID=77, Customer=1, Released 0 seats
[2025-11-19 21:27:32] ? Cancelled expired booking ID=78, Customer=1, Released 0 seats
[2025-11-19 21:27:32] ? Cancelled expired booking ID=79, Customer=1, Released 1 seats
[2025-11-19 21:27:32] ? Cancelled expired booking ID=80, Customer=1, Released 1 seats
[2025-11-19 21:27:32] ? Cancelled expired booking ID=81, Customer=1, Released 0 seats
[2025-11-19 21:27:32] ? Cancelled expired booking ID=82, Customer=1, Released 0 seats
[2025-11-19 21:27:32] ? Cancelled expired booking ID=83, Customer=1, Released 0 seats
[2025-11-19 21:27:32] ? Cancelled expired booking ID=84, Customer=1, Released 0 seats
[2025-11-19 21:27:32] ? Cancelled expired booking ID=85, Customer=1, Released 0 seats
[2025-11-19 21:27:32] ? Cancelled expired booking ID=86, Customer=1, Released 0 seats
[2025-11-19 21:27:32] ? Cancelled expired booking ID=87, Customer=1, Released 0 seats
[2025-11-19 21:27:32] ? Cancelled expired booking ID=88, Customer=1, Released 0 seats
[2025-11-19 21:27:32] ? Cancelled expired booking ID=89, Customer=1, Released 0 seats
[2025-11-19 21:27:32] ? Cancelled expired booking ID=90, Customer=1, Released 0 seats
[2025-11-19 21:27:32] ? Cancelled expired booking ID=92, Customer=2, Released 0 seats
[2025-11-19 21:27:32] ? Cancelled expired booking ID=95, Customer=1, Released 0 seats
[2025-11-19 21:27:32] ? Cancelled expired booking ID=96, Customer=1, Released 0 seats
[2025-11-19 21:27:32] ? Cancelled expired booking ID=97, Customer=1, Released 0 seats
[2025-11-19 21:27:32] ? Cancelled expired booking ID=98, Customer=1, Released 0 seats
[2025-11-19 21:27:32] ? Cancelled expired booking ID=99, Customer=1, Released 0 seats
[2025-11-19 21:27:32] ? Cancelled expired booking ID=100, Customer=1, Released 0 seats
[2025-11-19 21:27:32] ? Cancelled expired booking ID=102, Customer=1, Released 0 seats
[2025-11-19 21:28:32] ? Found 67 expired bookings to cancel
[2025-11-19 21:28:32] ? Cancelled expired booking ID=6, Customer=1, Released 0 seats
[2025-11-19 21:28:32] ? Cancelled expired booking ID=7, Customer=1, Released 0 seats
[2025-11-19 21:28:32] ? Cancelled expired booking ID=8, Customer=1, Released 0 seats
[2025-11-19 21:28:32] ? Cancelled expired booking ID=9, Customer=1, Released 0 seats
[2025-11-19 21:28:32] ? Cancelled expired booking ID=10, Customer=1, Released 1 seats
[2025-11-19 21:28:32] ? Cancelled expired booking ID=11, Customer=1, Released 0 seats
[2025-11-19 21:28:32] ? Cancelled expired booking ID=12, Customer=1, Released 2 seats
[2025-11-19 21:28:32] ? Cancelled expired booking ID=13, Customer=1, Released 1 seats
[2025-11-19 21:28:32] ? Cancelled expired booking ID=14, Customer=1, Released 2 seats
[2025-11-19 21:28:32] ? Cancelled expired booking ID=15, Customer=1, Released 0 seats
[2025-11-19 21:28:32] ? Cancelled expired booking ID=16, Customer=1, Released 0 seats
[2025-11-19 21:28:32] ? Cancelled expired booking ID=17, Customer=1, Released 0 seats
[2025-11-19 21:28:32] ? Cancelled expired booking ID=18, Customer=1, Released 0 seats
[2025-11-19 21:28:32] ? Cancelled expired booking ID=19, Customer=1, Released 1 seats
[2025-11-19 21:28:32] ? Cancelled expired booking ID=20, Customer=1, Released 0 seats
[2025-11-19 21:28:32] ? Cancelled expired booking ID=21, Customer=1, Released 0 seats
[2025-11-19 21:28:32] ? Cancelled expired booking ID=22, Customer=1, Released 0 seats
[2025-11-19 21:28:32] ? Cancelled expired booking ID=23, Customer=1, Released 0 seats
[2025-11-19 21:28:32] ? Cancelled expired booking ID=24, Customer=1, Released 0 seats
[2025-11-19 21:28:32] ? Cancelled expired booking ID=25, Customer=1, Released 0 seats
[2025-11-19 21:28:32] ? Cancelled expired booking ID=26, Customer=1, Released 2 seats
[2025-11-19 21:28:32] ? Cancelled expired booking ID=27, Customer=1, Released 0 seats
[2025-11-19 21:28:32] ? Cancelled expired booking ID=28, Customer=1, Released 0 seats
[2025-11-19 21:28:32] ? Cancelled expired booking ID=29, Customer=1, Released 0 seats
[2025-11-19 21:28:32] ? Cancelled expired booking ID=30, Customer=1, Released 0 seats
[2025-11-19 21:28:32] ? Cancelled expired booking ID=31, Customer=1, Released 1 seats
[2025-11-19 21:28:32] ? Cancelled expired booking ID=32, Customer=1, Released 2 seats
[2025-11-19 21:28:32] ? Cancelled expired booking ID=33, Customer=1, Released 2 seats
[2025-11-19 21:28:32] ? Cancelled expired booking ID=34, Customer=1, Released 2 seats
[2025-11-19 21:28:32] ? Cancelled expired booking ID=35, Customer=1, Released 0 seats
[2025-11-19 21:28:32] ? Cancelled expired booking ID=36, Customer=1, Released 2 seats
[2025-11-19 21:28:32] ? Cancelled expired booking ID=37, Customer=1, Released 1 seats
[2025-11-19 21:28:32] ? Cancelled expired booking ID=38, Customer=1, Released 0 seats
[2025-11-19 21:28:32] ? Cancelled expired booking ID=39, Customer=1, Released 2 seats
[2025-11-19 21:28:32] ? Cancelled expired booking ID=40, Customer=1, Released 0 seats
[2025-11-19 21:28:32] ? Cancelled expired booking ID=41, Customer=1, Released 1 seats
[2025-11-19 21:28:32] ? Cancelled expired booking ID=42, Customer=1, Released 0 seats
[2025-11-19 21:28:32] ? Cancelled expired booking ID=58, Customer=1, Released 0 seats
[2025-11-19 21:28:32] ? Cancelled expired booking ID=64, Customer=1, Released 2 seats
[2025-11-19 21:28:32] ? Cancelled expired booking ID=65, Customer=1, Released 2 seats
[2025-11-19 21:28:32] ? Cancelled expired booking ID=67, Customer=1, Released 2 seats
[2025-11-19 21:28:32] ? Cancelled expired booking ID=68, Customer=1, Released 1 seats
[2025-11-19 21:28:32] ? Cancelled expired booking ID=69, Customer=1, Released 0 seats
[2025-11-19 21:28:32] ? Cancelled expired booking ID=75, Customer=1, Released 0 seats
[2025-11-19 21:28:32] ? Cancelled expired booking ID=76, Customer=1, Released 0 seats
[2025-11-19 21:28:32] ? Cancelled expired booking ID=77, Customer=1, Released 0 seats
[2025-11-19 21:28:32] ? Cancelled expired booking ID=78, Customer=1, Released 0 seats
[2025-11-19 21:28:32] ? Cancelled expired booking ID=79, Customer=1, Released 1 seats
[2025-11-19 21:28:32] ? Cancelled expired booking ID=80, Customer=1, Released 1 seats
[2025-11-19 21:28:32] ? Cancelled expired booking ID=81, Customer=1, Released 0 seats
[2025-11-19 21:28:32] ? Cancelled expired booking ID=82, Customer=1, Released 0 seats
[2025-11-19 21:28:32] ? Cancelled expired booking ID=83, Customer=1, Released 0 seats
[2025-11-19 21:28:32] ? Cancelled expired booking ID=84, Customer=1, Released 0 seats
[2025-11-19 21:28:32] ? Cancelled expired booking ID=85, Customer=1, Released 0 seats
[2025-11-19 21:28:32] ? Cancelled expired booking ID=86, Customer=1, Released 0 seats
[2025-11-19 21:28:32] ? Cancelled expired booking ID=87, Customer=1, Released 0 seats
[2025-11-19 21:28:32] ? Cancelled expired booking ID=88, Customer=1, Released 0 seats
[2025-11-19 21:28:32] ? Cancelled expired booking ID=89, Customer=1, Released 0 seats
[2025-11-19 21:28:32] ? Cancelled expired booking ID=90, Customer=1, Released 0 seats
[2025-11-19 21:28:32] ? Cancelled expired booking ID=92, Customer=2, Released 0 seats
[2025-11-19 21:28:32] ? Cancelled expired booking ID=95, Customer=1, Released 0 seats
[2025-11-19 21:28:32] ? Cancelled expired booking ID=96, Customer=1, Released 0 seats
[2025-11-19 21:28:32] ? Cancelled expired booking ID=97, Customer=1, Released 0 seats
[2025-11-19 21:28:32] ? Cancelled expired booking ID=98, Customer=1, Released 0 seats
[2025-11-19 21:28:32] ? Cancelled expired booking ID=99, Customer=1, Released 0 seats
[2025-11-19 21:28:32] ? Cancelled expired booking ID=100, Customer=1, Released 0 seats
[2025-11-19 21:28:32] ? Cancelled expired booking ID=102, Customer=1, Released 0 seats
[2025-11-19 21:29:32] ? Found 67 expired bookings to cancel
[2025-11-19 21:29:32] ? Cancelled expired booking ID=6, Customer=1, Released 0 seats
[2025-11-19 21:29:32] ? Cancelled expired booking ID=7, Customer=1, Released 0 seats
[2025-11-19 21:29:32] ? Cancelled expired booking ID=8, Customer=1, Released 0 seats
[2025-11-19 21:29:32] ? Cancelled expired booking ID=9, Customer=1, Released 0 seats
[2025-11-19 21:29:32] ? Cancelled expired booking ID=10, Customer=1, Released 1 seats
[2025-11-19 21:29:32] ? Cancelled expired booking ID=11, Customer=1, Released 0 seats
[2025-11-19 21:29:32] ? Cancelled expired booking ID=12, Customer=1, Released 2 seats
[2025-11-19 21:29:32] ? Cancelled expired booking ID=13, Customer=1, Released 1 seats
[2025-11-19 21:29:32] ? Cancelled expired booking ID=14, Customer=1, Released 2 seats
[2025-11-19 21:29:32] ? Cancelled expired booking ID=15, Customer=1, Released 0 seats
[2025-11-19 21:29:32] ? Cancelled expired booking ID=16, Customer=1, Released 0 seats
[2025-11-19 21:29:32] ? Cancelled expired booking ID=17, Customer=1, Released 0 seats
[2025-11-19 21:29:32] ? Cancelled expired booking ID=18, Customer=1, Released 0 seats
[2025-11-19 21:29:32] ? Cancelled expired booking ID=19, Customer=1, Released 1 seats
[2025-11-19 21:29:32] ? Cancelled expired booking ID=20, Customer=1, Released 0 seats
[2025-11-19 21:29:32] ? Cancelled expired booking ID=21, Customer=1, Released 0 seats
[2025-11-19 21:29:32] ? Cancelled expired booking ID=22, Customer=1, Released 0 seats
[2025-11-19 21:29:32] ? Cancelled expired booking ID=23, Customer=1, Released 0 seats
[2025-11-19 21:29:32] ? Cancelled expired booking ID=24, Customer=1, Released 0 seats
[2025-11-19 21:29:32] ? Cancelled expired booking ID=25, Customer=1, Released 0 seats
[2025-11-19 21:29:32] ? Cancelled expired booking ID=26, Customer=1, Released 2 seats
[2025-11-19 21:29:32] ? Cancelled expired booking ID=27, Customer=1, Released 0 seats
[2025-11-19 21:29:32] ? Cancelled expired booking ID=28, Customer=1, Released 0 seats
[2025-11-19 21:29:32] ? Cancelled expired booking ID=29, Customer=1, Released 0 seats
[2025-11-19 21:29:32] ? Cancelled expired booking ID=30, Customer=1, Released 0 seats
[2025-11-19 21:29:32] ? Cancelled expired booking ID=31, Customer=1, Released 1 seats
[2025-11-19 21:29:32] ? Cancelled expired booking ID=32, Customer=1, Released 2 seats
[2025-11-19 21:29:32] ? Cancelled expired booking ID=33, Customer=1, Released 2 seats
[2025-11-19 21:29:32] ? Cancelled expired booking ID=34, Customer=1, Released 2 seats
[2025-11-19 21:29:32] ? Cancelled expired booking ID=35, Customer=1, Released 0 seats
[2025-11-19 21:29:32] ? Cancelled expired booking ID=36, Customer=1, Released 2 seats
[2025-11-19 21:29:32] ? Cancelled expired booking ID=37, Customer=1, Released 1 seats
[2025-11-19 21:29:32] ? Cancelled expired booking ID=38, Customer=1, Released 0 seats
[2025-11-19 21:29:32] ? Cancelled expired booking ID=39, Customer=1, Released 2 seats
[2025-11-19 21:29:32] ? Cancelled expired booking ID=40, Customer=1, Released 0 seats
[2025-11-19 21:29:32] ? Cancelled expired booking ID=41, Customer=1, Released 1 seats
[2025-11-19 21:29:32] ? Cancelled expired booking ID=42, Customer=1, Released 0 seats
[2025-11-19 21:29:32] ? Cancelled expired booking ID=58, Customer=1, Released 0 seats
[2025-11-19 21:29:32] ? Cancelled expired booking ID=64, Customer=1, Released 2 seats
[2025-11-19 21:29:32] ? Cancelled expired booking ID=65, Customer=1, Released 2 seats
[2025-11-19 21:29:32] ? Cancelled expired booking ID=67, Customer=1, Released 2 seats
[2025-11-19 21:29:32] ? Cancelled expired booking ID=68, Customer=1, Released 1 seats
[2025-11-19 21:29:32] ? Cancelled expired booking ID=69, Customer=1, Released 0 seats
[2025-11-19 21:29:32] ? Cancelled expired booking ID=75, Customer=1, Released 0 seats
[2025-11-19 21:29:32] ? Cancelled expired booking ID=76, Customer=1, Released 0 seats
[2025-11-19 21:29:32] ? Cancelled expired booking ID=77, Customer=1, Released 0 seats
[2025-11-19 21:29:32] ? Cancelled expired booking ID=78, Customer=1, Released 0 seats
[2025-11-19 21:29:32] ? Cancelled expired booking ID=79, Customer=1, Released 1 seats
[2025-11-19 21:29:32] ? Cancelled expired booking ID=80, Customer=1, Released 1 seats
[2025-11-19 21:29:32] ? Cancelled expired booking ID=81, Customer=1, Released 0 seats
[2025-11-19 21:29:32] ? Cancelled expired booking ID=82, Customer=1, Released 0 seats
[2025-11-19 21:29:32] ? Cancelled expired booking ID=83, Customer=1, Released 0 seats
[2025-11-19 21:29:32] ? Cancelled expired booking ID=84, Customer=1, Released 0 seats
[2025-11-19 21:29:32] ? Cancelled expired booking ID=85, Customer=1, Released 0 seats
[2025-11-19 21:29:32] ? Cancelled expired booking ID=86, Customer=1, Released 0 seats
[2025-11-19 21:29:32] ? Cancelled expired booking ID=87, Customer=1, Released 0 seats
[2025-11-19 21:29:32] ? Cancelled expired booking ID=88, Customer=1, Released 0 seats
[2025-11-19 21:29:32] ? Cancelled expired booking ID=89, Customer=1, Released 0 seats
[2025-11-19 21:29:32] ? Cancelled expired booking ID=90, Customer=1, Released 0 seats
[2025-11-19 21:29:32] ? Cancelled expired booking ID=92, Customer=2, Released 0 seats
[2025-11-19 21:29:32] ? Cancelled expired booking ID=95, Customer=1, Released 0 seats
[2025-11-19 21:29:32] ? Cancelled expired booking ID=96, Customer=1, Released 0 seats
[2025-11-19 21:29:32] ? Cancelled expired booking ID=97, Customer=1, Released 0 seats
[2025-11-19 21:29:32] ? Cancelled expired booking ID=98, Customer=1, Released 0 seats
[2025-11-19 21:29:32] ? Cancelled expired booking ID=99, Customer=1, Released 0 seats
[2025-11-19 21:29:32] ? Cancelled expired booking ID=100, Customer=1, Released 0 seats
[2025-11-19 21:29:32] ? Cancelled expired booking ID=102, Customer=1, Released 0 seats
