[2025-11-13 19:30:30] ? BookingExpirationService started
[2025-11-13 19:31:30] ? Found 38 expired bookings to cancel
[2025-11-13 19:31:30] ? Cancelled expired booking ID=6, Customer=1, Released 0 seats
[2025-11-13 19:31:30] ? Cancelled expired booking ID=7, Customer=1, Released 0 seats
[2025-11-13 19:31:30] ? Cancelled expired booking ID=8, Customer=1, Released 0 seats
[2025-11-13 19:31:30] ? Cancelled expired booking ID=9, Customer=1, Released 0 seats
[2025-11-13 19:31:30] ? Cancelled expired booking ID=10, Customer=1, Released 1 seats
[2025-11-13 19:31:30] ? Cancelled expired booking ID=11, Customer=1, Released 0 seats
[2025-11-13 19:31:30] ? Cancelled expired booking ID=12, Customer=1, Released 2 seats
[2025-11-13 19:31:30] ? Cancelled expired booking ID=13, Customer=1, Released 1 seats
[2025-11-13 19:31:30] ? Cancelled expired booking ID=14, Customer=1, Released 2 seats
[2025-11-13 19:31:30] ? Cancelled expired booking ID=15, Customer=1, Released 0 seats
[2025-11-13 19:31:30] ? Cancelled expired booking ID=16, Customer=1, Released 0 seats
[2025-11-13 19:31:30] ? Cancelled expired booking ID=17, Customer=1, Released 0 seats
[2025-11-13 19:31:30] ? Cancelled expired booking ID=18, Customer=1, Released 0 seats
[2025-11-13 19:31:30] ? Cancelled expired booking ID=19, Customer=1, Released 1 seats
[2025-11-13 19:31:30] ? Cancelled expired booking ID=20, Customer=1, Released 0 seats
[2025-11-13 19:31:30] ? Cancelled expired booking ID=21, Customer=1, Released 0 seats
[2025-11-13 19:31:30] ? Cancelled expired booking ID=22, Customer=1, Released 0 seats
[2025-11-13 19:31:30] ? Cancelled expired booking ID=23, Customer=1, Released 0 seats
[2025-11-13 19:31:30] ? Cancelled expired booking ID=24, Customer=1, Released 0 seats
[2025-11-13 19:31:30] ? Cancelled expired booking ID=25, Customer=1, Released 0 seats
[2025-11-13 19:31:30] ? Cancelled expired booking ID=26, Customer=1, Released 2 seats
[2025-11-13 19:31:30] ? Cancelled expired booking ID=27, Customer=1, Released 0 seats
[2025-11-13 19:31:30] ? Cancelled expired booking ID=28, Customer=1, Released 0 seats
[2025-11-13 19:31:30] ? Cancelled expired booking ID=29, Customer=1, Released 0 seats
[2025-11-13 19:31:30] ? Cancelled expired booking ID=30, Customer=1, Released 0 seats
[2025-11-13 19:31:30] ? Cancelled expired booking ID=31, Customer=1, Released 1 seats
[2025-11-13 19:31:30] ? Cancelled expired booking ID=32, Customer=1, Released 2 seats
[2025-11-13 19:31:30] ? Cancelled expired booking ID=33, Customer=1, Released 2 seats
[2025-11-13 19:31:30] ? Cancelled expired booking ID=34, Customer=1, Released 2 seats
[2025-11-13 19:31:30] ? Cancelled expired booking ID=35, Customer=1, Released 0 seats
[2025-11-13 19:31:30] ? Cancelled expired booking ID=36, Customer=1, Released 2 seats
[2025-11-13 19:31:30] ? Cancelled expired booking ID=37, Customer=1, Released 1 seats
[2025-11-13 19:31:30] ? Cancelled expired booking ID=38, Customer=1, Released 0 seats
[2025-11-13 19:31:30] ? Cancelled expired booking ID=39, Customer=1, Released 2 seats
[2025-11-13 19:31:30] ? Cancelled expired booking ID=40, Customer=1, Released 2 seats
[2025-11-13 19:31:30] ? Cancelled expired booking ID=41, Customer=1, Released 1 seats
[2025-11-13 19:31:30] ? Cancelled expired booking ID=42, Customer=1, Released 2 seats
[2025-11-13 19:31:30] ? Cancelled expired booking ID=58, Customer=1, Released 0 seats
[2025-11-13 19:32:30] ? Found 38 expired bookings to cancel
[2025-11-13 19:32:30] ? Cancelled expired booking ID=6, Customer=1, Released 0 seats
[2025-11-13 19:32:30] ? Cancelled expired booking ID=7, Customer=1, Released 0 seats
[2025-11-13 19:32:30] ? Cancelled expired booking ID=8, Customer=1, Released 0 seats
[2025-11-13 19:32:30] ? Cancelled expired booking ID=9, Customer=1, Released 0 seats
[2025-11-13 19:32:30] ? Cancelled expired booking ID=10, Customer=1, Released 1 seats
[2025-11-13 19:32:30] ? Cancelled expired booking ID=11, Customer=1, Released 0 seats
[2025-11-13 19:32:30] ? Cancelled expired booking ID=12, Customer=1, Released 2 seats
[2025-11-13 19:32:30] ? Cancelled expired booking ID=13, Customer=1, Released 1 seats
[2025-11-13 19:32:30] ? Cancelled expired booking ID=14, Customer=1, Released 2 seats
[2025-11-13 19:32:30] ? Cancelled expired booking ID=15, Customer=1, Released 0 seats
[2025-11-13 19:32:30] ? Cancelled expired booking ID=16, Customer=1, Released 0 seats
[2025-11-13 19:32:30] ? Cancelled expired booking ID=17, Customer=1, Released 0 seats
[2025-11-13 19:32:30] ? Cancelled expired booking ID=18, Customer=1, Released 0 seats
[2025-11-13 19:32:30] ? Cancelled expired booking ID=19, Customer=1, Released 1 seats
[2025-11-13 19:32:30] ? Cancelled expired booking ID=20, Customer=1, Released 0 seats
[2025-11-13 19:32:30] ? Cancelled expired booking ID=21, Customer=1, Released 0 seats
[2025-11-13 19:32:30] ? Cancelled expired booking ID=22, Customer=1, Released 0 seats
[2025-11-13 19:32:30] ? Cancelled expired booking ID=23, Customer=1, Released 0 seats
[2025-11-13 19:32:30] ? Cancelled expired booking ID=24, Customer=1, Released 0 seats
[2025-11-13 19:32:30] ? Cancelled expired booking ID=25, Customer=1, Released 0 seats
[2025-11-13 19:32:30] ? Cancelled expired booking ID=26, Customer=1, Released 2 seats
[2025-11-13 19:32:30] ? Cancelled expired booking ID=27, Customer=1, Released 0 seats
[2025-11-13 19:32:30] ? Cancelled expired booking ID=28, Customer=1, Released 0 seats
[2025-11-13 19:32:30] ? Cancelled expired booking ID=29, Customer=1, Released 0 seats
[2025-11-13 19:32:30] ? Cancelled expired booking ID=30, Customer=1, Released 0 seats
[2025-11-13 19:32:30] ? Cancelled expired booking ID=31, Customer=1, Released 1 seats
[2025-11-13 19:32:30] ? Cancelled expired booking ID=32, Customer=1, Released 2 seats
[2025-11-13 19:32:30] ? Cancelled expired booking ID=33, Customer=1, Released 2 seats
[2025-11-13 19:32:30] ? Cancelled expired booking ID=34, Customer=1, Released 2 seats
[2025-11-13 19:32:30] ? Cancelled expired booking ID=35, Customer=1, Released 0 seats
[2025-11-13 19:32:30] ? Cancelled expired booking ID=36, Customer=1, Released 2 seats
[2025-11-13 19:32:30] ? Cancelled expired booking ID=37, Customer=1, Released 1 seats
[2025-11-13 19:32:30] ? Cancelled expired booking ID=38, Customer=1, Released 0 seats
[2025-11-13 19:32:30] ? Cancelled expired booking ID=39, Customer=1, Released 2 seats
[2025-11-13 19:32:30] ? Cancelled expired booking ID=40, Customer=1, Released 2 seats
[2025-11-13 19:32:30] ? Cancelled expired booking ID=41, Customer=1, Released 1 seats
[2025-11-13 19:32:30] ? Cancelled expired booking ID=42, Customer=1, Released 2 seats
[2025-11-13 19:32:30] ? Cancelled expired booking ID=58, Customer=1, Released 0 seats
[2025-11-13 19:33:30] ? Found 38 expired bookings to cancel
[2025-11-13 19:33:30] ? Cancelled expired booking ID=6, Customer=1, Released 0 seats
[2025-11-13 19:33:30] ? Cancelled expired booking ID=7, Customer=1, Released 0 seats
[2025-11-13 19:33:30] ? Cancelled expired booking ID=8, Customer=1, Released 0 seats
[2025-11-13 19:33:30] ? Cancelled expired booking ID=9, Customer=1, Released 0 seats
[2025-11-13 19:33:30] ? Cancelled expired booking ID=10, Customer=1, Released 1 seats
[2025-11-13 19:33:30] ? Cancelled expired booking ID=11, Customer=1, Released 0 seats
[2025-11-13 19:33:30] ? Cancelled expired booking ID=12, Customer=1, Released 2 seats
[2025-11-13 19:33:30] ? Cancelled expired booking ID=13, Customer=1, Released 1 seats
[2025-11-13 19:33:30] ? Cancelled expired booking ID=14, Customer=1, Released 2 seats
[2025-11-13 19:33:30] ? Cancelled expired booking ID=15, Customer=1, Released 0 seats
[2025-11-13 19:33:30] ? Cancelled expired booking ID=16, Customer=1, Released 0 seats
[2025-11-13 19:33:30] ? Cancelled expired booking ID=17, Customer=1, Released 0 seats
[2025-11-13 19:33:30] ? Cancelled expired booking ID=18, Customer=1, Released 0 seats
[2025-11-13 19:33:30] ? Cancelled expired booking ID=19, Customer=1, Released 1 seats
[2025-11-13 19:33:30] ? Cancelled expired booking ID=20, Customer=1, Released 0 seats
[2025-11-13 19:33:30] ? Cancelled expired booking ID=21, Customer=1, Released 0 seats
[2025-11-13 19:33:30] ? Cancelled expired booking ID=22, Customer=1, Released 0 seats
[2025-11-13 19:33:30] ? Cancelled expired booking ID=23, Customer=1, Released 0 seats
[2025-11-13 19:33:30] ? Cancelled expired booking ID=24, Customer=1, Released 0 seats
[2025-11-13 19:33:30] ? Cancelled expired booking ID=25, Customer=1, Released 0 seats
[2025-11-13 19:33:30] ? Cancelled expired booking ID=26, Customer=1, Released 2 seats
[2025-11-13 19:33:30] ? Cancelled expired booking ID=27, Customer=1, Released 0 seats
[2025-11-13 19:33:30] ? Cancelled expired booking ID=28, Customer=1, Released 0 seats
[2025-11-13 19:33:30] ? Cancelled expired booking ID=29, Customer=1, Released 0 seats
[2025-11-13 19:33:30] ? Cancelled expired booking ID=30, Customer=1, Released 0 seats
[2025-11-13 19:33:30] ? Cancelled expired booking ID=31, Customer=1, Released 1 seats
[2025-11-13 19:33:30] ? Cancelled expired booking ID=32, Customer=1, Released 2 seats
[2025-11-13 19:33:30] ? Cancelled expired booking ID=33, Customer=1, Released 2 seats
[2025-11-13 19:33:30] ? Cancelled expired booking ID=34, Customer=1, Released 2 seats
[2025-11-13 19:33:30] ? Cancelled expired booking ID=35, Customer=1, Released 0 seats
[2025-11-13 19:33:30] ? Cancelled expired booking ID=36, Customer=1, Released 2 seats
[2025-11-13 19:33:30] ? Cancelled expired booking ID=37, Customer=1, Released 1 seats
[2025-11-13 19:33:30] ? Cancelled expired booking ID=38, Customer=1, Released 0 seats
[2025-11-13 19:33:30] ? Cancelled expired booking ID=39, Customer=1, Released 2 seats
[2025-11-13 19:33:30] ? Cancelled expired booking ID=40, Customer=1, Released 2 seats
[2025-11-13 19:33:30] ? Cancelled expired booking ID=41, Customer=1, Released 1 seats
[2025-11-13 19:33:30] ? Cancelled expired booking ID=42, Customer=1, Released 2 seats
[2025-11-13 19:33:30] ? Cancelled expired booking ID=58, Customer=1, Released 0 seats
[2025-11-13 19:33:32] SelectSeats (Fresh DB): showtime=14, paidBookings=16, bookedCount=4
[2025-11-13 19:33:32] Booked seat ids: 256,257,276,277
[2025-11-13 19:33:41] ✅ Tạo Dat_Ve mới: ID=62, Trạng thái=Chưa thanh toán
[2025-11-13 19:33:41] ✅ Cập nhật Dat_Ve: ID=62, Tổng tiền=235000,00, Vé=2, Đồ ăn=0
[2025-11-13 19:33:41] ✅ QR Code URL (new format) generated: https://img.vietqr.io/image/VCB-1031419192-compact2.png?amount=235000&addInfo=DatVe62
[2025-11-13 19:34:30] ? Found 38 expired bookings to cancel
[2025-11-13 19:34:30] ? Cancelled expired booking ID=6, Customer=1, Released 0 seats
[2025-11-13 19:34:30] ? Cancelled expired booking ID=7, Customer=1, Released 0 seats
[2025-11-13 19:34:30] ? Cancelled expired booking ID=8, Customer=1, Released 0 seats
[2025-11-13 19:34:30] ? Cancelled expired booking ID=9, Customer=1, Released 0 seats
[2025-11-13 19:34:30] ? Cancelled expired booking ID=10, Customer=1, Released 1 seats
[2025-11-13 19:34:30] ? Cancelled expired booking ID=11, Customer=1, Released 0 seats
[2025-11-13 19:34:30] ? Cancelled expired booking ID=12, Customer=1, Released 2 seats
[2025-11-13 19:34:30] ? Cancelled expired booking ID=13, Customer=1, Released 1 seats
[2025-11-13 19:34:30] ? Cancelled expired booking ID=14, Customer=1, Released 2 seats
[2025-11-13 19:34:30] ? Cancelled expired booking ID=15, Customer=1, Released 0 seats
[2025-11-13 19:34:30] ? Cancelled expired booking ID=16, Customer=1, Released 0 seats
[2025-11-13 19:34:30] ? Cancelled expired booking ID=17, Customer=1, Released 0 seats
[2025-11-13 19:34:30] ? Cancelled expired booking ID=18, Customer=1, Released 0 seats
[2025-11-13 19:34:30] ? Cancelled expired booking ID=19, Customer=1, Released 1 seats
[2025-11-13 19:34:30] ? Cancelled expired booking ID=20, Customer=1, Released 0 seats
[2025-11-13 19:34:30] ? Cancelled expired booking ID=21, Customer=1, Released 0 seats
[2025-11-13 19:34:30] ? Cancelled expired booking ID=22, Customer=1, Released 0 seats
[2025-11-13 19:34:30] ? Cancelled expired booking ID=23, Customer=1, Released 0 seats
[2025-11-13 19:34:30] ? Cancelled expired booking ID=24, Customer=1, Released 0 seats
[2025-11-13 19:34:30] ? Cancelled expired booking ID=25, Customer=1, Released 0 seats
[2025-11-13 19:34:30] ? Cancelled expired booking ID=26, Customer=1, Released 2 seats
[2025-11-13 19:34:30] ? Cancelled expired booking ID=27, Customer=1, Released 0 seats
[2025-11-13 19:34:30] ? Cancelled expired booking ID=28, Customer=1, Released 0 seats
[2025-11-13 19:34:30] ? Cancelled expired booking ID=29, Customer=1, Released 0 seats
[2025-11-13 19:34:30] ? Cancelled expired booking ID=30, Customer=1, Released 0 seats
[2025-11-13 19:34:30] ? Cancelled expired booking ID=31, Customer=1, Released 1 seats
[2025-11-13 19:34:30] ? Cancelled expired booking ID=32, Customer=1, Released 2 seats
[2025-11-13 19:34:30] ? Cancelled expired booking ID=33, Customer=1, Released 2 seats
[2025-11-13 19:34:30] ? Cancelled expired booking ID=34, Customer=1, Released 2 seats
[2025-11-13 19:34:30] ? Cancelled expired booking ID=35, Customer=1, Released 0 seats
[2025-11-13 19:34:30] ? Cancelled expired booking ID=36, Customer=1, Released 2 seats
[2025-11-13 19:34:30] ? Cancelled expired booking ID=37, Customer=1, Released 1 seats
[2025-11-13 19:34:30] ? Cancelled expired booking ID=38, Customer=1, Released 0 seats
[2025-11-13 19:34:30] ? Cancelled expired booking ID=39, Customer=1, Released 2 seats
[2025-11-13 19:34:30] ? Cancelled expired booking ID=40, Customer=1, Released 2 seats
[2025-11-13 19:34:30] ? Cancelled expired booking ID=41, Customer=1, Released 1 seats
[2025-11-13 19:34:30] ? Cancelled expired booking ID=42, Customer=1, Released 2 seats
[2025-11-13 19:34:30] ? Cancelled expired booking ID=58, Customer=1, Released 0 seats
[2025-11-13 19:35:30] ? Found 38 expired bookings to cancel
[2025-11-13 19:35:30] ? Cancelled expired booking ID=6, Customer=1, Released 0 seats
[2025-11-13 19:35:30] ? Cancelled expired booking ID=7, Customer=1, Released 0 seats
[2025-11-13 19:35:30] ? Cancelled expired booking ID=8, Customer=1, Released 0 seats
[2025-11-13 19:35:30] ? Cancelled expired booking ID=9, Customer=1, Released 0 seats
[2025-11-13 19:35:30] ? Cancelled expired booking ID=10, Customer=1, Released 1 seats
[2025-11-13 19:35:30] ? Cancelled expired booking ID=11, Customer=1, Released 0 seats
[2025-11-13 19:35:30] ? Cancelled expired booking ID=12, Customer=1, Released 2 seats
[2025-11-13 19:35:30] ? Cancelled expired booking ID=13, Customer=1, Released 1 seats
[2025-11-13 19:35:30] ? Cancelled expired booking ID=14, Customer=1, Released 2 seats
[2025-11-13 19:35:30] ? Cancelled expired booking ID=15, Customer=1, Released 0 seats
[2025-11-13 19:35:30] ? Cancelled expired booking ID=16, Customer=1, Released 0 seats
[2025-11-13 19:35:30] ? Cancelled expired booking ID=17, Customer=1, Released 0 seats
[2025-11-13 19:35:30] ? Cancelled expired booking ID=18, Customer=1, Released 0 seats
[2025-11-13 19:35:30] ? Cancelled expired booking ID=19, Customer=1, Released 1 seats
[2025-11-13 19:35:30] ? Cancelled expired booking ID=20, Customer=1, Released 0 seats
[2025-11-13 19:35:30] ? Cancelled expired booking ID=21, Customer=1, Released 0 seats
[2025-11-13 19:35:30] ? Cancelled expired booking ID=22, Customer=1, Released 0 seats
[2025-11-13 19:35:30] ? Cancelled expired booking ID=23, Customer=1, Released 0 seats
[2025-11-13 19:35:30] ? Cancelled expired booking ID=24, Customer=1, Released 0 seats
[2025-11-13 19:35:30] ? Cancelled expired booking ID=25, Customer=1, Released 0 seats
[2025-11-13 19:35:30] ? Cancelled expired booking ID=26, Customer=1, Released 2 seats
[2025-11-13 19:35:30] ? Cancelled expired booking ID=27, Customer=1, Released 0 seats
[2025-11-13 19:35:30] ? Cancelled expired booking ID=28, Customer=1, Released 0 seats
[2025-11-13 19:35:30] ? Cancelled expired booking ID=29, Customer=1, Released 0 seats
[2025-11-13 19:35:30] ? Cancelled expired booking ID=30, Customer=1, Released 0 seats
[2025-11-13 19:35:30] ? Cancelled expired booking ID=31, Customer=1, Released 1 seats
[2025-11-13 19:35:30] ? Cancelled expired booking ID=32, Customer=1, Released 2 seats
[2025-11-13 19:35:30] ? Cancelled expired booking ID=33, Customer=1, Released 2 seats
[2025-11-13 19:35:30] ? Cancelled expired booking ID=34, Customer=1, Released 2 seats
[2025-11-13 19:35:30] ? Cancelled expired booking ID=35, Customer=1, Released 0 seats
[2025-11-13 19:35:30] ? Cancelled expired booking ID=36, Customer=1, Released 2 seats
[2025-11-13 19:35:30] ? Cancelled expired booking ID=37, Customer=1, Released 1 seats
[2025-11-13 19:35:30] ? Cancelled expired booking ID=38, Customer=1, Released 0 seats
[2025-11-13 19:35:30] ? Cancelled expired booking ID=39, Customer=1, Released 2 seats
[2025-11-13 19:35:30] ? Cancelled expired booking ID=40, Customer=1, Released 2 seats
[2025-11-13 19:35:30] ? Cancelled expired booking ID=41, Customer=1, Released 1 seats
[2025-11-13 19:35:30] ? Cancelled expired booking ID=42, Customer=1, Released 2 seats
[2025-11-13 19:35:30] ? Cancelled expired booking ID=58, Customer=1, Released 0 seats
[2025-11-13 19:36:30] ? Found 38 expired bookings to cancel
[2025-11-13 19:36:30] ? Cancelled expired booking ID=6, Customer=1, Released 0 seats
[2025-11-13 19:36:30] ? Cancelled expired booking ID=7, Customer=1, Released 0 seats
[2025-11-13 19:36:30] ? Cancelled expired booking ID=8, Customer=1, Released 0 seats
[2025-11-13 19:36:30] ? Cancelled expired booking ID=9, Customer=1, Released 0 seats
[2025-11-13 19:36:30] ? Cancelled expired booking ID=10, Customer=1, Released 1 seats
[2025-11-13 19:36:30] ? Cancelled expired booking ID=11, Customer=1, Released 0 seats
[2025-11-13 19:36:30] ? Cancelled expired booking ID=12, Customer=1, Released 2 seats
[2025-11-13 19:36:30] ? Cancelled expired booking ID=13, Customer=1, Released 1 seats
[2025-11-13 19:36:30] ? Cancelled expired booking ID=14, Customer=1, Released 2 seats
[2025-11-13 19:36:30] ? Cancelled expired booking ID=15, Customer=1, Released 0 seats
[2025-11-13 19:36:30] ? Cancelled expired booking ID=16, Customer=1, Released 0 seats
[2025-11-13 19:36:30] ? Cancelled expired booking ID=17, Customer=1, Released 0 seats
[2025-11-13 19:36:30] ? Cancelled expired booking ID=18, Customer=1, Released 0 seats
[2025-11-13 19:36:30] ? Cancelled expired booking ID=19, Customer=1, Released 1 seats
[2025-11-13 19:36:30] ? Cancelled expired booking ID=20, Customer=1, Released 0 seats
[2025-11-13 19:36:30] ? Cancelled expired booking ID=21, Customer=1, Released 0 seats
[2025-11-13 19:36:30] ? Cancelled expired booking ID=22, Customer=1, Released 0 seats
[2025-11-13 19:36:30] ? Cancelled expired booking ID=23, Customer=1, Released 0 seats
[2025-11-13 19:36:30] ? Cancelled expired booking ID=24, Customer=1, Released 0 seats
[2025-11-13 19:36:30] ? Cancelled expired booking ID=25, Customer=1, Released 0 seats
[2025-11-13 19:36:30] ? Cancelled expired booking ID=26, Customer=1, Released 2 seats
[2025-11-13 19:36:30] ? Cancelled expired booking ID=27, Customer=1, Released 0 seats
[2025-11-13 19:36:30] ? Cancelled expired booking ID=28, Customer=1, Released 0 seats
[2025-11-13 19:36:30] ? Cancelled expired booking ID=29, Customer=1, Released 0 seats
[2025-11-13 19:36:30] ? Cancelled expired booking ID=30, Customer=1, Released 0 seats
[2025-11-13 19:36:30] ? Cancelled expired booking ID=31, Customer=1, Released 1 seats
[2025-11-13 19:36:30] ? Cancelled expired booking ID=32, Customer=1, Released 2 seats
[2025-11-13 19:36:30] ? Cancelled expired booking ID=33, Customer=1, Released 2 seats
[2025-11-13 19:36:30] ? Cancelled expired booking ID=34, Customer=1, Released 2 seats
[2025-11-13 19:36:30] ? Cancelled expired booking ID=35, Customer=1, Released 0 seats
[2025-11-13 19:36:30] ? Cancelled expired booking ID=36, Customer=1, Released 2 seats
[2025-11-13 19:36:30] ? Cancelled expired booking ID=37, Customer=1, Released 1 seats
[2025-11-13 19:36:30] ? Cancelled expired booking ID=38, Customer=1, Released 0 seats
[2025-11-13 19:36:30] ? Cancelled expired booking ID=39, Customer=1, Released 2 seats
[2025-11-13 19:36:30] ? Cancelled expired booking ID=40, Customer=1, Released 2 seats
[2025-11-13 19:36:30] ? Cancelled expired booking ID=41, Customer=1, Released 1 seats
[2025-11-13 19:36:30] ? Cancelled expired booking ID=42, Customer=1, Released 2 seats
[2025-11-13 19:36:30] ? Cancelled expired booking ID=58, Customer=1, Released 0 seats
[2025-11-13 19:37:30] ? Found 38 expired bookings to cancel
[2025-11-13 19:37:30] ? Cancelled expired booking ID=6, Customer=1, Released 0 seats
[2025-11-13 19:37:30] ? Cancelled expired booking ID=7, Customer=1, Released 0 seats
[2025-11-13 19:37:30] ? Cancelled expired booking ID=8, Customer=1, Released 0 seats
[2025-11-13 19:37:30] ? Cancelled expired booking ID=9, Customer=1, Released 0 seats
[2025-11-13 19:37:30] ? Cancelled expired booking ID=10, Customer=1, Released 1 seats
[2025-11-13 19:37:30] ? Cancelled expired booking ID=11, Customer=1, Released 0 seats
[2025-11-13 19:37:30] ? Cancelled expired booking ID=12, Customer=1, Released 2 seats
[2025-11-13 19:37:30] ? Cancelled expired booking ID=13, Customer=1, Released 1 seats
[2025-11-13 19:37:30] ? Cancelled expired booking ID=14, Customer=1, Released 2 seats
[2025-11-13 19:37:30] ? Cancelled expired booking ID=15, Customer=1, Released 0 seats
[2025-11-13 19:37:30] ? Cancelled expired booking ID=16, Customer=1, Released 0 seats
[2025-11-13 19:37:30] ? Cancelled expired booking ID=17, Customer=1, Released 0 seats
[2025-11-13 19:37:30] ? Cancelled expired booking ID=18, Customer=1, Released 0 seats
[2025-11-13 19:37:30] ? Cancelled expired booking ID=19, Customer=1, Released 1 seats
[2025-11-13 19:37:30] ? Cancelled expired booking ID=20, Customer=1, Released 0 seats
[2025-11-13 19:37:30] ? Cancelled expired booking ID=21, Customer=1, Released 0 seats
[2025-11-13 19:37:30] ? Cancelled expired booking ID=22, Customer=1, Released 0 seats
[2025-11-13 19:37:30] ? Cancelled expired booking ID=23, Customer=1, Released 0 seats
[2025-11-13 19:37:30] ? Cancelled expired booking ID=24, Customer=1, Released 0 seats
[2025-11-13 19:37:30] ? Cancelled expired booking ID=25, Customer=1, Released 0 seats
[2025-11-13 19:37:30] ? Cancelled expired booking ID=26, Customer=1, Released 2 seats
[2025-11-13 19:37:30] ? Cancelled expired booking ID=27, Customer=1, Released 0 seats
[2025-11-13 19:37:30] ? Cancelled expired booking ID=28, Customer=1, Released 0 seats
[2025-11-13 19:37:30] ? Cancelled expired booking ID=29, Customer=1, Released 0 seats
[2025-11-13 19:37:30] ? Cancelled expired booking ID=30, Customer=1, Released 0 seats
[2025-11-13 19:37:30] ? Cancelled expired booking ID=31, Customer=1, Released 1 seats
[2025-11-13 19:37:30] ? Cancelled expired booking ID=32, Customer=1, Released 2 seats
[2025-11-13 19:37:30] ? Cancelled expired booking ID=33, Customer=1, Released 2 seats
[2025-11-13 19:37:30] ? Cancelled expired booking ID=34, Customer=1, Released 2 seats
[2025-11-13 19:37:30] ? Cancelled expired booking ID=35, Customer=1, Released 0 seats
[2025-11-13 19:37:30] ? Cancelled expired booking ID=36, Customer=1, Released 2 seats
[2025-11-13 19:37:30] ? Cancelled expired booking ID=37, Customer=1, Released 1 seats
[2025-11-13 19:37:30] ? Cancelled expired booking ID=38, Customer=1, Released 0 seats
[2025-11-13 19:37:30] ? Cancelled expired booking ID=39, Customer=1, Released 2 seats
[2025-11-13 19:37:30] ? Cancelled expired booking ID=40, Customer=1, Released 2 seats
[2025-11-13 19:37:30] ? Cancelled expired booking ID=41, Customer=1, Released 1 seats
[2025-11-13 19:37:30] ? Cancelled expired booking ID=42, Customer=1, Released 2 seats
[2025-11-13 19:37:30] ? Cancelled expired booking ID=58, Customer=1, Released 0 seats
[2025-11-13 19:38:30] ? Found 38 expired bookings to cancel
[2025-11-13 19:38:30] ? Cancelled expired booking ID=6, Customer=1, Released 0 seats
[2025-11-13 19:38:30] ? Cancelled expired booking ID=7, Customer=1, Released 0 seats
[2025-11-13 19:38:30] ? Cancelled expired booking ID=8, Customer=1, Released 0 seats
[2025-11-13 19:38:30] ? Cancelled expired booking ID=9, Customer=1, Released 0 seats
[2025-11-13 19:38:30] ? Cancelled expired booking ID=10, Customer=1, Released 1 seats
[2025-11-13 19:38:30] ? Cancelled expired booking ID=11, Customer=1, Released 0 seats
[2025-11-13 19:38:30] ? Cancelled expired booking ID=12, Customer=1, Released 2 seats
[2025-11-13 19:38:30] ? Cancelled expired booking ID=13, Customer=1, Released 1 seats
[2025-11-13 19:38:30] ? Cancelled expired booking ID=14, Customer=1, Released 2 seats
[2025-11-13 19:38:30] ? Cancelled expired booking ID=15, Customer=1, Released 0 seats
[2025-11-13 19:38:30] ? Cancelled expired booking ID=16, Customer=1, Released 0 seats
[2025-11-13 19:38:30] ? Cancelled expired booking ID=17, Customer=1, Released 0 seats
[2025-11-13 19:38:30] ? Cancelled expired booking ID=18, Customer=1, Released 0 seats
[2025-11-13 19:38:30] ? Cancelled expired booking ID=19, Customer=1, Released 1 seats
[2025-11-13 19:38:30] ? Cancelled expired booking ID=20, Customer=1, Released 0 seats
[2025-11-13 19:38:30] ? Cancelled expired booking ID=21, Customer=1, Released 0 seats
[2025-11-13 19:38:30] ? Cancelled expired booking ID=22, Customer=1, Released 0 seats
[2025-11-13 19:38:30] ? Cancelled expired booking ID=23, Customer=1, Released 0 seats
[2025-11-13 19:38:30] ? Cancelled expired booking ID=24, Customer=1, Released 0 seats
[2025-11-13 19:38:30] ? Cancelled expired booking ID=25, Customer=1, Released 0 seats
[2025-11-13 19:38:30] ? Cancelled expired booking ID=26, Customer=1, Released 2 seats
[2025-11-13 19:38:30] ? Cancelled expired booking ID=27, Customer=1, Released 0 seats
[2025-11-13 19:38:30] ? Cancelled expired booking ID=28, Customer=1, Released 0 seats
[2025-11-13 19:38:30] ? Cancelled expired booking ID=29, Customer=1, Released 0 seats
[2025-11-13 19:38:30] ? Cancelled expired booking ID=30, Customer=1, Released 0 seats
[2025-11-13 19:38:30] ? Cancelled expired booking ID=31, Customer=1, Released 1 seats
[2025-11-13 19:38:30] ? Cancelled expired booking ID=32, Customer=1, Released 2 seats
[2025-11-13 19:38:30] ? Cancelled expired booking ID=33, Customer=1, Released 2 seats
[2025-11-13 19:38:30] ? Cancelled expired booking ID=34, Customer=1, Released 2 seats
[2025-11-13 19:38:30] ? Cancelled expired booking ID=35, Customer=1, Released 0 seats
[2025-11-13 19:38:30] ? Cancelled expired booking ID=36, Customer=1, Released 2 seats
[2025-11-13 19:38:30] ? Cancelled expired booking ID=37, Customer=1, Released 1 seats
[2025-11-13 19:38:30] ? Cancelled expired booking ID=38, Customer=1, Released 0 seats
[2025-11-13 19:38:30] ? Cancelled expired booking ID=39, Customer=1, Released 2 seats
[2025-11-13 19:38:30] ? Cancelled expired booking ID=40, Customer=1, Released 2 seats
[2025-11-13 19:38:30] ? Cancelled expired booking ID=41, Customer=1, Released 1 seats
[2025-11-13 19:38:30] ? Cancelled expired booking ID=42, Customer=1, Released 2 seats
[2025-11-13 19:38:30] ? Cancelled expired booking ID=58, Customer=1, Released 0 seats
[2025-11-13 19:39:30] ? Found 38 expired bookings to cancel
[2025-11-13 19:39:30] ? Cancelled expired booking ID=6, Customer=1, Released 0 seats
[2025-11-13 19:39:30] ? Cancelled expired booking ID=7, Customer=1, Released 0 seats
[2025-11-13 19:39:30] ? Cancelled expired booking ID=8, Customer=1, Released 0 seats
[2025-11-13 19:39:30] ? Cancelled expired booking ID=9, Customer=1, Released 0 seats
[2025-11-13 19:39:30] ? Cancelled expired booking ID=10, Customer=1, Released 1 seats
[2025-11-13 19:39:30] ? Cancelled expired booking ID=11, Customer=1, Released 0 seats
[2025-11-13 19:39:30] ? Cancelled expired booking ID=12, Customer=1, Released 2 seats
[2025-11-13 19:39:30] ? Cancelled expired booking ID=13, Customer=1, Released 1 seats
[2025-11-13 19:39:30] ? Cancelled expired booking ID=14, Customer=1, Released 2 seats
[2025-11-13 19:39:30] ? Cancelled expired booking ID=15, Customer=1, Released 0 seats
[2025-11-13 19:39:30] ? Cancelled expired booking ID=16, Customer=1, Released 0 seats
[2025-11-13 19:39:30] ? Cancelled expired booking ID=17, Customer=1, Released 0 seats
[2025-11-13 19:39:30] ? Cancelled expired booking ID=18, Customer=1, Released 0 seats
[2025-11-13 19:39:30] ? Cancelled expired booking ID=19, Customer=1, Released 1 seats
[2025-11-13 19:39:30] ? Cancelled expired booking ID=20, Customer=1, Released 0 seats
[2025-11-13 19:39:30] ? Cancelled expired booking ID=21, Customer=1, Released 0 seats
[2025-11-13 19:39:30] ? Cancelled expired booking ID=22, Customer=1, Released 0 seats
[2025-11-13 19:39:30] ? Cancelled expired booking ID=23, Customer=1, Released 0 seats
[2025-11-13 19:39:30] ? Cancelled expired booking ID=24, Customer=1, Released 0 seats
[2025-11-13 19:39:30] ? Cancelled expired booking ID=25, Customer=1, Released 0 seats
[2025-11-13 19:39:30] ? Cancelled expired booking ID=26, Customer=1, Released 2 seats
[2025-11-13 19:39:30] ? Cancelled expired booking ID=27, Customer=1, Released 0 seats
[2025-11-13 19:39:30] ? Cancelled expired booking ID=28, Customer=1, Released 0 seats
[2025-11-13 19:39:30] ? Cancelled expired booking ID=29, Customer=1, Released 0 seats
[2025-11-13 19:39:30] ? Cancelled expired booking ID=30, Customer=1, Released 0 seats
[2025-11-13 19:39:30] ? Cancelled expired booking ID=31, Customer=1, Released 1 seats
[2025-11-13 19:39:30] ? Cancelled expired booking ID=32, Customer=1, Released 2 seats
[2025-11-13 19:39:30] ? Cancelled expired booking ID=33, Customer=1, Released 2 seats
[2025-11-13 19:39:30] ? Cancelled expired booking ID=34, Customer=1, Released 2 seats
[2025-11-13 19:39:30] ? Cancelled expired booking ID=35, Customer=1, Released 0 seats
[2025-11-13 19:39:30] ? Cancelled expired booking ID=36, Customer=1, Released 2 seats
[2025-11-13 19:39:30] ? Cancelled expired booking ID=37, Customer=1, Released 1 seats
[2025-11-13 19:39:30] ? Cancelled expired booking ID=38, Customer=1, Released 0 seats
[2025-11-13 19:39:30] ? Cancelled expired booking ID=39, Customer=1, Released 2 seats
[2025-11-13 19:39:30] ? Cancelled expired booking ID=40, Customer=1, Released 2 seats
[2025-11-13 19:39:30] ? Cancelled expired booking ID=41, Customer=1, Released 1 seats
[2025-11-13 19:39:30] ? Cancelled expired booking ID=42, Customer=1, Released 2 seats
[2025-11-13 19:39:30] ? Cancelled expired booking ID=58, Customer=1, Released 0 seats
[2025-11-13 19:40:06] ✅ QR Code URL (new format) generated: https://img.vietqr.io/image/VCB-1031419192-compact2.png?amount=235000&addInfo=DatVe62
[2025-11-13 19:40:20] ✅ Xác nhận QR Payment thành công: Booking ID 62
[2025-11-13 19:40:21] ✅ QR Code URL (new format) generated: https://img.vietqr.io/image/VCB-1031419192-compact2.png?amount=235000&addInfo=DatVe62
[2025-11-13 19:40:21] ✅ Hiển thị trang thanh toán thành công: Booking 62
[2025-11-13 19:40:30] ? Found 38 expired bookings to cancel
[2025-11-13 19:40:30] ? Cancelled expired booking ID=6, Customer=1, Released 0 seats
[2025-11-13 19:40:30] ? Cancelled expired booking ID=7, Customer=1, Released 0 seats
[2025-11-13 19:40:30] ? Cancelled expired booking ID=8, Customer=1, Released 0 seats
[2025-11-13 19:40:30] ? Cancelled expired booking ID=9, Customer=1, Released 0 seats
[2025-11-13 19:40:30] ? Cancelled expired booking ID=10, Customer=1, Released 1 seats
[2025-11-13 19:40:30] ? Cancelled expired booking ID=11, Customer=1, Released 0 seats
[2025-11-13 19:40:30] ? Cancelled expired booking ID=12, Customer=1, Released 2 seats
[2025-11-13 19:40:30] ? Cancelled expired booking ID=13, Customer=1, Released 1 seats
[2025-11-13 19:40:30] ? Cancelled expired booking ID=14, Customer=1, Released 2 seats
[2025-11-13 19:40:30] ? Cancelled expired booking ID=15, Customer=1, Released 0 seats
[2025-11-13 19:40:30] ? Cancelled expired booking ID=16, Customer=1, Released 0 seats
[2025-11-13 19:40:30] ? Cancelled expired booking ID=17, Customer=1, Released 0 seats
[2025-11-13 19:40:30] ? Cancelled expired booking ID=18, Customer=1, Released 0 seats
[2025-11-13 19:40:30] ? Cancelled expired booking ID=19, Customer=1, Released 1 seats
[2025-11-13 19:40:30] ? Cancelled expired booking ID=20, Customer=1, Released 0 seats
[2025-11-13 19:40:30] ? Cancelled expired booking ID=21, Customer=1, Released 0 seats
[2025-11-13 19:40:30] ? Cancelled expired booking ID=22, Customer=1, Released 0 seats
[2025-11-13 19:40:30] ? Cancelled expired booking ID=23, Customer=1, Released 0 seats
[2025-11-13 19:40:30] ? Cancelled expired booking ID=24, Customer=1, Released 0 seats
[2025-11-13 19:40:30] ? Cancelled expired booking ID=25, Customer=1, Released 0 seats
[2025-11-13 19:40:30] ? Cancelled expired booking ID=26, Customer=1, Released 2 seats
[2025-11-13 19:40:30] ? Cancelled expired booking ID=27, Customer=1, Released 0 seats
[2025-11-13 19:40:30] ? Cancelled expired booking ID=28, Customer=1, Released 0 seats
[2025-11-13 19:40:30] ? Cancelled expired booking ID=29, Customer=1, Released 0 seats
[2025-11-13 19:40:30] ? Cancelled expired booking ID=30, Customer=1, Released 0 seats
[2025-11-13 19:40:30] ? Cancelled expired booking ID=31, Customer=1, Released 1 seats
[2025-11-13 19:40:30] ? Cancelled expired booking ID=32, Customer=1, Released 2 seats
[2025-11-13 19:40:30] ? Cancelled expired booking ID=33, Customer=1, Released 2 seats
[2025-11-13 19:40:30] ? Cancelled expired booking ID=34, Customer=1, Released 2 seats
[2025-11-13 19:40:30] ? Cancelled expired booking ID=35, Customer=1, Released 0 seats
[2025-11-13 19:40:30] ? Cancelled expired booking ID=36, Customer=1, Released 2 seats
[2025-11-13 19:40:30] ? Cancelled expired booking ID=37, Customer=1, Released 1 seats
[2025-11-13 19:40:30] ? Cancelled expired booking ID=38, Customer=1, Released 0 seats
[2025-11-13 19:40:30] ? Cancelled expired booking ID=39, Customer=1, Released 2 seats
[2025-11-13 19:40:30] ? Cancelled expired booking ID=40, Customer=1, Released 2 seats
[2025-11-13 19:40:30] ? Cancelled expired booking ID=41, Customer=1, Released 1 seats
[2025-11-13 19:40:30] ? Cancelled expired booking ID=42, Customer=1, Released 2 seats
[2025-11-13 19:40:30] ? Cancelled expired booking ID=58, Customer=1, Released 0 seats
[2025-11-13 19:41:30] ? Found 38 expired bookings to cancel
[2025-11-13 19:41:30] ? Cancelled expired booking ID=6, Customer=1, Released 0 seats
[2025-11-13 19:41:30] ? Cancelled expired booking ID=7, Customer=1, Released 0 seats
[2025-11-13 19:41:30] ? Cancelled expired booking ID=8, Customer=1, Released 0 seats
[2025-11-13 19:41:30] ? Cancelled expired booking ID=9, Customer=1, Released 0 seats
[2025-11-13 19:41:30] ? Cancelled expired booking ID=10, Customer=1, Released 1 seats
[2025-11-13 19:41:30] ? Cancelled expired booking ID=11, Customer=1, Released 0 seats
[2025-11-13 19:41:30] ? Cancelled expired booking ID=12, Customer=1, Released 2 seats
[2025-11-13 19:41:30] ? Cancelled expired booking ID=13, Customer=1, Released 1 seats
[2025-11-13 19:41:30] ? Cancelled expired booking ID=14, Customer=1, Released 2 seats
[2025-11-13 19:41:30] ? Cancelled expired booking ID=15, Customer=1, Released 0 seats
[2025-11-13 19:41:30] ? Cancelled expired booking ID=16, Customer=1, Released 0 seats
[2025-11-13 19:41:30] ? Cancelled expired booking ID=17, Customer=1, Released 0 seats
[2025-11-13 19:41:30] ? Cancelled expired booking ID=18, Customer=1, Released 0 seats
[2025-11-13 19:41:30] ? Cancelled expired booking ID=19, Customer=1, Released 1 seats
[2025-11-13 19:41:30] ? Cancelled expired booking ID=20, Customer=1, Released 0 seats
[2025-11-13 19:41:30] ? Cancelled expired booking ID=21, Customer=1, Released 0 seats
[2025-11-13 19:41:30] ? Cancelled expired booking ID=22, Customer=1, Released 0 seats
[2025-11-13 19:41:30] ? Cancelled expired booking ID=23, Customer=1, Released 0 seats
[2025-11-13 19:41:30] ? Cancelled expired booking ID=24, Customer=1, Released 0 seats
[2025-11-13 19:41:30] ? Cancelled expired booking ID=25, Customer=1, Released 0 seats
[2025-11-13 19:41:30] ? Cancelled expired booking ID=26, Customer=1, Released 2 seats
[2025-11-13 19:41:30] ? Cancelled expired booking ID=27, Customer=1, Released 0 seats
[2025-11-13 19:41:30] ? Cancelled expired booking ID=28, Customer=1, Released 0 seats
[2025-11-13 19:41:30] ? Cancelled expired booking ID=29, Customer=1, Released 0 seats
[2025-11-13 19:41:30] ? Cancelled expired booking ID=30, Customer=1, Released 0 seats
[2025-11-13 19:41:30] ? Cancelled expired booking ID=31, Customer=1, Released 1 seats
[2025-11-13 19:41:30] ? Cancelled expired booking ID=32, Customer=1, Released 2 seats
[2025-11-13 19:41:30] ? Cancelled expired booking ID=33, Customer=1, Released 2 seats
[2025-11-13 19:41:30] ? Cancelled expired booking ID=34, Customer=1, Released 2 seats
[2025-11-13 19:41:30] ? Cancelled expired booking ID=35, Customer=1, Released 0 seats
[2025-11-13 19:41:30] ? Cancelled expired booking ID=36, Customer=1, Released 2 seats
[2025-11-13 19:41:30] ? Cancelled expired booking ID=37, Customer=1, Released 1 seats
[2025-11-13 19:41:30] ? Cancelled expired booking ID=38, Customer=1, Released 0 seats
[2025-11-13 19:41:30] ? Cancelled expired booking ID=39, Customer=1, Released 2 seats
[2025-11-13 19:41:30] ? Cancelled expired booking ID=40, Customer=1, Released 2 seats
[2025-11-13 19:41:30] ? Cancelled expired booking ID=41, Customer=1, Released 1 seats
[2025-11-13 19:41:30] ? Cancelled expired booking ID=42, Customer=1, Released 2 seats
[2025-11-13 19:41:30] ? Cancelled expired booking ID=58, Customer=1, Released 0 seats
[2025-11-13 19:42:30] ? Found 38 expired bookings to cancel
[2025-11-13 19:42:30] ? Cancelled expired booking ID=6, Customer=1, Released 0 seats
[2025-11-13 19:42:30] ? Cancelled expired booking ID=7, Customer=1, Released 0 seats
[2025-11-13 19:42:30] ? Cancelled expired booking ID=8, Customer=1, Released 0 seats
[2025-11-13 19:42:30] ? Cancelled expired booking ID=9, Customer=1, Released 0 seats
[2025-11-13 19:42:30] ? Cancelled expired booking ID=10, Customer=1, Released 1 seats
[2025-11-13 19:42:30] ? Cancelled expired booking ID=11, Customer=1, Released 0 seats
[2025-11-13 19:42:30] ? Cancelled expired booking ID=12, Customer=1, Released 2 seats
[2025-11-13 19:42:30] ? Cancelled expired booking ID=13, Customer=1, Released 1 seats
[2025-11-13 19:42:30] ? Cancelled expired booking ID=14, Customer=1, Released 2 seats
[2025-11-13 19:42:30] ? Cancelled expired booking ID=15, Customer=1, Released 0 seats
[2025-11-13 19:42:30] ? Cancelled expired booking ID=16, Customer=1, Released 0 seats
[2025-11-13 19:42:30] ? Cancelled expired booking ID=17, Customer=1, Released 0 seats
[2025-11-13 19:42:30] ? Cancelled expired booking ID=18, Customer=1, Released 0 seats
[2025-11-13 19:42:30] ? Cancelled expired booking ID=19, Customer=1, Released 1 seats
[2025-11-13 19:42:30] ? Cancelled expired booking ID=20, Customer=1, Released 0 seats
[2025-11-13 19:42:30] ? Cancelled expired booking ID=21, Customer=1, Released 0 seats
[2025-11-13 19:42:30] ? Cancelled expired booking ID=22, Customer=1, Released 0 seats
[2025-11-13 19:42:30] ? Cancelled expired booking ID=23, Customer=1, Released 0 seats
[2025-11-13 19:42:30] ? Cancelled expired booking ID=24, Customer=1, Released 0 seats
[2025-11-13 19:42:30] ? Cancelled expired booking ID=25, Customer=1, Released 0 seats
[2025-11-13 19:42:30] ? Cancelled expired booking ID=26, Customer=1, Released 2 seats
[2025-11-13 19:42:30] ? Cancelled expired booking ID=27, Customer=1, Released 0 seats
[2025-11-13 19:42:30] ? Cancelled expired booking ID=28, Customer=1, Released 0 seats
[2025-11-13 19:42:30] ? Cancelled expired booking ID=29, Customer=1, Released 0 seats
[2025-11-13 19:42:30] ? Cancelled expired booking ID=30, Customer=1, Released 0 seats
[2025-11-13 19:42:30] ? Cancelled expired booking ID=31, Customer=1, Released 1 seats
[2025-11-13 19:42:30] ? Cancelled expired booking ID=32, Customer=1, Released 2 seats
[2025-11-13 19:42:30] ? Cancelled expired booking ID=33, Customer=1, Released 2 seats
[2025-11-13 19:42:30] ? Cancelled expired booking ID=34, Customer=1, Released 2 seats
[2025-11-13 19:42:30] ? Cancelled expired booking ID=35, Customer=1, Released 0 seats
[2025-11-13 19:42:30] ? Cancelled expired booking ID=36, Customer=1, Released 2 seats
[2025-11-13 19:42:30] ? Cancelled expired booking ID=37, Customer=1, Released 1 seats
[2025-11-13 19:42:30] ? Cancelled expired booking ID=38, Customer=1, Released 0 seats
[2025-11-13 19:42:30] ? Cancelled expired booking ID=39, Customer=1, Released 2 seats
[2025-11-13 19:42:30] ? Cancelled expired booking ID=40, Customer=1, Released 2 seats
[2025-11-13 19:42:30] ? Cancelled expired booking ID=41, Customer=1, Released 1 seats
[2025-11-13 19:42:30] ? Cancelled expired booking ID=42, Customer=1, Released 2 seats
[2025-11-13 19:42:30] ? Cancelled expired booking ID=58, Customer=1, Released 0 seats
[2025-11-13 19:43:30] ? Found 38 expired bookings to cancel
[2025-11-13 19:43:30] ? Cancelled expired booking ID=6, Customer=1, Released 0 seats
[2025-11-13 19:43:30] ? Cancelled expired booking ID=7, Customer=1, Released 0 seats
[2025-11-13 19:43:30] ? Cancelled expired booking ID=8, Customer=1, Released 0 seats
[2025-11-13 19:43:30] ? Cancelled expired booking ID=9, Customer=1, Released 0 seats
[2025-11-13 19:43:30] ? Cancelled expired booking ID=10, Customer=1, Released 1 seats
[2025-11-13 19:43:30] ? Cancelled expired booking ID=11, Customer=1, Released 0 seats
[2025-11-13 19:43:30] ? Cancelled expired booking ID=12, Customer=1, Released 2 seats
[2025-11-13 19:43:30] ? Cancelled expired booking ID=13, Customer=1, Released 1 seats
[2025-11-13 19:43:30] ? Cancelled expired booking ID=14, Customer=1, Released 2 seats
[2025-11-13 19:43:30] ? Cancelled expired booking ID=15, Customer=1, Released 0 seats
[2025-11-13 19:43:30] ? Cancelled expired booking ID=16, Customer=1, Released 0 seats
[2025-11-13 19:43:30] ? Cancelled expired booking ID=17, Customer=1, Released 0 seats
[2025-11-13 19:43:30] ? Cancelled expired booking ID=18, Customer=1, Released 0 seats
[2025-11-13 19:43:30] ? Cancelled expired booking ID=19, Customer=1, Released 1 seats
[2025-11-13 19:43:30] ? Cancelled expired booking ID=20, Customer=1, Released 0 seats
[2025-11-13 19:43:30] ? Cancelled expired booking ID=21, Customer=1, Released 0 seats
[2025-11-13 19:43:30] ? Cancelled expired booking ID=22, Customer=1, Released 0 seats
[2025-11-13 19:43:30] ? Cancelled expired booking ID=23, Customer=1, Released 0 seats
[2025-11-13 19:43:30] ? Cancelled expired booking ID=24, Customer=1, Released 0 seats
[2025-11-13 19:43:30] ? Cancelled expired booking ID=25, Customer=1, Released 0 seats
[2025-11-13 19:43:30] ? Cancelled expired booking ID=26, Customer=1, Released 2 seats
[2025-11-13 19:43:30] ? Cancelled expired booking ID=27, Customer=1, Released 0 seats
[2025-11-13 19:43:30] ? Cancelled expired booking ID=28, Customer=1, Released 0 seats
[2025-11-13 19:43:30] ? Cancelled expired booking ID=29, Customer=1, Released 0 seats
[2025-11-13 19:43:30] ? Cancelled expired booking ID=30, Customer=1, Released 0 seats
[2025-11-13 19:43:30] ? Cancelled expired booking ID=31, Customer=1, Released 1 seats
[2025-11-13 19:43:30] ? Cancelled expired booking ID=32, Customer=1, Released 2 seats
[2025-11-13 19:43:30] ? Cancelled expired booking ID=33, Customer=1, Released 2 seats
[2025-11-13 19:43:30] ? Cancelled expired booking ID=34, Customer=1, Released 2 seats
[2025-11-13 19:43:30] ? Cancelled expired booking ID=35, Customer=1, Released 0 seats
[2025-11-13 19:43:30] ? Cancelled expired booking ID=36, Customer=1, Released 2 seats
[2025-11-13 19:43:30] ? Cancelled expired booking ID=37, Customer=1, Released 1 seats
[2025-11-13 19:43:30] ? Cancelled expired booking ID=38, Customer=1, Released 0 seats
[2025-11-13 19:43:30] ? Cancelled expired booking ID=39, Customer=1, Released 2 seats
[2025-11-13 19:43:30] ? Cancelled expired booking ID=40, Customer=1, Released 2 seats
[2025-11-13 19:43:30] ? Cancelled expired booking ID=41, Customer=1, Released 1 seats
[2025-11-13 19:43:30] ? Cancelled expired booking ID=42, Customer=1, Released 2 seats
[2025-11-13 19:43:30] ? Cancelled expired booking ID=58, Customer=1, Released 0 seats
[2025-11-13 19:44:30] ? Found 38 expired bookings to cancel
[2025-11-13 19:44:30] ? Cancelled expired booking ID=6, Customer=1, Released 0 seats
[2025-11-13 19:44:30] ? Cancelled expired booking ID=7, Customer=1, Released 0 seats
[2025-11-13 19:44:30] ? Cancelled expired booking ID=8, Customer=1, Released 0 seats
[2025-11-13 19:44:30] ? Cancelled expired booking ID=9, Customer=1, Released 0 seats
[2025-11-13 19:44:30] ? Cancelled expired booking ID=10, Customer=1, Released 1 seats
[2025-11-13 19:44:30] ? Cancelled expired booking ID=11, Customer=1, Released 0 seats
[2025-11-13 19:44:30] ? Cancelled expired booking ID=12, Customer=1, Released 2 seats
[2025-11-13 19:44:30] ? Cancelled expired booking ID=13, Customer=1, Released 1 seats
[2025-11-13 19:44:30] ? Cancelled expired booking ID=14, Customer=1, Released 2 seats
[2025-11-13 19:44:30] ? Cancelled expired booking ID=15, Customer=1, Released 0 seats
[2025-11-13 19:44:30] ? Cancelled expired booking ID=16, Customer=1, Released 0 seats
[2025-11-13 19:44:30] ? Cancelled expired booking ID=17, Customer=1, Released 0 seats
[2025-11-13 19:44:30] ? Cancelled expired booking ID=18, Customer=1, Released 0 seats
[2025-11-13 19:44:30] ? Cancelled expired booking ID=19, Customer=1, Released 1 seats
[2025-11-13 19:44:30] ? Cancelled expired booking ID=20, Customer=1, Released 0 seats
[2025-11-13 19:44:30] ? Cancelled expired booking ID=21, Customer=1, Released 0 seats
[2025-11-13 19:44:30] ? Cancelled expired booking ID=22, Customer=1, Released 0 seats
[2025-11-13 19:44:30] ? Cancelled expired booking ID=23, Customer=1, Released 0 seats
[2025-11-13 19:44:30] ? Cancelled expired booking ID=24, Customer=1, Released 0 seats
[2025-11-13 19:44:30] ? Cancelled expired booking ID=25, Customer=1, Released 0 seats
[2025-11-13 19:44:30] ? Cancelled expired booking ID=26, Customer=1, Released 2 seats
[2025-11-13 19:44:30] ? Cancelled expired booking ID=27, Customer=1, Released 0 seats
[2025-11-13 19:44:30] ? Cancelled expired booking ID=28, Customer=1, Released 0 seats
[2025-11-13 19:44:30] ? Cancelled expired booking ID=29, Customer=1, Released 0 seats
[2025-11-13 19:44:30] ? Cancelled expired booking ID=30, Customer=1, Released 0 seats
[2025-11-13 19:44:30] ? Cancelled expired booking ID=31, Customer=1, Released 1 seats
[2025-11-13 19:44:30] ? Cancelled expired booking ID=32, Customer=1, Released 2 seats
[2025-11-13 19:44:30] ? Cancelled expired booking ID=33, Customer=1, Released 2 seats
[2025-11-13 19:44:30] ? Cancelled expired booking ID=34, Customer=1, Released 2 seats
[2025-11-13 19:44:30] ? Cancelled expired booking ID=35, Customer=1, Released 0 seats
[2025-11-13 19:44:30] ? Cancelled expired booking ID=36, Customer=1, Released 2 seats
[2025-11-13 19:44:30] ? Cancelled expired booking ID=37, Customer=1, Released 1 seats
[2025-11-13 19:44:30] ? Cancelled expired booking ID=38, Customer=1, Released 0 seats
[2025-11-13 19:44:30] ? Cancelled expired booking ID=39, Customer=1, Released 2 seats
[2025-11-13 19:44:30] ? Cancelled expired booking ID=40, Customer=1, Released 2 seats
[2025-11-13 19:44:30] ? Cancelled expired booking ID=41, Customer=1, Released 1 seats
[2025-11-13 19:44:30] ? Cancelled expired booking ID=42, Customer=1, Released 2 seats
[2025-11-13 19:44:30] ? Cancelled expired booking ID=58, Customer=1, Released 0 seats
[2025-11-13 19:45:30] ? Found 38 expired bookings to cancel
[2025-11-13 19:45:30] ? Cancelled expired booking ID=6, Customer=1, Released 0 seats
[2025-11-13 19:45:30] ? Cancelled expired booking ID=7, Customer=1, Released 0 seats
[2025-11-13 19:45:30] ? Cancelled expired booking ID=8, Customer=1, Released 0 seats
[2025-11-13 19:45:30] ? Cancelled expired booking ID=9, Customer=1, Released 0 seats
[2025-11-13 19:45:30] ? Cancelled expired booking ID=10, Customer=1, Released 1 seats
[2025-11-13 19:45:30] ? Cancelled expired booking ID=11, Customer=1, Released 0 seats
[2025-11-13 19:45:30] ? Cancelled expired booking ID=12, Customer=1, Released 2 seats
[2025-11-13 19:45:30] ? Cancelled expired booking ID=13, Customer=1, Released 1 seats
[2025-11-13 19:45:30] ? Cancelled expired booking ID=14, Customer=1, Released 2 seats
[2025-11-13 19:45:30] ? Cancelled expired booking ID=15, Customer=1, Released 0 seats
[2025-11-13 19:45:30] ? Cancelled expired booking ID=16, Customer=1, Released 0 seats
[2025-11-13 19:45:30] ? Cancelled expired booking ID=17, Customer=1, Released 0 seats
[2025-11-13 19:45:30] ? Cancelled expired booking ID=18, Customer=1, Released 0 seats
[2025-11-13 19:45:30] ? Cancelled expired booking ID=19, Customer=1, Released 1 seats
[2025-11-13 19:45:30] ? Cancelled expired booking ID=20, Customer=1, Released 0 seats
[2025-11-13 19:45:30] ? Cancelled expired booking ID=21, Customer=1, Released 0 seats
[2025-11-13 19:45:30] ? Cancelled expired booking ID=22, Customer=1, Released 0 seats
[2025-11-13 19:45:30] ? Cancelled expired booking ID=23, Customer=1, Released 0 seats
[2025-11-13 19:45:30] ? Cancelled expired booking ID=24, Customer=1, Released 0 seats
[2025-11-13 19:45:30] ? Cancelled expired booking ID=25, Customer=1, Released 0 seats
[2025-11-13 19:45:30] ? Cancelled expired booking ID=26, Customer=1, Released 2 seats
[2025-11-13 19:45:30] ? Cancelled expired booking ID=27, Customer=1, Released 0 seats
[2025-11-13 19:45:30] ? Cancelled expired booking ID=28, Customer=1, Released 0 seats
[2025-11-13 19:45:30] ? Cancelled expired booking ID=29, Customer=1, Released 0 seats
[2025-11-13 19:45:30] ? Cancelled expired booking ID=30, Customer=1, Released 0 seats
[2025-11-13 19:45:30] ? Cancelled expired booking ID=31, Customer=1, Released 1 seats
[2025-11-13 19:45:30] ? Cancelled expired booking ID=32, Customer=1, Released 2 seats
[2025-11-13 19:45:30] ? Cancelled expired booking ID=33, Customer=1, Released 2 seats
[2025-11-13 19:45:30] ? Cancelled expired booking ID=34, Customer=1, Released 2 seats
[2025-11-13 19:45:30] ? Cancelled expired booking ID=35, Customer=1, Released 0 seats
[2025-11-13 19:45:30] ? Cancelled expired booking ID=36, Customer=1, Released 2 seats
[2025-11-13 19:45:30] ? Cancelled expired booking ID=37, Customer=1, Released 1 seats
[2025-11-13 19:45:30] ? Cancelled expired booking ID=38, Customer=1, Released 0 seats
[2025-11-13 19:45:30] ? Cancelled expired booking ID=39, Customer=1, Released 2 seats
[2025-11-13 19:45:30] ? Cancelled expired booking ID=40, Customer=1, Released 2 seats
[2025-11-13 19:45:30] ? Cancelled expired booking ID=41, Customer=1, Released 1 seats
[2025-11-13 19:45:30] ? Cancelled expired booking ID=42, Customer=1, Released 2 seats
[2025-11-13 19:45:30] ? Cancelled expired booking ID=58, Customer=1, Released 0 seats
[2025-11-13 19:46:30] ? Found 38 expired bookings to cancel
[2025-11-13 19:46:30] ? Cancelled expired booking ID=6, Customer=1, Released 0 seats
[2025-11-13 19:46:30] ? Cancelled expired booking ID=7, Customer=1, Released 0 seats
[2025-11-13 19:46:30] ? Cancelled expired booking ID=8, Customer=1, Released 0 seats
[2025-11-13 19:46:30] ? Cancelled expired booking ID=9, Customer=1, Released 0 seats
[2025-11-13 19:46:30] ? Cancelled expired booking ID=10, Customer=1, Released 1 seats
[2025-11-13 19:46:30] ? Cancelled expired booking ID=11, Customer=1, Released 0 seats
[2025-11-13 19:46:30] ? Cancelled expired booking ID=12, Customer=1, Released 2 seats
[2025-11-13 19:46:30] ? Cancelled expired booking ID=13, Customer=1, Released 1 seats
[2025-11-13 19:46:30] ? Cancelled expired booking ID=14, Customer=1, Released 2 seats
[2025-11-13 19:46:30] ? Cancelled expired booking ID=15, Customer=1, Released 0 seats
[2025-11-13 19:46:30] ? Cancelled expired booking ID=16, Customer=1, Released 0 seats
[2025-11-13 19:46:30] ? Cancelled expired booking ID=17, Customer=1, Released 0 seats
[2025-11-13 19:46:30] ? Cancelled expired booking ID=18, Customer=1, Released 0 seats
[2025-11-13 19:46:30] ? Cancelled expired booking ID=19, Customer=1, Released 1 seats
[2025-11-13 19:46:30] ? Cancelled expired booking ID=20, Customer=1, Released 0 seats
[2025-11-13 19:46:30] ? Cancelled expired booking ID=21, Customer=1, Released 0 seats
[2025-11-13 19:46:30] ? Cancelled expired booking ID=22, Customer=1, Released 0 seats
[2025-11-13 19:46:30] ? Cancelled expired booking ID=23, Customer=1, Released 0 seats
[2025-11-13 19:46:30] ? Cancelled expired booking ID=24, Customer=1, Released 0 seats
[2025-11-13 19:46:30] ? Cancelled expired booking ID=25, Customer=1, Released 0 seats
[2025-11-13 19:46:30] ? Cancelled expired booking ID=26, Customer=1, Released 2 seats
[2025-11-13 19:46:30] ? Cancelled expired booking ID=27, Customer=1, Released 0 seats
[2025-11-13 19:46:30] ? Cancelled expired booking ID=28, Customer=1, Released 0 seats
[2025-11-13 19:46:30] ? Cancelled expired booking ID=29, Customer=1, Released 0 seats
[2025-11-13 19:46:30] ? Cancelled expired booking ID=30, Customer=1, Released 0 seats
[2025-11-13 19:46:30] ? Cancelled expired booking ID=31, Customer=1, Released 1 seats
[2025-11-13 19:46:30] ? Cancelled expired booking ID=32, Customer=1, Released 2 seats
[2025-11-13 19:46:30] ? Cancelled expired booking ID=33, Customer=1, Released 2 seats
[2025-11-13 19:46:30] ? Cancelled expired booking ID=34, Customer=1, Released 2 seats
[2025-11-13 19:46:30] ? Cancelled expired booking ID=35, Customer=1, Released 0 seats
[2025-11-13 19:46:30] ? Cancelled expired booking ID=36, Customer=1, Released 2 seats
[2025-11-13 19:46:30] ? Cancelled expired booking ID=37, Customer=1, Released 1 seats
[2025-11-13 19:46:30] ? Cancelled expired booking ID=38, Customer=1, Released 0 seats
[2025-11-13 19:46:30] ? Cancelled expired booking ID=39, Customer=1, Released 2 seats
[2025-11-13 19:46:30] ? Cancelled expired booking ID=40, Customer=1, Released 2 seats
[2025-11-13 19:46:30] ? Cancelled expired booking ID=41, Customer=1, Released 1 seats
[2025-11-13 19:46:30] ? Cancelled expired booking ID=42, Customer=1, Released 2 seats
[2025-11-13 19:46:30] ? Cancelled expired booking ID=58, Customer=1, Released 0 seats
[2025-11-13 19:47:30] ? Found 38 expired bookings to cancel
[2025-11-13 19:47:30] ? Cancelled expired booking ID=6, Customer=1, Released 0 seats
[2025-11-13 19:47:30] ? Cancelled expired booking ID=7, Customer=1, Released 0 seats
[2025-11-13 19:47:30] ? Cancelled expired booking ID=8, Customer=1, Released 0 seats
[2025-11-13 19:47:30] ? Cancelled expired booking ID=9, Customer=1, Released 0 seats
[2025-11-13 19:47:30] ? Cancelled expired booking ID=10, Customer=1, Released 1 seats
[2025-11-13 19:47:30] ? Cancelled expired booking ID=11, Customer=1, Released 0 seats
[2025-11-13 19:47:30] ? Cancelled expired booking ID=12, Customer=1, Released 2 seats
[2025-11-13 19:47:30] ? Cancelled expired booking ID=13, Customer=1, Released 1 seats
[2025-11-13 19:47:30] ? Cancelled expired booking ID=14, Customer=1, Released 2 seats
[2025-11-13 19:47:30] ? Cancelled expired booking ID=15, Customer=1, Released 0 seats
[2025-11-13 19:47:30] ? Cancelled expired booking ID=16, Customer=1, Released 0 seats
[2025-11-13 19:47:30] ? Cancelled expired booking ID=17, Customer=1, Released 0 seats
[2025-11-13 19:47:30] ? Cancelled expired booking ID=18, Customer=1, Released 0 seats
[2025-11-13 19:47:30] ? Cancelled expired booking ID=19, Customer=1, Released 1 seats
[2025-11-13 19:47:30] ? Cancelled expired booking ID=20, Customer=1, Released 0 seats
[2025-11-13 19:47:30] ? Cancelled expired booking ID=21, Customer=1, Released 0 seats
[2025-11-13 19:47:30] ? Cancelled expired booking ID=22, Customer=1, Released 0 seats
[2025-11-13 19:47:30] ? Cancelled expired booking ID=23, Customer=1, Released 0 seats
[2025-11-13 19:47:30] ? Cancelled expired booking ID=24, Customer=1, Released 0 seats
[2025-11-13 19:47:30] ? Cancelled expired booking ID=25, Customer=1, Released 0 seats
[2025-11-13 19:47:30] ? Cancelled expired booking ID=26, Customer=1, Released 2 seats
[2025-11-13 19:47:30] ? Cancelled expired booking ID=27, Customer=1, Released 0 seats
[2025-11-13 19:47:30] ? Cancelled expired booking ID=28, Customer=1, Released 0 seats
[2025-11-13 19:47:30] ? Cancelled expired booking ID=29, Customer=1, Released 0 seats
[2025-11-13 19:47:30] ? Cancelled expired booking ID=30, Customer=1, Released 0 seats
[2025-11-13 19:47:30] ? Cancelled expired booking ID=31, Customer=1, Released 1 seats
[2025-11-13 19:47:30] ? Cancelled expired booking ID=32, Customer=1, Released 2 seats
[2025-11-13 19:47:30] ? Cancelled expired booking ID=33, Customer=1, Released 2 seats
[2025-11-13 19:47:30] ? Cancelled expired booking ID=34, Customer=1, Released 2 seats
[2025-11-13 19:47:30] ? Cancelled expired booking ID=35, Customer=1, Released 0 seats
[2025-11-13 19:47:30] ? Cancelled expired booking ID=36, Customer=1, Released 2 seats
[2025-11-13 19:47:30] ? Cancelled expired booking ID=37, Customer=1, Released 1 seats
[2025-11-13 19:47:30] ? Cancelled expired booking ID=38, Customer=1, Released 0 seats
[2025-11-13 19:47:30] ? Cancelled expired booking ID=39, Customer=1, Released 2 seats
[2025-11-13 19:47:30] ? Cancelled expired booking ID=40, Customer=1, Released 2 seats
[2025-11-13 19:47:30] ? Cancelled expired booking ID=41, Customer=1, Released 1 seats
[2025-11-13 19:47:30] ? Cancelled expired booking ID=42, Customer=1, Released 2 seats
[2025-11-13 19:47:30] ? Cancelled expired booking ID=58, Customer=1, Released 0 seats
[2025-11-13 19:57:09] ? BookingExpirationService started
[2025-11-13 19:57:35] ✅ QR Code URL (new format) generated: https://img.vietqr.io/image/VCB-1031419192-compact2.png?amount=80000&addInfo=VeSpirited%20A
[2025-11-13 19:58:09] ? Found 38 expired bookings to cancel
[2025-11-13 19:58:09] ? Cancelled expired booking ID=6, Customer=1, Released 0 seats
[2025-11-13 19:58:09] ? Cancelled expired booking ID=7, Customer=1, Released 0 seats
[2025-11-13 19:58:09] ? Cancelled expired booking ID=8, Customer=1, Released 0 seats
[2025-11-13 19:58:09] ? Cancelled expired booking ID=9, Customer=1, Released 0 seats
[2025-11-13 19:58:09] ? Cancelled expired booking ID=10, Customer=1, Released 1 seats
[2025-11-13 19:58:09] ? Cancelled expired booking ID=11, Customer=1, Released 0 seats
[2025-11-13 19:58:09] ? Cancelled expired booking ID=12, Customer=1, Released 2 seats
[2025-11-13 19:58:09] ? Cancelled expired booking ID=13, Customer=1, Released 1 seats
[2025-11-13 19:58:09] ? Cancelled expired booking ID=14, Customer=1, Released 2 seats
[2025-11-13 19:58:10] ? Cancelled expired booking ID=15, Customer=1, Released 0 seats
[2025-11-13 19:58:10] ? Cancelled expired booking ID=16, Customer=1, Released 0 seats
[2025-11-13 19:58:10] ? Cancelled expired booking ID=17, Customer=1, Released 0 seats
[2025-11-13 19:58:10] ? Cancelled expired booking ID=18, Customer=1, Released 0 seats
[2025-11-13 19:58:10] ? Cancelled expired booking ID=19, Customer=1, Released 1 seats
[2025-11-13 19:58:10] ? Cancelled expired booking ID=20, Customer=1, Released 0 seats
[2025-11-13 19:58:10] ? Cancelled expired booking ID=21, Customer=1, Released 0 seats
[2025-11-13 19:58:10] ? Cancelled expired booking ID=22, Customer=1, Released 0 seats
[2025-11-13 19:58:10] ? Cancelled expired booking ID=23, Customer=1, Released 0 seats
[2025-11-13 19:58:10] ? Cancelled expired booking ID=24, Customer=1, Released 0 seats
[2025-11-13 19:58:10] ? Cancelled expired booking ID=25, Customer=1, Released 0 seats
[2025-11-13 19:58:10] ? Cancelled expired booking ID=26, Customer=1, Released 2 seats
[2025-11-13 19:58:10] ? Cancelled expired booking ID=27, Customer=1, Released 0 seats
[2025-11-13 19:58:10] ? Cancelled expired booking ID=28, Customer=1, Released 0 seats
[2025-11-13 19:58:10] ? Cancelled expired booking ID=29, Customer=1, Released 0 seats
[2025-11-13 19:58:10] ? Cancelled expired booking ID=30, Customer=1, Released 0 seats
[2025-11-13 19:58:10] ? Cancelled expired booking ID=31, Customer=1, Released 1 seats
[2025-11-13 19:58:10] ? Cancelled expired booking ID=32, Customer=1, Released 2 seats
[2025-11-13 19:58:10] ? Cancelled expired booking ID=33, Customer=1, Released 2 seats
[2025-11-13 19:58:10] ? Cancelled expired booking ID=34, Customer=1, Released 2 seats
[2025-11-13 19:58:10] ? Cancelled expired booking ID=35, Customer=1, Released 0 seats
[2025-11-13 19:58:10] ? Cancelled expired booking ID=36, Customer=1, Released 2 seats
[2025-11-13 19:58:10] ? Cancelled expired booking ID=37, Customer=1, Released 1 seats
[2025-11-13 19:58:10] ? Cancelled expired booking ID=38, Customer=1, Released 0 seats
[2025-11-13 19:58:10] ? Cancelled expired booking ID=39, Customer=1, Released 2 seats
[2025-11-13 19:58:10] ? Cancelled expired booking ID=40, Customer=1, Released 2 seats
[2025-11-13 19:58:10] ? Cancelled expired booking ID=41, Customer=1, Released 1 seats
[2025-11-13 19:58:10] ? Cancelled expired booking ID=42, Customer=1, Released 2 seats
[2025-11-13 19:58:10] ? Cancelled expired booking ID=58, Customer=1, Released 0 seats
[2025-11-13 19:59:09] ? Found 38 expired bookings to cancel
[2025-11-13 19:59:09] ? Cancelled expired booking ID=6, Customer=1, Released 0 seats
[2025-11-13 19:59:09] ? Cancelled expired booking ID=7, Customer=1, Released 0 seats
[2025-11-13 19:59:09] ? Cancelled expired booking ID=8, Customer=1, Released 0 seats
[2025-11-13 19:59:09] ? Cancelled expired booking ID=9, Customer=1, Released 0 seats
[2025-11-13 19:59:09] ? Cancelled expired booking ID=10, Customer=1, Released 1 seats
[2025-11-13 19:59:09] ? Cancelled expired booking ID=11, Customer=1, Released 0 seats
[2025-11-13 19:59:09] ? Cancelled expired booking ID=12, Customer=1, Released 2 seats
[2025-11-13 19:59:09] ? Cancelled expired booking ID=13, Customer=1, Released 1 seats
[2025-11-13 19:59:09] ? Cancelled expired booking ID=14, Customer=1, Released 2 seats
[2025-11-13 19:59:09] ? Cancelled expired booking ID=15, Customer=1, Released 0 seats
[2025-11-13 19:59:10] ? Cancelled expired booking ID=16, Customer=1, Released 0 seats
[2025-11-13 19:59:10] ? Cancelled expired booking ID=17, Customer=1, Released 0 seats
[2025-11-13 19:59:10] ? Cancelled expired booking ID=18, Customer=1, Released 0 seats
[2025-11-13 19:59:10] ? Cancelled expired booking ID=19, Customer=1, Released 1 seats
[2025-11-13 19:59:10] ? Cancelled expired booking ID=20, Customer=1, Released 0 seats
[2025-11-13 19:59:10] ? Cancelled expired booking ID=21, Customer=1, Released 0 seats
[2025-11-13 19:59:10] ? Cancelled expired booking ID=22, Customer=1, Released 0 seats
[2025-11-13 19:59:10] ? Cancelled expired booking ID=23, Customer=1, Released 0 seats
[2025-11-13 19:59:10] ? Cancelled expired booking ID=24, Customer=1, Released 0 seats
[2025-11-13 19:59:10] ? Cancelled expired booking ID=25, Customer=1, Released 0 seats
[2025-11-13 19:59:10] ? Cancelled expired booking ID=26, Customer=1, Released 2 seats
[2025-11-13 19:59:10] ? Cancelled expired booking ID=27, Customer=1, Released 0 seats
[2025-11-13 19:59:10] ? Cancelled expired booking ID=28, Customer=1, Released 0 seats
[2025-11-13 19:59:10] ? Cancelled expired booking ID=29, Customer=1, Released 0 seats
[2025-11-13 19:59:10] ? Cancelled expired booking ID=30, Customer=1, Released 0 seats
[2025-11-13 19:59:10] ? Cancelled expired booking ID=31, Customer=1, Released 1 seats
[2025-11-13 19:59:10] ? Cancelled expired booking ID=32, Customer=1, Released 2 seats
[2025-11-13 19:59:10] ? Cancelled expired booking ID=33, Customer=1, Released 2 seats
[2025-11-13 19:59:10] ? Cancelled expired booking ID=34, Customer=1, Released 2 seats
[2025-11-13 19:59:10] ? Cancelled expired booking ID=35, Customer=1, Released 0 seats
[2025-11-13 19:59:10] ? Cancelled expired booking ID=36, Customer=1, Released 2 seats
[2025-11-13 19:59:10] ? Cancelled expired booking ID=37, Customer=1, Released 1 seats
[2025-11-13 19:59:10] ? Cancelled expired booking ID=38, Customer=1, Released 0 seats
[2025-11-13 19:59:10] ? Cancelled expired booking ID=39, Customer=1, Released 2 seats
[2025-11-13 19:59:10] ? Cancelled expired booking ID=40, Customer=1, Released 2 seats
[2025-11-13 19:59:10] ? Cancelled expired booking ID=41, Customer=1, Released 1 seats
[2025-11-13 19:59:10] ? Cancelled expired booking ID=42, Customer=1, Released 2 seats
[2025-11-13 19:59:10] ? Cancelled expired booking ID=58, Customer=1, Released 0 seats
[2025-11-13 20:00:09] ? Found 38 expired bookings to cancel
[2025-11-13 20:00:09] ? Cancelled expired booking ID=6, Customer=1, Released 0 seats
[2025-11-13 20:00:09] ? Cancelled expired booking ID=7, Customer=1, Released 0 seats
[2025-11-13 20:00:09] ? Cancelled expired booking ID=8, Customer=1, Released 0 seats
[2025-11-13 20:00:09] ? Cancelled expired booking ID=9, Customer=1, Released 0 seats
[2025-11-13 20:00:10] ? Cancelled expired booking ID=10, Customer=1, Released 1 seats
[2025-11-13 20:00:10] ? Cancelled expired booking ID=11, Customer=1, Released 0 seats
[2025-11-13 20:00:10] ? Cancelled expired booking ID=12, Customer=1, Released 2 seats
[2025-11-13 20:00:10] ? Cancelled expired booking ID=13, Customer=1, Released 1 seats
[2025-11-13 20:00:10] ? Cancelled expired booking ID=14, Customer=1, Released 2 seats
[2025-11-13 20:00:10] ? Cancelled expired booking ID=15, Customer=1, Released 0 seats
[2025-11-13 20:00:10] ? Cancelled expired booking ID=16, Customer=1, Released 0 seats
[2025-11-13 20:00:10] ? Cancelled expired booking ID=17, Customer=1, Released 0 seats
[2025-11-13 20:00:10] ? Cancelled expired booking ID=18, Customer=1, Released 0 seats
[2025-11-13 20:00:10] ? Cancelled expired booking ID=19, Customer=1, Released 1 seats
[2025-11-13 20:00:10] ? Cancelled expired booking ID=20, Customer=1, Released 0 seats
[2025-11-13 20:00:10] ? Cancelled expired booking ID=21, Customer=1, Released 0 seats
[2025-11-13 20:00:10] ? Cancelled expired booking ID=22, Customer=1, Released 0 seats
[2025-11-13 20:00:10] ? Cancelled expired booking ID=23, Customer=1, Released 0 seats
[2025-11-13 20:00:10] ? Cancelled expired booking ID=24, Customer=1, Released 0 seats
[2025-11-13 20:00:10] ? Cancelled expired booking ID=25, Customer=1, Released 0 seats
[2025-11-13 20:00:10] ? Cancelled expired booking ID=26, Customer=1, Released 2 seats
[2025-11-13 20:00:10] ? Cancelled expired booking ID=27, Customer=1, Released 0 seats
[2025-11-13 20:00:10] ? Cancelled expired booking ID=28, Customer=1, Released 0 seats
[2025-11-13 20:00:10] ? Cancelled expired booking ID=29, Customer=1, Released 0 seats
[2025-11-13 20:00:10] ? Cancelled expired booking ID=30, Customer=1, Released 0 seats
[2025-11-13 20:00:10] ? Cancelled expired booking ID=31, Customer=1, Released 1 seats
[2025-11-13 20:00:10] ? Cancelled expired booking ID=32, Customer=1, Released 2 seats
[2025-11-13 20:00:10] ? Cancelled expired booking ID=33, Customer=1, Released 2 seats
[2025-11-13 20:00:10] ? Cancelled expired booking ID=34, Customer=1, Released 2 seats
[2025-11-13 20:00:10] ? Cancelled expired booking ID=35, Customer=1, Released 0 seats
[2025-11-13 20:00:10] ? Cancelled expired booking ID=36, Customer=1, Released 2 seats
[2025-11-13 20:00:10] ? Cancelled expired booking ID=37, Customer=1, Released 1 seats
[2025-11-13 20:00:10] ? Cancelled expired booking ID=38, Customer=1, Released 0 seats
[2025-11-13 20:00:10] ? Cancelled expired booking ID=39, Customer=1, Released 2 seats
[2025-11-13 20:00:10] ? Cancelled expired booking ID=40, Customer=1, Released 2 seats
[2025-11-13 20:00:10] ? Cancelled expired booking ID=41, Customer=1, Released 1 seats
[2025-11-13 20:00:10] ? Cancelled expired booking ID=42, Customer=1, Released 2 seats
[2025-11-13 20:00:10] ? Cancelled expired booking ID=58, Customer=1, Released 0 seats
[2025-11-13 20:00:16] ✅ QR Code URL (new format) generated: https://img.vietqr.io/image/VCB-1031419192-compact2.png?amount=80000&addInfo=VeSpirited%20A
[2025-11-13 20:01:09] ? Found 38 expired bookings to cancel
[2025-11-13 20:01:09] ? Cancelled expired booking ID=6, Customer=1, Released 0 seats
[2025-11-13 20:01:10] ? Cancelled expired booking ID=7, Customer=1, Released 0 seats
[2025-11-13 20:01:10] ? Cancelled expired booking ID=8, Customer=1, Released 0 seats
[2025-11-13 20:01:10] ? Cancelled expired booking ID=9, Customer=1, Released 0 seats
[2025-11-13 20:01:10] ? Cancelled expired booking ID=10, Customer=1, Released 1 seats
[2025-11-13 20:01:10] ? Cancelled expired booking ID=11, Customer=1, Released 0 seats
[2025-11-13 20:01:10] ? Cancelled expired booking ID=12, Customer=1, Released 2 seats
[2025-11-13 20:01:10] ? Cancelled expired booking ID=13, Customer=1, Released 1 seats
[2025-11-13 20:01:10] ? Cancelled expired booking ID=14, Customer=1, Released 2 seats
[2025-11-13 20:01:10] ? Cancelled expired booking ID=15, Customer=1, Released 0 seats
[2025-11-13 20:01:10] ? Cancelled expired booking ID=16, Customer=1, Released 0 seats
[2025-11-13 20:01:10] ? Cancelled expired booking ID=17, Customer=1, Released 0 seats
[2025-11-13 20:01:10] ? Cancelled expired booking ID=18, Customer=1, Released 0 seats
[2025-11-13 20:01:10] ? Cancelled expired booking ID=19, Customer=1, Released 1 seats
[2025-11-13 20:01:10] ? Cancelled expired booking ID=20, Customer=1, Released 0 seats
[2025-11-13 20:01:10] ? Cancelled expired booking ID=21, Customer=1, Released 0 seats
[2025-11-13 20:01:10] ? Cancelled expired booking ID=22, Customer=1, Released 0 seats
[2025-11-13 20:01:10] ? Cancelled expired booking ID=23, Customer=1, Released 0 seats
[2025-11-13 20:01:10] ? Cancelled expired booking ID=24, Customer=1, Released 0 seats
[2025-11-13 20:01:10] ? Cancelled expired booking ID=25, Customer=1, Released 0 seats
[2025-11-13 20:01:10] ? Cancelled expired booking ID=26, Customer=1, Released 2 seats
[2025-11-13 20:01:10] ? Cancelled expired booking ID=27, Customer=1, Released 0 seats
[2025-11-13 20:01:10] ? Cancelled expired booking ID=28, Customer=1, Released 0 seats
[2025-11-13 20:01:10] ? Cancelled expired booking ID=29, Customer=1, Released 0 seats
[2025-11-13 20:01:10] ? Cancelled expired booking ID=30, Customer=1, Released 0 seats
[2025-11-13 20:01:10] ? Cancelled expired booking ID=31, Customer=1, Released 1 seats
[2025-11-13 20:01:10] ? Cancelled expired booking ID=32, Customer=1, Released 2 seats
[2025-11-13 20:01:10] ? Cancelled expired booking ID=33, Customer=1, Released 2 seats
[2025-11-13 20:01:10] ? Cancelled expired booking ID=34, Customer=1, Released 2 seats
[2025-11-13 20:01:10] ? Cancelled expired booking ID=35, Customer=1, Released 0 seats
[2025-11-13 20:01:10] ? Cancelled expired booking ID=36, Customer=1, Released 2 seats
[2025-11-13 20:01:10] ? Cancelled expired booking ID=37, Customer=1, Released 1 seats
[2025-11-13 20:01:10] ? Cancelled expired booking ID=38, Customer=1, Released 0 seats
[2025-11-13 20:01:10] ? Cancelled expired booking ID=39, Customer=1, Released 2 seats
[2025-11-13 20:01:10] ? Cancelled expired booking ID=40, Customer=1, Released 2 seats
[2025-11-13 20:01:10] ? Cancelled expired booking ID=41, Customer=1, Released 1 seats
[2025-11-13 20:01:10] ? Cancelled expired booking ID=42, Customer=1, Released 2 seats
[2025-11-13 20:01:10] ? Cancelled expired booking ID=58, Customer=1, Released 0 seats
[2025-11-13 20:01:41] ✅ QR Code URL (new format) generated: https://img.vietqr.io/image/VCB-1031419192-compact2.png?amount=80000&addInfo=VeSpirited%20A
[2025-11-13 20:02:09] ? Found 38 expired bookings to cancel
[2025-11-13 20:02:10] ? Cancelled expired booking ID=6, Customer=1, Released 0 seats
[2025-11-13 20:02:10] ? Cancelled expired booking ID=7, Customer=1, Released 0 seats
[2025-11-13 20:02:10] ? Cancelled expired booking ID=8, Customer=1, Released 0 seats
[2025-11-13 20:02:10] ? Cancelled expired booking ID=9, Customer=1, Released 0 seats
[2025-11-13 20:02:10] ? Cancelled expired booking ID=10, Customer=1, Released 1 seats
[2025-11-13 20:02:10] ? Cancelled expired booking ID=11, Customer=1, Released 0 seats
[2025-11-13 20:02:10] ? Cancelled expired booking ID=12, Customer=1, Released 2 seats
[2025-11-13 20:02:10] ? Cancelled expired booking ID=13, Customer=1, Released 1 seats
[2025-11-13 20:02:10] ? Cancelled expired booking ID=14, Customer=1, Released 2 seats
[2025-11-13 20:02:10] ? Cancelled expired booking ID=15, Customer=1, Released 0 seats
[2025-11-13 20:02:10] ? Cancelled expired booking ID=16, Customer=1, Released 0 seats
[2025-11-13 20:02:10] ? Cancelled expired booking ID=17, Customer=1, Released 0 seats
[2025-11-13 20:02:10] ? Cancelled expired booking ID=18, Customer=1, Released 0 seats
[2025-11-13 20:02:10] ? Cancelled expired booking ID=19, Customer=1, Released 1 seats
[2025-11-13 20:02:10] ? Cancelled expired booking ID=20, Customer=1, Released 0 seats
[2025-11-13 20:02:10] ? Cancelled expired booking ID=21, Customer=1, Released 0 seats
[2025-11-13 20:02:10] ? Cancelled expired booking ID=22, Customer=1, Released 0 seats
[2025-11-13 20:02:10] ? Cancelled expired booking ID=23, Customer=1, Released 0 seats
[2025-11-13 20:02:10] ? Cancelled expired booking ID=24, Customer=1, Released 0 seats
[2025-11-13 20:02:10] ? Cancelled expired booking ID=25, Customer=1, Released 0 seats
[2025-11-13 20:02:10] ? Cancelled expired booking ID=26, Customer=1, Released 2 seats
[2025-11-13 20:02:10] ? Cancelled expired booking ID=27, Customer=1, Released 0 seats
[2025-11-13 20:02:10] ? Cancelled expired booking ID=28, Customer=1, Released 0 seats
[2025-11-13 20:02:10] ? Cancelled expired booking ID=29, Customer=1, Released 0 seats
[2025-11-13 20:02:10] ? Cancelled expired booking ID=30, Customer=1, Released 0 seats
[2025-11-13 20:02:10] ? Cancelled expired booking ID=31, Customer=1, Released 1 seats
[2025-11-13 20:02:10] ? Cancelled expired booking ID=32, Customer=1, Released 2 seats
[2025-11-13 20:02:10] ? Cancelled expired booking ID=33, Customer=1, Released 2 seats
[2025-11-13 20:02:10] ? Cancelled expired booking ID=34, Customer=1, Released 2 seats
[2025-11-13 20:02:10] ? Cancelled expired booking ID=35, Customer=1, Released 0 seats
[2025-11-13 20:02:10] ? Cancelled expired booking ID=36, Customer=1, Released 2 seats
[2025-11-13 20:02:10] ? Cancelled expired booking ID=37, Customer=1, Released 1 seats
[2025-11-13 20:02:10] ? Cancelled expired booking ID=38, Customer=1, Released 0 seats
[2025-11-13 20:02:10] ? Cancelled expired booking ID=39, Customer=1, Released 2 seats
[2025-11-13 20:02:10] ? Cancelled expired booking ID=40, Customer=1, Released 2 seats
[2025-11-13 20:02:10] ? Cancelled expired booking ID=41, Customer=1, Released 1 seats
[2025-11-13 20:02:10] ? Cancelled expired booking ID=42, Customer=1, Released 2 seats
[2025-11-13 20:02:10] ? Cancelled expired booking ID=58, Customer=1, Released 0 seats
[2025-11-13 20:03:10] ? Found 38 expired bookings to cancel
[2025-11-13 20:03:10] ? Cancelled expired booking ID=6, Customer=1, Released 0 seats
[2025-11-13 20:03:10] ? Cancelled expired booking ID=7, Customer=1, Released 0 seats
[2025-11-13 20:03:10] ? Cancelled expired booking ID=8, Customer=1, Released 0 seats
[2025-11-13 20:03:10] ? Cancelled expired booking ID=9, Customer=1, Released 0 seats
[2025-11-13 20:03:10] ? Cancelled expired booking ID=10, Customer=1, Released 1 seats
[2025-11-13 20:03:10] ? Cancelled expired booking ID=11, Customer=1, Released 0 seats
[2025-11-13 20:03:10] ? Cancelled expired booking ID=12, Customer=1, Released 2 seats
[2025-11-13 20:03:10] ? Cancelled expired booking ID=13, Customer=1, Released 1 seats
[2025-11-13 20:03:10] ? Cancelled expired booking ID=14, Customer=1, Released 2 seats
[2025-11-13 20:03:10] ? Cancelled expired booking ID=15, Customer=1, Released 0 seats
[2025-11-13 20:03:10] ? Cancelled expired booking ID=16, Customer=1, Released 0 seats
[2025-11-13 20:03:10] ? Cancelled expired booking ID=17, Customer=1, Released 0 seats
[2025-11-13 20:03:10] ? Cancelled expired booking ID=18, Customer=1, Released 0 seats
[2025-11-13 20:03:10] ? Cancelled expired booking ID=19, Customer=1, Released 1 seats
[2025-11-13 20:03:10] ? Cancelled expired booking ID=20, Customer=1, Released 0 seats
[2025-11-13 20:03:10] ? Cancelled expired booking ID=21, Customer=1, Released 0 seats
[2025-11-13 20:03:10] ? Cancelled expired booking ID=22, Customer=1, Released 0 seats
[2025-11-13 20:03:10] ? Cancelled expired booking ID=23, Customer=1, Released 0 seats
[2025-11-13 20:03:10] ? Cancelled expired booking ID=24, Customer=1, Released 0 seats
[2025-11-13 20:03:10] ? Cancelled expired booking ID=25, Customer=1, Released 0 seats
[2025-11-13 20:03:10] ? Cancelled expired booking ID=26, Customer=1, Released 2 seats
[2025-11-13 20:03:10] ? Cancelled expired booking ID=27, Customer=1, Released 0 seats
[2025-11-13 20:03:10] ? Cancelled expired booking ID=28, Customer=1, Released 0 seats
[2025-11-13 20:03:10] ? Cancelled expired booking ID=29, Customer=1, Released 0 seats
[2025-11-13 20:03:10] ? Cancelled expired booking ID=30, Customer=1, Released 0 seats
[2025-11-13 20:03:10] ? Cancelled expired booking ID=31, Customer=1, Released 1 seats
[2025-11-13 20:03:10] ? Cancelled expired booking ID=32, Customer=1, Released 2 seats
[2025-11-13 20:03:10] ? Cancelled expired booking ID=33, Customer=1, Released 2 seats
[2025-11-13 20:03:10] ? Cancelled expired booking ID=34, Customer=1, Released 2 seats
[2025-11-13 20:03:10] ? Cancelled expired booking ID=35, Customer=1, Released 0 seats
[2025-11-13 20:03:10] ? Cancelled expired booking ID=36, Customer=1, Released 2 seats
[2025-11-13 20:03:10] ? Cancelled expired booking ID=37, Customer=1, Released 1 seats
[2025-11-13 20:03:10] ? Cancelled expired booking ID=38, Customer=1, Released 0 seats
[2025-11-13 20:03:10] ? Cancelled expired booking ID=39, Customer=1, Released 2 seats
[2025-11-13 20:03:10] ? Cancelled expired booking ID=40, Customer=1, Released 2 seats
[2025-11-13 20:03:10] ? Cancelled expired booking ID=41, Customer=1, Released 1 seats
[2025-11-13 20:03:10] ? Cancelled expired booking ID=42, Customer=1, Released 2 seats
[2025-11-13 20:03:10] ? Cancelled expired booking ID=58, Customer=1, Released 0 seats
[2025-11-13 20:04:10] ? Found 38 expired bookings to cancel
[2025-11-13 20:04:10] ? Cancelled expired booking ID=6, Customer=1, Released 0 seats
[2025-11-13 20:04:10] ? Cancelled expired booking ID=7, Customer=1, Released 0 seats
[2025-11-13 20:04:10] ? Cancelled expired booking ID=8, Customer=1, Released 0 seats
[2025-11-13 20:04:10] ? Cancelled expired booking ID=9, Customer=1, Released 0 seats
[2025-11-13 20:04:10] ? Cancelled expired booking ID=10, Customer=1, Released 1 seats
[2025-11-13 20:04:10] ? Cancelled expired booking ID=11, Customer=1, Released 0 seats
[2025-11-13 20:04:10] ? Cancelled expired booking ID=12, Customer=1, Released 2 seats
[2025-11-13 20:04:10] ? Cancelled expired booking ID=13, Customer=1, Released 1 seats
[2025-11-13 20:04:10] ? Cancelled expired booking ID=14, Customer=1, Released 2 seats
[2025-11-13 20:04:10] ? Cancelled expired booking ID=15, Customer=1, Released 0 seats
[2025-11-13 20:04:10] ? Cancelled expired booking ID=16, Customer=1, Released 0 seats
[2025-11-13 20:04:10] ? Cancelled expired booking ID=17, Customer=1, Released 0 seats
[2025-11-13 20:04:10] ? Cancelled expired booking ID=18, Customer=1, Released 0 seats
[2025-11-13 20:04:10] ? Cancelled expired booking ID=19, Customer=1, Released 1 seats
[2025-11-13 20:04:10] ? Cancelled expired booking ID=20, Customer=1, Released 0 seats
[2025-11-13 20:04:10] ? Cancelled expired booking ID=21, Customer=1, Released 0 seats
[2025-11-13 20:04:10] ? Cancelled expired booking ID=22, Customer=1, Released 0 seats
[2025-11-13 20:04:10] ? Cancelled expired booking ID=23, Customer=1, Released 0 seats
[2025-11-13 20:04:10] ? Cancelled expired booking ID=24, Customer=1, Released 0 seats
[2025-11-13 20:04:10] ? Cancelled expired booking ID=25, Customer=1, Released 0 seats
[2025-11-13 20:04:10] ? Cancelled expired booking ID=26, Customer=1, Released 2 seats
[2025-11-13 20:04:10] ? Cancelled expired booking ID=27, Customer=1, Released 0 seats
[2025-11-13 20:04:10] ? Cancelled expired booking ID=28, Customer=1, Released 0 seats
[2025-11-13 20:04:10] ? Cancelled expired booking ID=29, Customer=1, Released 0 seats
[2025-11-13 20:04:10] ? Cancelled expired booking ID=30, Customer=1, Released 0 seats
[2025-11-13 20:04:10] ? Cancelled expired booking ID=31, Customer=1, Released 1 seats
[2025-11-13 20:04:10] ? Cancelled expired booking ID=32, Customer=1, Released 2 seats
[2025-11-13 20:04:10] ? Cancelled expired booking ID=33, Customer=1, Released 2 seats
[2025-11-13 20:04:10] ? Cancelled expired booking ID=34, Customer=1, Released 2 seats
[2025-11-13 20:04:10] ? Cancelled expired booking ID=35, Customer=1, Released 0 seats
[2025-11-13 20:04:10] ? Cancelled expired booking ID=36, Customer=1, Released 2 seats
[2025-11-13 20:04:10] ? Cancelled expired booking ID=37, Customer=1, Released 1 seats
[2025-11-13 20:04:10] ? Cancelled expired booking ID=38, Customer=1, Released 0 seats
[2025-11-13 20:04:10] ? Cancelled expired booking ID=39, Customer=1, Released 2 seats
[2025-11-13 20:04:10] ? Cancelled expired booking ID=40, Customer=1, Released 2 seats
[2025-11-13 20:04:10] ? Cancelled expired booking ID=41, Customer=1, Released 1 seats
[2025-11-13 20:04:10] ? Cancelled expired booking ID=42, Customer=1, Released 2 seats
[2025-11-13 20:04:10] ? Cancelled expired booking ID=58, Customer=1, Released 0 seats
[2025-11-13 20:05:04] ✅ QR Code URL (new format) generated: https://img.vietqr.io/image/VCB-1031419192-compact2.png?amount=80000&addInfo=VeSpirited%20A
[2025-11-13 20:05:10] ? Found 38 expired bookings to cancel
[2025-11-13 20:05:10] ? Cancelled expired booking ID=6, Customer=1, Released 0 seats
[2025-11-13 20:05:10] ? Cancelled expired booking ID=7, Customer=1, Released 0 seats
[2025-11-13 20:05:10] ? Cancelled expired booking ID=8, Customer=1, Released 0 seats
[2025-11-13 20:05:10] ? Cancelled expired booking ID=9, Customer=1, Released 0 seats
[2025-11-13 20:05:10] ? Cancelled expired booking ID=10, Customer=1, Released 1 seats
[2025-11-13 20:05:10] ? Cancelled expired booking ID=11, Customer=1, Released 0 seats
[2025-11-13 20:05:10] ? Cancelled expired booking ID=12, Customer=1, Released 2 seats
[2025-11-13 20:05:10] ? Cancelled expired booking ID=13, Customer=1, Released 1 seats
[2025-11-13 20:05:10] ? Cancelled expired booking ID=14, Customer=1, Released 2 seats
[2025-11-13 20:05:10] ? Cancelled expired booking ID=15, Customer=1, Released 0 seats
[2025-11-13 20:05:10] ? Cancelled expired booking ID=16, Customer=1, Released 0 seats
[2025-11-13 20:05:10] ? Cancelled expired booking ID=17, Customer=1, Released 0 seats
[2025-11-13 20:05:10] ? Cancelled expired booking ID=18, Customer=1, Released 0 seats
[2025-11-13 20:05:10] ? Cancelled expired booking ID=19, Customer=1, Released 1 seats
[2025-11-13 20:05:10] ? Cancelled expired booking ID=20, Customer=1, Released 0 seats
[2025-11-13 20:05:10] ? Cancelled expired booking ID=21, Customer=1, Released 0 seats
[2025-11-13 20:05:10] ? Cancelled expired booking ID=22, Customer=1, Released 0 seats
[2025-11-13 20:05:10] ? Cancelled expired booking ID=23, Customer=1, Released 0 seats
[2025-11-13 20:05:10] ? Cancelled expired booking ID=24, Customer=1, Released 0 seats
[2025-11-13 20:05:10] ? Cancelled expired booking ID=25, Customer=1, Released 0 seats
[2025-11-13 20:05:10] ? Cancelled expired booking ID=26, Customer=1, Released 2 seats
[2025-11-13 20:05:10] ? Cancelled expired booking ID=27, Customer=1, Released 0 seats
[2025-11-13 20:05:10] ? Cancelled expired booking ID=28, Customer=1, Released 0 seats
[2025-11-13 20:05:10] ? Cancelled expired booking ID=29, Customer=1, Released 0 seats
[2025-11-13 20:05:10] ? Cancelled expired booking ID=30, Customer=1, Released 0 seats
[2025-11-13 20:05:10] ? Cancelled expired booking ID=31, Customer=1, Released 1 seats
[2025-11-13 20:05:10] ? Cancelled expired booking ID=32, Customer=1, Released 2 seats
[2025-11-13 20:05:10] ? Cancelled expired booking ID=33, Customer=1, Released 2 seats
[2025-11-13 20:05:10] ? Cancelled expired booking ID=34, Customer=1, Released 2 seats
[2025-11-13 20:05:10] ? Cancelled expired booking ID=35, Customer=1, Released 0 seats
[2025-11-13 20:05:10] ? Cancelled expired booking ID=36, Customer=1, Released 2 seats
[2025-11-13 20:05:10] ? Cancelled expired booking ID=37, Customer=1, Released 1 seats
[2025-11-13 20:05:10] ? Cancelled expired booking ID=38, Customer=1, Released 0 seats
[2025-11-13 20:05:10] ? Cancelled expired booking ID=39, Customer=1, Released 2 seats
[2025-11-13 20:05:10] ? Cancelled expired booking ID=40, Customer=1, Released 2 seats
[2025-11-13 20:05:10] ? Cancelled expired booking ID=41, Customer=1, Released 1 seats
[2025-11-13 20:05:10] ? Cancelled expired booking ID=42, Customer=1, Released 2 seats
[2025-11-13 20:05:10] ? Cancelled expired booking ID=58, Customer=1, Released 0 seats
[2025-11-13 20:05:29] ✅ QR Code URL (new format) generated: https://img.vietqr.io/image/VCB-1031419192-compact2.png?amount=80000&addInfo=VeSpirited%20A
[2025-11-13 20:06:10] ? Found 38 expired bookings to cancel
[2025-11-13 20:06:10] ? Cancelled expired booking ID=6, Customer=1, Released 0 seats
[2025-11-13 20:06:10] ? Cancelled expired booking ID=7, Customer=1, Released 0 seats
[2025-11-13 20:06:10] ? Cancelled expired booking ID=8, Customer=1, Released 0 seats
[2025-11-13 20:06:10] ? Cancelled expired booking ID=9, Customer=1, Released 0 seats
[2025-11-13 20:06:10] ? Cancelled expired booking ID=10, Customer=1, Released 1 seats
[2025-11-13 20:06:10] ? Cancelled expired booking ID=11, Customer=1, Released 0 seats
[2025-11-13 20:06:10] ? Cancelled expired booking ID=12, Customer=1, Released 2 seats
[2025-11-13 20:06:10] ? Cancelled expired booking ID=13, Customer=1, Released 1 seats
[2025-11-13 20:06:10] ? Cancelled expired booking ID=14, Customer=1, Released 2 seats
[2025-11-13 20:06:10] ? Cancelled expired booking ID=15, Customer=1, Released 0 seats
[2025-11-13 20:06:10] ? Cancelled expired booking ID=16, Customer=1, Released 0 seats
[2025-11-13 20:06:10] ? Cancelled expired booking ID=17, Customer=1, Released 0 seats
[2025-11-13 20:06:10] ? Cancelled expired booking ID=18, Customer=1, Released 0 seats
[2025-11-13 20:06:10] ? Cancelled expired booking ID=19, Customer=1, Released 1 seats
[2025-11-13 20:06:10] ? Cancelled expired booking ID=20, Customer=1, Released 0 seats
[2025-11-13 20:06:10] ? Cancelled expired booking ID=21, Customer=1, Released 0 seats
[2025-11-13 20:06:10] ? Cancelled expired booking ID=22, Customer=1, Released 0 seats
[2025-11-13 20:06:10] ? Cancelled expired booking ID=23, Customer=1, Released 0 seats
[2025-11-13 20:06:10] ? Cancelled expired booking ID=24, Customer=1, Released 0 seats
[2025-11-13 20:06:10] ? Cancelled expired booking ID=25, Customer=1, Released 0 seats
[2025-11-13 20:06:10] ? Cancelled expired booking ID=26, Customer=1, Released 2 seats
[2025-11-13 20:06:10] ? Cancelled expired booking ID=27, Customer=1, Released 0 seats
[2025-11-13 20:06:10] ? Cancelled expired booking ID=28, Customer=1, Released 0 seats
[2025-11-13 20:06:10] ? Cancelled expired booking ID=29, Customer=1, Released 0 seats
[2025-11-13 20:06:10] ? Cancelled expired booking ID=30, Customer=1, Released 0 seats
[2025-11-13 20:06:10] ? Cancelled expired booking ID=31, Customer=1, Released 1 seats
[2025-11-13 20:06:10] ? Cancelled expired booking ID=32, Customer=1, Released 2 seats
[2025-11-13 20:06:10] ? Cancelled expired booking ID=33, Customer=1, Released 2 seats
[2025-11-13 20:06:10] ? Cancelled expired booking ID=34, Customer=1, Released 2 seats
[2025-11-13 20:06:10] ? Cancelled expired booking ID=35, Customer=1, Released 0 seats
[2025-11-13 20:06:10] ? Cancelled expired booking ID=36, Customer=1, Released 2 seats
[2025-11-13 20:06:10] ? Cancelled expired booking ID=37, Customer=1, Released 1 seats
[2025-11-13 20:06:10] ? Cancelled expired booking ID=38, Customer=1, Released 0 seats
[2025-11-13 20:06:10] ? Cancelled expired booking ID=39, Customer=1, Released 2 seats
[2025-11-13 20:06:10] ? Cancelled expired booking ID=40, Customer=1, Released 2 seats
[2025-11-13 20:06:10] ? Cancelled expired booking ID=41, Customer=1, Released 1 seats
[2025-11-13 20:06:10] ? Cancelled expired booking ID=42, Customer=1, Released 2 seats
[2025-11-13 20:06:10] ? Cancelled expired booking ID=58, Customer=1, Released 0 seats
[2025-11-13 20:06:48] ✅ QR Code URL (new format) generated: https://img.vietqr.io/image/VCB-1031419192-compact2.png?amount=80000&addInfo=VeSpirited%20A
[2025-11-13 20:07:10] ? Found 38 expired bookings to cancel
[2025-11-13 20:07:10] ? Cancelled expired booking ID=6, Customer=1, Released 0 seats
[2025-11-13 20:07:10] ? Cancelled expired booking ID=7, Customer=1, Released 0 seats
[2025-11-13 20:07:10] ? Cancelled expired booking ID=8, Customer=1, Released 0 seats
[2025-11-13 20:07:10] ? Cancelled expired booking ID=9, Customer=1, Released 0 seats
[2025-11-13 20:07:10] ? Cancelled expired booking ID=10, Customer=1, Released 1 seats
[2025-11-13 20:07:10] ? Cancelled expired booking ID=11, Customer=1, Released 0 seats
[2025-11-13 20:07:10] ? Cancelled expired booking ID=12, Customer=1, Released 2 seats
[2025-11-13 20:07:10] ? Cancelled expired booking ID=13, Customer=1, Released 1 seats
[2025-11-13 20:07:10] ? Cancelled expired booking ID=14, Customer=1, Released 2 seats
[2025-11-13 20:07:10] ? Cancelled expired booking ID=15, Customer=1, Released 0 seats
[2025-11-13 20:07:10] ? Cancelled expired booking ID=16, Customer=1, Released 0 seats
[2025-11-13 20:07:10] ? Cancelled expired booking ID=17, Customer=1, Released 0 seats
[2025-11-13 20:07:10] ? Cancelled expired booking ID=18, Customer=1, Released 0 seats
[2025-11-13 20:07:10] ? Cancelled expired booking ID=19, Customer=1, Released 1 seats
[2025-11-13 20:07:10] ? Cancelled expired booking ID=20, Customer=1, Released 0 seats
[2025-11-13 20:07:10] ? Cancelled expired booking ID=21, Customer=1, Released 0 seats
[2025-11-13 20:07:10] ? Cancelled expired booking ID=22, Customer=1, Released 0 seats
[2025-11-13 20:07:10] ? Cancelled expired booking ID=23, Customer=1, Released 0 seats
[2025-11-13 20:07:10] ? Cancelled expired booking ID=24, Customer=1, Released 0 seats
[2025-11-13 20:07:10] ? Cancelled expired booking ID=25, Customer=1, Released 0 seats
[2025-11-13 20:07:10] ? Cancelled expired booking ID=26, Customer=1, Released 2 seats
[2025-11-13 20:07:10] ? Cancelled expired booking ID=27, Customer=1, Released 0 seats
[2025-11-13 20:07:10] ? Cancelled expired booking ID=28, Customer=1, Released 0 seats
[2025-11-13 20:07:10] ? Cancelled expired booking ID=29, Customer=1, Released 0 seats
[2025-11-13 20:07:10] ? Cancelled expired booking ID=30, Customer=1, Released 0 seats
[2025-11-13 20:07:10] ? Cancelled expired booking ID=31, Customer=1, Released 1 seats
[2025-11-13 20:07:10] ? Cancelled expired booking ID=32, Customer=1, Released 2 seats
[2025-11-13 20:07:10] ? Cancelled expired booking ID=33, Customer=1, Released 2 seats
[2025-11-13 20:07:10] ? Cancelled expired booking ID=34, Customer=1, Released 2 seats
[2025-11-13 20:07:10] ? Cancelled expired booking ID=35, Customer=1, Released 0 seats
[2025-11-13 20:07:10] ? Cancelled expired booking ID=36, Customer=1, Released 2 seats
[2025-11-13 20:07:10] ? Cancelled expired booking ID=37, Customer=1, Released 1 seats
[2025-11-13 20:07:10] ? Cancelled expired booking ID=38, Customer=1, Released 0 seats
[2025-11-13 20:07:10] ? Cancelled expired booking ID=39, Customer=1, Released 2 seats
[2025-11-13 20:07:10] ? Cancelled expired booking ID=40, Customer=1, Released 2 seats
[2025-11-13 20:07:10] ? Cancelled expired booking ID=41, Customer=1, Released 1 seats
[2025-11-13 20:07:10] ? Cancelled expired booking ID=42, Customer=1, Released 2 seats
[2025-11-13 20:07:10] ? Cancelled expired booking ID=58, Customer=1, Released 0 seats
[2025-11-13 20:07:33] ✅ QR Code URL (new format) generated: https://img.vietqr.io/image/VCB-1031419192-compact2.png?amount=80000&addInfo=VeSpirited%20A
[2025-11-13 20:08:10] ? Found 38 expired bookings to cancel
[2025-11-13 20:08:10] ? Cancelled expired booking ID=6, Customer=1, Released 0 seats
[2025-11-13 20:08:10] ? Cancelled expired booking ID=7, Customer=1, Released 0 seats
[2025-11-13 20:08:10] ? Cancelled expired booking ID=8, Customer=1, Released 0 seats
[2025-11-13 20:08:10] ? Cancelled expired booking ID=9, Customer=1, Released 0 seats
[2025-11-13 20:08:10] ? Cancelled expired booking ID=10, Customer=1, Released 1 seats
[2025-11-13 20:08:10] ? Cancelled expired booking ID=11, Customer=1, Released 0 seats
[2025-11-13 20:08:10] ? Cancelled expired booking ID=12, Customer=1, Released 2 seats
[2025-11-13 20:08:10] ? Cancelled expired booking ID=13, Customer=1, Released 1 seats
[2025-11-13 20:08:10] ? Cancelled expired booking ID=14, Customer=1, Released 2 seats
[2025-11-13 20:08:10] ? Cancelled expired booking ID=15, Customer=1, Released 0 seats
[2025-11-13 20:08:10] ? Cancelled expired booking ID=16, Customer=1, Released 0 seats
[2025-11-13 20:08:10] ? Cancelled expired booking ID=17, Customer=1, Released 0 seats
[2025-11-13 20:08:10] ? Cancelled expired booking ID=18, Customer=1, Released 0 seats
[2025-11-13 20:08:10] ? Cancelled expired booking ID=19, Customer=1, Released 1 seats
[2025-11-13 20:08:10] ? Cancelled expired booking ID=20, Customer=1, Released 0 seats
[2025-11-13 20:08:10] ? Cancelled expired booking ID=21, Customer=1, Released 0 seats
[2025-11-13 20:08:10] ? Cancelled expired booking ID=22, Customer=1, Released 0 seats
[2025-11-13 20:08:10] ? Cancelled expired booking ID=23, Customer=1, Released 0 seats
[2025-11-13 20:08:10] ? Cancelled expired booking ID=24, Customer=1, Released 0 seats
[2025-11-13 20:08:10] ? Cancelled expired booking ID=25, Customer=1, Released 0 seats
[2025-11-13 20:08:10] ? Cancelled expired booking ID=26, Customer=1, Released 2 seats
[2025-11-13 20:08:10] ? Cancelled expired booking ID=27, Customer=1, Released 0 seats
[2025-11-13 20:08:10] ? Cancelled expired booking ID=28, Customer=1, Released 0 seats
[2025-11-13 20:08:10] ? Cancelled expired booking ID=29, Customer=1, Released 0 seats
[2025-11-13 20:08:10] ? Cancelled expired booking ID=30, Customer=1, Released 0 seats
[2025-11-13 20:08:10] ? Cancelled expired booking ID=31, Customer=1, Released 1 seats
[2025-11-13 20:08:10] ? Cancelled expired booking ID=32, Customer=1, Released 2 seats
[2025-11-13 20:08:10] ? Cancelled expired booking ID=33, Customer=1, Released 2 seats
[2025-11-13 20:08:10] ? Cancelled expired booking ID=34, Customer=1, Released 2 seats
[2025-11-13 20:08:10] ? Cancelled expired booking ID=35, Customer=1, Released 0 seats
[2025-11-13 20:08:10] ? Cancelled expired booking ID=36, Customer=1, Released 2 seats
[2025-11-13 20:08:10] ? Cancelled expired booking ID=37, Customer=1, Released 1 seats
[2025-11-13 20:08:10] ? Cancelled expired booking ID=38, Customer=1, Released 0 seats
[2025-11-13 20:08:10] ? Cancelled expired booking ID=39, Customer=1, Released 2 seats
[2025-11-13 20:08:10] ? Cancelled expired booking ID=40, Customer=1, Released 2 seats
[2025-11-13 20:08:10] ? Cancelled expired booking ID=41, Customer=1, Released 1 seats
[2025-11-13 20:08:10] ? Cancelled expired booking ID=42, Customer=1, Released 2 seats
[2025-11-13 20:08:10] ? Cancelled expired booking ID=58, Customer=1, Released 0 seats
[2025-11-13 20:08:15] ✅ QR Code URL (new format) generated: https://img.vietqr.io/image/VCB-1031419192-compact2.png?amount=70000&addInfo=VeThe%20Dark%20K
[2025-11-13 20:08:46] ✅ Admin ViewInvoice: Booking ID 63
[2025-11-13 20:09:10] ? Found 38 expired bookings to cancel
[2025-11-13 20:09:10] ? Cancelled expired booking ID=6, Customer=1, Released 0 seats
[2025-11-13 20:09:10] ? Cancelled expired booking ID=7, Customer=1, Released 0 seats
[2025-11-13 20:09:10] ? Cancelled expired booking ID=8, Customer=1, Released 0 seats
[2025-11-13 20:09:10] ? Cancelled expired booking ID=9, Customer=1, Released 0 seats
[2025-11-13 20:09:10] ? Cancelled expired booking ID=10, Customer=1, Released 1 seats
[2025-11-13 20:09:10] ? Cancelled expired booking ID=11, Customer=1, Released 0 seats
[2025-11-13 20:09:10] ? Cancelled expired booking ID=12, Customer=1, Released 2 seats
[2025-11-13 20:09:10] ? Cancelled expired booking ID=13, Customer=1, Released 1 seats
[2025-11-13 20:09:10] ? Cancelled expired booking ID=14, Customer=1, Released 2 seats
[2025-11-13 20:09:10] ? Cancelled expired booking ID=15, Customer=1, Released 0 seats
[2025-11-13 20:09:10] ? Cancelled expired booking ID=16, Customer=1, Released 0 seats
[2025-11-13 20:09:10] ? Cancelled expired booking ID=17, Customer=1, Released 0 seats
[2025-11-13 20:09:10] ? Cancelled expired booking ID=18, Customer=1, Released 0 seats
[2025-11-13 20:09:10] ? Cancelled expired booking ID=19, Customer=1, Released 1 seats
[2025-11-13 20:09:10] ? Cancelled expired booking ID=20, Customer=1, Released 0 seats
[2025-11-13 20:09:10] ? Cancelled expired booking ID=21, Customer=1, Released 0 seats
[2025-11-13 20:09:10] ? Cancelled expired booking ID=22, Customer=1, Released 0 seats
[2025-11-13 20:09:10] ? Cancelled expired booking ID=23, Customer=1, Released 0 seats
[2025-11-13 20:09:10] ? Cancelled expired booking ID=24, Customer=1, Released 0 seats
[2025-11-13 20:09:10] ? Cancelled expired booking ID=25, Customer=1, Released 0 seats
[2025-11-13 20:09:10] ? Cancelled expired booking ID=26, Customer=1, Released 2 seats
[2025-11-13 20:09:10] ? Cancelled expired booking ID=27, Customer=1, Released 0 seats
[2025-11-13 20:09:10] ? Cancelled expired booking ID=28, Customer=1, Released 0 seats
[2025-11-13 20:09:10] ? Cancelled expired booking ID=29, Customer=1, Released 0 seats
[2025-11-13 20:09:10] ? Cancelled expired booking ID=30, Customer=1, Released 0 seats
[2025-11-13 20:09:10] ? Cancelled expired booking ID=31, Customer=1, Released 1 seats
[2025-11-13 20:09:10] ? Cancelled expired booking ID=32, Customer=1, Released 2 seats
[2025-11-13 20:09:10] ? Cancelled expired booking ID=33, Customer=1, Released 2 seats
[2025-11-13 20:09:10] ? Cancelled expired booking ID=34, Customer=1, Released 2 seats
[2025-11-13 20:09:10] ? Cancelled expired booking ID=35, Customer=1, Released 0 seats
[2025-11-13 20:09:10] ? Cancelled expired booking ID=36, Customer=1, Released 2 seats
[2025-11-13 20:09:10] ? Cancelled expired booking ID=37, Customer=1, Released 1 seats
[2025-11-13 20:09:10] ? Cancelled expired booking ID=38, Customer=1, Released 0 seats
[2025-11-13 20:09:10] ? Cancelled expired booking ID=39, Customer=1, Released 2 seats
[2025-11-13 20:09:10] ? Cancelled expired booking ID=40, Customer=1, Released 2 seats
[2025-11-13 20:09:10] ? Cancelled expired booking ID=41, Customer=1, Released 1 seats
[2025-11-13 20:09:10] ? Cancelled expired booking ID=42, Customer=1, Released 2 seats
[2025-11-13 20:09:10] ? Cancelled expired booking ID=58, Customer=1, Released 0 seats
[2025-11-13 20:10:10] ? Found 38 expired bookings to cancel
[2025-11-13 20:10:10] ? Cancelled expired booking ID=6, Customer=1, Released 0 seats
[2025-11-13 20:10:10] ? Cancelled expired booking ID=7, Customer=1, Released 0 seats
[2025-11-13 20:10:10] ? Cancelled expired booking ID=8, Customer=1, Released 0 seats
[2025-11-13 20:10:10] ? Cancelled expired booking ID=9, Customer=1, Released 0 seats
[2025-11-13 20:10:10] ? Cancelled expired booking ID=10, Customer=1, Released 1 seats
[2025-11-13 20:10:10] ? Cancelled expired booking ID=11, Customer=1, Released 0 seats
[2025-11-13 20:10:10] ? Cancelled expired booking ID=12, Customer=1, Released 2 seats
[2025-11-13 20:10:10] ? Cancelled expired booking ID=13, Customer=1, Released 1 seats
[2025-11-13 20:10:10] ? Cancelled expired booking ID=14, Customer=1, Released 2 seats
[2025-11-13 20:10:10] ? Cancelled expired booking ID=15, Customer=1, Released 0 seats
[2025-11-13 20:10:10] ? Cancelled expired booking ID=16, Customer=1, Released 0 seats
[2025-11-13 20:10:10] ? Cancelled expired booking ID=17, Customer=1, Released 0 seats
[2025-11-13 20:10:10] ? Cancelled expired booking ID=18, Customer=1, Released 0 seats
[2025-11-13 20:10:10] ? Cancelled expired booking ID=19, Customer=1, Released 1 seats
[2025-11-13 20:10:10] ? Cancelled expired booking ID=20, Customer=1, Released 0 seats
[2025-11-13 20:10:10] ? Cancelled expired booking ID=21, Customer=1, Released 0 seats
[2025-11-13 20:10:10] ? Cancelled expired booking ID=22, Customer=1, Released 0 seats
[2025-11-13 20:10:10] ? Cancelled expired booking ID=23, Customer=1, Released 0 seats
[2025-11-13 20:10:10] ? Cancelled expired booking ID=24, Customer=1, Released 0 seats
[2025-11-13 20:10:10] ? Cancelled expired booking ID=25, Customer=1, Released 0 seats
[2025-11-13 20:10:10] ? Cancelled expired booking ID=26, Customer=1, Released 2 seats
[2025-11-13 20:10:10] ? Cancelled expired booking ID=27, Customer=1, Released 0 seats
[2025-11-13 20:10:10] ? Cancelled expired booking ID=28, Customer=1, Released 0 seats
[2025-11-13 20:10:10] ? Cancelled expired booking ID=29, Customer=1, Released 0 seats
[2025-11-13 20:10:10] ? Cancelled expired booking ID=30, Customer=1, Released 0 seats
[2025-11-13 20:10:10] ? Cancelled expired booking ID=31, Customer=1, Released 1 seats
[2025-11-13 20:10:10] ? Cancelled expired booking ID=32, Customer=1, Released 2 seats
[2025-11-13 20:10:10] ? Cancelled expired booking ID=33, Customer=1, Released 2 seats
[2025-11-13 20:10:10] ? Cancelled expired booking ID=34, Customer=1, Released 2 seats
[2025-11-13 20:10:10] ? Cancelled expired booking ID=35, Customer=1, Released 0 seats
[2025-11-13 20:10:10] ? Cancelled expired booking ID=36, Customer=1, Released 2 seats
[2025-11-13 20:10:10] ? Cancelled expired booking ID=37, Customer=1, Released 1 seats
[2025-11-13 20:10:10] ? Cancelled expired booking ID=38, Customer=1, Released 0 seats
[2025-11-13 20:10:10] ? Cancelled expired booking ID=39, Customer=1, Released 2 seats
[2025-11-13 20:10:10] ? Cancelled expired booking ID=40, Customer=1, Released 2 seats
[2025-11-13 20:10:10] ? Cancelled expired booking ID=41, Customer=1, Released 1 seats
[2025-11-13 20:10:10] ? Cancelled expired booking ID=42, Customer=1, Released 2 seats
[2025-11-13 20:10:10] ? Cancelled expired booking ID=58, Customer=1, Released 0 seats
[2025-11-13 20:11:10] ? Found 38 expired bookings to cancel
[2025-11-13 20:11:10] ? Cancelled expired booking ID=6, Customer=1, Released 0 seats
[2025-11-13 20:11:10] ? Cancelled expired booking ID=7, Customer=1, Released 0 seats
[2025-11-13 20:11:10] ? Cancelled expired booking ID=8, Customer=1, Released 0 seats
[2025-11-13 20:11:10] ? Cancelled expired booking ID=9, Customer=1, Released 0 seats
[2025-11-13 20:11:10] ? Cancelled expired booking ID=10, Customer=1, Released 1 seats
[2025-11-13 20:11:10] ? Cancelled expired booking ID=11, Customer=1, Released 0 seats
[2025-11-13 20:11:10] ? Cancelled expired booking ID=12, Customer=1, Released 2 seats
[2025-11-13 20:11:10] ? Cancelled expired booking ID=13, Customer=1, Released 1 seats
[2025-11-13 20:11:10] ? Cancelled expired booking ID=14, Customer=1, Released 2 seats
[2025-11-13 20:11:10] ? Cancelled expired booking ID=15, Customer=1, Released 0 seats
[2025-11-13 20:11:10] ? Cancelled expired booking ID=16, Customer=1, Released 0 seats
[2025-11-13 20:11:10] ? Cancelled expired booking ID=17, Customer=1, Released 0 seats
[2025-11-13 20:11:10] ? Cancelled expired booking ID=18, Customer=1, Released 0 seats
[2025-11-13 20:11:10] ? Cancelled expired booking ID=19, Customer=1, Released 1 seats
[2025-11-13 20:11:10] ? Cancelled expired booking ID=20, Customer=1, Released 0 seats
[2025-11-13 20:11:10] ? Cancelled expired booking ID=21, Customer=1, Released 0 seats
[2025-11-13 20:11:10] ? Cancelled expired booking ID=22, Customer=1, Released 0 seats
[2025-11-13 20:11:10] ? Cancelled expired booking ID=23, Customer=1, Released 0 seats
[2025-11-13 20:11:10] ? Cancelled expired booking ID=24, Customer=1, Released 0 seats
[2025-11-13 20:11:10] ? Cancelled expired booking ID=25, Customer=1, Released 0 seats
[2025-11-13 20:11:10] ? Cancelled expired booking ID=26, Customer=1, Released 2 seats
[2025-11-13 20:11:10] ? Cancelled expired booking ID=27, Customer=1, Released 0 seats
[2025-11-13 20:11:10] ? Cancelled expired booking ID=28, Customer=1, Released 0 seats
[2025-11-13 20:11:10] ? Cancelled expired booking ID=29, Customer=1, Released 0 seats
[2025-11-13 20:11:10] ? Cancelled expired booking ID=30, Customer=1, Released 0 seats
[2025-11-13 20:11:10] ? Cancelled expired booking ID=31, Customer=1, Released 1 seats
[2025-11-13 20:11:10] ? Cancelled expired booking ID=32, Customer=1, Released 2 seats
[2025-11-13 20:11:10] ? Cancelled expired booking ID=33, Customer=1, Released 2 seats
[2025-11-13 20:11:10] ? Cancelled expired booking ID=34, Customer=1, Released 2 seats
[2025-11-13 20:11:10] ? Cancelled expired booking ID=35, Customer=1, Released 0 seats
[2025-11-13 20:11:10] ? Cancelled expired booking ID=36, Customer=1, Released 2 seats
[2025-11-13 20:11:10] ? Cancelled expired booking ID=37, Customer=1, Released 1 seats
[2025-11-13 20:11:10] ? Cancelled expired booking ID=38, Customer=1, Released 0 seats
[2025-11-13 20:11:10] ? Cancelled expired booking ID=39, Customer=1, Released 2 seats
[2025-11-13 20:11:10] ? Cancelled expired booking ID=40, Customer=1, Released 2 seats
[2025-11-13 20:11:10] ? Cancelled expired booking ID=41, Customer=1, Released 1 seats
[2025-11-13 20:11:10] ? Cancelled expired booking ID=42, Customer=1, Released 2 seats
[2025-11-13 20:11:10] ? Cancelled expired booking ID=58, Customer=1, Released 0 seats
[2025-11-13 20:12:10] ? Found 38 expired bookings to cancel
[2025-11-13 20:12:10] ? Cancelled expired booking ID=6, Customer=1, Released 0 seats
[2025-11-13 20:12:10] ? Cancelled expired booking ID=7, Customer=1, Released 0 seats
[2025-11-13 20:12:10] ? Cancelled expired booking ID=8, Customer=1, Released 0 seats
[2025-11-13 20:12:10] ? Cancelled expired booking ID=9, Customer=1, Released 0 seats
[2025-11-13 20:12:10] ? Cancelled expired booking ID=10, Customer=1, Released 1 seats
[2025-11-13 20:12:10] ? Cancelled expired booking ID=11, Customer=1, Released 0 seats
[2025-11-13 20:12:10] ? Cancelled expired booking ID=12, Customer=1, Released 2 seats
[2025-11-13 20:12:10] ? Cancelled expired booking ID=13, Customer=1, Released 1 seats
[2025-11-13 20:12:10] ? Cancelled expired booking ID=14, Customer=1, Released 2 seats
[2025-11-13 20:12:10] ? Cancelled expired booking ID=15, Customer=1, Released 0 seats
[2025-11-13 20:12:10] ? Cancelled expired booking ID=16, Customer=1, Released 0 seats
[2025-11-13 20:12:10] ? Cancelled expired booking ID=17, Customer=1, Released 0 seats
[2025-11-13 20:12:10] ? Cancelled expired booking ID=18, Customer=1, Released 0 seats
[2025-11-13 20:12:10] ? Cancelled expired booking ID=19, Customer=1, Released 1 seats
[2025-11-13 20:12:10] ? Cancelled expired booking ID=20, Customer=1, Released 0 seats
[2025-11-13 20:12:10] ? Cancelled expired booking ID=21, Customer=1, Released 0 seats
[2025-11-13 20:12:10] ? Cancelled expired booking ID=22, Customer=1, Released 0 seats
[2025-11-13 20:12:10] ? Cancelled expired booking ID=23, Customer=1, Released 0 seats
[2025-11-13 20:12:10] ? Cancelled expired booking ID=24, Customer=1, Released 0 seats
[2025-11-13 20:12:10] ? Cancelled expired booking ID=25, Customer=1, Released 0 seats
[2025-11-13 20:12:10] ? Cancelled expired booking ID=26, Customer=1, Released 2 seats
[2025-11-13 20:12:10] ? Cancelled expired booking ID=27, Customer=1, Released 0 seats
[2025-11-13 20:12:10] ? Cancelled expired booking ID=28, Customer=1, Released 0 seats
[2025-11-13 20:12:10] ? Cancelled expired booking ID=29, Customer=1, Released 0 seats
[2025-11-13 20:12:10] ? Cancelled expired booking ID=30, Customer=1, Released 0 seats
[2025-11-13 20:12:10] ? Cancelled expired booking ID=31, Customer=1, Released 1 seats
[2025-11-13 20:12:10] ? Cancelled expired booking ID=32, Customer=1, Released 2 seats
[2025-11-13 20:12:10] ? Cancelled expired booking ID=33, Customer=1, Released 2 seats
[2025-11-13 20:12:10] ? Cancelled expired booking ID=34, Customer=1, Released 2 seats
[2025-11-13 20:12:10] ? Cancelled expired booking ID=35, Customer=1, Released 0 seats
[2025-11-13 20:12:10] ? Cancelled expired booking ID=36, Customer=1, Released 2 seats
[2025-11-13 20:12:10] ? Cancelled expired booking ID=37, Customer=1, Released 1 seats
[2025-11-13 20:12:10] ? Cancelled expired booking ID=38, Customer=1, Released 0 seats
[2025-11-13 20:12:10] ? Cancelled expired booking ID=39, Customer=1, Released 2 seats
[2025-11-13 20:12:10] ? Cancelled expired booking ID=40, Customer=1, Released 2 seats
[2025-11-13 20:12:10] ? Cancelled expired booking ID=41, Customer=1, Released 1 seats
[2025-11-13 20:12:10] ? Cancelled expired booking ID=42, Customer=1, Released 2 seats
[2025-11-13 20:12:10] ? Cancelled expired booking ID=58, Customer=1, Released 0 seats
[2025-11-13 20:13:10] ? Found 38 expired bookings to cancel
[2025-11-13 20:13:10] ? Cancelled expired booking ID=6, Customer=1, Released 0 seats
[2025-11-13 20:13:10] ? Cancelled expired booking ID=7, Customer=1, Released 0 seats
[2025-11-13 20:13:10] ? Cancelled expired booking ID=8, Customer=1, Released 0 seats
[2025-11-13 20:13:10] ? Cancelled expired booking ID=9, Customer=1, Released 0 seats
[2025-11-13 20:13:10] ? Cancelled expired booking ID=10, Customer=1, Released 1 seats
[2025-11-13 20:13:10] ? Cancelled expired booking ID=11, Customer=1, Released 0 seats
[2025-11-13 20:13:10] ? Cancelled expired booking ID=12, Customer=1, Released 2 seats
[2025-11-13 20:13:10] ? Cancelled expired booking ID=13, Customer=1, Released 1 seats
[2025-11-13 20:13:10] ? Cancelled expired booking ID=14, Customer=1, Released 2 seats
[2025-11-13 20:13:10] ? Cancelled expired booking ID=15, Customer=1, Released 0 seats
[2025-11-13 20:13:10] ? Cancelled expired booking ID=16, Customer=1, Released 0 seats
[2025-11-13 20:13:10] ? Cancelled expired booking ID=17, Customer=1, Released 0 seats
[2025-11-13 20:13:10] ? Cancelled expired booking ID=18, Customer=1, Released 0 seats
[2025-11-13 20:13:10] ? Cancelled expired booking ID=19, Customer=1, Released 1 seats
[2025-11-13 20:13:10] ? Cancelled expired booking ID=20, Customer=1, Released 0 seats
[2025-11-13 20:13:10] ? Cancelled expired booking ID=21, Customer=1, Released 0 seats
[2025-11-13 20:13:10] ? Cancelled expired booking ID=22, Customer=1, Released 0 seats
[2025-11-13 20:13:10] ? Cancelled expired booking ID=23, Customer=1, Released 0 seats
[2025-11-13 20:13:10] ? Cancelled expired booking ID=24, Customer=1, Released 0 seats
[2025-11-13 20:13:10] ? Cancelled expired booking ID=25, Customer=1, Released 0 seats
[2025-11-13 20:13:10] ? Cancelled expired booking ID=26, Customer=1, Released 2 seats
[2025-11-13 20:13:10] ? Cancelled expired booking ID=27, Customer=1, Released 0 seats
[2025-11-13 20:13:10] ? Cancelled expired booking ID=28, Customer=1, Released 0 seats
[2025-11-13 20:13:10] ? Cancelled expired booking ID=29, Customer=1, Released 0 seats
[2025-11-13 20:13:10] ? Cancelled expired booking ID=30, Customer=1, Released 0 seats
[2025-11-13 20:13:10] ? Cancelled expired booking ID=31, Customer=1, Released 1 seats
[2025-11-13 20:13:10] ? Cancelled expired booking ID=32, Customer=1, Released 2 seats
[2025-11-13 20:13:10] ? Cancelled expired booking ID=33, Customer=1, Released 2 seats
[2025-11-13 20:13:10] ? Cancelled expired booking ID=34, Customer=1, Released 2 seats
[2025-11-13 20:13:10] ? Cancelled expired booking ID=35, Customer=1, Released 0 seats
[2025-11-13 20:13:10] ? Cancelled expired booking ID=36, Customer=1, Released 2 seats
[2025-11-13 20:13:10] ? Cancelled expired booking ID=37, Customer=1, Released 1 seats
[2025-11-13 20:13:10] ? Cancelled expired booking ID=38, Customer=1, Released 0 seats
[2025-11-13 20:13:10] ? Cancelled expired booking ID=39, Customer=1, Released 2 seats
[2025-11-13 20:13:10] ? Cancelled expired booking ID=40, Customer=1, Released 2 seats
[2025-11-13 20:13:10] ? Cancelled expired booking ID=41, Customer=1, Released 1 seats
[2025-11-13 20:13:10] ? Cancelled expired booking ID=42, Customer=1, Released 2 seats
[2025-11-13 20:13:10] ? Cancelled expired booking ID=58, Customer=1, Released 0 seats
[2025-11-13 20:14:10] ? Found 38 expired bookings to cancel
[2025-11-13 20:14:10] ? Cancelled expired booking ID=6, Customer=1, Released 0 seats
[2025-11-13 20:14:10] ? Cancelled expired booking ID=7, Customer=1, Released 0 seats
[2025-11-13 20:14:10] ? Cancelled expired booking ID=8, Customer=1, Released 0 seats
[2025-11-13 20:14:10] ? Cancelled expired booking ID=9, Customer=1, Released 0 seats
[2025-11-13 20:14:10] ? Cancelled expired booking ID=10, Customer=1, Released 1 seats
[2025-11-13 20:14:10] ? Cancelled expired booking ID=11, Customer=1, Released 0 seats
[2025-11-13 20:14:10] ? Cancelled expired booking ID=12, Customer=1, Released 2 seats
[2025-11-13 20:14:10] ? Cancelled expired booking ID=13, Customer=1, Released 1 seats
[2025-11-13 20:14:10] ? Cancelled expired booking ID=14, Customer=1, Released 2 seats
[2025-11-13 20:14:10] ? Cancelled expired booking ID=15, Customer=1, Released 0 seats
[2025-11-13 20:14:10] ? Cancelled expired booking ID=16, Customer=1, Released 0 seats
[2025-11-13 20:14:10] ? Cancelled expired booking ID=17, Customer=1, Released 0 seats
[2025-11-13 20:14:10] ? Cancelled expired booking ID=18, Customer=1, Released 0 seats
[2025-11-13 20:14:10] ? Cancelled expired booking ID=19, Customer=1, Released 1 seats
[2025-11-13 20:14:10] ? Cancelled expired booking ID=20, Customer=1, Released 0 seats
[2025-11-13 20:14:10] ? Cancelled expired booking ID=21, Customer=1, Released 0 seats
[2025-11-13 20:14:10] ? Cancelled expired booking ID=22, Customer=1, Released 0 seats
[2025-11-13 20:14:10] ? Cancelled expired booking ID=23, Customer=1, Released 0 seats
[2025-11-13 20:14:10] ? Cancelled expired booking ID=24, Customer=1, Released 0 seats
[2025-11-13 20:14:10] ? Cancelled expired booking ID=25, Customer=1, Released 0 seats
[2025-11-13 20:14:10] ? Cancelled expired booking ID=26, Customer=1, Released 2 seats
[2025-11-13 20:14:10] ? Cancelled expired booking ID=27, Customer=1, Released 0 seats
[2025-11-13 20:14:10] ? Cancelled expired booking ID=28, Customer=1, Released 0 seats
[2025-11-13 20:14:10] ? Cancelled expired booking ID=29, Customer=1, Released 0 seats
[2025-11-13 20:14:10] ? Cancelled expired booking ID=30, Customer=1, Released 0 seats
[2025-11-13 20:14:10] ? Cancelled expired booking ID=31, Customer=1, Released 1 seats
[2025-11-13 20:14:10] ? Cancelled expired booking ID=32, Customer=1, Released 2 seats
[2025-11-13 20:14:10] ? Cancelled expired booking ID=33, Customer=1, Released 2 seats
[2025-11-13 20:14:10] ? Cancelled expired booking ID=34, Customer=1, Released 2 seats
[2025-11-13 20:14:10] ? Cancelled expired booking ID=35, Customer=1, Released 0 seats
[2025-11-13 20:14:10] ? Cancelled expired booking ID=36, Customer=1, Released 2 seats
[2025-11-13 20:14:10] ? Cancelled expired booking ID=37, Customer=1, Released 1 seats
[2025-11-13 20:14:10] ? Cancelled expired booking ID=38, Customer=1, Released 0 seats
[2025-11-13 20:14:10] ? Cancelled expired booking ID=39, Customer=1, Released 2 seats
[2025-11-13 20:14:10] ? Cancelled expired booking ID=40, Customer=1, Released 2 seats
[2025-11-13 20:14:10] ? Cancelled expired booking ID=41, Customer=1, Released 1 seats
[2025-11-13 20:14:10] ? Cancelled expired booking ID=42, Customer=1, Released 2 seats
[2025-11-13 20:14:10] ? Cancelled expired booking ID=58, Customer=1, Released 0 seats
[2025-11-13 20:15:10] ? Found 38 expired bookings to cancel
[2025-11-13 20:15:10] ? Cancelled expired booking ID=6, Customer=1, Released 0 seats
[2025-11-13 20:15:10] ? Cancelled expired booking ID=7, Customer=1, Released 0 seats
[2025-11-13 20:15:10] ? Cancelled expired booking ID=8, Customer=1, Released 0 seats
[2025-11-13 20:15:10] ? Cancelled expired booking ID=9, Customer=1, Released 0 seats
[2025-11-13 20:15:10] ? Cancelled expired booking ID=10, Customer=1, Released 1 seats
[2025-11-13 20:15:10] ? Cancelled expired booking ID=11, Customer=1, Released 0 seats
[2025-11-13 20:15:10] ? Cancelled expired booking ID=12, Customer=1, Released 2 seats
[2025-11-13 20:15:10] ? Cancelled expired booking ID=13, Customer=1, Released 1 seats
[2025-11-13 20:15:10] ? Cancelled expired booking ID=14, Customer=1, Released 2 seats
[2025-11-13 20:15:10] ? Cancelled expired booking ID=15, Customer=1, Released 0 seats
[2025-11-13 20:15:10] ? Cancelled expired booking ID=16, Customer=1, Released 0 seats
[2025-11-13 20:15:10] ? Cancelled expired booking ID=17, Customer=1, Released 0 seats
[2025-11-13 20:15:10] ? Cancelled expired booking ID=18, Customer=1, Released 0 seats
[2025-11-13 20:15:10] ? Cancelled expired booking ID=19, Customer=1, Released 1 seats
[2025-11-13 20:15:10] ? Cancelled expired booking ID=20, Customer=1, Released 0 seats
[2025-11-13 20:15:10] ? Cancelled expired booking ID=21, Customer=1, Released 0 seats
[2025-11-13 20:15:10] ? Cancelled expired booking ID=22, Customer=1, Released 0 seats
[2025-11-13 20:15:10] ? Cancelled expired booking ID=23, Customer=1, Released 0 seats
[2025-11-13 20:15:10] ? Cancelled expired booking ID=24, Customer=1, Released 0 seats
[2025-11-13 20:15:10] ? Cancelled expired booking ID=25, Customer=1, Released 0 seats
[2025-11-13 20:15:10] ? Cancelled expired booking ID=26, Customer=1, Released 2 seats
[2025-11-13 20:15:10] ? Cancelled expired booking ID=27, Customer=1, Released 0 seats
[2025-11-13 20:15:10] ? Cancelled expired booking ID=28, Customer=1, Released 0 seats
[2025-11-13 20:15:10] ? Cancelled expired booking ID=29, Customer=1, Released 0 seats
[2025-11-13 20:15:10] ? Cancelled expired booking ID=30, Customer=1, Released 0 seats
[2025-11-13 20:15:10] ? Cancelled expired booking ID=31, Customer=1, Released 1 seats
[2025-11-13 20:15:10] ? Cancelled expired booking ID=32, Customer=1, Released 2 seats
[2025-11-13 20:15:10] ? Cancelled expired booking ID=33, Customer=1, Released 2 seats
[2025-11-13 20:15:10] ? Cancelled expired booking ID=34, Customer=1, Released 2 seats
[2025-11-13 20:15:10] ? Cancelled expired booking ID=35, Customer=1, Released 0 seats
[2025-11-13 20:15:10] ? Cancelled expired booking ID=36, Customer=1, Released 2 seats
[2025-11-13 20:15:10] ? Cancelled expired booking ID=37, Customer=1, Released 1 seats
[2025-11-13 20:15:10] ? Cancelled expired booking ID=38, Customer=1, Released 0 seats
[2025-11-13 20:15:10] ? Cancelled expired booking ID=39, Customer=1, Released 2 seats
[2025-11-13 20:15:10] ? Cancelled expired booking ID=40, Customer=1, Released 2 seats
[2025-11-13 20:15:10] ? Cancelled expired booking ID=41, Customer=1, Released 1 seats
[2025-11-13 20:15:10] ? Cancelled expired booking ID=42, Customer=1, Released 2 seats
[2025-11-13 20:15:10] ? Cancelled expired booking ID=58, Customer=1, Released 0 seats
[2025-11-13 20:15:41] ✅ Admin ViewInvoice: Booking ID 63
[2025-11-13 20:16:10] ? Found 38 expired bookings to cancel
[2025-11-13 20:16:10] ? Cancelled expired booking ID=6, Customer=1, Released 0 seats
[2025-11-13 20:16:10] ? Cancelled expired booking ID=7, Customer=1, Released 0 seats
[2025-11-13 20:16:10] ? Cancelled expired booking ID=8, Customer=1, Released 0 seats
[2025-11-13 20:16:10] ? Cancelled expired booking ID=9, Customer=1, Released 0 seats
[2025-11-13 20:16:10] ? Cancelled expired booking ID=10, Customer=1, Released 1 seats
[2025-11-13 20:16:10] ? Cancelled expired booking ID=11, Customer=1, Released 0 seats
[2025-11-13 20:16:10] ? Cancelled expired booking ID=12, Customer=1, Released 2 seats
[2025-11-13 20:16:10] ? Cancelled expired booking ID=13, Customer=1, Released 1 seats
[2025-11-13 20:16:10] ? Cancelled expired booking ID=14, Customer=1, Released 2 seats
[2025-11-13 20:16:10] ? Cancelled expired booking ID=15, Customer=1, Released 0 seats
[2025-11-13 20:16:10] ? Cancelled expired booking ID=16, Customer=1, Released 0 seats
[2025-11-13 20:16:10] ? Cancelled expired booking ID=17, Customer=1, Released 0 seats
[2025-11-13 20:16:10] ? Cancelled expired booking ID=18, Customer=1, Released 0 seats
[2025-11-13 20:16:10] ? Cancelled expired booking ID=19, Customer=1, Released 1 seats
[2025-11-13 20:16:10] ? Cancelled expired booking ID=20, Customer=1, Released 0 seats
[2025-11-13 20:16:10] ? Cancelled expired booking ID=21, Customer=1, Released 0 seats
[2025-11-13 20:16:10] ? Cancelled expired booking ID=22, Customer=1, Released 0 seats
[2025-11-13 20:16:10] ? Cancelled expired booking ID=23, Customer=1, Released 0 seats
[2025-11-13 20:16:10] ? Cancelled expired booking ID=24, Customer=1, Released 0 seats
[2025-11-13 20:16:10] ? Cancelled expired booking ID=25, Customer=1, Released 0 seats
[2025-11-13 20:16:10] ? Cancelled expired booking ID=26, Customer=1, Released 2 seats
[2025-11-13 20:16:10] ? Cancelled expired booking ID=27, Customer=1, Released 0 seats
[2025-11-13 20:16:10] ? Cancelled expired booking ID=28, Customer=1, Released 0 seats
[2025-11-13 20:16:10] ? Cancelled expired booking ID=29, Customer=1, Released 0 seats
[2025-11-13 20:16:10] ? Cancelled expired booking ID=30, Customer=1, Released 0 seats
[2025-11-13 20:16:10] ? Cancelled expired booking ID=31, Customer=1, Released 1 seats
[2025-11-13 20:16:10] ? Cancelled expired booking ID=32, Customer=1, Released 2 seats
[2025-11-13 20:16:10] ? Cancelled expired booking ID=33, Customer=1, Released 2 seats
[2025-11-13 20:16:10] ? Cancelled expired booking ID=34, Customer=1, Released 2 seats
[2025-11-13 20:16:10] ? Cancelled expired booking ID=35, Customer=1, Released 0 seats
[2025-11-13 20:16:10] ? Cancelled expired booking ID=36, Customer=1, Released 2 seats
[2025-11-13 20:16:10] ? Cancelled expired booking ID=37, Customer=1, Released 1 seats
[2025-11-13 20:16:10] ? Cancelled expired booking ID=38, Customer=1, Released 0 seats
[2025-11-13 20:16:10] ? Cancelled expired booking ID=39, Customer=1, Released 2 seats
[2025-11-13 20:16:10] ? Cancelled expired booking ID=40, Customer=1, Released 2 seats
[2025-11-13 20:16:10] ? Cancelled expired booking ID=41, Customer=1, Released 1 seats
[2025-11-13 20:16:10] ? Cancelled expired booking ID=42, Customer=1, Released 2 seats
[2025-11-13 20:16:10] ? Cancelled expired booking ID=58, Customer=1, Released 0 seats
[2025-11-13 20:17:10] ? Found 38 expired bookings to cancel
[2025-11-13 20:17:10] ? Cancelled expired booking ID=6, Customer=1, Released 0 seats
[2025-11-13 20:17:10] ? Cancelled expired booking ID=7, Customer=1, Released 0 seats
[2025-11-13 20:17:10] ? Cancelled expired booking ID=8, Customer=1, Released 0 seats
[2025-11-13 20:17:10] ? Cancelled expired booking ID=9, Customer=1, Released 0 seats
[2025-11-13 20:17:10] ? Cancelled expired booking ID=10, Customer=1, Released 1 seats
[2025-11-13 20:17:10] ? Cancelled expired booking ID=11, Customer=1, Released 0 seats
[2025-11-13 20:17:10] ? Cancelled expired booking ID=12, Customer=1, Released 2 seats
[2025-11-13 20:17:10] ? Cancelled expired booking ID=13, Customer=1, Released 1 seats
[2025-11-13 20:17:10] ? Cancelled expired booking ID=14, Customer=1, Released 2 seats
[2025-11-13 20:17:10] ? Cancelled expired booking ID=15, Customer=1, Released 0 seats
[2025-11-13 20:17:10] ? Cancelled expired booking ID=16, Customer=1, Released 0 seats
[2025-11-13 20:17:10] ? Cancelled expired booking ID=17, Customer=1, Released 0 seats
[2025-11-13 20:17:10] ? Cancelled expired booking ID=18, Customer=1, Released 0 seats
[2025-11-13 20:17:10] ? Cancelled expired booking ID=19, Customer=1, Released 1 seats
[2025-11-13 20:17:10] ? Cancelled expired booking ID=20, Customer=1, Released 0 seats
[2025-11-13 20:17:10] ? Cancelled expired booking ID=21, Customer=1, Released 0 seats
[2025-11-13 20:17:10] ? Cancelled expired booking ID=22, Customer=1, Released 0 seats
[2025-11-13 20:17:10] ? Cancelled expired booking ID=23, Customer=1, Released 0 seats
[2025-11-13 20:17:10] ? Cancelled expired booking ID=24, Customer=1, Released 0 seats
[2025-11-13 20:17:10] ? Cancelled expired booking ID=25, Customer=1, Released 0 seats
[2025-11-13 20:17:10] ? Cancelled expired booking ID=26, Customer=1, Released 2 seats
[2025-11-13 20:17:10] ? Cancelled expired booking ID=27, Customer=1, Released 0 seats
[2025-11-13 20:17:10] ? Cancelled expired booking ID=28, Customer=1, Released 0 seats
[2025-11-13 20:17:10] ? Cancelled expired booking ID=29, Customer=1, Released 0 seats
[2025-11-13 20:17:10] ? Cancelled expired booking ID=30, Customer=1, Released 0 seats
[2025-11-13 20:17:10] ? Cancelled expired booking ID=31, Customer=1, Released 1 seats
[2025-11-13 20:17:10] ? Cancelled expired booking ID=32, Customer=1, Released 2 seats
[2025-11-13 20:17:10] ? Cancelled expired booking ID=33, Customer=1, Released 2 seats
[2025-11-13 20:17:10] ? Cancelled expired booking ID=34, Customer=1, Released 2 seats
[2025-11-13 20:17:10] ? Cancelled expired booking ID=35, Customer=1, Released 0 seats
[2025-11-13 20:17:10] ? Cancelled expired booking ID=36, Customer=1, Released 2 seats
[2025-11-13 20:17:10] ? Cancelled expired booking ID=37, Customer=1, Released 1 seats
[2025-11-13 20:17:10] ? Cancelled expired booking ID=38, Customer=1, Released 0 seats
[2025-11-13 20:17:10] ? Cancelled expired booking ID=39, Customer=1, Released 2 seats
[2025-11-13 20:17:10] ? Cancelled expired booking ID=40, Customer=1, Released 2 seats
[2025-11-13 20:17:10] ? Cancelled expired booking ID=41, Customer=1, Released 1 seats
[2025-11-13 20:17:10] ? Cancelled expired booking ID=42, Customer=1, Released 2 seats
[2025-11-13 20:17:10] ? Cancelled expired booking ID=58, Customer=1, Released 0 seats
[2025-11-13 20:18:10] ? Found 38 expired bookings to cancel
[2025-11-13 20:18:10] ? Cancelled expired booking ID=6, Customer=1, Released 0 seats
[2025-11-13 20:18:10] ? Cancelled expired booking ID=7, Customer=1, Released 0 seats
[2025-11-13 20:18:10] ? Cancelled expired booking ID=8, Customer=1, Released 0 seats
[2025-11-13 20:18:10] ? Cancelled expired booking ID=9, Customer=1, Released 0 seats
[2025-11-13 20:18:10] ? Cancelled expired booking ID=10, Customer=1, Released 1 seats
[2025-11-13 20:18:10] ? Cancelled expired booking ID=11, Customer=1, Released 0 seats
[2025-11-13 20:18:10] ? Cancelled expired booking ID=12, Customer=1, Released 2 seats
[2025-11-13 20:18:10] ? Cancelled expired booking ID=13, Customer=1, Released 1 seats
[2025-11-13 20:18:10] ? Cancelled expired booking ID=14, Customer=1, Released 2 seats
[2025-11-13 20:18:10] ? Cancelled expired booking ID=15, Customer=1, Released 0 seats
[2025-11-13 20:18:10] ? Cancelled expired booking ID=16, Customer=1, Released 0 seats
[2025-11-13 20:18:10] ? Cancelled expired booking ID=17, Customer=1, Released 0 seats
[2025-11-13 20:18:10] ? Cancelled expired booking ID=18, Customer=1, Released 0 seats
[2025-11-13 20:18:10] ? Cancelled expired booking ID=19, Customer=1, Released 1 seats
[2025-11-13 20:18:10] ? Cancelled expired booking ID=20, Customer=1, Released 0 seats
[2025-11-13 20:18:10] ? Cancelled expired booking ID=21, Customer=1, Released 0 seats
[2025-11-13 20:18:10] ? Cancelled expired booking ID=22, Customer=1, Released 0 seats
[2025-11-13 20:18:10] ? Cancelled expired booking ID=23, Customer=1, Released 0 seats
[2025-11-13 20:18:10] ? Cancelled expired booking ID=24, Customer=1, Released 0 seats
[2025-11-13 20:18:10] ? Cancelled expired booking ID=25, Customer=1, Released 0 seats
[2025-11-13 20:18:10] ? Cancelled expired booking ID=26, Customer=1, Released 2 seats
[2025-11-13 20:18:10] ? Cancelled expired booking ID=27, Customer=1, Released 0 seats
[2025-11-13 20:18:10] ? Cancelled expired booking ID=28, Customer=1, Released 0 seats
[2025-11-13 20:18:10] ? Cancelled expired booking ID=29, Customer=1, Released 0 seats
[2025-11-13 20:18:10] ? Cancelled expired booking ID=30, Customer=1, Released 0 seats
[2025-11-13 20:18:10] ? Cancelled expired booking ID=31, Customer=1, Released 1 seats
[2025-11-13 20:18:10] ? Cancelled expired booking ID=32, Customer=1, Released 2 seats
[2025-11-13 20:18:10] ? Cancelled expired booking ID=33, Customer=1, Released 2 seats
[2025-11-13 20:18:10] ? Cancelled expired booking ID=34, Customer=1, Released 2 seats
[2025-11-13 20:18:10] ? Cancelled expired booking ID=35, Customer=1, Released 0 seats
[2025-11-13 20:18:10] ? Cancelled expired booking ID=36, Customer=1, Released 2 seats
[2025-11-13 20:18:10] ? Cancelled expired booking ID=37, Customer=1, Released 1 seats
[2025-11-13 20:18:10] ? Cancelled expired booking ID=38, Customer=1, Released 0 seats
[2025-11-13 20:18:10] ? Cancelled expired booking ID=39, Customer=1, Released 2 seats
[2025-11-13 20:18:10] ? Cancelled expired booking ID=40, Customer=1, Released 2 seats
[2025-11-13 20:18:10] ? Cancelled expired booking ID=41, Customer=1, Released 1 seats
[2025-11-13 20:18:10] ? Cancelled expired booking ID=42, Customer=1, Released 2 seats
[2025-11-13 20:18:10] ? Cancelled expired booking ID=58, Customer=1, Released 0 seats
[2025-11-13 20:19:10] ? Found 38 expired bookings to cancel
[2025-11-13 20:19:10] ? Cancelled expired booking ID=6, Customer=1, Released 0 seats
[2025-11-13 20:19:10] ? Cancelled expired booking ID=7, Customer=1, Released 0 seats
[2025-11-13 20:19:10] ? Cancelled expired booking ID=8, Customer=1, Released 0 seats
[2025-11-13 20:19:10] ? Cancelled expired booking ID=9, Customer=1, Released 0 seats
[2025-11-13 20:19:10] ? Cancelled expired booking ID=10, Customer=1, Released 1 seats
[2025-11-13 20:19:10] ? Cancelled expired booking ID=11, Customer=1, Released 0 seats
[2025-11-13 20:19:10] ? Cancelled expired booking ID=12, Customer=1, Released 2 seats
[2025-11-13 20:19:10] ? Cancelled expired booking ID=13, Customer=1, Released 1 seats
[2025-11-13 20:19:10] ? Cancelled expired booking ID=14, Customer=1, Released 2 seats
[2025-11-13 20:19:10] ? Cancelled expired booking ID=15, Customer=1, Released 0 seats
[2025-11-13 20:19:10] ? Cancelled expired booking ID=16, Customer=1, Released 0 seats
[2025-11-13 20:19:10] ? Cancelled expired booking ID=17, Customer=1, Released 0 seats
[2025-11-13 20:19:10] ? Cancelled expired booking ID=18, Customer=1, Released 0 seats
[2025-11-13 20:19:10] ? Cancelled expired booking ID=19, Customer=1, Released 1 seats
[2025-11-13 20:19:10] ? Cancelled expired booking ID=20, Customer=1, Released 0 seats
[2025-11-13 20:19:10] ? Cancelled expired booking ID=21, Customer=1, Released 0 seats
[2025-11-13 20:19:10] ? Cancelled expired booking ID=22, Customer=1, Released 0 seats
[2025-11-13 20:19:10] ? Cancelled expired booking ID=23, Customer=1, Released 0 seats
[2025-11-13 20:19:10] ? Cancelled expired booking ID=24, Customer=1, Released 0 seats
[2025-11-13 20:19:10] ? Cancelled expired booking ID=25, Customer=1, Released 0 seats
[2025-11-13 20:19:10] ? Cancelled expired booking ID=26, Customer=1, Released 2 seats
[2025-11-13 20:19:10] ? Cancelled expired booking ID=27, Customer=1, Released 0 seats
[2025-11-13 20:19:10] ? Cancelled expired booking ID=28, Customer=1, Released 0 seats
[2025-11-13 20:19:10] ? Cancelled expired booking ID=29, Customer=1, Released 0 seats
[2025-11-13 20:19:10] ? Cancelled expired booking ID=30, Customer=1, Released 0 seats
[2025-11-13 20:19:10] ? Cancelled expired booking ID=31, Customer=1, Released 1 seats
[2025-11-13 20:19:10] ? Cancelled expired booking ID=32, Customer=1, Released 2 seats
[2025-11-13 20:19:10] ? Cancelled expired booking ID=33, Customer=1, Released 2 seats
[2025-11-13 20:19:10] ? Cancelled expired booking ID=34, Customer=1, Released 2 seats
[2025-11-13 20:19:10] ? Cancelled expired booking ID=35, Customer=1, Released 0 seats
[2025-11-13 20:19:10] ? Cancelled expired booking ID=36, Customer=1, Released 2 seats
[2025-11-13 20:19:10] ? Cancelled expired booking ID=37, Customer=1, Released 1 seats
[2025-11-13 20:19:10] ? Cancelled expired booking ID=38, Customer=1, Released 0 seats
[2025-11-13 20:19:10] ? Cancelled expired booking ID=39, Customer=1, Released 2 seats
[2025-11-13 20:19:10] ? Cancelled expired booking ID=40, Customer=1, Released 2 seats
[2025-11-13 20:19:10] ? Cancelled expired booking ID=41, Customer=1, Released 1 seats
[2025-11-13 20:19:10] ? Cancelled expired booking ID=42, Customer=1, Released 2 seats
[2025-11-13 20:19:10] ? Cancelled expired booking ID=58, Customer=1, Released 0 seats
[2025-11-13 20:19:11] ✅ Admin ViewInvoice: Booking ID 63
[2025-11-13 20:47:41] ? BookingExpirationService started
[2025-11-13 20:48:41] ? Found 38 expired bookings to cancel
[2025-11-13 20:48:41] ? Cancelled expired booking ID=6, Customer=1, Released 0 seats
[2025-11-13 20:48:41] ? Cancelled expired booking ID=7, Customer=1, Released 0 seats
[2025-11-13 20:48:41] ? Cancelled expired booking ID=8, Customer=1, Released 0 seats
[2025-11-13 20:48:41] ? Cancelled expired booking ID=9, Customer=1, Released 0 seats
[2025-11-13 20:48:41] ? Cancelled expired booking ID=10, Customer=1, Released 1 seats
[2025-11-13 20:48:41] ? Cancelled expired booking ID=11, Customer=1, Released 0 seats
[2025-11-13 20:48:41] ? Cancelled expired booking ID=12, Customer=1, Released 2 seats
[2025-11-13 20:48:41] ? Cancelled expired booking ID=13, Customer=1, Released 1 seats
[2025-11-13 20:48:41] ? Cancelled expired booking ID=14, Customer=1, Released 2 seats
[2025-11-13 20:48:41] ? Cancelled expired booking ID=15, Customer=1, Released 0 seats
[2025-11-13 20:48:41] ? Cancelled expired booking ID=16, Customer=1, Released 0 seats
[2025-11-13 20:48:41] ? Cancelled expired booking ID=17, Customer=1, Released 0 seats
[2025-11-13 20:48:41] ? Cancelled expired booking ID=18, Customer=1, Released 0 seats
[2025-11-13 20:48:41] ? Cancelled expired booking ID=19, Customer=1, Released 1 seats
[2025-11-13 20:48:41] ? Cancelled expired booking ID=20, Customer=1, Released 0 seats
[2025-11-13 20:48:41] ? Cancelled expired booking ID=21, Customer=1, Released 0 seats
[2025-11-13 20:48:41] ? Cancelled expired booking ID=22, Customer=1, Released 0 seats
[2025-11-13 20:48:41] ? Cancelled expired booking ID=23, Customer=1, Released 0 seats
[2025-11-13 20:48:41] ? Cancelled expired booking ID=24, Customer=1, Released 0 seats
[2025-11-13 20:48:41] ? Cancelled expired booking ID=25, Customer=1, Released 0 seats
[2025-11-13 20:48:41] ? Cancelled expired booking ID=26, Customer=1, Released 2 seats
[2025-11-13 20:48:41] ? Cancelled expired booking ID=27, Customer=1, Released 0 seats
[2025-11-13 20:48:41] ? Cancelled expired booking ID=28, Customer=1, Released 0 seats
[2025-11-13 20:48:41] ? Cancelled expired booking ID=29, Customer=1, Released 0 seats
[2025-11-13 20:48:41] ? Cancelled expired booking ID=30, Customer=1, Released 0 seats
[2025-11-13 20:48:41] ? Cancelled expired booking ID=31, Customer=1, Released 1 seats
[2025-11-13 20:48:41] ? Cancelled expired booking ID=32, Customer=1, Released 2 seats
[2025-11-13 20:48:41] ? Cancelled expired booking ID=33, Customer=1, Released 2 seats
[2025-11-13 20:48:41] ? Cancelled expired booking ID=34, Customer=1, Released 2 seats
[2025-11-13 20:48:41] ? Cancelled expired booking ID=35, Customer=1, Released 0 seats
[2025-11-13 20:48:41] ? Cancelled expired booking ID=36, Customer=1, Released 2 seats
[2025-11-13 20:48:41] ? Cancelled expired booking ID=37, Customer=1, Released 1 seats
[2025-11-13 20:48:41] ? Cancelled expired booking ID=38, Customer=1, Released 0 seats
[2025-11-13 20:48:41] ? Cancelled expired booking ID=39, Customer=1, Released 2 seats
[2025-11-13 20:48:41] ? Cancelled expired booking ID=40, Customer=1, Released 2 seats
[2025-11-13 20:48:41] ? Cancelled expired booking ID=41, Customer=1, Released 1 seats
[2025-11-13 20:48:41] ? Cancelled expired booking ID=42, Customer=1, Released 2 seats
[2025-11-13 20:48:41] ? Cancelled expired booking ID=58, Customer=1, Released 0 seats
[2025-11-13 20:49:41] ? Found 38 expired bookings to cancel
[2025-11-13 20:49:41] ? Cancelled expired booking ID=6, Customer=1, Released 0 seats
[2025-11-13 20:49:41] ? Cancelled expired booking ID=7, Customer=1, Released 0 seats
[2025-11-13 20:49:41] ? Cancelled expired booking ID=8, Customer=1, Released 0 seats
[2025-11-13 20:49:41] ? Cancelled expired booking ID=9, Customer=1, Released 0 seats
[2025-11-13 20:49:41] ? Cancelled expired booking ID=10, Customer=1, Released 1 seats
[2025-11-13 20:49:41] ? Cancelled expired booking ID=11, Customer=1, Released 0 seats
[2025-11-13 20:49:41] ? Cancelled expired booking ID=12, Customer=1, Released 2 seats
[2025-11-13 20:49:41] ? Cancelled expired booking ID=13, Customer=1, Released 1 seats
[2025-11-13 20:49:41] ? Cancelled expired booking ID=14, Customer=1, Released 2 seats
[2025-11-13 20:49:41] ? Cancelled expired booking ID=15, Customer=1, Released 0 seats
[2025-11-13 20:49:41] ? Cancelled expired booking ID=16, Customer=1, Released 0 seats
[2025-11-13 20:49:41] ? Cancelled expired booking ID=17, Customer=1, Released 0 seats
[2025-11-13 20:49:41] ? Cancelled expired booking ID=18, Customer=1, Released 0 seats
[2025-11-13 20:49:41] ? Cancelled expired booking ID=19, Customer=1, Released 1 seats
[2025-11-13 20:49:41] ? Cancelled expired booking ID=20, Customer=1, Released 0 seats
[2025-11-13 20:49:41] ? Cancelled expired booking ID=21, Customer=1, Released 0 seats
[2025-11-13 20:49:41] ? Cancelled expired booking ID=22, Customer=1, Released 0 seats
[2025-11-13 20:49:41] ? Cancelled expired booking ID=23, Customer=1, Released 0 seats
[2025-11-13 20:49:41] ? Cancelled expired booking ID=24, Customer=1, Released 0 seats
[2025-11-13 20:49:41] ? Cancelled expired booking ID=25, Customer=1, Released 0 seats
[2025-11-13 20:49:41] ? Cancelled expired booking ID=26, Customer=1, Released 2 seats
[2025-11-13 20:49:41] ? Cancelled expired booking ID=27, Customer=1, Released 0 seats
[2025-11-13 20:49:41] ? Cancelled expired booking ID=28, Customer=1, Released 0 seats
[2025-11-13 20:49:41] ? Cancelled expired booking ID=29, Customer=1, Released 0 seats
[2025-11-13 20:49:41] ? Cancelled expired booking ID=30, Customer=1, Released 0 seats
[2025-11-13 20:49:41] ? Cancelled expired booking ID=31, Customer=1, Released 1 seats
[2025-11-13 20:49:41] ? Cancelled expired booking ID=32, Customer=1, Released 2 seats
[2025-11-13 20:49:41] ? Cancelled expired booking ID=33, Customer=1, Released 2 seats
[2025-11-13 20:49:41] ? Cancelled expired booking ID=34, Customer=1, Released 2 seats
[2025-11-13 20:49:41] ? Cancelled expired booking ID=35, Customer=1, Released 0 seats
[2025-11-13 20:49:41] ? Cancelled expired booking ID=36, Customer=1, Released 2 seats
[2025-11-13 20:49:41] ? Cancelled expired booking ID=37, Customer=1, Released 1 seats
[2025-11-13 20:49:41] ? Cancelled expired booking ID=38, Customer=1, Released 0 seats
[2025-11-13 20:49:41] ? Cancelled expired booking ID=39, Customer=1, Released 2 seats
[2025-11-13 20:49:41] ? Cancelled expired booking ID=40, Customer=1, Released 2 seats
[2025-11-13 20:49:41] ? Cancelled expired booking ID=41, Customer=1, Released 1 seats
[2025-11-13 20:49:41] ? Cancelled expired booking ID=42, Customer=1, Released 2 seats
[2025-11-13 20:49:41] ? Cancelled expired booking ID=58, Customer=1, Released 0 seats
[2025-11-13 20:50:41] ? Found 38 expired bookings to cancel
[2025-11-13 20:50:41] ? Cancelled expired booking ID=6, Customer=1, Released 0 seats
[2025-11-13 20:50:41] ? Cancelled expired booking ID=7, Customer=1, Released 0 seats
[2025-11-13 20:50:41] ? Cancelled expired booking ID=8, Customer=1, Released 0 seats
[2025-11-13 20:50:41] ? Cancelled expired booking ID=9, Customer=1, Released 0 seats
[2025-11-13 20:50:41] ? Cancelled expired booking ID=10, Customer=1, Released 1 seats
[2025-11-13 20:50:41] ? Cancelled expired booking ID=11, Customer=1, Released 0 seats
[2025-11-13 20:50:41] ? Cancelled expired booking ID=12, Customer=1, Released 2 seats
[2025-11-13 20:50:41] ? Cancelled expired booking ID=13, Customer=1, Released 1 seats
[2025-11-13 20:50:41] ? Cancelled expired booking ID=14, Customer=1, Released 2 seats
[2025-11-13 20:50:41] ? Cancelled expired booking ID=15, Customer=1, Released 0 seats
[2025-11-13 20:50:41] ? Cancelled expired booking ID=16, Customer=1, Released 0 seats
[2025-11-13 20:50:41] ? Cancelled expired booking ID=17, Customer=1, Released 0 seats
[2025-11-13 20:50:41] ? Cancelled expired booking ID=18, Customer=1, Released 0 seats
[2025-11-13 20:50:41] ? Cancelled expired booking ID=19, Customer=1, Released 1 seats
[2025-11-13 20:50:41] ? Cancelled expired booking ID=20, Customer=1, Released 0 seats
[2025-11-13 20:50:41] ? Cancelled expired booking ID=21, Customer=1, Released 0 seats
[2025-11-13 20:50:41] ? Cancelled expired booking ID=22, Customer=1, Released 0 seats
[2025-11-13 20:50:41] ? Cancelled expired booking ID=23, Customer=1, Released 0 seats
[2025-11-13 20:50:41] ? Cancelled expired booking ID=24, Customer=1, Released 0 seats
[2025-11-13 20:50:41] ? Cancelled expired booking ID=25, Customer=1, Released 0 seats
[2025-11-13 20:50:41] ? Cancelled expired booking ID=26, Customer=1, Released 2 seats
[2025-11-13 20:50:41] ? Cancelled expired booking ID=27, Customer=1, Released 0 seats
[2025-11-13 20:50:41] ? Cancelled expired booking ID=28, Customer=1, Released 0 seats
[2025-11-13 20:50:41] ? Cancelled expired booking ID=29, Customer=1, Released 0 seats
[2025-11-13 20:50:41] ? Cancelled expired booking ID=30, Customer=1, Released 0 seats
[2025-11-13 20:50:41] ? Cancelled expired booking ID=31, Customer=1, Released 1 seats
[2025-11-13 20:50:41] ? Cancelled expired booking ID=32, Customer=1, Released 2 seats
[2025-11-13 20:50:41] ? Cancelled expired booking ID=33, Customer=1, Released 2 seats
[2025-11-13 20:50:41] ? Cancelled expired booking ID=34, Customer=1, Released 2 seats
[2025-11-13 20:50:41] ? Cancelled expired booking ID=35, Customer=1, Released 0 seats
[2025-11-13 20:50:41] ? Cancelled expired booking ID=36, Customer=1, Released 2 seats
[2025-11-13 20:50:41] ? Cancelled expired booking ID=37, Customer=1, Released 1 seats
[2025-11-13 20:50:41] ? Cancelled expired booking ID=38, Customer=1, Released 0 seats
[2025-11-13 20:50:41] ? Cancelled expired booking ID=39, Customer=1, Released 2 seats
[2025-11-13 20:50:41] ? Cancelled expired booking ID=40, Customer=1, Released 2 seats
[2025-11-13 20:50:41] ? Cancelled expired booking ID=41, Customer=1, Released 1 seats
[2025-11-13 20:50:41] ? Cancelled expired booking ID=42, Customer=1, Released 2 seats
[2025-11-13 20:50:41] ? Cancelled expired booking ID=58, Customer=1, Released 0 seats
[2025-11-13 20:51:41] ? Found 38 expired bookings to cancel
[2025-11-13 20:51:41] ? Cancelled expired booking ID=6, Customer=1, Released 0 seats
[2025-11-13 20:51:41] ? Cancelled expired booking ID=7, Customer=1, Released 0 seats
[2025-11-13 20:51:41] ? Cancelled expired booking ID=8, Customer=1, Released 0 seats
[2025-11-13 20:51:41] ? Cancelled expired booking ID=9, Customer=1, Released 0 seats
[2025-11-13 20:51:41] ? Cancelled expired booking ID=10, Customer=1, Released 1 seats
[2025-11-13 20:51:41] ? Cancelled expired booking ID=11, Customer=1, Released 0 seats
[2025-11-13 20:51:41] ? Cancelled expired booking ID=12, Customer=1, Released 2 seats
[2025-11-13 20:51:41] ? Cancelled expired booking ID=13, Customer=1, Released 1 seats
[2025-11-13 20:51:41] ? Cancelled expired booking ID=14, Customer=1, Released 2 seats
[2025-11-13 20:51:41] ? Cancelled expired booking ID=15, Customer=1, Released 0 seats
[2025-11-13 20:51:41] ? Cancelled expired booking ID=16, Customer=1, Released 0 seats
[2025-11-13 20:51:41] ? Cancelled expired booking ID=17, Customer=1, Released 0 seats
[2025-11-13 20:51:41] ? Cancelled expired booking ID=18, Customer=1, Released 0 seats
[2025-11-13 20:51:41] ? Cancelled expired booking ID=19, Customer=1, Released 1 seats
[2025-11-13 20:51:41] ? Cancelled expired booking ID=20, Customer=1, Released 0 seats
[2025-11-13 20:51:41] ? Cancelled expired booking ID=21, Customer=1, Released 0 seats
[2025-11-13 20:51:41] ? Cancelled expired booking ID=22, Customer=1, Released 0 seats
[2025-11-13 20:51:41] ? Cancelled expired booking ID=23, Customer=1, Released 0 seats
[2025-11-13 20:51:41] ? Cancelled expired booking ID=24, Customer=1, Released 0 seats
[2025-11-13 20:51:41] ? Cancelled expired booking ID=25, Customer=1, Released 0 seats
[2025-11-13 20:51:41] ? Cancelled expired booking ID=26, Customer=1, Released 2 seats
[2025-11-13 20:51:41] ? Cancelled expired booking ID=27, Customer=1, Released 0 seats
[2025-11-13 20:51:41] ? Cancelled expired booking ID=28, Customer=1, Released 0 seats
[2025-11-13 20:51:41] ? Cancelled expired booking ID=29, Customer=1, Released 0 seats
[2025-11-13 20:51:41] ? Cancelled expired booking ID=30, Customer=1, Released 0 seats
[2025-11-13 20:51:41] ? Cancelled expired booking ID=31, Customer=1, Released 1 seats
[2025-11-13 20:51:41] ? Cancelled expired booking ID=32, Customer=1, Released 2 seats
[2025-11-13 20:51:41] ? Cancelled expired booking ID=33, Customer=1, Released 2 seats
[2025-11-13 20:51:41] ? Cancelled expired booking ID=34, Customer=1, Released 2 seats
[2025-11-13 20:51:41] ? Cancelled expired booking ID=35, Customer=1, Released 0 seats
[2025-11-13 20:51:41] ? Cancelled expired booking ID=36, Customer=1, Released 2 seats
[2025-11-13 20:51:41] ? Cancelled expired booking ID=37, Customer=1, Released 1 seats
[2025-11-13 20:51:41] ? Cancelled expired booking ID=38, Customer=1, Released 0 seats
[2025-11-13 20:51:41] ? Cancelled expired booking ID=39, Customer=1, Released 2 seats
[2025-11-13 20:51:41] ? Cancelled expired booking ID=40, Customer=1, Released 2 seats
[2025-11-13 20:51:41] ? Cancelled expired booking ID=41, Customer=1, Released 1 seats
[2025-11-13 20:51:41] ? Cancelled expired booking ID=42, Customer=1, Released 2 seats
[2025-11-13 20:51:41] ? Cancelled expired booking ID=58, Customer=1, Released 0 seats
[2025-11-13 20:52:41] ? Found 38 expired bookings to cancel
[2025-11-13 20:52:41] ? Cancelled expired booking ID=6, Customer=1, Released 0 seats
[2025-11-13 20:52:41] ? Cancelled expired booking ID=7, Customer=1, Released 0 seats
[2025-11-13 20:52:41] ? Cancelled expired booking ID=8, Customer=1, Released 0 seats
[2025-11-13 20:52:41] ? Cancelled expired booking ID=9, Customer=1, Released 0 seats
[2025-11-13 20:52:41] ? Cancelled expired booking ID=10, Customer=1, Released 1 seats
[2025-11-13 20:52:41] ? Cancelled expired booking ID=11, Customer=1, Released 0 seats
[2025-11-13 20:52:41] ? Cancelled expired booking ID=12, Customer=1, Released 2 seats
[2025-11-13 20:52:41] ? Cancelled expired booking ID=13, Customer=1, Released 1 seats
[2025-11-13 20:52:41] ? Cancelled expired booking ID=14, Customer=1, Released 2 seats
[2025-11-13 20:52:41] ? Cancelled expired booking ID=15, Customer=1, Released 0 seats
[2025-11-13 20:52:41] ? Cancelled expired booking ID=16, Customer=1, Released 0 seats
[2025-11-13 20:52:41] ? Cancelled expired booking ID=17, Customer=1, Released 0 seats
[2025-11-13 20:52:41] ? Cancelled expired booking ID=18, Customer=1, Released 0 seats
[2025-11-13 20:52:41] ? Cancelled expired booking ID=19, Customer=1, Released 1 seats
[2025-11-13 20:52:41] ? Cancelled expired booking ID=20, Customer=1, Released 0 seats
[2025-11-13 20:52:41] ? Cancelled expired booking ID=21, Customer=1, Released 0 seats
[2025-11-13 20:52:41] ? Cancelled expired booking ID=22, Customer=1, Released 0 seats
[2025-11-13 20:52:41] ? Cancelled expired booking ID=23, Customer=1, Released 0 seats
[2025-11-13 20:52:41] ? Cancelled expired booking ID=24, Customer=1, Released 0 seats
[2025-11-13 20:52:41] ? Cancelled expired booking ID=25, Customer=1, Released 0 seats
[2025-11-13 20:52:41] ? Cancelled expired booking ID=26, Customer=1, Released 2 seats
[2025-11-13 20:52:41] ? Cancelled expired booking ID=27, Customer=1, Released 0 seats
[2025-11-13 20:52:41] ? Cancelled expired booking ID=28, Customer=1, Released 0 seats
[2025-11-13 20:52:41] ? Cancelled expired booking ID=29, Customer=1, Released 0 seats
[2025-11-13 20:52:41] ? Cancelled expired booking ID=30, Customer=1, Released 0 seats
[2025-11-13 20:52:41] ? Cancelled expired booking ID=31, Customer=1, Released 1 seats
[2025-11-13 20:52:41] ? Cancelled expired booking ID=32, Customer=1, Released 2 seats
[2025-11-13 20:52:41] ? Cancelled expired booking ID=33, Customer=1, Released 2 seats
[2025-11-13 20:52:41] ? Cancelled expired booking ID=34, Customer=1, Released 2 seats
[2025-11-13 20:52:41] ? Cancelled expired booking ID=35, Customer=1, Released 0 seats
[2025-11-13 20:52:41] ? Cancelled expired booking ID=36, Customer=1, Released 2 seats
[2025-11-13 20:52:41] ? Cancelled expired booking ID=37, Customer=1, Released 1 seats
[2025-11-13 20:52:41] ? Cancelled expired booking ID=38, Customer=1, Released 0 seats
[2025-11-13 20:52:41] ? Cancelled expired booking ID=39, Customer=1, Released 2 seats
[2025-11-13 20:52:41] ? Cancelled expired booking ID=40, Customer=1, Released 2 seats
[2025-11-13 20:52:41] ? Cancelled expired booking ID=41, Customer=1, Released 1 seats
[2025-11-13 20:52:41] ? Cancelled expired booking ID=42, Customer=1, Released 2 seats
[2025-11-13 20:52:41] ? Cancelled expired booking ID=58, Customer=1, Released 0 seats
[2025-11-13 20:53:41] ? Found 38 expired bookings to cancel
[2025-11-13 20:53:41] ? Cancelled expired booking ID=6, Customer=1, Released 0 seats
[2025-11-13 20:53:41] ? Cancelled expired booking ID=7, Customer=1, Released 0 seats
[2025-11-13 20:53:41] ? Cancelled expired booking ID=8, Customer=1, Released 0 seats
[2025-11-13 20:53:41] ? Cancelled expired booking ID=9, Customer=1, Released 0 seats
[2025-11-13 20:53:41] ? Cancelled expired booking ID=10, Customer=1, Released 1 seats
[2025-11-13 20:53:41] ? Cancelled expired booking ID=11, Customer=1, Released 0 seats
[2025-11-13 20:53:41] ? Cancelled expired booking ID=12, Customer=1, Released 2 seats
[2025-11-13 20:53:41] ? Cancelled expired booking ID=13, Customer=1, Released 1 seats
[2025-11-13 20:53:41] ? Cancelled expired booking ID=14, Customer=1, Released 2 seats
[2025-11-13 20:53:41] ? Cancelled expired booking ID=15, Customer=1, Released 0 seats
[2025-11-13 20:53:41] ? Cancelled expired booking ID=16, Customer=1, Released 0 seats
[2025-11-13 20:53:41] ? Cancelled expired booking ID=17, Customer=1, Released 0 seats
[2025-11-13 20:53:41] ? Cancelled expired booking ID=18, Customer=1, Released 0 seats
[2025-11-13 20:53:41] ? Cancelled expired booking ID=19, Customer=1, Released 1 seats
[2025-11-13 20:53:41] ? Cancelled expired booking ID=20, Customer=1, Released 0 seats
[2025-11-13 20:53:41] ? Cancelled expired booking ID=21, Customer=1, Released 0 seats
[2025-11-13 20:53:41] ? Cancelled expired booking ID=22, Customer=1, Released 0 seats
[2025-11-13 20:53:41] ? Cancelled expired booking ID=23, Customer=1, Released 0 seats
[2025-11-13 20:53:41] ? Cancelled expired booking ID=24, Customer=1, Released 0 seats
[2025-11-13 20:53:41] ? Cancelled expired booking ID=25, Customer=1, Released 0 seats
[2025-11-13 20:53:41] ? Cancelled expired booking ID=26, Customer=1, Released 2 seats
[2025-11-13 20:53:41] ? Cancelled expired booking ID=27, Customer=1, Released 0 seats
[2025-11-13 20:53:41] ? Cancelled expired booking ID=28, Customer=1, Released 0 seats
[2025-11-13 20:53:41] ? Cancelled expired booking ID=29, Customer=1, Released 0 seats
[2025-11-13 20:53:41] ? Cancelled expired booking ID=30, Customer=1, Released 0 seats
[2025-11-13 20:53:41] ? Cancelled expired booking ID=31, Customer=1, Released 1 seats
[2025-11-13 20:53:41] ? Cancelled expired booking ID=32, Customer=1, Released 2 seats
[2025-11-13 20:53:41] ? Cancelled expired booking ID=33, Customer=1, Released 2 seats
[2025-11-13 20:53:41] ? Cancelled expired booking ID=34, Customer=1, Released 2 seats
[2025-11-13 20:53:41] ? Cancelled expired booking ID=35, Customer=1, Released 0 seats
[2025-11-13 20:53:41] ? Cancelled expired booking ID=36, Customer=1, Released 2 seats
[2025-11-13 20:53:41] ? Cancelled expired booking ID=37, Customer=1, Released 1 seats
[2025-11-13 20:53:41] ? Cancelled expired booking ID=38, Customer=1, Released 0 seats
[2025-11-13 20:53:41] ? Cancelled expired booking ID=39, Customer=1, Released 2 seats
[2025-11-13 20:53:41] ? Cancelled expired booking ID=40, Customer=1, Released 2 seats
[2025-11-13 20:53:41] ? Cancelled expired booking ID=41, Customer=1, Released 1 seats
[2025-11-13 20:53:41] ? Cancelled expired booking ID=42, Customer=1, Released 2 seats
[2025-11-13 20:53:41] ? Cancelled expired booking ID=58, Customer=1, Released 0 seats
[2025-11-13 20:54:41] ? Found 38 expired bookings to cancel
[2025-11-13 20:54:41] ? Cancelled expired booking ID=6, Customer=1, Released 0 seats
[2025-11-13 20:54:41] ? Cancelled expired booking ID=7, Customer=1, Released 0 seats
[2025-11-13 20:54:41] ? Cancelled expired booking ID=8, Customer=1, Released 0 seats
[2025-11-13 20:54:41] ? Cancelled expired booking ID=9, Customer=1, Released 0 seats
[2025-11-13 20:54:41] ? Cancelled expired booking ID=10, Customer=1, Released 1 seats
[2025-11-13 20:54:41] ? Cancelled expired booking ID=11, Customer=1, Released 0 seats
[2025-11-13 20:54:41] ? Cancelled expired booking ID=12, Customer=1, Released 2 seats
[2025-11-13 20:54:41] ? Cancelled expired booking ID=13, Customer=1, Released 1 seats
[2025-11-13 20:54:41] ? Cancelled expired booking ID=14, Customer=1, Released 2 seats
[2025-11-13 20:54:41] ? Cancelled expired booking ID=15, Customer=1, Released 0 seats
[2025-11-13 20:54:41] ? Cancelled expired booking ID=16, Customer=1, Released 0 seats
[2025-11-13 20:54:41] ? Cancelled expired booking ID=17, Customer=1, Released 0 seats
[2025-11-13 20:54:41] ? Cancelled expired booking ID=18, Customer=1, Released 0 seats
[2025-11-13 20:54:41] ? Cancelled expired booking ID=19, Customer=1, Released 1 seats
[2025-11-13 20:54:41] ? Cancelled expired booking ID=20, Customer=1, Released 0 seats
[2025-11-13 20:54:41] ? Cancelled expired booking ID=21, Customer=1, Released 0 seats
[2025-11-13 20:54:41] ? Cancelled expired booking ID=22, Customer=1, Released 0 seats
[2025-11-13 20:54:41] ? Cancelled expired booking ID=23, Customer=1, Released 0 seats
[2025-11-13 20:54:41] ? Cancelled expired booking ID=24, Customer=1, Released 0 seats
[2025-11-13 20:54:41] ? Cancelled expired booking ID=25, Customer=1, Released 0 seats
[2025-11-13 20:54:41] ? Cancelled expired booking ID=26, Customer=1, Released 2 seats
[2025-11-13 20:54:41] ? Cancelled expired booking ID=27, Customer=1, Released 0 seats
[2025-11-13 20:54:41] ? Cancelled expired booking ID=28, Customer=1, Released 0 seats
[2025-11-13 20:54:41] ? Cancelled expired booking ID=29, Customer=1, Released 0 seats
[2025-11-13 20:54:41] ? Cancelled expired booking ID=30, Customer=1, Released 0 seats
[2025-11-13 20:54:41] ? Cancelled expired booking ID=31, Customer=1, Released 1 seats
[2025-11-13 20:54:41] ? Cancelled expired booking ID=32, Customer=1, Released 2 seats
[2025-11-13 20:54:41] ? Cancelled expired booking ID=33, Customer=1, Released 2 seats
[2025-11-13 20:54:41] ? Cancelled expired booking ID=34, Customer=1, Released 2 seats
[2025-11-13 20:54:41] ? Cancelled expired booking ID=35, Customer=1, Released 0 seats
[2025-11-13 20:54:41] ? Cancelled expired booking ID=36, Customer=1, Released 2 seats
[2025-11-13 20:54:41] ? Cancelled expired booking ID=37, Customer=1, Released 1 seats
[2025-11-13 20:54:41] ? Cancelled expired booking ID=38, Customer=1, Released 0 seats
[2025-11-13 20:54:41] ? Cancelled expired booking ID=39, Customer=1, Released 2 seats
[2025-11-13 20:54:41] ? Cancelled expired booking ID=40, Customer=1, Released 2 seats
[2025-11-13 20:54:41] ? Cancelled expired booking ID=41, Customer=1, Released 1 seats
[2025-11-13 20:54:41] ? Cancelled expired booking ID=42, Customer=1, Released 2 seats
[2025-11-13 20:54:41] ? Cancelled expired booking ID=58, Customer=1, Released 0 seats
[2025-11-13 20:55:41] ? Found 38 expired bookings to cancel
[2025-11-13 20:55:41] ? Cancelled expired booking ID=6, Customer=1, Released 0 seats
[2025-11-13 20:55:41] ? Cancelled expired booking ID=7, Customer=1, Released 0 seats
[2025-11-13 20:55:41] ? Cancelled expired booking ID=8, Customer=1, Released 0 seats
[2025-11-13 20:55:41] ? Cancelled expired booking ID=9, Customer=1, Released 0 seats
[2025-11-13 20:55:41] ? Cancelled expired booking ID=10, Customer=1, Released 1 seats
[2025-11-13 20:55:41] ? Cancelled expired booking ID=11, Customer=1, Released 0 seats
[2025-11-13 20:55:41] ? Cancelled expired booking ID=12, Customer=1, Released 2 seats
[2025-11-13 20:55:41] ? Cancelled expired booking ID=13, Customer=1, Released 1 seats
[2025-11-13 20:55:41] ? Cancelled expired booking ID=14, Customer=1, Released 2 seats
[2025-11-13 20:55:41] ? Cancelled expired booking ID=15, Customer=1, Released 0 seats
[2025-11-13 20:55:41] ? Cancelled expired booking ID=16, Customer=1, Released 0 seats
[2025-11-13 20:55:41] ? Cancelled expired booking ID=17, Customer=1, Released 0 seats
[2025-11-13 20:55:41] ? Cancelled expired booking ID=18, Customer=1, Released 0 seats
[2025-11-13 20:55:41] ? Cancelled expired booking ID=19, Customer=1, Released 1 seats
[2025-11-13 20:55:41] ? Cancelled expired booking ID=20, Customer=1, Released 0 seats
[2025-11-13 20:55:41] ? Cancelled expired booking ID=21, Customer=1, Released 0 seats
[2025-11-13 20:55:41] ? Cancelled expired booking ID=22, Customer=1, Released 0 seats
[2025-11-13 20:55:41] ? Cancelled expired booking ID=23, Customer=1, Released 0 seats
[2025-11-13 20:55:41] ? Cancelled expired booking ID=24, Customer=1, Released 0 seats
[2025-11-13 20:55:41] ? Cancelled expired booking ID=25, Customer=1, Released 0 seats
[2025-11-13 20:55:41] ? Cancelled expired booking ID=26, Customer=1, Released 2 seats
[2025-11-13 20:55:41] ? Cancelled expired booking ID=27, Customer=1, Released 0 seats
[2025-11-13 20:55:41] ? Cancelled expired booking ID=28, Customer=1, Released 0 seats
[2025-11-13 20:55:41] ? Cancelled expired booking ID=29, Customer=1, Released 0 seats
[2025-11-13 20:55:41] ? Cancelled expired booking ID=30, Customer=1, Released 0 seats
[2025-11-13 20:55:41] ? Cancelled expired booking ID=31, Customer=1, Released 1 seats
[2025-11-13 20:55:41] ? Cancelled expired booking ID=32, Customer=1, Released 2 seats
[2025-11-13 20:55:41] ? Cancelled expired booking ID=33, Customer=1, Released 2 seats
[2025-11-13 20:55:41] ? Cancelled expired booking ID=34, Customer=1, Released 2 seats
[2025-11-13 20:55:41] ? Cancelled expired booking ID=35, Customer=1, Released 0 seats
[2025-11-13 20:55:41] ? Cancelled expired booking ID=36, Customer=1, Released 2 seats
[2025-11-13 20:55:41] ? Cancelled expired booking ID=37, Customer=1, Released 1 seats
[2025-11-13 20:55:41] ? Cancelled expired booking ID=38, Customer=1, Released 0 seats
[2025-11-13 20:55:41] ? Cancelled expired booking ID=39, Customer=1, Released 2 seats
[2025-11-13 20:55:41] ? Cancelled expired booking ID=40, Customer=1, Released 2 seats
[2025-11-13 20:55:41] ? Cancelled expired booking ID=41, Customer=1, Released 1 seats
[2025-11-13 20:55:41] ? Cancelled expired booking ID=42, Customer=1, Released 2 seats
[2025-11-13 20:55:41] ? Cancelled expired booking ID=58, Customer=1, Released 0 seats
[2025-11-13 20:56:41] ? Found 38 expired bookings to cancel
[2025-11-13 20:56:41] ? Cancelled expired booking ID=6, Customer=1, Released 0 seats
[2025-11-13 20:56:41] ? Cancelled expired booking ID=7, Customer=1, Released 0 seats
[2025-11-13 20:56:41] ? Cancelled expired booking ID=8, Customer=1, Released 0 seats
[2025-11-13 20:56:41] ? Cancelled expired booking ID=9, Customer=1, Released 0 seats
[2025-11-13 20:56:41] ? Cancelled expired booking ID=10, Customer=1, Released 1 seats
[2025-11-13 20:56:41] ? Cancelled expired booking ID=11, Customer=1, Released 0 seats
[2025-11-13 20:56:41] ? Cancelled expired booking ID=12, Customer=1, Released 2 seats
[2025-11-13 20:56:41] ? Cancelled expired booking ID=13, Customer=1, Released 1 seats
[2025-11-13 20:56:41] ? Cancelled expired booking ID=14, Customer=1, Released 2 seats
[2025-11-13 20:56:41] ? Cancelled expired booking ID=15, Customer=1, Released 0 seats
[2025-11-13 20:56:41] ? Cancelled expired booking ID=16, Customer=1, Released 0 seats
[2025-11-13 20:56:41] ? Cancelled expired booking ID=17, Customer=1, Released 0 seats
[2025-11-13 20:56:41] ? Cancelled expired booking ID=18, Customer=1, Released 0 seats
[2025-11-13 20:56:41] ? Cancelled expired booking ID=19, Customer=1, Released 1 seats
[2025-11-13 20:56:41] ? Cancelled expired booking ID=20, Customer=1, Released 0 seats
[2025-11-13 20:56:41] ? Cancelled expired booking ID=21, Customer=1, Released 0 seats
[2025-11-13 20:56:41] ? Cancelled expired booking ID=22, Customer=1, Released 0 seats
[2025-11-13 20:56:41] ? Cancelled expired booking ID=23, Customer=1, Released 0 seats
[2025-11-13 20:56:41] ? Cancelled expired booking ID=24, Customer=1, Released 0 seats
[2025-11-13 20:56:41] ? Cancelled expired booking ID=25, Customer=1, Released 0 seats
[2025-11-13 20:56:41] ? Cancelled expired booking ID=26, Customer=1, Released 2 seats
[2025-11-13 20:56:41] ? Cancelled expired booking ID=27, Customer=1, Released 0 seats
[2025-11-13 20:56:41] ? Cancelled expired booking ID=28, Customer=1, Released 0 seats
[2025-11-13 20:56:41] ? Cancelled expired booking ID=29, Customer=1, Released 0 seats
[2025-11-13 20:56:41] ? Cancelled expired booking ID=30, Customer=1, Released 0 seats
[2025-11-13 20:56:41] ? Cancelled expired booking ID=31, Customer=1, Released 1 seats
[2025-11-13 20:56:41] ? Cancelled expired booking ID=32, Customer=1, Released 2 seats
[2025-11-13 20:56:41] ? Cancelled expired booking ID=33, Customer=1, Released 2 seats
[2025-11-13 20:56:41] ? Cancelled expired booking ID=34, Customer=1, Released 2 seats
[2025-11-13 20:56:41] ? Cancelled expired booking ID=35, Customer=1, Released 0 seats
[2025-11-13 20:56:41] ? Cancelled expired booking ID=36, Customer=1, Released 2 seats
[2025-11-13 20:56:41] ? Cancelled expired booking ID=37, Customer=1, Released 1 seats
[2025-11-13 20:56:41] ? Cancelled expired booking ID=38, Customer=1, Released 0 seats
[2025-11-13 20:56:41] ? Cancelled expired booking ID=39, Customer=1, Released 2 seats
[2025-11-13 20:56:41] ? Cancelled expired booking ID=40, Customer=1, Released 2 seats
[2025-11-13 20:56:41] ? Cancelled expired booking ID=41, Customer=1, Released 1 seats
[2025-11-13 20:56:41] ? Cancelled expired booking ID=42, Customer=1, Released 2 seats
[2025-11-13 20:56:41] ? Cancelled expired booking ID=58, Customer=1, Released 0 seats
[2025-11-13 20:57:41] ? Found 38 expired bookings to cancel
[2025-11-13 20:57:41] ? Cancelled expired booking ID=6, Customer=1, Released 0 seats
[2025-11-13 20:57:41] ? Cancelled expired booking ID=7, Customer=1, Released 0 seats
[2025-11-13 20:57:41] ? Cancelled expired booking ID=8, Customer=1, Released 0 seats
[2025-11-13 20:57:41] ? Cancelled expired booking ID=9, Customer=1, Released 0 seats
[2025-11-13 20:57:41] ? Cancelled expired booking ID=10, Customer=1, Released 1 seats
[2025-11-13 20:57:41] ? Cancelled expired booking ID=11, Customer=1, Released 0 seats
[2025-11-13 20:57:41] ? Cancelled expired booking ID=12, Customer=1, Released 2 seats
[2025-11-13 20:57:41] ? Cancelled expired booking ID=13, Customer=1, Released 1 seats
[2025-11-13 20:57:41] ? Cancelled expired booking ID=14, Customer=1, Released 2 seats
[2025-11-13 20:57:41] ? Cancelled expired booking ID=15, Customer=1, Released 0 seats
[2025-11-13 20:57:41] ? Cancelled expired booking ID=16, Customer=1, Released 0 seats
[2025-11-13 20:57:41] ? Cancelled expired booking ID=17, Customer=1, Released 0 seats
[2025-11-13 20:57:41] ? Cancelled expired booking ID=18, Customer=1, Released 0 seats
[2025-11-13 20:57:41] ? Cancelled expired booking ID=19, Customer=1, Released 1 seats
[2025-11-13 20:57:41] ? Cancelled expired booking ID=20, Customer=1, Released 0 seats
[2025-11-13 20:57:41] ? Cancelled expired booking ID=21, Customer=1, Released 0 seats
[2025-11-13 20:57:41] ? Cancelled expired booking ID=22, Customer=1, Released 0 seats
[2025-11-13 20:57:41] ? Cancelled expired booking ID=23, Customer=1, Released 0 seats
[2025-11-13 20:57:41] ? Cancelled expired booking ID=24, Customer=1, Released 0 seats
[2025-11-13 20:57:41] ? Cancelled expired booking ID=25, Customer=1, Released 0 seats
[2025-11-13 20:57:41] ? Cancelled expired booking ID=26, Customer=1, Released 2 seats
[2025-11-13 20:57:41] ? Cancelled expired booking ID=27, Customer=1, Released 0 seats
[2025-11-13 20:57:41] ? Cancelled expired booking ID=28, Customer=1, Released 0 seats
[2025-11-13 20:57:41] ? Cancelled expired booking ID=29, Customer=1, Released 0 seats
[2025-11-13 20:57:41] ? Cancelled expired booking ID=30, Customer=1, Released 0 seats
[2025-11-13 20:57:41] ? Cancelled expired booking ID=31, Customer=1, Released 1 seats
[2025-11-13 20:57:41] ? Cancelled expired booking ID=32, Customer=1, Released 2 seats
[2025-11-13 20:57:41] ? Cancelled expired booking ID=33, Customer=1, Released 2 seats
[2025-11-13 20:57:41] ? Cancelled expired booking ID=34, Customer=1, Released 2 seats
[2025-11-13 20:57:41] ? Cancelled expired booking ID=35, Customer=1, Released 0 seats
[2025-11-13 20:57:41] ? Cancelled expired booking ID=36, Customer=1, Released 2 seats
[2025-11-13 20:57:41] ? Cancelled expired booking ID=37, Customer=1, Released 1 seats
[2025-11-13 20:57:41] ? Cancelled expired booking ID=38, Customer=1, Released 0 seats
[2025-11-13 20:57:41] ? Cancelled expired booking ID=39, Customer=1, Released 2 seats
[2025-11-13 20:57:41] ? Cancelled expired booking ID=40, Customer=1, Released 2 seats
[2025-11-13 20:57:41] ? Cancelled expired booking ID=41, Customer=1, Released 1 seats
[2025-11-13 20:57:41] ? Cancelled expired booking ID=42, Customer=1, Released 2 seats
[2025-11-13 20:57:41] ? Cancelled expired booking ID=58, Customer=1, Released 0 seats
[2025-11-13 20:58:41] ? Found 38 expired bookings to cancel
[2025-11-13 20:58:41] ? Cancelled expired booking ID=6, Customer=1, Released 0 seats
[2025-11-13 20:58:41] ? Cancelled expired booking ID=7, Customer=1, Released 0 seats
[2025-11-13 20:58:41] ? Cancelled expired booking ID=8, Customer=1, Released 0 seats
[2025-11-13 20:58:41] ? Cancelled expired booking ID=9, Customer=1, Released 0 seats
[2025-11-13 20:58:41] ? Cancelled expired booking ID=10, Customer=1, Released 1 seats
[2025-11-13 20:58:41] ? Cancelled expired booking ID=11, Customer=1, Released 0 seats
[2025-11-13 20:58:41] ? Cancelled expired booking ID=12, Customer=1, Released 2 seats
[2025-11-13 20:58:41] ? Cancelled expired booking ID=13, Customer=1, Released 1 seats
[2025-11-13 20:58:41] ? Cancelled expired booking ID=14, Customer=1, Released 2 seats
[2025-11-13 20:58:41] ? Cancelled expired booking ID=15, Customer=1, Released 0 seats
[2025-11-13 20:58:41] ? Cancelled expired booking ID=16, Customer=1, Released 0 seats
[2025-11-13 20:58:41] ? Cancelled expired booking ID=17, Customer=1, Released 0 seats
[2025-11-13 20:58:41] ? Cancelled expired booking ID=18, Customer=1, Released 0 seats
[2025-11-13 20:58:41] ? Cancelled expired booking ID=19, Customer=1, Released 1 seats
[2025-11-13 20:58:41] ? Cancelled expired booking ID=20, Customer=1, Released 0 seats
[2025-11-13 20:58:41] ? Cancelled expired booking ID=21, Customer=1, Released 0 seats
[2025-11-13 20:58:41] ? Cancelled expired booking ID=22, Customer=1, Released 0 seats
[2025-11-13 20:58:41] ? Cancelled expired booking ID=23, Customer=1, Released 0 seats
[2025-11-13 20:58:41] ? Cancelled expired booking ID=24, Customer=1, Released 0 seats
[2025-11-13 20:58:41] ? Cancelled expired booking ID=25, Customer=1, Released 0 seats
[2025-11-13 20:58:41] ? Cancelled expired booking ID=26, Customer=1, Released 2 seats
[2025-11-13 20:58:41] ? Cancelled expired booking ID=27, Customer=1, Released 0 seats
[2025-11-13 20:58:41] ? Cancelled expired booking ID=28, Customer=1, Released 0 seats
[2025-11-13 20:58:41] ? Cancelled expired booking ID=29, Customer=1, Released 0 seats
[2025-11-13 20:58:41] ? Cancelled expired booking ID=30, Customer=1, Released 0 seats
[2025-11-13 20:58:41] ? Cancelled expired booking ID=31, Customer=1, Released 1 seats
[2025-11-13 20:58:41] ? Cancelled expired booking ID=32, Customer=1, Released 2 seats
[2025-11-13 20:58:41] ? Cancelled expired booking ID=33, Customer=1, Released 2 seats
[2025-11-13 20:58:41] ? Cancelled expired booking ID=34, Customer=1, Released 2 seats
[2025-11-13 20:58:41] ? Cancelled expired booking ID=35, Customer=1, Released 0 seats
[2025-11-13 20:58:41] ? Cancelled expired booking ID=36, Customer=1, Released 2 seats
[2025-11-13 20:58:41] ? Cancelled expired booking ID=37, Customer=1, Released 1 seats
[2025-11-13 20:58:41] ? Cancelled expired booking ID=38, Customer=1, Released 0 seats
[2025-11-13 20:58:41] ? Cancelled expired booking ID=39, Customer=1, Released 2 seats
[2025-11-13 20:58:41] ? Cancelled expired booking ID=40, Customer=1, Released 2 seats
[2025-11-13 20:58:41] ? Cancelled expired booking ID=41, Customer=1, Released 1 seats
[2025-11-13 20:58:41] ? Cancelled expired booking ID=42, Customer=1, Released 2 seats
[2025-11-13 20:58:41] ? Cancelled expired booking ID=58, Customer=1, Released 0 seats
[2025-11-13 20:59:41] ? Found 38 expired bookings to cancel
[2025-11-13 20:59:41] ? Cancelled expired booking ID=6, Customer=1, Released 0 seats
[2025-11-13 20:59:41] ? Cancelled expired booking ID=7, Customer=1, Released 0 seats
[2025-11-13 20:59:41] ? Cancelled expired booking ID=8, Customer=1, Released 0 seats
[2025-11-13 20:59:41] ? Cancelled expired booking ID=9, Customer=1, Released 0 seats
[2025-11-13 20:59:41] ? Cancelled expired booking ID=10, Customer=1, Released 1 seats
[2025-11-13 20:59:41] ? Cancelled expired booking ID=11, Customer=1, Released 0 seats
[2025-11-13 20:59:41] ? Cancelled expired booking ID=12, Customer=1, Released 2 seats
[2025-11-13 20:59:41] ? Cancelled expired booking ID=13, Customer=1, Released 1 seats
[2025-11-13 20:59:41] ? Cancelled expired booking ID=14, Customer=1, Released 2 seats
[2025-11-13 20:59:41] ? Cancelled expired booking ID=15, Customer=1, Released 0 seats
[2025-11-13 20:59:41] ? Cancelled expired booking ID=16, Customer=1, Released 0 seats
[2025-11-13 20:59:41] ? Cancelled expired booking ID=17, Customer=1, Released 0 seats
[2025-11-13 20:59:41] ? Cancelled expired booking ID=18, Customer=1, Released 0 seats
[2025-11-13 20:59:41] ? Cancelled expired booking ID=19, Customer=1, Released 1 seats
[2025-11-13 20:59:41] ? Cancelled expired booking ID=20, Customer=1, Released 0 seats
[2025-11-13 20:59:41] ? Cancelled expired booking ID=21, Customer=1, Released 0 seats
[2025-11-13 20:59:41] ? Cancelled expired booking ID=22, Customer=1, Released 0 seats
[2025-11-13 20:59:41] ? Cancelled expired booking ID=23, Customer=1, Released 0 seats
[2025-11-13 20:59:41] ? Cancelled expired booking ID=24, Customer=1, Released 0 seats
[2025-11-13 20:59:41] ? Cancelled expired booking ID=25, Customer=1, Released 0 seats
[2025-11-13 20:59:41] ? Cancelled expired booking ID=26, Customer=1, Released 2 seats
[2025-11-13 20:59:41] ? Cancelled expired booking ID=27, Customer=1, Released 0 seats
[2025-11-13 20:59:41] ? Cancelled expired booking ID=28, Customer=1, Released 0 seats
[2025-11-13 20:59:41] ? Cancelled expired booking ID=29, Customer=1, Released 0 seats
[2025-11-13 20:59:41] ? Cancelled expired booking ID=30, Customer=1, Released 0 seats
[2025-11-13 20:59:41] ? Cancelled expired booking ID=31, Customer=1, Released 1 seats
[2025-11-13 20:59:41] ? Cancelled expired booking ID=32, Customer=1, Released 2 seats
[2025-11-13 20:59:41] ? Cancelled expired booking ID=33, Customer=1, Released 2 seats
[2025-11-13 20:59:41] ? Cancelled expired booking ID=34, Customer=1, Released 2 seats
[2025-11-13 20:59:41] ? Cancelled expired booking ID=35, Customer=1, Released 0 seats
[2025-11-13 20:59:41] ? Cancelled expired booking ID=36, Customer=1, Released 2 seats
[2025-11-13 20:59:41] ? Cancelled expired booking ID=37, Customer=1, Released 1 seats
[2025-11-13 20:59:41] ? Cancelled expired booking ID=38, Customer=1, Released 0 seats
[2025-11-13 20:59:41] ? Cancelled expired booking ID=39, Customer=1, Released 2 seats
[2025-11-13 20:59:41] ? Cancelled expired booking ID=40, Customer=1, Released 2 seats
[2025-11-13 20:59:41] ? Cancelled expired booking ID=41, Customer=1, Released 1 seats
[2025-11-13 20:59:41] ? Cancelled expired booking ID=42, Customer=1, Released 2 seats
[2025-11-13 20:59:41] ? Cancelled expired booking ID=58, Customer=1, Released 0 seats
[2025-11-13 21:00:41] ? Found 38 expired bookings to cancel
[2025-11-13 21:00:41] ? Cancelled expired booking ID=6, Customer=1, Released 0 seats
[2025-11-13 21:00:41] ? Cancelled expired booking ID=7, Customer=1, Released 0 seats
[2025-11-13 21:00:41] ? Cancelled expired booking ID=8, Customer=1, Released 0 seats
[2025-11-13 21:00:41] ? Cancelled expired booking ID=9, Customer=1, Released 0 seats
[2025-11-13 21:00:41] ? Cancelled expired booking ID=10, Customer=1, Released 1 seats
[2025-11-13 21:00:41] ? Cancelled expired booking ID=11, Customer=1, Released 0 seats
[2025-11-13 21:00:41] ? Cancelled expired booking ID=12, Customer=1, Released 2 seats
[2025-11-13 21:00:41] ? Cancelled expired booking ID=13, Customer=1, Released 1 seats
[2025-11-13 21:00:41] ? Cancelled expired booking ID=14, Customer=1, Released 2 seats
[2025-11-13 21:00:41] ? Cancelled expired booking ID=15, Customer=1, Released 0 seats
[2025-11-13 21:00:41] ? Cancelled expired booking ID=16, Customer=1, Released 0 seats
[2025-11-13 21:00:41] ? Cancelled expired booking ID=17, Customer=1, Released 0 seats
[2025-11-13 21:00:41] ? Cancelled expired booking ID=18, Customer=1, Released 0 seats
[2025-11-13 21:00:41] ? Cancelled expired booking ID=19, Customer=1, Released 1 seats
[2025-11-13 21:00:41] ? Cancelled expired booking ID=20, Customer=1, Released 0 seats
[2025-11-13 21:00:41] ? Cancelled expired booking ID=21, Customer=1, Released 0 seats
[2025-11-13 21:00:41] ? Cancelled expired booking ID=22, Customer=1, Released 0 seats
[2025-11-13 21:00:41] ? Cancelled expired booking ID=23, Customer=1, Released 0 seats
[2025-11-13 21:00:41] ? Cancelled expired booking ID=24, Customer=1, Released 0 seats
[2025-11-13 21:00:41] ? Cancelled expired booking ID=25, Customer=1, Released 0 seats
[2025-11-13 21:00:41] ? Cancelled expired booking ID=26, Customer=1, Released 2 seats
[2025-11-13 21:00:41] ? Cancelled expired booking ID=27, Customer=1, Released 0 seats
[2025-11-13 21:00:41] ? Cancelled expired booking ID=28, Customer=1, Released 0 seats
[2025-11-13 21:00:41] ? Cancelled expired booking ID=29, Customer=1, Released 0 seats
[2025-11-13 21:00:41] ? Cancelled expired booking ID=30, Customer=1, Released 0 seats
[2025-11-13 21:00:41] ? Cancelled expired booking ID=31, Customer=1, Released 1 seats
[2025-11-13 21:00:41] ? Cancelled expired booking ID=32, Customer=1, Released 2 seats
[2025-11-13 21:00:41] ? Cancelled expired booking ID=33, Customer=1, Released 2 seats
[2025-11-13 21:00:41] ? Cancelled expired booking ID=34, Customer=1, Released 2 seats
[2025-11-13 21:00:41] ? Cancelled expired booking ID=35, Customer=1, Released 0 seats
[2025-11-13 21:00:41] ? Cancelled expired booking ID=36, Customer=1, Released 2 seats
[2025-11-13 21:00:41] ? Cancelled expired booking ID=37, Customer=1, Released 1 seats
[2025-11-13 21:00:41] ? Cancelled expired booking ID=38, Customer=1, Released 0 seats
[2025-11-13 21:00:41] ? Cancelled expired booking ID=39, Customer=1, Released 2 seats
[2025-11-13 21:00:41] ? Cancelled expired booking ID=40, Customer=1, Released 2 seats
[2025-11-13 21:00:41] ? Cancelled expired booking ID=41, Customer=1, Released 1 seats
[2025-11-13 21:00:41] ? Cancelled expired booking ID=42, Customer=1, Released 2 seats
[2025-11-13 21:00:41] ? Cancelled expired booking ID=58, Customer=1, Released 0 seats
[2025-11-13 21:01:41] ? Found 38 expired bookings to cancel
[2025-11-13 21:01:41] ? Cancelled expired booking ID=6, Customer=1, Released 0 seats
[2025-11-13 21:01:41] ? Cancelled expired booking ID=7, Customer=1, Released 0 seats
[2025-11-13 21:01:41] ? Cancelled expired booking ID=8, Customer=1, Released 0 seats
[2025-11-13 21:01:41] ? Cancelled expired booking ID=9, Customer=1, Released 0 seats
[2025-11-13 21:01:41] ? Cancelled expired booking ID=10, Customer=1, Released 1 seats
[2025-11-13 21:01:41] ? Cancelled expired booking ID=11, Customer=1, Released 0 seats
[2025-11-13 21:01:41] ? Cancelled expired booking ID=12, Customer=1, Released 2 seats
[2025-11-13 21:01:41] ? Cancelled expired booking ID=13, Customer=1, Released 1 seats
[2025-11-13 21:01:41] ? Cancelled expired booking ID=14, Customer=1, Released 2 seats
[2025-11-13 21:01:41] ? Cancelled expired booking ID=15, Customer=1, Released 0 seats
[2025-11-13 21:01:41] ? Cancelled expired booking ID=16, Customer=1, Released 0 seats
[2025-11-13 21:01:41] ? Cancelled expired booking ID=17, Customer=1, Released 0 seats
[2025-11-13 21:01:41] ? Cancelled expired booking ID=18, Customer=1, Released 0 seats
[2025-11-13 21:01:41] ? Cancelled expired booking ID=19, Customer=1, Released 1 seats
[2025-11-13 21:01:41] ? Cancelled expired booking ID=20, Customer=1, Released 0 seats
[2025-11-13 21:01:41] ? Cancelled expired booking ID=21, Customer=1, Released 0 seats
[2025-11-13 21:01:41] ? Cancelled expired booking ID=22, Customer=1, Released 0 seats
[2025-11-13 21:01:41] ? Cancelled expired booking ID=23, Customer=1, Released 0 seats
[2025-11-13 21:01:41] ? Cancelled expired booking ID=24, Customer=1, Released 0 seats
[2025-11-13 21:01:41] ? Cancelled expired booking ID=25, Customer=1, Released 0 seats
[2025-11-13 21:01:41] ? Cancelled expired booking ID=26, Customer=1, Released 2 seats
[2025-11-13 21:01:41] ? Cancelled expired booking ID=27, Customer=1, Released 0 seats
[2025-11-13 21:01:41] ? Cancelled expired booking ID=28, Customer=1, Released 0 seats
[2025-11-13 21:01:41] ? Cancelled expired booking ID=29, Customer=1, Released 0 seats
[2025-11-13 21:01:41] ? Cancelled expired booking ID=30, Customer=1, Released 0 seats
[2025-11-13 21:01:41] ? Cancelled expired booking ID=31, Customer=1, Released 1 seats
[2025-11-13 21:01:41] ? Cancelled expired booking ID=32, Customer=1, Released 2 seats
[2025-11-13 21:01:41] ? Cancelled expired booking ID=33, Customer=1, Released 2 seats
[2025-11-13 21:01:41] ? Cancelled expired booking ID=34, Customer=1, Released 2 seats
[2025-11-13 21:01:41] ? Cancelled expired booking ID=35, Customer=1, Released 0 seats
[2025-11-13 21:01:41] ? Cancelled expired booking ID=36, Customer=1, Released 2 seats
[2025-11-13 21:01:41] ? Cancelled expired booking ID=37, Customer=1, Released 1 seats
[2025-11-13 21:01:41] ? Cancelled expired booking ID=38, Customer=1, Released 0 seats
[2025-11-13 21:01:41] ? Cancelled expired booking ID=39, Customer=1, Released 2 seats
[2025-11-13 21:01:41] ? Cancelled expired booking ID=40, Customer=1, Released 2 seats
[2025-11-13 21:01:41] ? Cancelled expired booking ID=41, Customer=1, Released 1 seats
[2025-11-13 21:01:41] ? Cancelled expired booking ID=42, Customer=1, Released 2 seats
[2025-11-13 21:01:41] ? Cancelled expired booking ID=58, Customer=1, Released 0 seats
[2025-11-13 21:02:41] ? Found 38 expired bookings to cancel
[2025-11-13 21:02:41] ? Cancelled expired booking ID=6, Customer=1, Released 0 seats
[2025-11-13 21:02:41] ? Cancelled expired booking ID=7, Customer=1, Released 0 seats
[2025-11-13 21:02:41] ? Cancelled expired booking ID=8, Customer=1, Released 0 seats
[2025-11-13 21:02:41] ? Cancelled expired booking ID=9, Customer=1, Released 0 seats
[2025-11-13 21:02:41] ? Cancelled expired booking ID=10, Customer=1, Released 1 seats
[2025-11-13 21:02:41] ? Cancelled expired booking ID=11, Customer=1, Released 0 seats
[2025-11-13 21:02:41] ? Cancelled expired booking ID=12, Customer=1, Released 2 seats
[2025-11-13 21:02:41] ? Cancelled expired booking ID=13, Customer=1, Released 1 seats
[2025-11-13 21:02:41] ? Cancelled expired booking ID=14, Customer=1, Released 2 seats
[2025-11-13 21:02:41] ? Cancelled expired booking ID=15, Customer=1, Released 0 seats
[2025-11-13 21:02:41] ? Cancelled expired booking ID=16, Customer=1, Released 0 seats
[2025-11-13 21:02:41] ? Cancelled expired booking ID=17, Customer=1, Released 0 seats
[2025-11-13 21:02:41] ? Cancelled expired booking ID=18, Customer=1, Released 0 seats
[2025-11-13 21:02:41] ? Cancelled expired booking ID=19, Customer=1, Released 1 seats
[2025-11-13 21:02:41] ? Cancelled expired booking ID=20, Customer=1, Released 0 seats
[2025-11-13 21:02:41] ? Cancelled expired booking ID=21, Customer=1, Released 0 seats
[2025-11-13 21:02:41] ? Cancelled expired booking ID=22, Customer=1, Released 0 seats
[2025-11-13 21:02:41] ? Cancelled expired booking ID=23, Customer=1, Released 0 seats
[2025-11-13 21:02:41] ? Cancelled expired booking ID=24, Customer=1, Released 0 seats
[2025-11-13 21:02:41] ? Cancelled expired booking ID=25, Customer=1, Released 0 seats
[2025-11-13 21:02:41] ? Cancelled expired booking ID=26, Customer=1, Released 2 seats
[2025-11-13 21:02:41] ? Cancelled expired booking ID=27, Customer=1, Released 0 seats
[2025-11-13 21:02:41] ? Cancelled expired booking ID=28, Customer=1, Released 0 seats
[2025-11-13 21:02:41] ? Cancelled expired booking ID=29, Customer=1, Released 0 seats
[2025-11-13 21:02:41] ? Cancelled expired booking ID=30, Customer=1, Released 0 seats
[2025-11-13 21:02:41] ? Cancelled expired booking ID=31, Customer=1, Released 1 seats
[2025-11-13 21:02:41] ? Cancelled expired booking ID=32, Customer=1, Released 2 seats
[2025-11-13 21:02:41] ? Cancelled expired booking ID=33, Customer=1, Released 2 seats
[2025-11-13 21:02:41] ? Cancelled expired booking ID=34, Customer=1, Released 2 seats
[2025-11-13 21:02:41] ? Cancelled expired booking ID=35, Customer=1, Released 0 seats
[2025-11-13 21:02:41] ? Cancelled expired booking ID=36, Customer=1, Released 2 seats
[2025-11-13 21:02:41] ? Cancelled expired booking ID=37, Customer=1, Released 1 seats
[2025-11-13 21:02:41] ? Cancelled expired booking ID=38, Customer=1, Released 0 seats
[2025-11-13 21:02:41] ? Cancelled expired booking ID=39, Customer=1, Released 2 seats
[2025-11-13 21:02:41] ? Cancelled expired booking ID=40, Customer=1, Released 2 seats
[2025-11-13 21:02:41] ? Cancelled expired booking ID=41, Customer=1, Released 1 seats
[2025-11-13 21:02:41] ? Cancelled expired booking ID=42, Customer=1, Released 2 seats
[2025-11-13 21:02:41] ? Cancelled expired booking ID=58, Customer=1, Released 0 seats
[2025-11-13 21:03:41] ? Found 38 expired bookings to cancel
[2025-11-13 21:03:41] ? Cancelled expired booking ID=6, Customer=1, Released 0 seats
[2025-11-13 21:03:41] ? Cancelled expired booking ID=7, Customer=1, Released 0 seats
[2025-11-13 21:03:41] ? Cancelled expired booking ID=8, Customer=1, Released 0 seats
[2025-11-13 21:03:41] ? Cancelled expired booking ID=9, Customer=1, Released 0 seats
[2025-11-13 21:03:41] ? Cancelled expired booking ID=10, Customer=1, Released 1 seats
[2025-11-13 21:03:41] ? Cancelled expired booking ID=11, Customer=1, Released 0 seats
[2025-11-13 21:03:41] ? Cancelled expired booking ID=12, Customer=1, Released 2 seats
[2025-11-13 21:03:41] ? Cancelled expired booking ID=13, Customer=1, Released 1 seats
[2025-11-13 21:03:41] ? Cancelled expired booking ID=14, Customer=1, Released 2 seats
[2025-11-13 21:03:41] ? Cancelled expired booking ID=15, Customer=1, Released 0 seats
[2025-11-13 21:03:41] ? Cancelled expired booking ID=16, Customer=1, Released 0 seats
[2025-11-13 21:03:41] ? Cancelled expired booking ID=17, Customer=1, Released 0 seats
[2025-11-13 21:03:41] ? Cancelled expired booking ID=18, Customer=1, Released 0 seats
[2025-11-13 21:03:41] ? Cancelled expired booking ID=19, Customer=1, Released 1 seats
[2025-11-13 21:03:41] ? Cancelled expired booking ID=20, Customer=1, Released 0 seats
[2025-11-13 21:03:41] ? Cancelled expired booking ID=21, Customer=1, Released 0 seats
[2025-11-13 21:03:41] ? Cancelled expired booking ID=22, Customer=1, Released 0 seats
[2025-11-13 21:03:41] ? Cancelled expired booking ID=23, Customer=1, Released 0 seats
[2025-11-13 21:03:41] ? Cancelled expired booking ID=24, Customer=1, Released 0 seats
[2025-11-13 21:03:41] ? Cancelled expired booking ID=25, Customer=1, Released 0 seats
[2025-11-13 21:03:41] ? Cancelled expired booking ID=26, Customer=1, Released 2 seats
[2025-11-13 21:03:41] ? Cancelled expired booking ID=27, Customer=1, Released 0 seats
[2025-11-13 21:03:41] ? Cancelled expired booking ID=28, Customer=1, Released 0 seats
[2025-11-13 21:03:41] ? Cancelled expired booking ID=29, Customer=1, Released 0 seats
[2025-11-13 21:03:41] ? Cancelled expired booking ID=30, Customer=1, Released 0 seats
[2025-11-13 21:03:41] ? Cancelled expired booking ID=31, Customer=1, Released 1 seats
[2025-11-13 21:03:41] ? Cancelled expired booking ID=32, Customer=1, Released 2 seats
[2025-11-13 21:03:41] ? Cancelled expired booking ID=33, Customer=1, Released 2 seats
[2025-11-13 21:03:41] ? Cancelled expired booking ID=34, Customer=1, Released 2 seats
[2025-11-13 21:03:41] ? Cancelled expired booking ID=35, Customer=1, Released 0 seats
[2025-11-13 21:03:41] ? Cancelled expired booking ID=36, Customer=1, Released 2 seats
[2025-11-13 21:03:41] ? Cancelled expired booking ID=37, Customer=1, Released 1 seats
[2025-11-13 21:03:41] ? Cancelled expired booking ID=38, Customer=1, Released 0 seats
[2025-11-13 21:03:41] ? Cancelled expired booking ID=39, Customer=1, Released 2 seats
[2025-11-13 21:03:41] ? Cancelled expired booking ID=40, Customer=1, Released 2 seats
[2025-11-13 21:03:41] ? Cancelled expired booking ID=41, Customer=1, Released 1 seats
[2025-11-13 21:03:41] ? Cancelled expired booking ID=42, Customer=1, Released 2 seats
[2025-11-13 21:03:41] ? Cancelled expired booking ID=58, Customer=1, Released 0 seats
[2025-11-13 21:04:41] ? Found 38 expired bookings to cancel
[2025-11-13 21:04:41] ? Cancelled expired booking ID=6, Customer=1, Released 0 seats
[2025-11-13 21:04:41] ? Cancelled expired booking ID=7, Customer=1, Released 0 seats
[2025-11-13 21:04:41] ? Cancelled expired booking ID=8, Customer=1, Released 0 seats
[2025-11-13 21:04:41] ? Cancelled expired booking ID=9, Customer=1, Released 0 seats
[2025-11-13 21:04:41] ? Cancelled expired booking ID=10, Customer=1, Released 1 seats
[2025-11-13 21:04:41] ? Cancelled expired booking ID=11, Customer=1, Released 0 seats
[2025-11-13 21:04:41] ? Cancelled expired booking ID=12, Customer=1, Released 2 seats
[2025-11-13 21:04:41] ? Cancelled expired booking ID=13, Customer=1, Released 1 seats
[2025-11-13 21:04:41] ? Cancelled expired booking ID=14, Customer=1, Released 2 seats
[2025-11-13 21:04:41] ? Cancelled expired booking ID=15, Customer=1, Released 0 seats
[2025-11-13 21:04:41] ? Cancelled expired booking ID=16, Customer=1, Released 0 seats
[2025-11-13 21:04:41] ? Cancelled expired booking ID=17, Customer=1, Released 0 seats
[2025-11-13 21:04:41] ? Cancelled expired booking ID=18, Customer=1, Released 0 seats
[2025-11-13 21:04:41] ? Cancelled expired booking ID=19, Customer=1, Released 1 seats
[2025-11-13 21:04:41] ? Cancelled expired booking ID=20, Customer=1, Released 0 seats
[2025-11-13 21:04:41] ? Cancelled expired booking ID=21, Customer=1, Released 0 seats
[2025-11-13 21:04:41] ? Cancelled expired booking ID=22, Customer=1, Released 0 seats
[2025-11-13 21:04:41] ? Cancelled expired booking ID=23, Customer=1, Released 0 seats
[2025-11-13 21:04:41] ? Cancelled expired booking ID=24, Customer=1, Released 0 seats
[2025-11-13 21:04:41] ? Cancelled expired booking ID=25, Customer=1, Released 0 seats
[2025-11-13 21:04:41] ? Cancelled expired booking ID=26, Customer=1, Released 2 seats
[2025-11-13 21:04:41] ? Cancelled expired booking ID=27, Customer=1, Released 0 seats
[2025-11-13 21:04:41] ? Cancelled expired booking ID=28, Customer=1, Released 0 seats
[2025-11-13 21:04:41] ? Cancelled expired booking ID=29, Customer=1, Released 0 seats
[2025-11-13 21:04:41] ? Cancelled expired booking ID=30, Customer=1, Released 0 seats
[2025-11-13 21:04:41] ? Cancelled expired booking ID=31, Customer=1, Released 1 seats
[2025-11-13 21:04:41] ? Cancelled expired booking ID=32, Customer=1, Released 2 seats
[2025-11-13 21:04:41] ? Cancelled expired booking ID=33, Customer=1, Released 2 seats
[2025-11-13 21:04:41] ? Cancelled expired booking ID=34, Customer=1, Released 2 seats
[2025-11-13 21:04:41] ? Cancelled expired booking ID=35, Customer=1, Released 0 seats
[2025-11-13 21:04:41] ? Cancelled expired booking ID=36, Customer=1, Released 2 seats
[2025-11-13 21:04:41] ? Cancelled expired booking ID=37, Customer=1, Released 1 seats
[2025-11-13 21:04:41] ? Cancelled expired booking ID=38, Customer=1, Released 0 seats
[2025-11-13 21:04:41] ? Cancelled expired booking ID=39, Customer=1, Released 2 seats
[2025-11-13 21:04:41] ? Cancelled expired booking ID=40, Customer=1, Released 2 seats
[2025-11-13 21:04:41] ? Cancelled expired booking ID=41, Customer=1, Released 1 seats
[2025-11-13 21:04:41] ? Cancelled expired booking ID=42, Customer=1, Released 2 seats
[2025-11-13 21:04:41] ? Cancelled expired booking ID=58, Customer=1, Released 0 seats
[2025-11-13 21:05:41] ? Found 38 expired bookings to cancel
[2025-11-13 21:05:41] ? Cancelled expired booking ID=6, Customer=1, Released 0 seats
[2025-11-13 21:05:41] ? Cancelled expired booking ID=7, Customer=1, Released 0 seats
[2025-11-13 21:05:41] ? Cancelled expired booking ID=8, Customer=1, Released 0 seats
[2025-11-13 21:05:41] ? Cancelled expired booking ID=9, Customer=1, Released 0 seats
[2025-11-13 21:05:41] ? Cancelled expired booking ID=10, Customer=1, Released 1 seats
[2025-11-13 21:05:41] ? Cancelled expired booking ID=11, Customer=1, Released 0 seats
[2025-11-13 21:05:41] ? Cancelled expired booking ID=12, Customer=1, Released 2 seats
[2025-11-13 21:05:41] ? Cancelled expired booking ID=13, Customer=1, Released 1 seats
[2025-11-13 21:05:41] ? Cancelled expired booking ID=14, Customer=1, Released 2 seats
[2025-11-13 21:05:41] ? Cancelled expired booking ID=15, Customer=1, Released 0 seats
[2025-11-13 21:05:41] ? Cancelled expired booking ID=16, Customer=1, Released 0 seats
[2025-11-13 21:05:41] ? Cancelled expired booking ID=17, Customer=1, Released 0 seats
[2025-11-13 21:05:41] ? Cancelled expired booking ID=18, Customer=1, Released 0 seats
[2025-11-13 21:05:41] ? Cancelled expired booking ID=19, Customer=1, Released 1 seats
[2025-11-13 21:05:41] ? Cancelled expired booking ID=20, Customer=1, Released 0 seats
[2025-11-13 21:05:41] ? Cancelled expired booking ID=21, Customer=1, Released 0 seats
[2025-11-13 21:05:41] ? Cancelled expired booking ID=22, Customer=1, Released 0 seats
[2025-11-13 21:05:41] ? Cancelled expired booking ID=23, Customer=1, Released 0 seats
[2025-11-13 21:05:41] ? Cancelled expired booking ID=24, Customer=1, Released 0 seats
[2025-11-13 21:05:41] ? Cancelled expired booking ID=25, Customer=1, Released 0 seats
[2025-11-13 21:05:41] ? Cancelled expired booking ID=26, Customer=1, Released 2 seats
[2025-11-13 21:05:41] ? Cancelled expired booking ID=27, Customer=1, Released 0 seats
[2025-11-13 21:05:41] ? Cancelled expired booking ID=28, Customer=1, Released 0 seats
[2025-11-13 21:05:41] ? Cancelled expired booking ID=29, Customer=1, Released 0 seats
[2025-11-13 21:05:41] ? Cancelled expired booking ID=30, Customer=1, Released 0 seats
[2025-11-13 21:05:41] ? Cancelled expired booking ID=31, Customer=1, Released 1 seats
[2025-11-13 21:05:41] ? Cancelled expired booking ID=32, Customer=1, Released 2 seats
[2025-11-13 21:05:41] ? Cancelled expired booking ID=33, Customer=1, Released 2 seats
[2025-11-13 21:05:41] ? Cancelled expired booking ID=34, Customer=1, Released 2 seats
[2025-11-13 21:05:41] ? Cancelled expired booking ID=35, Customer=1, Released 0 seats
[2025-11-13 21:05:41] ? Cancelled expired booking ID=36, Customer=1, Released 2 seats
[2025-11-13 21:05:41] ? Cancelled expired booking ID=37, Customer=1, Released 1 seats
[2025-11-13 21:05:41] ? Cancelled expired booking ID=38, Customer=1, Released 0 seats
[2025-11-13 21:05:41] ? Cancelled expired booking ID=39, Customer=1, Released 2 seats
[2025-11-13 21:05:41] ? Cancelled expired booking ID=40, Customer=1, Released 2 seats
[2025-11-13 21:05:41] ? Cancelled expired booking ID=41, Customer=1, Released 1 seats
[2025-11-13 21:05:41] ? Cancelled expired booking ID=42, Customer=1, Released 2 seats
[2025-11-13 21:05:41] ? Cancelled expired booking ID=58, Customer=1, Released 0 seats
[2025-11-13 21:06:41] ? Found 38 expired bookings to cancel
[2025-11-13 21:06:41] ? Cancelled expired booking ID=6, Customer=1, Released 0 seats
[2025-11-13 21:06:41] ? Cancelled expired booking ID=7, Customer=1, Released 0 seats
[2025-11-13 21:06:41] ? Cancelled expired booking ID=8, Customer=1, Released 0 seats
[2025-11-13 21:06:41] ? Cancelled expired booking ID=9, Customer=1, Released 0 seats
[2025-11-13 21:06:41] ? Cancelled expired booking ID=10, Customer=1, Released 1 seats
[2025-11-13 21:06:41] ? Cancelled expired booking ID=11, Customer=1, Released 0 seats
[2025-11-13 21:06:41] ? Cancelled expired booking ID=12, Customer=1, Released 2 seats
[2025-11-13 21:06:41] ? Cancelled expired booking ID=13, Customer=1, Released 1 seats
[2025-11-13 21:06:41] ? Cancelled expired booking ID=14, Customer=1, Released 2 seats
[2025-11-13 21:06:41] ? Cancelled expired booking ID=15, Customer=1, Released 0 seats
[2025-11-13 21:06:41] ? Cancelled expired booking ID=16, Customer=1, Released 0 seats
[2025-11-13 21:06:41] ? Cancelled expired booking ID=17, Customer=1, Released 0 seats
[2025-11-13 21:06:41] ? Cancelled expired booking ID=18, Customer=1, Released 0 seats
[2025-11-13 21:06:41] ? Cancelled expired booking ID=19, Customer=1, Released 1 seats
[2025-11-13 21:06:41] ? Cancelled expired booking ID=20, Customer=1, Released 0 seats
[2025-11-13 21:06:41] ? Cancelled expired booking ID=21, Customer=1, Released 0 seats
[2025-11-13 21:06:41] ? Cancelled expired booking ID=22, Customer=1, Released 0 seats
[2025-11-13 21:06:41] ? Cancelled expired booking ID=23, Customer=1, Released 0 seats
[2025-11-13 21:06:41] ? Cancelled expired booking ID=24, Customer=1, Released 0 seats
[2025-11-13 21:06:41] ? Cancelled expired booking ID=25, Customer=1, Released 0 seats
[2025-11-13 21:06:41] ? Cancelled expired booking ID=26, Customer=1, Released 2 seats
[2025-11-13 21:06:41] ? Cancelled expired booking ID=27, Customer=1, Released 0 seats
[2025-11-13 21:06:41] ? Cancelled expired booking ID=28, Customer=1, Released 0 seats
[2025-11-13 21:06:41] ? Cancelled expired booking ID=29, Customer=1, Released 0 seats
[2025-11-13 21:06:41] ? Cancelled expired booking ID=30, Customer=1, Released 0 seats
[2025-11-13 21:06:41] ? Cancelled expired booking ID=31, Customer=1, Released 1 seats
[2025-11-13 21:06:41] ? Cancelled expired booking ID=32, Customer=1, Released 2 seats
[2025-11-13 21:06:41] ? Cancelled expired booking ID=33, Customer=1, Released 2 seats
[2025-11-13 21:06:41] ? Cancelled expired booking ID=34, Customer=1, Released 2 seats
[2025-11-13 21:06:41] ? Cancelled expired booking ID=35, Customer=1, Released 0 seats
[2025-11-13 21:06:41] ? Cancelled expired booking ID=36, Customer=1, Released 2 seats
[2025-11-13 21:06:41] ? Cancelled expired booking ID=37, Customer=1, Released 1 seats
[2025-11-13 21:06:41] ? Cancelled expired booking ID=38, Customer=1, Released 0 seats
[2025-11-13 21:06:41] ? Cancelled expired booking ID=39, Customer=1, Released 2 seats
[2025-11-13 21:06:41] ? Cancelled expired booking ID=40, Customer=1, Released 2 seats
[2025-11-13 21:06:41] ? Cancelled expired booking ID=41, Customer=1, Released 1 seats
[2025-11-13 21:06:41] ? Cancelled expired booking ID=42, Customer=1, Released 2 seats
[2025-11-13 21:06:41] ? Cancelled expired booking ID=58, Customer=1, Released 0 seats
[2025-11-13 21:07:41] ? Found 38 expired bookings to cancel
[2025-11-13 21:07:41] ? Cancelled expired booking ID=6, Customer=1, Released 0 seats
[2025-11-13 21:07:41] ? Cancelled expired booking ID=7, Customer=1, Released 0 seats
[2025-11-13 21:07:41] ? Cancelled expired booking ID=8, Customer=1, Released 0 seats
[2025-11-13 21:07:41] ? Cancelled expired booking ID=9, Customer=1, Released 0 seats
[2025-11-13 21:07:41] ? Cancelled expired booking ID=10, Customer=1, Released 1 seats
[2025-11-13 21:07:41] ? Cancelled expired booking ID=11, Customer=1, Released 0 seats
[2025-11-13 21:07:41] ? Cancelled expired booking ID=12, Customer=1, Released 2 seats
[2025-11-13 21:07:41] ? Cancelled expired booking ID=13, Customer=1, Released 1 seats
[2025-11-13 21:07:41] ? Cancelled expired booking ID=14, Customer=1, Released 2 seats
[2025-11-13 21:07:41] ? Cancelled expired booking ID=15, Customer=1, Released 0 seats
[2025-11-13 21:07:41] ? Cancelled expired booking ID=16, Customer=1, Released 0 seats
[2025-11-13 21:07:41] ? Cancelled expired booking ID=17, Customer=1, Released 0 seats
[2025-11-13 21:07:41] ? Cancelled expired booking ID=18, Customer=1, Released 0 seats
[2025-11-13 21:07:41] ? Cancelled expired booking ID=19, Customer=1, Released 1 seats
[2025-11-13 21:07:41] ? Cancelled expired booking ID=20, Customer=1, Released 0 seats
[2025-11-13 21:07:41] ? Cancelled expired booking ID=21, Customer=1, Released 0 seats
[2025-11-13 21:07:41] ? Cancelled expired booking ID=22, Customer=1, Released 0 seats
[2025-11-13 21:07:41] ? Cancelled expired booking ID=23, Customer=1, Released 0 seats
[2025-11-13 21:07:41] ? Cancelled expired booking ID=24, Customer=1, Released 0 seats
[2025-11-13 21:07:41] ? Cancelled expired booking ID=25, Customer=1, Released 0 seats
[2025-11-13 21:07:41] ? Cancelled expired booking ID=26, Customer=1, Released 2 seats
[2025-11-13 21:07:41] ? Cancelled expired booking ID=27, Customer=1, Released 0 seats
[2025-11-13 21:07:41] ? Cancelled expired booking ID=28, Customer=1, Released 0 seats
[2025-11-13 21:07:41] ? Cancelled expired booking ID=29, Customer=1, Released 0 seats
[2025-11-13 21:07:41] ? Cancelled expired booking ID=30, Customer=1, Released 0 seats
[2025-11-13 21:07:41] ? Cancelled expired booking ID=31, Customer=1, Released 1 seats
[2025-11-13 21:07:41] ? Cancelled expired booking ID=32, Customer=1, Released 2 seats
[2025-11-13 21:07:41] ? Cancelled expired booking ID=33, Customer=1, Released 2 seats
[2025-11-13 21:07:41] ? Cancelled expired booking ID=34, Customer=1, Released 2 seats
[2025-11-13 21:07:41] ? Cancelled expired booking ID=35, Customer=1, Released 0 seats
[2025-11-13 21:07:41] ? Cancelled expired booking ID=36, Customer=1, Released 2 seats
[2025-11-13 21:07:41] ? Cancelled expired booking ID=37, Customer=1, Released 1 seats
[2025-11-13 21:07:41] ? Cancelled expired booking ID=38, Customer=1, Released 0 seats
[2025-11-13 21:07:41] ? Cancelled expired booking ID=39, Customer=1, Released 2 seats
[2025-11-13 21:07:41] ? Cancelled expired booking ID=40, Customer=1, Released 2 seats
[2025-11-13 21:07:41] ? Cancelled expired booking ID=41, Customer=1, Released 1 seats
[2025-11-13 21:07:41] ? Cancelled expired booking ID=42, Customer=1, Released 2 seats
[2025-11-13 21:07:41] ? Cancelled expired booking ID=58, Customer=1, Released 0 seats
[2025-11-13 21:08:41] ? Found 38 expired bookings to cancel
[2025-11-13 21:08:41] ? Cancelled expired booking ID=6, Customer=1, Released 0 seats
[2025-11-13 21:08:41] ? Cancelled expired booking ID=7, Customer=1, Released 0 seats
[2025-11-13 21:08:41] ? Cancelled expired booking ID=8, Customer=1, Released 0 seats
[2025-11-13 21:08:41] ? Cancelled expired booking ID=9, Customer=1, Released 0 seats
[2025-11-13 21:08:41] ? Cancelled expired booking ID=10, Customer=1, Released 1 seats
[2025-11-13 21:08:41] ? Cancelled expired booking ID=11, Customer=1, Released 0 seats
[2025-11-13 21:08:41] ? Cancelled expired booking ID=12, Customer=1, Released 2 seats
[2025-11-13 21:08:41] ? Cancelled expired booking ID=13, Customer=1, Released 1 seats
[2025-11-13 21:08:41] ? Cancelled expired booking ID=14, Customer=1, Released 2 seats
[2025-11-13 21:08:41] ? Cancelled expired booking ID=15, Customer=1, Released 0 seats
[2025-11-13 21:08:41] ? Cancelled expired booking ID=16, Customer=1, Released 0 seats
[2025-11-13 21:08:41] ? Cancelled expired booking ID=17, Customer=1, Released 0 seats
[2025-11-13 21:08:41] ? Cancelled expired booking ID=18, Customer=1, Released 0 seats
[2025-11-13 21:08:41] ? Cancelled expired booking ID=19, Customer=1, Released 1 seats
[2025-11-13 21:08:41] ? Cancelled expired booking ID=20, Customer=1, Released 0 seats
[2025-11-13 21:08:41] ? Cancelled expired booking ID=21, Customer=1, Released 0 seats
[2025-11-13 21:08:41] ? Cancelled expired booking ID=22, Customer=1, Released 0 seats
[2025-11-13 21:08:41] ? Cancelled expired booking ID=23, Customer=1, Released 0 seats
[2025-11-13 21:08:41] ? Cancelled expired booking ID=24, Customer=1, Released 0 seats
[2025-11-13 21:08:41] ? Cancelled expired booking ID=25, Customer=1, Released 0 seats
[2025-11-13 21:08:41] ? Cancelled expired booking ID=26, Customer=1, Released 2 seats
[2025-11-13 21:08:41] ? Cancelled expired booking ID=27, Customer=1, Released 0 seats
[2025-11-13 21:08:41] ? Cancelled expired booking ID=28, Customer=1, Released 0 seats
[2025-11-13 21:08:41] ? Cancelled expired booking ID=29, Customer=1, Released 0 seats
[2025-11-13 21:08:41] ? Cancelled expired booking ID=30, Customer=1, Released 0 seats
[2025-11-13 21:08:41] ? Cancelled expired booking ID=31, Customer=1, Released 1 seats
[2025-11-13 21:08:41] ? Cancelled expired booking ID=32, Customer=1, Released 2 seats
[2025-11-13 21:08:41] ? Cancelled expired booking ID=33, Customer=1, Released 2 seats
[2025-11-13 21:08:41] ? Cancelled expired booking ID=34, Customer=1, Released 2 seats
[2025-11-13 21:08:41] ? Cancelled expired booking ID=35, Customer=1, Released 0 seats
[2025-11-13 21:08:41] ? Cancelled expired booking ID=36, Customer=1, Released 2 seats
[2025-11-13 21:08:41] ? Cancelled expired booking ID=37, Customer=1, Released 1 seats
[2025-11-13 21:08:41] ? Cancelled expired booking ID=38, Customer=1, Released 0 seats
[2025-11-13 21:08:41] ? Cancelled expired booking ID=39, Customer=1, Released 2 seats
[2025-11-13 21:08:41] ? Cancelled expired booking ID=40, Customer=1, Released 2 seats
[2025-11-13 21:08:41] ? Cancelled expired booking ID=41, Customer=1, Released 1 seats
[2025-11-13 21:08:41] ? Cancelled expired booking ID=42, Customer=1, Released 2 seats
[2025-11-13 21:08:41] ? Cancelled expired booking ID=58, Customer=1, Released 0 seats
[2025-11-13 21:09:41] ? Found 38 expired bookings to cancel
[2025-11-13 21:09:41] ? Cancelled expired booking ID=6, Customer=1, Released 0 seats
[2025-11-13 21:09:41] ? Cancelled expired booking ID=7, Customer=1, Released 0 seats
[2025-11-13 21:09:41] ? Cancelled expired booking ID=8, Customer=1, Released 0 seats
[2025-11-13 21:09:41] ? Cancelled expired booking ID=9, Customer=1, Released 0 seats
[2025-11-13 21:09:41] ? Cancelled expired booking ID=10, Customer=1, Released 1 seats
[2025-11-13 21:09:41] ? Cancelled expired booking ID=11, Customer=1, Released 0 seats
[2025-11-13 21:09:41] ? Cancelled expired booking ID=12, Customer=1, Released 2 seats
[2025-11-13 21:09:41] ? Cancelled expired booking ID=13, Customer=1, Released 1 seats
[2025-11-13 21:09:41] ? Cancelled expired booking ID=14, Customer=1, Released 2 seats
[2025-11-13 21:09:41] ? Cancelled expired booking ID=15, Customer=1, Released 0 seats
[2025-11-13 21:09:41] ? Cancelled expired booking ID=16, Customer=1, Released 0 seats
[2025-11-13 21:09:41] ? Cancelled expired booking ID=17, Customer=1, Released 0 seats
[2025-11-13 21:09:41] ? Cancelled expired booking ID=18, Customer=1, Released 0 seats
[2025-11-13 21:09:41] ? Cancelled expired booking ID=19, Customer=1, Released 1 seats
[2025-11-13 21:09:41] ? Cancelled expired booking ID=20, Customer=1, Released 0 seats
[2025-11-13 21:09:41] ? Cancelled expired booking ID=21, Customer=1, Released 0 seats
[2025-11-13 21:09:41] ? Cancelled expired booking ID=22, Customer=1, Released 0 seats
[2025-11-13 21:09:41] ? Cancelled expired booking ID=23, Customer=1, Released 0 seats
[2025-11-13 21:09:41] ? Cancelled expired booking ID=24, Customer=1, Released 0 seats
[2025-11-13 21:09:41] ? Cancelled expired booking ID=25, Customer=1, Released 0 seats
[2025-11-13 21:09:41] ? Cancelled expired booking ID=26, Customer=1, Released 2 seats
[2025-11-13 21:09:41] ? Cancelled expired booking ID=27, Customer=1, Released 0 seats
[2025-11-13 21:09:41] ? Cancelled expired booking ID=28, Customer=1, Released 0 seats
[2025-11-13 21:09:41] ? Cancelled expired booking ID=29, Customer=1, Released 0 seats
[2025-11-13 21:09:41] ? Cancelled expired booking ID=30, Customer=1, Released 0 seats
[2025-11-13 21:09:41] ? Cancelled expired booking ID=31, Customer=1, Released 1 seats
[2025-11-13 21:09:41] ? Cancelled expired booking ID=32, Customer=1, Released 2 seats
[2025-11-13 21:09:41] ? Cancelled expired booking ID=33, Customer=1, Released 2 seats
[2025-11-13 21:09:41] ? Cancelled expired booking ID=34, Customer=1, Released 2 seats
[2025-11-13 21:09:41] ? Cancelled expired booking ID=35, Customer=1, Released 0 seats
[2025-11-13 21:09:41] ? Cancelled expired booking ID=36, Customer=1, Released 2 seats
[2025-11-13 21:09:41] ? Cancelled expired booking ID=37, Customer=1, Released 1 seats
[2025-11-13 21:09:41] ? Cancelled expired booking ID=38, Customer=1, Released 0 seats
[2025-11-13 21:09:41] ? Cancelled expired booking ID=39, Customer=1, Released 2 seats
[2025-11-13 21:09:41] ? Cancelled expired booking ID=40, Customer=1, Released 2 seats
[2025-11-13 21:09:41] ? Cancelled expired booking ID=41, Customer=1, Released 1 seats
[2025-11-13 21:09:41] ? Cancelled expired booking ID=42, Customer=1, Released 2 seats
[2025-11-13 21:09:41] ? Cancelled expired booking ID=58, Customer=1, Released 0 seats
[2025-11-13 21:10:41] ? Found 38 expired bookings to cancel
[2025-11-13 21:10:41] ? Cancelled expired booking ID=6, Customer=1, Released 0 seats
[2025-11-13 21:10:41] ? Cancelled expired booking ID=7, Customer=1, Released 0 seats
[2025-11-13 21:10:41] ? Cancelled expired booking ID=8, Customer=1, Released 0 seats
[2025-11-13 21:10:41] ? Cancelled expired booking ID=9, Customer=1, Released 0 seats
[2025-11-13 21:10:41] ? Cancelled expired booking ID=10, Customer=1, Released 1 seats
[2025-11-13 21:10:41] ? Cancelled expired booking ID=11, Customer=1, Released 0 seats
[2025-11-13 21:10:41] ? Cancelled expired booking ID=12, Customer=1, Released 2 seats
[2025-11-13 21:10:41] ? Cancelled expired booking ID=13, Customer=1, Released 1 seats
[2025-11-13 21:10:41] ? Cancelled expired booking ID=14, Customer=1, Released 2 seats
[2025-11-13 21:10:41] ? Cancelled expired booking ID=15, Customer=1, Released 0 seats
[2025-11-13 21:10:41] ? Cancelled expired booking ID=16, Customer=1, Released 0 seats
[2025-11-13 21:10:41] ? Cancelled expired booking ID=17, Customer=1, Released 0 seats
[2025-11-13 21:10:41] ? Cancelled expired booking ID=18, Customer=1, Released 0 seats
[2025-11-13 21:10:41] ? Cancelled expired booking ID=19, Customer=1, Released 1 seats
[2025-11-13 21:10:41] ? Cancelled expired booking ID=20, Customer=1, Released 0 seats
[2025-11-13 21:10:41] ? Cancelled expired booking ID=21, Customer=1, Released 0 seats
[2025-11-13 21:10:41] ? Cancelled expired booking ID=22, Customer=1, Released 0 seats
[2025-11-13 21:10:41] ? Cancelled expired booking ID=23, Customer=1, Released 0 seats
[2025-11-13 21:10:41] ? Cancelled expired booking ID=24, Customer=1, Released 0 seats
[2025-11-13 21:10:41] ? Cancelled expired booking ID=25, Customer=1, Released 0 seats
[2025-11-13 21:10:41] ? Cancelled expired booking ID=26, Customer=1, Released 2 seats
[2025-11-13 21:10:41] ? Cancelled expired booking ID=27, Customer=1, Released 0 seats
[2025-11-13 21:10:41] ? Cancelled expired booking ID=28, Customer=1, Released 0 seats
[2025-11-13 21:10:41] ? Cancelled expired booking ID=29, Customer=1, Released 0 seats
[2025-11-13 21:10:41] ? Cancelled expired booking ID=30, Customer=1, Released 0 seats
[2025-11-13 21:10:41] ? Cancelled expired booking ID=31, Customer=1, Released 1 seats
[2025-11-13 21:10:41] ? Cancelled expired booking ID=32, Customer=1, Released 2 seats
[2025-11-13 21:10:41] ? Cancelled expired booking ID=33, Customer=1, Released 2 seats
[2025-11-13 21:10:41] ? Cancelled expired booking ID=34, Customer=1, Released 2 seats
[2025-11-13 21:10:41] ? Cancelled expired booking ID=35, Customer=1, Released 0 seats
[2025-11-13 21:10:41] ? Cancelled expired booking ID=36, Customer=1, Released 2 seats
[2025-11-13 21:10:41] ? Cancelled expired booking ID=37, Customer=1, Released 1 seats
[2025-11-13 21:10:41] ? Cancelled expired booking ID=38, Customer=1, Released 0 seats
[2025-11-13 21:10:41] ? Cancelled expired booking ID=39, Customer=1, Released 2 seats
[2025-11-13 21:10:41] ? Cancelled expired booking ID=40, Customer=1, Released 2 seats
[2025-11-13 21:10:41] ? Cancelled expired booking ID=41, Customer=1, Released 1 seats
[2025-11-13 21:10:41] ? Cancelled expired booking ID=42, Customer=1, Released 2 seats
[2025-11-13 21:10:41] ? Cancelled expired booking ID=58, Customer=1, Released 0 seats
[2025-11-13 21:11:41] ? Found 38 expired bookings to cancel
[2025-11-13 21:11:41] ? Cancelled expired booking ID=6, Customer=1, Released 0 seats
[2025-11-13 21:11:41] ? Cancelled expired booking ID=7, Customer=1, Released 0 seats
[2025-11-13 21:11:41] ? Cancelled expired booking ID=8, Customer=1, Released 0 seats
[2025-11-13 21:11:41] ? Cancelled expired booking ID=9, Customer=1, Released 0 seats
[2025-11-13 21:11:41] ? Cancelled expired booking ID=10, Customer=1, Released 1 seats
[2025-11-13 21:11:41] ? Cancelled expired booking ID=11, Customer=1, Released 0 seats
[2025-11-13 21:11:41] ? Cancelled expired booking ID=12, Customer=1, Released 2 seats
[2025-11-13 21:11:41] ? Cancelled expired booking ID=13, Customer=1, Released 1 seats
[2025-11-13 21:11:41] ? Cancelled expired booking ID=14, Customer=1, Released 2 seats
[2025-11-13 21:11:41] ? Cancelled expired booking ID=15, Customer=1, Released 0 seats
[2025-11-13 21:11:41] ? Cancelled expired booking ID=16, Customer=1, Released 0 seats
[2025-11-13 21:11:41] ? Cancelled expired booking ID=17, Customer=1, Released 0 seats
[2025-11-13 21:11:41] ? Cancelled expired booking ID=18, Customer=1, Released 0 seats
[2025-11-13 21:11:41] ? Cancelled expired booking ID=19, Customer=1, Released 1 seats
[2025-11-13 21:11:41] ? Cancelled expired booking ID=20, Customer=1, Released 0 seats
[2025-11-13 21:11:41] ? Cancelled expired booking ID=21, Customer=1, Released 0 seats
[2025-11-13 21:11:41] ? Cancelled expired booking ID=22, Customer=1, Released 0 seats
[2025-11-13 21:11:41] ? Cancelled expired booking ID=23, Customer=1, Released 0 seats
[2025-11-13 21:11:41] ? Cancelled expired booking ID=24, Customer=1, Released 0 seats
[2025-11-13 21:11:41] ? Cancelled expired booking ID=25, Customer=1, Released 0 seats
[2025-11-13 21:11:41] ? Cancelled expired booking ID=26, Customer=1, Released 2 seats
[2025-11-13 21:11:41] ? Cancelled expired booking ID=27, Customer=1, Released 0 seats
[2025-11-13 21:11:41] ? Cancelled expired booking ID=28, Customer=1, Released 0 seats
[2025-11-13 21:11:41] ? Cancelled expired booking ID=29, Customer=1, Released 0 seats
[2025-11-13 21:11:41] ? Cancelled expired booking ID=30, Customer=1, Released 0 seats
[2025-11-13 21:11:41] ? Cancelled expired booking ID=31, Customer=1, Released 1 seats
[2025-11-13 21:11:41] ? Cancelled expired booking ID=32, Customer=1, Released 2 seats
[2025-11-13 21:11:41] ? Cancelled expired booking ID=33, Customer=1, Released 2 seats
[2025-11-13 21:11:41] ? Cancelled expired booking ID=34, Customer=1, Released 2 seats
[2025-11-13 21:11:41] ? Cancelled expired booking ID=35, Customer=1, Released 0 seats
[2025-11-13 21:11:41] ? Cancelled expired booking ID=36, Customer=1, Released 2 seats
[2025-11-13 21:11:41] ? Cancelled expired booking ID=37, Customer=1, Released 1 seats
[2025-11-13 21:11:41] ? Cancelled expired booking ID=38, Customer=1, Released 0 seats
[2025-11-13 21:11:41] ? Cancelled expired booking ID=39, Customer=1, Released 2 seats
[2025-11-13 21:11:41] ? Cancelled expired booking ID=40, Customer=1, Released 2 seats
[2025-11-13 21:11:41] ? Cancelled expired booking ID=41, Customer=1, Released 1 seats
[2025-11-13 21:11:41] ? Cancelled expired booking ID=42, Customer=1, Released 2 seats
[2025-11-13 21:11:41] ? Cancelled expired booking ID=58, Customer=1, Released 0 seats
[2025-11-13 21:12:41] ? Found 38 expired bookings to cancel
[2025-11-13 21:12:41] ? Cancelled expired booking ID=6, Customer=1, Released 0 seats
[2025-11-13 21:12:41] ? Cancelled expired booking ID=7, Customer=1, Released 0 seats
[2025-11-13 21:12:41] ? Cancelled expired booking ID=8, Customer=1, Released 0 seats
[2025-11-13 21:12:41] ? Cancelled expired booking ID=9, Customer=1, Released 0 seats
[2025-11-13 21:12:41] ? Cancelled expired booking ID=10, Customer=1, Released 1 seats
[2025-11-13 21:12:41] ? Cancelled expired booking ID=11, Customer=1, Released 0 seats
[2025-11-13 21:12:41] ? Cancelled expired booking ID=12, Customer=1, Released 2 seats
[2025-11-13 21:12:41] ? Cancelled expired booking ID=13, Customer=1, Released 1 seats
[2025-11-13 21:12:41] ? Cancelled expired booking ID=14, Customer=1, Released 2 seats
[2025-11-13 21:12:41] ? Cancelled expired booking ID=15, Customer=1, Released 0 seats
[2025-11-13 21:12:41] ? Cancelled expired booking ID=16, Customer=1, Released 0 seats
[2025-11-13 21:12:41] ? Cancelled expired booking ID=17, Customer=1, Released 0 seats
[2025-11-13 21:12:41] ? Cancelled expired booking ID=18, Customer=1, Released 0 seats
[2025-11-13 21:12:41] ? Cancelled expired booking ID=19, Customer=1, Released 1 seats
[2025-11-13 21:12:41] ? Cancelled expired booking ID=20, Customer=1, Released 0 seats
[2025-11-13 21:12:41] ? Cancelled expired booking ID=21, Customer=1, Released 0 seats
[2025-11-13 21:12:41] ? Cancelled expired booking ID=22, Customer=1, Released 0 seats
[2025-11-13 21:12:41] ? Cancelled expired booking ID=23, Customer=1, Released 0 seats
[2025-11-13 21:12:41] ? Cancelled expired booking ID=24, Customer=1, Released 0 seats
[2025-11-13 21:12:41] ? Cancelled expired booking ID=25, Customer=1, Released 0 seats
[2025-11-13 21:12:41] ? Cancelled expired booking ID=26, Customer=1, Released 2 seats
[2025-11-13 21:12:41] ? Cancelled expired booking ID=27, Customer=1, Released 0 seats
[2025-11-13 21:12:41] ? Cancelled expired booking ID=28, Customer=1, Released 0 seats
[2025-11-13 21:12:41] ? Cancelled expired booking ID=29, Customer=1, Released 0 seats
[2025-11-13 21:12:41] ? Cancelled expired booking ID=30, Customer=1, Released 0 seats
[2025-11-13 21:12:41] ? Cancelled expired booking ID=31, Customer=1, Released 1 seats
[2025-11-13 21:12:41] ? Cancelled expired booking ID=32, Customer=1, Released 2 seats
[2025-11-13 21:12:41] ? Cancelled expired booking ID=33, Customer=1, Released 2 seats
[2025-11-13 21:12:41] ? Cancelled expired booking ID=34, Customer=1, Released 2 seats
[2025-11-13 21:12:41] ? Cancelled expired booking ID=35, Customer=1, Released 0 seats
[2025-11-13 21:12:41] ? Cancelled expired booking ID=36, Customer=1, Released 2 seats
[2025-11-13 21:12:41] ? Cancelled expired booking ID=37, Customer=1, Released 1 seats
[2025-11-13 21:12:41] ? Cancelled expired booking ID=38, Customer=1, Released 0 seats
[2025-11-13 21:12:41] ? Cancelled expired booking ID=39, Customer=1, Released 2 seats
[2025-11-13 21:12:41] ? Cancelled expired booking ID=40, Customer=1, Released 2 seats
[2025-11-13 21:12:41] ? Cancelled expired booking ID=41, Customer=1, Released 1 seats
[2025-11-13 21:12:41] ? Cancelled expired booking ID=42, Customer=1, Released 2 seats
[2025-11-13 21:12:41] ? Cancelled expired booking ID=58, Customer=1, Released 0 seats
[2025-11-13 21:13:41] ? Found 38 expired bookings to cancel
[2025-11-13 21:13:41] ? Cancelled expired booking ID=6, Customer=1, Released 0 seats
[2025-11-13 21:13:41] ? Cancelled expired booking ID=7, Customer=1, Released 0 seats
[2025-11-13 21:13:41] ? Cancelled expired booking ID=8, Customer=1, Released 0 seats
[2025-11-13 21:13:41] ? Cancelled expired booking ID=9, Customer=1, Released 0 seats
[2025-11-13 21:13:41] ? Cancelled expired booking ID=10, Customer=1, Released 1 seats
[2025-11-13 21:13:41] ? Cancelled expired booking ID=11, Customer=1, Released 0 seats
[2025-11-13 21:13:41] ? Cancelled expired booking ID=12, Customer=1, Released 2 seats
[2025-11-13 21:13:41] ? Cancelled expired booking ID=13, Customer=1, Released 1 seats
[2025-11-13 21:13:41] ? Cancelled expired booking ID=14, Customer=1, Released 2 seats
[2025-11-13 21:13:41] ? Cancelled expired booking ID=15, Customer=1, Released 0 seats
[2025-11-13 21:13:41] ? Cancelled expired booking ID=16, Customer=1, Released 0 seats
[2025-11-13 21:13:41] ? Cancelled expired booking ID=17, Customer=1, Released 0 seats
[2025-11-13 21:13:41] ? Cancelled expired booking ID=18, Customer=1, Released 0 seats
[2025-11-13 21:13:41] ? Cancelled expired booking ID=19, Customer=1, Released 1 seats
[2025-11-13 21:13:41] ? Cancelled expired booking ID=20, Customer=1, Released 0 seats
[2025-11-13 21:13:41] ? Cancelled expired booking ID=21, Customer=1, Released 0 seats
[2025-11-13 21:13:41] ? Cancelled expired booking ID=22, Customer=1, Released 0 seats
[2025-11-13 21:13:41] ? Cancelled expired booking ID=23, Customer=1, Released 0 seats
[2025-11-13 21:13:41] ? Cancelled expired booking ID=24, Customer=1, Released 0 seats
[2025-11-13 21:13:41] ? Cancelled expired booking ID=25, Customer=1, Released 0 seats
[2025-11-13 21:13:41] ? Cancelled expired booking ID=26, Customer=1, Released 2 seats
[2025-11-13 21:13:41] ? Cancelled expired booking ID=27, Customer=1, Released 0 seats
[2025-11-13 21:13:41] ? Cancelled expired booking ID=28, Customer=1, Released 0 seats
[2025-11-13 21:13:41] ? Cancelled expired booking ID=29, Customer=1, Released 0 seats
[2025-11-13 21:13:41] ? Cancelled expired booking ID=30, Customer=1, Released 0 seats
[2025-11-13 21:13:41] ? Cancelled expired booking ID=31, Customer=1, Released 1 seats
[2025-11-13 21:13:41] ? Cancelled expired booking ID=32, Customer=1, Released 2 seats
[2025-11-13 21:13:41] ? Cancelled expired booking ID=33, Customer=1, Released 2 seats
[2025-11-13 21:13:41] ? Cancelled expired booking ID=34, Customer=1, Released 2 seats
[2025-11-13 21:13:41] ? Cancelled expired booking ID=35, Customer=1, Released 0 seats
[2025-11-13 21:13:41] ? Cancelled expired booking ID=36, Customer=1, Released 2 seats
[2025-11-13 21:13:41] ? Cancelled expired booking ID=37, Customer=1, Released 1 seats
[2025-11-13 21:13:41] ? Cancelled expired booking ID=38, Customer=1, Released 0 seats
[2025-11-13 21:13:41] ? Cancelled expired booking ID=39, Customer=1, Released 2 seats
[2025-11-13 21:13:41] ? Cancelled expired booking ID=40, Customer=1, Released 2 seats
[2025-11-13 21:13:41] ? Cancelled expired booking ID=41, Customer=1, Released 1 seats
[2025-11-13 21:13:41] ? Cancelled expired booking ID=42, Customer=1, Released 2 seats
[2025-11-13 21:13:41] ? Cancelled expired booking ID=58, Customer=1, Released 0 seats
[2025-11-13 21:14:41] ? Found 38 expired bookings to cancel
[2025-11-13 21:14:41] ? Cancelled expired booking ID=6, Customer=1, Released 0 seats
[2025-11-13 21:14:41] ? Cancelled expired booking ID=7, Customer=1, Released 0 seats
[2025-11-13 21:14:41] ? Cancelled expired booking ID=8, Customer=1, Released 0 seats
[2025-11-13 21:14:41] ? Cancelled expired booking ID=9, Customer=1, Released 0 seats
[2025-11-13 21:14:41] ? Cancelled expired booking ID=10, Customer=1, Released 1 seats
[2025-11-13 21:14:41] ? Cancelled expired booking ID=11, Customer=1, Released 0 seats
[2025-11-13 21:14:41] ? Cancelled expired booking ID=12, Customer=1, Released 2 seats
[2025-11-13 21:14:41] ? Cancelled expired booking ID=13, Customer=1, Released 1 seats
[2025-11-13 21:14:41] ? Cancelled expired booking ID=14, Customer=1, Released 2 seats
[2025-11-13 21:14:41] ? Cancelled expired booking ID=15, Customer=1, Released 0 seats
[2025-11-13 21:14:41] ? Cancelled expired booking ID=16, Customer=1, Released 0 seats
[2025-11-13 21:14:41] ? Cancelled expired booking ID=17, Customer=1, Released 0 seats
[2025-11-13 21:14:41] ? Cancelled expired booking ID=18, Customer=1, Released 0 seats
[2025-11-13 21:14:41] ? Cancelled expired booking ID=19, Customer=1, Released 1 seats
[2025-11-13 21:14:41] ? Cancelled expired booking ID=20, Customer=1, Released 0 seats
[2025-11-13 21:14:41] ? Cancelled expired booking ID=21, Customer=1, Released 0 seats
[2025-11-13 21:14:41] ? Cancelled expired booking ID=22, Customer=1, Released 0 seats
[2025-11-13 21:14:41] ? Cancelled expired booking ID=23, Customer=1, Released 0 seats
[2025-11-13 21:14:41] ? Cancelled expired booking ID=24, Customer=1, Released 0 seats
[2025-11-13 21:14:41] ? Cancelled expired booking ID=25, Customer=1, Released 0 seats
[2025-11-13 21:14:41] ? Cancelled expired booking ID=26, Customer=1, Released 2 seats
[2025-11-13 21:14:41] ? Cancelled expired booking ID=27, Customer=1, Released 0 seats
[2025-11-13 21:14:41] ? Cancelled expired booking ID=28, Customer=1, Released 0 seats
[2025-11-13 21:14:41] ? Cancelled expired booking ID=29, Customer=1, Released 0 seats
[2025-11-13 21:14:41] ? Cancelled expired booking ID=30, Customer=1, Released 0 seats
[2025-11-13 21:14:41] ? Cancelled expired booking ID=31, Customer=1, Released 1 seats
[2025-11-13 21:14:41] ? Cancelled expired booking ID=32, Customer=1, Released 2 seats
[2025-11-13 21:14:41] ? Cancelled expired booking ID=33, Customer=1, Released 2 seats
[2025-11-13 21:14:41] ? Cancelled expired booking ID=34, Customer=1, Released 2 seats
[2025-11-13 21:14:41] ? Cancelled expired booking ID=35, Customer=1, Released 0 seats
[2025-11-13 21:14:41] ? Cancelled expired booking ID=36, Customer=1, Released 2 seats
[2025-11-13 21:14:41] ? Cancelled expired booking ID=37, Customer=1, Released 1 seats
[2025-11-13 21:14:41] ? Cancelled expired booking ID=38, Customer=1, Released 0 seats
[2025-11-13 21:14:41] ? Cancelled expired booking ID=39, Customer=1, Released 2 seats
[2025-11-13 21:14:41] ? Cancelled expired booking ID=40, Customer=1, Released 2 seats
[2025-11-13 21:14:41] ? Cancelled expired booking ID=41, Customer=1, Released 1 seats
[2025-11-13 21:14:41] ? Cancelled expired booking ID=42, Customer=1, Released 2 seats
[2025-11-13 21:14:41] ? Cancelled expired booking ID=58, Customer=1, Released 0 seats
[2025-11-13 21:15:41] ? Found 38 expired bookings to cancel
[2025-11-13 21:15:41] ? Cancelled expired booking ID=6, Customer=1, Released 0 seats
[2025-11-13 21:15:41] ? Cancelled expired booking ID=7, Customer=1, Released 0 seats
[2025-11-13 21:15:41] ? Cancelled expired booking ID=8, Customer=1, Released 0 seats
[2025-11-13 21:15:41] ? Cancelled expired booking ID=9, Customer=1, Released 0 seats
[2025-11-13 21:15:41] ? Cancelled expired booking ID=10, Customer=1, Released 1 seats
[2025-11-13 21:15:41] ? Cancelled expired booking ID=11, Customer=1, Released 0 seats
[2025-11-13 21:15:41] ? Cancelled expired booking ID=12, Customer=1, Released 2 seats
[2025-11-13 21:15:41] ? Cancelled expired booking ID=13, Customer=1, Released 1 seats
[2025-11-13 21:15:41] ? Cancelled expired booking ID=14, Customer=1, Released 2 seats
[2025-11-13 21:15:41] ? Cancelled expired booking ID=15, Customer=1, Released 0 seats
[2025-11-13 21:15:41] ? Cancelled expired booking ID=16, Customer=1, Released 0 seats
[2025-11-13 21:15:41] ? Cancelled expired booking ID=17, Customer=1, Released 0 seats
[2025-11-13 21:15:41] ? Cancelled expired booking ID=18, Customer=1, Released 0 seats
[2025-11-13 21:15:41] ? Cancelled expired booking ID=19, Customer=1, Released 1 seats
[2025-11-13 21:15:41] ? Cancelled expired booking ID=20, Customer=1, Released 0 seats
[2025-11-13 21:15:41] ? Cancelled expired booking ID=21, Customer=1, Released 0 seats
[2025-11-13 21:15:41] ? Cancelled expired booking ID=22, Customer=1, Released 0 seats
[2025-11-13 21:15:41] ? Cancelled expired booking ID=23, Customer=1, Released 0 seats
[2025-11-13 21:15:41] ? Cancelled expired booking ID=24, Customer=1, Released 0 seats
[2025-11-13 21:15:41] ? Cancelled expired booking ID=25, Customer=1, Released 0 seats
[2025-11-13 21:15:41] ? Cancelled expired booking ID=26, Customer=1, Released 2 seats
[2025-11-13 21:15:41] ? Cancelled expired booking ID=27, Customer=1, Released 0 seats
[2025-11-13 21:15:41] ? Cancelled expired booking ID=28, Customer=1, Released 0 seats
[2025-11-13 21:15:41] ? Cancelled expired booking ID=29, Customer=1, Released 0 seats
[2025-11-13 21:15:41] ? Cancelled expired booking ID=30, Customer=1, Released 0 seats
[2025-11-13 21:15:41] ? Cancelled expired booking ID=31, Customer=1, Released 1 seats
[2025-11-13 21:15:41] ? Cancelled expired booking ID=32, Customer=1, Released 2 seats
[2025-11-13 21:15:41] ? Cancelled expired booking ID=33, Customer=1, Released 2 seats
[2025-11-13 21:15:41] ? Cancelled expired booking ID=34, Customer=1, Released 2 seats
[2025-11-13 21:15:41] ? Cancelled expired booking ID=35, Customer=1, Released 0 seats
[2025-11-13 21:15:41] ? Cancelled expired booking ID=36, Customer=1, Released 2 seats
[2025-11-13 21:15:41] ? Cancelled expired booking ID=37, Customer=1, Released 1 seats
[2025-11-13 21:15:41] ? Cancelled expired booking ID=38, Customer=1, Released 0 seats
[2025-11-13 21:15:41] ? Cancelled expired booking ID=39, Customer=1, Released 2 seats
[2025-11-13 21:15:41] ? Cancelled expired booking ID=40, Customer=1, Released 2 seats
[2025-11-13 21:15:41] ? Cancelled expired booking ID=41, Customer=1, Released 1 seats
[2025-11-13 21:15:41] ? Cancelled expired booking ID=42, Customer=1, Released 2 seats
[2025-11-13 21:15:41] ? Cancelled expired booking ID=58, Customer=1, Released 0 seats
[2025-11-13 21:16:41] ? Found 38 expired bookings to cancel
[2025-11-13 21:16:41] ? Cancelled expired booking ID=6, Customer=1, Released 0 seats
[2025-11-13 21:16:41] ? Cancelled expired booking ID=7, Customer=1, Released 0 seats
[2025-11-13 21:16:41] ? Cancelled expired booking ID=8, Customer=1, Released 0 seats
[2025-11-13 21:16:41] ? Cancelled expired booking ID=9, Customer=1, Released 0 seats
[2025-11-13 21:16:41] ? Cancelled expired booking ID=10, Customer=1, Released 1 seats
[2025-11-13 21:16:41] ? Cancelled expired booking ID=11, Customer=1, Released 0 seats
[2025-11-13 21:16:41] ? Cancelled expired booking ID=12, Customer=1, Released 2 seats
[2025-11-13 21:16:41] ? Cancelled expired booking ID=13, Customer=1, Released 1 seats
[2025-11-13 21:16:41] ? Cancelled expired booking ID=14, Customer=1, Released 2 seats
[2025-11-13 21:16:41] ? Cancelled expired booking ID=15, Customer=1, Released 0 seats
[2025-11-13 21:16:41] ? Cancelled expired booking ID=16, Customer=1, Released 0 seats
[2025-11-13 21:16:41] ? Cancelled expired booking ID=17, Customer=1, Released 0 seats
[2025-11-13 21:16:41] ? Cancelled expired booking ID=18, Customer=1, Released 0 seats
[2025-11-13 21:16:41] ? Cancelled expired booking ID=19, Customer=1, Released 1 seats
[2025-11-13 21:16:41] ? Cancelled expired booking ID=20, Customer=1, Released 0 seats
[2025-11-13 21:16:41] ? Cancelled expired booking ID=21, Customer=1, Released 0 seats
[2025-11-13 21:16:41] ? Cancelled expired booking ID=22, Customer=1, Released 0 seats
[2025-11-13 21:16:41] ? Cancelled expired booking ID=23, Customer=1, Released 0 seats
[2025-11-13 21:16:41] ? Cancelled expired booking ID=24, Customer=1, Released 0 seats
[2025-11-13 21:16:41] ? Cancelled expired booking ID=25, Customer=1, Released 0 seats
[2025-11-13 21:16:41] ? Cancelled expired booking ID=26, Customer=1, Released 2 seats
[2025-11-13 21:16:41] ? Cancelled expired booking ID=27, Customer=1, Released 0 seats
[2025-11-13 21:16:41] ? Cancelled expired booking ID=28, Customer=1, Released 0 seats
[2025-11-13 21:16:41] ? Cancelled expired booking ID=29, Customer=1, Released 0 seats
[2025-11-13 21:16:41] ? Cancelled expired booking ID=30, Customer=1, Released 0 seats
[2025-11-13 21:16:41] ? Cancelled expired booking ID=31, Customer=1, Released 1 seats
[2025-11-13 21:16:41] ? Cancelled expired booking ID=32, Customer=1, Released 2 seats
[2025-11-13 21:16:41] ? Cancelled expired booking ID=33, Customer=1, Released 2 seats
[2025-11-13 21:16:41] ? Cancelled expired booking ID=34, Customer=1, Released 2 seats
[2025-11-13 21:16:41] ? Cancelled expired booking ID=35, Customer=1, Released 0 seats
[2025-11-13 21:16:41] ? Cancelled expired booking ID=36, Customer=1, Released 2 seats
[2025-11-13 21:16:41] ? Cancelled expired booking ID=37, Customer=1, Released 1 seats
[2025-11-13 21:16:41] ? Cancelled expired booking ID=38, Customer=1, Released 0 seats
[2025-11-13 21:16:41] ? Cancelled expired booking ID=39, Customer=1, Released 2 seats
[2025-11-13 21:16:41] ? Cancelled expired booking ID=40, Customer=1, Released 2 seats
[2025-11-13 21:16:41] ? Cancelled expired booking ID=41, Customer=1, Released 1 seats
[2025-11-13 21:16:41] ? Cancelled expired booking ID=42, Customer=1, Released 2 seats
[2025-11-13 21:16:41] ? Cancelled expired booking ID=58, Customer=1, Released 0 seats
[2025-11-13 21:17:41] ? Found 38 expired bookings to cancel
[2025-11-13 21:17:41] ? Cancelled expired booking ID=6, Customer=1, Released 0 seats
[2025-11-13 21:17:41] ? Cancelled expired booking ID=7, Customer=1, Released 0 seats
[2025-11-13 21:17:41] ? Cancelled expired booking ID=8, Customer=1, Released 0 seats
[2025-11-13 21:17:41] ? Cancelled expired booking ID=9, Customer=1, Released 0 seats
[2025-11-13 21:17:41] ? Cancelled expired booking ID=10, Customer=1, Released 1 seats
[2025-11-13 21:17:41] ? Cancelled expired booking ID=11, Customer=1, Released 0 seats
[2025-11-13 21:17:41] ? Cancelled expired booking ID=12, Customer=1, Released 2 seats
[2025-11-13 21:17:41] ? Cancelled expired booking ID=13, Customer=1, Released 1 seats
[2025-11-13 21:17:41] ? Cancelled expired booking ID=14, Customer=1, Released 2 seats
[2025-11-13 21:17:41] ? Cancelled expired booking ID=15, Customer=1, Released 0 seats
[2025-11-13 21:17:41] ? Cancelled expired booking ID=16, Customer=1, Released 0 seats
[2025-11-13 21:17:41] ? Cancelled expired booking ID=17, Customer=1, Released 0 seats
[2025-11-13 21:17:41] ? Cancelled expired booking ID=18, Customer=1, Released 0 seats
[2025-11-13 21:17:41] ? Cancelled expired booking ID=19, Customer=1, Released 1 seats
[2025-11-13 21:17:41] ? Cancelled expired booking ID=20, Customer=1, Released 0 seats
[2025-11-13 21:17:41] ? Cancelled expired booking ID=21, Customer=1, Released 0 seats
[2025-11-13 21:17:41] ? Cancelled expired booking ID=22, Customer=1, Released 0 seats
[2025-11-13 21:17:41] ? Cancelled expired booking ID=23, Customer=1, Released 0 seats
[2025-11-13 21:17:41] ? Cancelled expired booking ID=24, Customer=1, Released 0 seats
[2025-11-13 21:17:41] ? Cancelled expired booking ID=25, Customer=1, Released 0 seats
[2025-11-13 21:17:41] ? Cancelled expired booking ID=26, Customer=1, Released 2 seats
[2025-11-13 21:17:41] ? Cancelled expired booking ID=27, Customer=1, Released 0 seats
[2025-11-13 21:17:41] ? Cancelled expired booking ID=28, Customer=1, Released 0 seats
[2025-11-13 21:17:41] ? Cancelled expired booking ID=29, Customer=1, Released 0 seats
[2025-11-13 21:17:41] ? Cancelled expired booking ID=30, Customer=1, Released 0 seats
[2025-11-13 21:17:41] ? Cancelled expired booking ID=31, Customer=1, Released 1 seats
[2025-11-13 21:17:41] ? Cancelled expired booking ID=32, Customer=1, Released 2 seats
[2025-11-13 21:17:41] ? Cancelled expired booking ID=33, Customer=1, Released 2 seats
[2025-11-13 21:17:41] ? Cancelled expired booking ID=34, Customer=1, Released 2 seats
[2025-11-13 21:17:41] ? Cancelled expired booking ID=35, Customer=1, Released 0 seats
[2025-11-13 21:17:41] ? Cancelled expired booking ID=36, Customer=1, Released 2 seats
[2025-11-13 21:17:41] ? Cancelled expired booking ID=37, Customer=1, Released 1 seats
[2025-11-13 21:17:41] ? Cancelled expired booking ID=38, Customer=1, Released 0 seats
[2025-11-13 21:17:41] ? Cancelled expired booking ID=39, Customer=1, Released 2 seats
[2025-11-13 21:17:41] ? Cancelled expired booking ID=40, Customer=1, Released 2 seats
[2025-11-13 21:17:41] ? Cancelled expired booking ID=41, Customer=1, Released 1 seats
[2025-11-13 21:17:41] ? Cancelled expired booking ID=42, Customer=1, Released 2 seats
[2025-11-13 21:17:41] ? Cancelled expired booking ID=58, Customer=1, Released 0 seats
[2025-11-13 21:18:41] ? Found 38 expired bookings to cancel
[2025-11-13 21:18:41] ? Cancelled expired booking ID=6, Customer=1, Released 0 seats
[2025-11-13 21:18:41] ? Cancelled expired booking ID=7, Customer=1, Released 0 seats
[2025-11-13 21:18:41] ? Cancelled expired booking ID=8, Customer=1, Released 0 seats
[2025-11-13 21:18:41] ? Cancelled expired booking ID=9, Customer=1, Released 0 seats
[2025-11-13 21:18:41] ? Cancelled expired booking ID=10, Customer=1, Released 1 seats
[2025-11-13 21:18:41] ? Cancelled expired booking ID=11, Customer=1, Released 0 seats
[2025-11-13 21:18:41] ? Cancelled expired booking ID=12, Customer=1, Released 2 seats
[2025-11-13 21:18:41] ? Cancelled expired booking ID=13, Customer=1, Released 1 seats
[2025-11-13 21:18:41] ? Cancelled expired booking ID=14, Customer=1, Released 2 seats
[2025-11-13 21:18:41] ? Cancelled expired booking ID=15, Customer=1, Released 0 seats
[2025-11-13 21:18:41] ? Cancelled expired booking ID=16, Customer=1, Released 0 seats
[2025-11-13 21:18:41] ? Cancelled expired booking ID=17, Customer=1, Released 0 seats
[2025-11-13 21:18:41] ? Cancelled expired booking ID=18, Customer=1, Released 0 seats
[2025-11-13 21:18:41] ? Cancelled expired booking ID=19, Customer=1, Released 1 seats
[2025-11-13 21:18:41] ? Cancelled expired booking ID=20, Customer=1, Released 0 seats
[2025-11-13 21:18:41] ? Cancelled expired booking ID=21, Customer=1, Released 0 seats
[2025-11-13 21:18:41] ? Cancelled expired booking ID=22, Customer=1, Released 0 seats
[2025-11-13 21:18:41] ? Cancelled expired booking ID=23, Customer=1, Released 0 seats
[2025-11-13 21:18:41] ? Cancelled expired booking ID=24, Customer=1, Released 0 seats
[2025-11-13 21:18:41] ? Cancelled expired booking ID=25, Customer=1, Released 0 seats
[2025-11-13 21:18:41] ? Cancelled expired booking ID=26, Customer=1, Released 2 seats
[2025-11-13 21:18:41] ? Cancelled expired booking ID=27, Customer=1, Released 0 seats
[2025-11-13 21:18:41] ? Cancelled expired booking ID=28, Customer=1, Released 0 seats
[2025-11-13 21:18:41] ? Cancelled expired booking ID=29, Customer=1, Released 0 seats
[2025-11-13 21:18:41] ? Cancelled expired booking ID=30, Customer=1, Released 0 seats
[2025-11-13 21:18:41] ? Cancelled expired booking ID=31, Customer=1, Released 1 seats
[2025-11-13 21:18:41] ? Cancelled expired booking ID=32, Customer=1, Released 2 seats
[2025-11-13 21:18:41] ? Cancelled expired booking ID=33, Customer=1, Released 2 seats
[2025-11-13 21:18:41] ? Cancelled expired booking ID=34, Customer=1, Released 2 seats
[2025-11-13 21:18:41] ? Cancelled expired booking ID=35, Customer=1, Released 0 seats
[2025-11-13 21:18:41] ? Cancelled expired booking ID=36, Customer=1, Released 2 seats
[2025-11-13 21:18:41] ? Cancelled expired booking ID=37, Customer=1, Released 1 seats
[2025-11-13 21:18:41] ? Cancelled expired booking ID=38, Customer=1, Released 0 seats
[2025-11-13 21:18:41] ? Cancelled expired booking ID=39, Customer=1, Released 2 seats
[2025-11-13 21:18:41] ? Cancelled expired booking ID=40, Customer=1, Released 2 seats
[2025-11-13 21:18:41] ? Cancelled expired booking ID=41, Customer=1, Released 1 seats
[2025-11-13 21:18:41] ? Cancelled expired booking ID=42, Customer=1, Released 2 seats
[2025-11-13 21:18:41] ? Cancelled expired booking ID=58, Customer=1, Released 0 seats
[2025-11-13 21:19:41] ? Found 38 expired bookings to cancel
[2025-11-13 21:19:41] ? Cancelled expired booking ID=6, Customer=1, Released 0 seats
[2025-11-13 21:19:41] ? Cancelled expired booking ID=7, Customer=1, Released 0 seats
[2025-11-13 21:19:41] ? Cancelled expired booking ID=8, Customer=1, Released 0 seats
[2025-11-13 21:19:41] ? Cancelled expired booking ID=9, Customer=1, Released 0 seats
[2025-11-13 21:19:41] ? Cancelled expired booking ID=10, Customer=1, Released 1 seats
[2025-11-13 21:19:41] ? Cancelled expired booking ID=11, Customer=1, Released 0 seats
[2025-11-13 21:19:41] ? Cancelled expired booking ID=12, Customer=1, Released 2 seats
[2025-11-13 21:19:41] ? Cancelled expired booking ID=13, Customer=1, Released 1 seats
[2025-11-13 21:19:41] ? Cancelled expired booking ID=14, Customer=1, Released 2 seats
[2025-11-13 21:19:41] ? Cancelled expired booking ID=15, Customer=1, Released 0 seats
[2025-11-13 21:19:41] ? Cancelled expired booking ID=16, Customer=1, Released 0 seats
[2025-11-13 21:19:41] ? Cancelled expired booking ID=17, Customer=1, Released 0 seats
[2025-11-13 21:19:41] ? Cancelled expired booking ID=18, Customer=1, Released 0 seats
[2025-11-13 21:19:41] ? Cancelled expired booking ID=19, Customer=1, Released 1 seats
[2025-11-13 21:19:41] ? Cancelled expired booking ID=20, Customer=1, Released 0 seats
[2025-11-13 21:19:41] ? Cancelled expired booking ID=21, Customer=1, Released 0 seats
[2025-11-13 21:19:41] ? Cancelled expired booking ID=22, Customer=1, Released 0 seats
[2025-11-13 21:19:41] ? Cancelled expired booking ID=23, Customer=1, Released 0 seats
[2025-11-13 21:19:41] ? Cancelled expired booking ID=24, Customer=1, Released 0 seats
[2025-11-13 21:19:41] ? Cancelled expired booking ID=25, Customer=1, Released 0 seats
[2025-11-13 21:19:41] ? Cancelled expired booking ID=26, Customer=1, Released 2 seats
[2025-11-13 21:19:41] ? Cancelled expired booking ID=27, Customer=1, Released 0 seats
[2025-11-13 21:19:41] ? Cancelled expired booking ID=28, Customer=1, Released 0 seats
[2025-11-13 21:19:41] ? Cancelled expired booking ID=29, Customer=1, Released 0 seats
[2025-11-13 21:19:41] ? Cancelled expired booking ID=30, Customer=1, Released 0 seats
[2025-11-13 21:19:41] ? Cancelled expired booking ID=31, Customer=1, Released 1 seats
[2025-11-13 21:19:41] ? Cancelled expired booking ID=32, Customer=1, Released 2 seats
[2025-11-13 21:19:41] ? Cancelled expired booking ID=33, Customer=1, Released 2 seats
[2025-11-13 21:19:41] ? Cancelled expired booking ID=34, Customer=1, Released 2 seats
[2025-11-13 21:19:41] ? Cancelled expired booking ID=35, Customer=1, Released 0 seats
[2025-11-13 21:19:41] ? Cancelled expired booking ID=36, Customer=1, Released 2 seats
[2025-11-13 21:19:41] ? Cancelled expired booking ID=37, Customer=1, Released 1 seats
[2025-11-13 21:19:41] ? Cancelled expired booking ID=38, Customer=1, Released 0 seats
[2025-11-13 21:19:41] ? Cancelled expired booking ID=39, Customer=1, Released 2 seats
[2025-11-13 21:19:41] ? Cancelled expired booking ID=40, Customer=1, Released 2 seats
[2025-11-13 21:19:41] ? Cancelled expired booking ID=41, Customer=1, Released 1 seats
[2025-11-13 21:19:41] ? Cancelled expired booking ID=42, Customer=1, Released 2 seats
[2025-11-13 21:19:41] ? Cancelled expired booking ID=58, Customer=1, Released 0 seats
[2025-11-13 21:20:41] ? Found 38 expired bookings to cancel
[2025-11-13 21:20:41] ? Cancelled expired booking ID=6, Customer=1, Released 0 seats
[2025-11-13 21:20:41] ? Cancelled expired booking ID=7, Customer=1, Released 0 seats
[2025-11-13 21:20:41] ? Cancelled expired booking ID=8, Customer=1, Released 0 seats
[2025-11-13 21:20:41] ? Cancelled expired booking ID=9, Customer=1, Released 0 seats
[2025-11-13 21:20:41] ? Cancelled expired booking ID=10, Customer=1, Released 1 seats
[2025-11-13 21:20:41] ? Cancelled expired booking ID=11, Customer=1, Released 0 seats
[2025-11-13 21:20:41] ? Cancelled expired booking ID=12, Customer=1, Released 2 seats
[2025-11-13 21:20:41] ? Cancelled expired booking ID=13, Customer=1, Released 1 seats
[2025-11-13 21:20:41] ? Cancelled expired booking ID=14, Customer=1, Released 2 seats
[2025-11-13 21:20:41] ? Cancelled expired booking ID=15, Customer=1, Released 0 seats
[2025-11-13 21:20:41] ? Cancelled expired booking ID=16, Customer=1, Released 0 seats
[2025-11-13 21:20:41] ? Cancelled expired booking ID=17, Customer=1, Released 0 seats
[2025-11-13 21:20:41] ? Cancelled expired booking ID=18, Customer=1, Released 0 seats
[2025-11-13 21:20:41] ? Cancelled expired booking ID=19, Customer=1, Released 1 seats
[2025-11-13 21:20:41] ? Cancelled expired booking ID=20, Customer=1, Released 0 seats
[2025-11-13 21:20:41] ? Cancelled expired booking ID=21, Customer=1, Released 0 seats
[2025-11-13 21:20:41] ? Cancelled expired booking ID=22, Customer=1, Released 0 seats
[2025-11-13 21:20:41] ? Cancelled expired booking ID=23, Customer=1, Released 0 seats
[2025-11-13 21:20:41] ? Cancelled expired booking ID=24, Customer=1, Released 0 seats
[2025-11-13 21:20:41] ? Cancelled expired booking ID=25, Customer=1, Released 0 seats
[2025-11-13 21:20:41] ? Cancelled expired booking ID=26, Customer=1, Released 2 seats
[2025-11-13 21:20:41] ? Cancelled expired booking ID=27, Customer=1, Released 0 seats
[2025-11-13 21:20:41] ? Cancelled expired booking ID=28, Customer=1, Released 0 seats
[2025-11-13 21:20:41] ? Cancelled expired booking ID=29, Customer=1, Released 0 seats
[2025-11-13 21:20:41] ? Cancelled expired booking ID=30, Customer=1, Released 0 seats
[2025-11-13 21:20:41] ? Cancelled expired booking ID=31, Customer=1, Released 1 seats
[2025-11-13 21:20:41] ? Cancelled expired booking ID=32, Customer=1, Released 2 seats
[2025-11-13 21:20:41] ? Cancelled expired booking ID=33, Customer=1, Released 2 seats
[2025-11-13 21:20:41] ? Cancelled expired booking ID=34, Customer=1, Released 2 seats
[2025-11-13 21:20:41] ? Cancelled expired booking ID=35, Customer=1, Released 0 seats
[2025-11-13 21:20:41] ? Cancelled expired booking ID=36, Customer=1, Released 2 seats
[2025-11-13 21:20:41] ? Cancelled expired booking ID=37, Customer=1, Released 1 seats
[2025-11-13 21:20:41] ? Cancelled expired booking ID=38, Customer=1, Released 0 seats
[2025-11-13 21:20:41] ? Cancelled expired booking ID=39, Customer=1, Released 2 seats
[2025-11-13 21:20:41] ? Cancelled expired booking ID=40, Customer=1, Released 2 seats
[2025-11-13 21:20:41] ? Cancelled expired booking ID=41, Customer=1, Released 1 seats
[2025-11-13 21:20:41] ? Cancelled expired booking ID=42, Customer=1, Released 2 seats
[2025-11-13 21:20:41] ? Cancelled expired booking ID=58, Customer=1, Released 0 seats
[2025-11-13 21:21:41] ? Found 38 expired bookings to cancel
[2025-11-13 21:21:41] ? Cancelled expired booking ID=6, Customer=1, Released 0 seats
[2025-11-13 21:21:41] ? Cancelled expired booking ID=7, Customer=1, Released 0 seats
[2025-11-13 21:21:41] ? Cancelled expired booking ID=8, Customer=1, Released 0 seats
[2025-11-13 21:21:41] ? Cancelled expired booking ID=9, Customer=1, Released 0 seats
[2025-11-13 21:21:41] ? Cancelled expired booking ID=10, Customer=1, Released 1 seats
[2025-11-13 21:21:41] ? Cancelled expired booking ID=11, Customer=1, Released 0 seats
[2025-11-13 21:21:41] ? Cancelled expired booking ID=12, Customer=1, Released 2 seats
[2025-11-13 21:21:41] ? Cancelled expired booking ID=13, Customer=1, Released 1 seats
[2025-11-13 21:21:41] ? Cancelled expired booking ID=14, Customer=1, Released 2 seats
[2025-11-13 21:21:41] ? Cancelled expired booking ID=15, Customer=1, Released 0 seats
[2025-11-13 21:21:41] ? Cancelled expired booking ID=16, Customer=1, Released 0 seats
[2025-11-13 21:21:41] ? Cancelled expired booking ID=17, Customer=1, Released 0 seats
[2025-11-13 21:21:41] ? Cancelled expired booking ID=18, Customer=1, Released 0 seats
[2025-11-13 21:21:41] ? Cancelled expired booking ID=19, Customer=1, Released 1 seats
[2025-11-13 21:21:41] ? Cancelled expired booking ID=20, Customer=1, Released 0 seats
[2025-11-13 21:21:41] ? Cancelled expired booking ID=21, Customer=1, Released 0 seats
[2025-11-13 21:21:41] ? Cancelled expired booking ID=22, Customer=1, Released 0 seats
[2025-11-13 21:21:41] ? Cancelled expired booking ID=23, Customer=1, Released 0 seats
[2025-11-13 21:21:41] ? Cancelled expired booking ID=24, Customer=1, Released 0 seats
[2025-11-13 21:21:41] ? Cancelled expired booking ID=25, Customer=1, Released 0 seats
[2025-11-13 21:21:41] ? Cancelled expired booking ID=26, Customer=1, Released 2 seats
[2025-11-13 21:21:41] ? Cancelled expired booking ID=27, Customer=1, Released 0 seats
[2025-11-13 21:21:41] ? Cancelled expired booking ID=28, Customer=1, Released 0 seats
[2025-11-13 21:21:41] ? Cancelled expired booking ID=29, Customer=1, Released 0 seats
[2025-11-13 21:21:41] ? Cancelled expired booking ID=30, Customer=1, Released 0 seats
[2025-11-13 21:21:41] ? Cancelled expired booking ID=31, Customer=1, Released 1 seats
[2025-11-13 21:21:41] ? Cancelled expired booking ID=32, Customer=1, Released 2 seats
[2025-11-13 21:21:41] ? Cancelled expired booking ID=33, Customer=1, Released 2 seats
[2025-11-13 21:21:41] ? Cancelled expired booking ID=34, Customer=1, Released 2 seats
[2025-11-13 21:21:41] ? Cancelled expired booking ID=35, Customer=1, Released 0 seats
[2025-11-13 21:21:41] ? Cancelled expired booking ID=36, Customer=1, Released 2 seats
[2025-11-13 21:21:41] ? Cancelled expired booking ID=37, Customer=1, Released 1 seats
[2025-11-13 21:21:41] ? Cancelled expired booking ID=38, Customer=1, Released 0 seats
[2025-11-13 21:21:41] ? Cancelled expired booking ID=39, Customer=1, Released 2 seats
[2025-11-13 21:21:41] ? Cancelled expired booking ID=40, Customer=1, Released 2 seats
[2025-11-13 21:21:41] ? Cancelled expired booking ID=41, Customer=1, Released 1 seats
[2025-11-13 21:21:41] ? Cancelled expired booking ID=42, Customer=1, Released 2 seats
[2025-11-13 21:21:41] ? Cancelled expired booking ID=58, Customer=1, Released 0 seats
[2025-11-13 21:22:41] ? Found 38 expired bookings to cancel
[2025-11-13 21:22:41] ? Cancelled expired booking ID=6, Customer=1, Released 0 seats
[2025-11-13 21:22:41] ? Cancelled expired booking ID=7, Customer=1, Released 0 seats
[2025-11-13 21:22:41] ? Cancelled expired booking ID=8, Customer=1, Released 0 seats
[2025-11-13 21:22:41] ? Cancelled expired booking ID=9, Customer=1, Released 0 seats
[2025-11-13 21:22:41] ? Cancelled expired booking ID=10, Customer=1, Released 1 seats
[2025-11-13 21:22:41] ? Cancelled expired booking ID=11, Customer=1, Released 0 seats
[2025-11-13 21:22:41] ? Cancelled expired booking ID=12, Customer=1, Released 2 seats
[2025-11-13 21:22:41] ? Cancelled expired booking ID=13, Customer=1, Released 1 seats
[2025-11-13 21:22:41] ? Cancelled expired booking ID=14, Customer=1, Released 2 seats
[2025-11-13 21:22:41] ? Cancelled expired booking ID=15, Customer=1, Released 0 seats
[2025-11-13 21:22:41] ? Cancelled expired booking ID=16, Customer=1, Released 0 seats
[2025-11-13 21:22:41] ? Cancelled expired booking ID=17, Customer=1, Released 0 seats
[2025-11-13 21:22:41] ? Cancelled expired booking ID=18, Customer=1, Released 0 seats
[2025-11-13 21:22:41] ? Cancelled expired booking ID=19, Customer=1, Released 1 seats
[2025-11-13 21:22:41] ? Cancelled expired booking ID=20, Customer=1, Released 0 seats
[2025-11-13 21:22:41] ? Cancelled expired booking ID=21, Customer=1, Released 0 seats
[2025-11-13 21:22:41] ? Cancelled expired booking ID=22, Customer=1, Released 0 seats
[2025-11-13 21:22:41] ? Cancelled expired booking ID=23, Customer=1, Released 0 seats
[2025-11-13 21:22:41] ? Cancelled expired booking ID=24, Customer=1, Released 0 seats
[2025-11-13 21:22:41] ? Cancelled expired booking ID=25, Customer=1, Released 0 seats
[2025-11-13 21:22:41] ? Cancelled expired booking ID=26, Customer=1, Released 2 seats
[2025-11-13 21:22:41] ? Cancelled expired booking ID=27, Customer=1, Released 0 seats
[2025-11-13 21:22:41] ? Cancelled expired booking ID=28, Customer=1, Released 0 seats
[2025-11-13 21:22:41] ? Cancelled expired booking ID=29, Customer=1, Released 0 seats
[2025-11-13 21:22:41] ? Cancelled expired booking ID=30, Customer=1, Released 0 seats
[2025-11-13 21:22:41] ? Cancelled expired booking ID=31, Customer=1, Released 1 seats
[2025-11-13 21:22:41] ? Cancelled expired booking ID=32, Customer=1, Released 2 seats
[2025-11-13 21:22:41] ? Cancelled expired booking ID=33, Customer=1, Released 2 seats
[2025-11-13 21:22:41] ? Cancelled expired booking ID=34, Customer=1, Released 2 seats
[2025-11-13 21:22:41] ? Cancelled expired booking ID=35, Customer=1, Released 0 seats
[2025-11-13 21:22:41] ? Cancelled expired booking ID=36, Customer=1, Released 2 seats
[2025-11-13 21:22:41] ? Cancelled expired booking ID=37, Customer=1, Released 1 seats
[2025-11-13 21:22:41] ? Cancelled expired booking ID=38, Customer=1, Released 0 seats
[2025-11-13 21:22:41] ? Cancelled expired booking ID=39, Customer=1, Released 2 seats
[2025-11-13 21:22:41] ? Cancelled expired booking ID=40, Customer=1, Released 2 seats
[2025-11-13 21:22:41] ? Cancelled expired booking ID=41, Customer=1, Released 1 seats
[2025-11-13 21:22:41] ? Cancelled expired booking ID=42, Customer=1, Released 2 seats
[2025-11-13 21:22:41] ? Cancelled expired booking ID=58, Customer=1, Released 0 seats
[2025-11-13 21:23:41] ? Found 38 expired bookings to cancel
[2025-11-13 21:23:41] ? Cancelled expired booking ID=6, Customer=1, Released 0 seats
[2025-11-13 21:23:41] ? Cancelled expired booking ID=7, Customer=1, Released 0 seats
[2025-11-13 21:23:41] ? Cancelled expired booking ID=8, Customer=1, Released 0 seats
[2025-11-13 21:23:41] ? Cancelled expired booking ID=9, Customer=1, Released 0 seats
[2025-11-13 21:23:41] ? Cancelled expired booking ID=10, Customer=1, Released 1 seats
[2025-11-13 21:23:41] ? Cancelled expired booking ID=11, Customer=1, Released 0 seats
[2025-11-13 21:23:41] ? Cancelled expired booking ID=12, Customer=1, Released 2 seats
[2025-11-13 21:23:41] ? Cancelled expired booking ID=13, Customer=1, Released 1 seats
[2025-11-13 21:23:41] ? Cancelled expired booking ID=14, Customer=1, Released 2 seats
[2025-11-13 21:23:41] ? Cancelled expired booking ID=15, Customer=1, Released 0 seats
[2025-11-13 21:23:41] ? Cancelled expired booking ID=16, Customer=1, Released 0 seats
[2025-11-13 21:23:41] ? Cancelled expired booking ID=17, Customer=1, Released 0 seats
[2025-11-13 21:23:41] ? Cancelled expired booking ID=18, Customer=1, Released 0 seats
[2025-11-13 21:23:41] ? Cancelled expired booking ID=19, Customer=1, Released 1 seats
[2025-11-13 21:23:41] ? Cancelled expired booking ID=20, Customer=1, Released 0 seats
[2025-11-13 21:23:41] ? Cancelled expired booking ID=21, Customer=1, Released 0 seats
[2025-11-13 21:23:41] ? Cancelled expired booking ID=22, Customer=1, Released 0 seats
[2025-11-13 21:23:41] ? Cancelled expired booking ID=23, Customer=1, Released 0 seats
[2025-11-13 21:23:41] ? Cancelled expired booking ID=24, Customer=1, Released 0 seats
[2025-11-13 21:23:41] ? Cancelled expired booking ID=25, Customer=1, Released 0 seats
[2025-11-13 21:23:41] ? Cancelled expired booking ID=26, Customer=1, Released 2 seats
[2025-11-13 21:23:41] ? Cancelled expired booking ID=27, Customer=1, Released 0 seats
[2025-11-13 21:23:41] ? Cancelled expired booking ID=28, Customer=1, Released 0 seats
[2025-11-13 21:23:41] ? Cancelled expired booking ID=29, Customer=1, Released 0 seats
[2025-11-13 21:23:41] ? Cancelled expired booking ID=30, Customer=1, Released 0 seats
[2025-11-13 21:23:41] ? Cancelled expired booking ID=31, Customer=1, Released 1 seats
[2025-11-13 21:23:41] ? Cancelled expired booking ID=32, Customer=1, Released 2 seats
[2025-11-13 21:23:41] ? Cancelled expired booking ID=33, Customer=1, Released 2 seats
[2025-11-13 21:23:41] ? Cancelled expired booking ID=34, Customer=1, Released 2 seats
[2025-11-13 21:23:41] ? Cancelled expired booking ID=35, Customer=1, Released 0 seats
[2025-11-13 21:23:41] ? Cancelled expired booking ID=36, Customer=1, Released 2 seats
[2025-11-13 21:23:41] ? Cancelled expired booking ID=37, Customer=1, Released 1 seats
[2025-11-13 21:23:41] ? Cancelled expired booking ID=38, Customer=1, Released 0 seats
[2025-11-13 21:23:41] ? Cancelled expired booking ID=39, Customer=1, Released 2 seats
[2025-11-13 21:23:41] ? Cancelled expired booking ID=40, Customer=1, Released 2 seats
[2025-11-13 21:23:41] ? Cancelled expired booking ID=41, Customer=1, Released 1 seats
[2025-11-13 21:23:41] ? Cancelled expired booking ID=42, Customer=1, Released 2 seats
[2025-11-13 21:23:41] ? Cancelled expired booking ID=58, Customer=1, Released 0 seats
[2025-11-13 21:24:41] ? Found 38 expired bookings to cancel
[2025-11-13 21:24:41] ? Cancelled expired booking ID=6, Customer=1, Released 0 seats
[2025-11-13 21:24:41] ? Cancelled expired booking ID=7, Customer=1, Released 0 seats
[2025-11-13 21:24:41] ? Cancelled expired booking ID=8, Customer=1, Released 0 seats
[2025-11-13 21:24:41] ? Cancelled expired booking ID=9, Customer=1, Released 0 seats
[2025-11-13 21:24:41] ? Cancelled expired booking ID=10, Customer=1, Released 1 seats
[2025-11-13 21:24:41] ? Cancelled expired booking ID=11, Customer=1, Released 0 seats
[2025-11-13 21:24:41] ? Cancelled expired booking ID=12, Customer=1, Released 2 seats
[2025-11-13 21:24:41] ? Cancelled expired booking ID=13, Customer=1, Released 1 seats
[2025-11-13 21:24:41] ? Cancelled expired booking ID=14, Customer=1, Released 2 seats
[2025-11-13 21:24:41] ? Cancelled expired booking ID=15, Customer=1, Released 0 seats
[2025-11-13 21:24:41] ? Cancelled expired booking ID=16, Customer=1, Released 0 seats
[2025-11-13 21:24:41] ? Cancelled expired booking ID=17, Customer=1, Released 0 seats
[2025-11-13 21:24:41] ? Cancelled expired booking ID=18, Customer=1, Released 0 seats
[2025-11-13 21:24:41] ? Cancelled expired booking ID=19, Customer=1, Released 1 seats
[2025-11-13 21:24:41] ? Cancelled expired booking ID=20, Customer=1, Released 0 seats
[2025-11-13 21:24:41] ? Cancelled expired booking ID=21, Customer=1, Released 0 seats
[2025-11-13 21:24:41] ? Cancelled expired booking ID=22, Customer=1, Released 0 seats
[2025-11-13 21:24:41] ? Cancelled expired booking ID=23, Customer=1, Released 0 seats
[2025-11-13 21:24:41] ? Cancelled expired booking ID=24, Customer=1, Released 0 seats
[2025-11-13 21:24:41] ? Cancelled expired booking ID=25, Customer=1, Released 0 seats
[2025-11-13 21:24:41] ? Cancelled expired booking ID=26, Customer=1, Released 2 seats
[2025-11-13 21:24:41] ? Cancelled expired booking ID=27, Customer=1, Released 0 seats
[2025-11-13 21:24:41] ? Cancelled expired booking ID=28, Customer=1, Released 0 seats
[2025-11-13 21:24:41] ? Cancelled expired booking ID=29, Customer=1, Released 0 seats
[2025-11-13 21:24:41] ? Cancelled expired booking ID=30, Customer=1, Released 0 seats
[2025-11-13 21:24:41] ? Cancelled expired booking ID=31, Customer=1, Released 1 seats
[2025-11-13 21:24:41] ? Cancelled expired booking ID=32, Customer=1, Released 2 seats
[2025-11-13 21:24:41] ? Cancelled expired booking ID=33, Customer=1, Released 2 seats
[2025-11-13 21:24:41] ? Cancelled expired booking ID=34, Customer=1, Released 2 seats
[2025-11-13 21:24:41] ? Cancelled expired booking ID=35, Customer=1, Released 0 seats
[2025-11-13 21:24:41] ? Cancelled expired booking ID=36, Customer=1, Released 2 seats
[2025-11-13 21:24:41] ? Cancelled expired booking ID=37, Customer=1, Released 1 seats
[2025-11-13 21:24:41] ? Cancelled expired booking ID=38, Customer=1, Released 0 seats
[2025-11-13 21:24:41] ? Cancelled expired booking ID=39, Customer=1, Released 2 seats
[2025-11-13 21:24:41] ? Cancelled expired booking ID=40, Customer=1, Released 2 seats
[2025-11-13 21:24:41] ? Cancelled expired booking ID=41, Customer=1, Released 1 seats
[2025-11-13 21:24:41] ? Cancelled expired booking ID=42, Customer=1, Released 2 seats
[2025-11-13 21:24:41] ? Cancelled expired booking ID=58, Customer=1, Released 0 seats
[2025-11-13 21:25:41] ? Found 38 expired bookings to cancel
[2025-11-13 21:25:41] ? Cancelled expired booking ID=6, Customer=1, Released 0 seats
[2025-11-13 21:25:41] ? Cancelled expired booking ID=7, Customer=1, Released 0 seats
[2025-11-13 21:25:41] ? Cancelled expired booking ID=8, Customer=1, Released 0 seats
[2025-11-13 21:25:41] ? Cancelled expired booking ID=9, Customer=1, Released 0 seats
[2025-11-13 21:25:41] ? Cancelled expired booking ID=10, Customer=1, Released 1 seats
[2025-11-13 21:25:41] ? Cancelled expired booking ID=11, Customer=1, Released 0 seats
[2025-11-13 21:25:41] ? Cancelled expired booking ID=12, Customer=1, Released 2 seats
[2025-11-13 21:25:41] ? Cancelled expired booking ID=13, Customer=1, Released 1 seats
[2025-11-13 21:25:41] ? Cancelled expired booking ID=14, Customer=1, Released 2 seats
[2025-11-13 21:25:41] ? Cancelled expired booking ID=15, Customer=1, Released 0 seats
[2025-11-13 21:25:41] ? Cancelled expired booking ID=16, Customer=1, Released 0 seats
[2025-11-13 21:25:41] ? Cancelled expired booking ID=17, Customer=1, Released 0 seats
[2025-11-13 21:25:41] ? Cancelled expired booking ID=18, Customer=1, Released 0 seats
[2025-11-13 21:25:41] ? Cancelled expired booking ID=19, Customer=1, Released 1 seats
[2025-11-13 21:25:41] ? Cancelled expired booking ID=20, Customer=1, Released 0 seats
[2025-11-13 21:25:41] ? Cancelled expired booking ID=21, Customer=1, Released 0 seats
[2025-11-13 21:25:41] ? Cancelled expired booking ID=22, Customer=1, Released 0 seats
[2025-11-13 21:25:41] ? Cancelled expired booking ID=23, Customer=1, Released 0 seats
[2025-11-13 21:25:41] ? Cancelled expired booking ID=24, Customer=1, Released 0 seats
[2025-11-13 21:25:41] ? Cancelled expired booking ID=25, Customer=1, Released 0 seats
[2025-11-13 21:25:41] ? Cancelled expired booking ID=26, Customer=1, Released 2 seats
[2025-11-13 21:25:41] ? Cancelled expired booking ID=27, Customer=1, Released 0 seats
[2025-11-13 21:25:41] ? Cancelled expired booking ID=28, Customer=1, Released 0 seats
[2025-11-13 21:25:41] ? Cancelled expired booking ID=29, Customer=1, Released 0 seats
[2025-11-13 21:25:41] ? Cancelled expired booking ID=30, Customer=1, Released 0 seats
[2025-11-13 21:25:41] ? Cancelled expired booking ID=31, Customer=1, Released 1 seats
[2025-11-13 21:25:41] ? Cancelled expired booking ID=32, Customer=1, Released 2 seats
[2025-11-13 21:25:41] ? Cancelled expired booking ID=33, Customer=1, Released 2 seats
[2025-11-13 21:25:41] ? Cancelled expired booking ID=34, Customer=1, Released 2 seats
[2025-11-13 21:25:41] ? Cancelled expired booking ID=35, Customer=1, Released 0 seats
[2025-11-13 21:25:41] ? Cancelled expired booking ID=36, Customer=1, Released 2 seats
[2025-11-13 21:25:41] ? Cancelled expired booking ID=37, Customer=1, Released 1 seats
[2025-11-13 21:25:41] ? Cancelled expired booking ID=38, Customer=1, Released 0 seats
[2025-11-13 21:25:41] ? Cancelled expired booking ID=39, Customer=1, Released 2 seats
[2025-11-13 21:25:41] ? Cancelled expired booking ID=40, Customer=1, Released 2 seats
[2025-11-13 21:25:41] ? Cancelled expired booking ID=41, Customer=1, Released 1 seats
[2025-11-13 21:25:41] ? Cancelled expired booking ID=42, Customer=1, Released 2 seats
[2025-11-13 21:25:41] ? Cancelled expired booking ID=58, Customer=1, Released 0 seats
[2025-11-13 21:26:41] ? Found 38 expired bookings to cancel
[2025-11-13 21:26:41] ? Cancelled expired booking ID=6, Customer=1, Released 0 seats
[2025-11-13 21:26:41] ? Cancelled expired booking ID=7, Customer=1, Released 0 seats
[2025-11-13 21:26:41] ? Cancelled expired booking ID=8, Customer=1, Released 0 seats
[2025-11-13 21:26:41] ? Cancelled expired booking ID=9, Customer=1, Released 0 seats
[2025-11-13 21:26:41] ? Cancelled expired booking ID=10, Customer=1, Released 1 seats
[2025-11-13 21:26:41] ? Cancelled expired booking ID=11, Customer=1, Released 0 seats
[2025-11-13 21:26:41] ? Cancelled expired booking ID=12, Customer=1, Released 2 seats
[2025-11-13 21:26:41] ? Cancelled expired booking ID=13, Customer=1, Released 1 seats
[2025-11-13 21:26:41] ? Cancelled expired booking ID=14, Customer=1, Released 2 seats
[2025-11-13 21:26:41] ? Cancelled expired booking ID=15, Customer=1, Released 0 seats
[2025-11-13 21:26:41] ? Cancelled expired booking ID=16, Customer=1, Released 0 seats
[2025-11-13 21:26:41] ? Cancelled expired booking ID=17, Customer=1, Released 0 seats
[2025-11-13 21:26:41] ? Cancelled expired booking ID=18, Customer=1, Released 0 seats
[2025-11-13 21:26:41] ? Cancelled expired booking ID=19, Customer=1, Released 1 seats
[2025-11-13 21:26:41] ? Cancelled expired booking ID=20, Customer=1, Released 0 seats
[2025-11-13 21:26:41] ? Cancelled expired booking ID=21, Customer=1, Released 0 seats
[2025-11-13 21:26:41] ? Cancelled expired booking ID=22, Customer=1, Released 0 seats
[2025-11-13 21:26:41] ? Cancelled expired booking ID=23, Customer=1, Released 0 seats
[2025-11-13 21:26:41] ? Cancelled expired booking ID=24, Customer=1, Released 0 seats
[2025-11-13 21:26:41] ? Cancelled expired booking ID=25, Customer=1, Released 0 seats
[2025-11-13 21:26:41] ? Cancelled expired booking ID=26, Customer=1, Released 2 seats
[2025-11-13 21:26:41] ? Cancelled expired booking ID=27, Customer=1, Released 0 seats
[2025-11-13 21:26:41] ? Cancelled expired booking ID=28, Customer=1, Released 0 seats
[2025-11-13 21:26:41] ? Cancelled expired booking ID=29, Customer=1, Released 0 seats
[2025-11-13 21:26:41] ? Cancelled expired booking ID=30, Customer=1, Released 0 seats
[2025-11-13 21:26:41] ? Cancelled expired booking ID=31, Customer=1, Released 1 seats
[2025-11-13 21:26:41] ? Cancelled expired booking ID=32, Customer=1, Released 2 seats
[2025-11-13 21:26:41] ? Cancelled expired booking ID=33, Customer=1, Released 2 seats
[2025-11-13 21:26:41] ? Cancelled expired booking ID=34, Customer=1, Released 2 seats
[2025-11-13 21:26:41] ? Cancelled expired booking ID=35, Customer=1, Released 0 seats
[2025-11-13 21:26:41] ? Cancelled expired booking ID=36, Customer=1, Released 2 seats
[2025-11-13 21:26:41] ? Cancelled expired booking ID=37, Customer=1, Released 1 seats
[2025-11-13 21:26:41] ? Cancelled expired booking ID=38, Customer=1, Released 0 seats
[2025-11-13 21:26:41] ? Cancelled expired booking ID=39, Customer=1, Released 2 seats
[2025-11-13 21:26:41] ? Cancelled expired booking ID=40, Customer=1, Released 2 seats
[2025-11-13 21:26:41] ? Cancelled expired booking ID=41, Customer=1, Released 1 seats
[2025-11-13 21:26:41] ? Cancelled expired booking ID=42, Customer=1, Released 2 seats
[2025-11-13 21:26:41] ? Cancelled expired booking ID=58, Customer=1, Released 0 seats
[2025-11-13 21:27:41] ? Found 38 expired bookings to cancel
[2025-11-13 21:27:41] ? Cancelled expired booking ID=6, Customer=1, Released 0 seats
[2025-11-13 21:27:41] ? Cancelled expired booking ID=7, Customer=1, Released 0 seats
[2025-11-13 21:27:41] ? Cancelled expired booking ID=8, Customer=1, Released 0 seats
[2025-11-13 21:27:41] ? Cancelled expired booking ID=9, Customer=1, Released 0 seats
[2025-11-13 21:27:41] ? Cancelled expired booking ID=10, Customer=1, Released 1 seats
[2025-11-13 21:27:41] ? Cancelled expired booking ID=11, Customer=1, Released 0 seats
[2025-11-13 21:27:41] ? Cancelled expired booking ID=12, Customer=1, Released 2 seats
[2025-11-13 21:27:41] ? Cancelled expired booking ID=13, Customer=1, Released 1 seats
[2025-11-13 21:27:41] ? Cancelled expired booking ID=14, Customer=1, Released 2 seats
[2025-11-13 21:27:41] ? Cancelled expired booking ID=15, Customer=1, Released 0 seats
[2025-11-13 21:27:41] ? Cancelled expired booking ID=16, Customer=1, Released 0 seats
[2025-11-13 21:27:41] ? Cancelled expired booking ID=17, Customer=1, Released 0 seats
[2025-11-13 21:27:41] ? Cancelled expired booking ID=18, Customer=1, Released 0 seats
[2025-11-13 21:27:41] ? Cancelled expired booking ID=19, Customer=1, Released 1 seats
[2025-11-13 21:27:41] ? Cancelled expired booking ID=20, Customer=1, Released 0 seats
[2025-11-13 21:27:41] ? Cancelled expired booking ID=21, Customer=1, Released 0 seats
[2025-11-13 21:27:41] ? Cancelled expired booking ID=22, Customer=1, Released 0 seats
[2025-11-13 21:27:41] ? Cancelled expired booking ID=23, Customer=1, Released 0 seats
[2025-11-13 21:27:41] ? Cancelled expired booking ID=24, Customer=1, Released 0 seats
[2025-11-13 21:27:41] ? Cancelled expired booking ID=25, Customer=1, Released 0 seats
[2025-11-13 21:27:41] ? Cancelled expired booking ID=26, Customer=1, Released 2 seats
[2025-11-13 21:27:41] ? Cancelled expired booking ID=27, Customer=1, Released 0 seats
[2025-11-13 21:27:41] ? Cancelled expired booking ID=28, Customer=1, Released 0 seats
[2025-11-13 21:27:41] ? Cancelled expired booking ID=29, Customer=1, Released 0 seats
[2025-11-13 21:27:41] ? Cancelled expired booking ID=30, Customer=1, Released 0 seats
[2025-11-13 21:27:41] ? Cancelled expired booking ID=31, Customer=1, Released 1 seats
[2025-11-13 21:27:41] ? Cancelled expired booking ID=32, Customer=1, Released 2 seats
[2025-11-13 21:27:41] ? Cancelled expired booking ID=33, Customer=1, Released 2 seats
[2025-11-13 21:27:41] ? Cancelled expired booking ID=34, Customer=1, Released 2 seats
[2025-11-13 21:27:41] ? Cancelled expired booking ID=35, Customer=1, Released 0 seats
[2025-11-13 21:27:41] ? Cancelled expired booking ID=36, Customer=1, Released 2 seats
[2025-11-13 21:27:41] ? Cancelled expired booking ID=37, Customer=1, Released 1 seats
[2025-11-13 21:27:41] ? Cancelled expired booking ID=38, Customer=1, Released 0 seats
[2025-11-13 21:27:41] ? Cancelled expired booking ID=39, Customer=1, Released 2 seats
[2025-11-13 21:27:41] ? Cancelled expired booking ID=40, Customer=1, Released 2 seats
[2025-11-13 21:27:41] ? Cancelled expired booking ID=41, Customer=1, Released 1 seats
[2025-11-13 21:27:41] ? Cancelled expired booking ID=42, Customer=1, Released 2 seats
[2025-11-13 21:27:41] ? Cancelled expired booking ID=58, Customer=1, Released 0 seats
[2025-11-13 21:28:41] ? Found 38 expired bookings to cancel
[2025-11-13 21:28:41] ? Cancelled expired booking ID=6, Customer=1, Released 0 seats
[2025-11-13 21:28:41] ? Cancelled expired booking ID=7, Customer=1, Released 0 seats
[2025-11-13 21:28:41] ? Cancelled expired booking ID=8, Customer=1, Released 0 seats
[2025-11-13 21:28:41] ? Cancelled expired booking ID=9, Customer=1, Released 0 seats
[2025-11-13 21:28:41] ? Cancelled expired booking ID=10, Customer=1, Released 1 seats
[2025-11-13 21:28:41] ? Cancelled expired booking ID=11, Customer=1, Released 0 seats
[2025-11-13 21:28:41] ? Cancelled expired booking ID=12, Customer=1, Released 2 seats
[2025-11-13 21:28:41] ? Cancelled expired booking ID=13, Customer=1, Released 1 seats
[2025-11-13 21:28:41] ? Cancelled expired booking ID=14, Customer=1, Released 2 seats
[2025-11-13 21:28:41] ? Cancelled expired booking ID=15, Customer=1, Released 0 seats
[2025-11-13 21:28:41] ? Cancelled expired booking ID=16, Customer=1, Released 0 seats
[2025-11-13 21:28:41] ? Cancelled expired booking ID=17, Customer=1, Released 0 seats
[2025-11-13 21:28:41] ? Cancelled expired booking ID=18, Customer=1, Released 0 seats
[2025-11-13 21:28:41] ? Cancelled expired booking ID=19, Customer=1, Released 1 seats
[2025-11-13 21:28:41] ? Cancelled expired booking ID=20, Customer=1, Released 0 seats
[2025-11-13 21:28:41] ? Cancelled expired booking ID=21, Customer=1, Released 0 seats
[2025-11-13 21:28:41] ? Cancelled expired booking ID=22, Customer=1, Released 0 seats
[2025-11-13 21:28:41] ? Cancelled expired booking ID=23, Customer=1, Released 0 seats
[2025-11-13 21:28:41] ? Cancelled expired booking ID=24, Customer=1, Released 0 seats
[2025-11-13 21:28:41] ? Cancelled expired booking ID=25, Customer=1, Released 0 seats
[2025-11-13 21:28:41] ? Cancelled expired booking ID=26, Customer=1, Released 2 seats
[2025-11-13 21:28:41] ? Cancelled expired booking ID=27, Customer=1, Released 0 seats
[2025-11-13 21:28:41] ? Cancelled expired booking ID=28, Customer=1, Released 0 seats
[2025-11-13 21:28:41] ? Cancelled expired booking ID=29, Customer=1, Released 0 seats
[2025-11-13 21:28:41] ? Cancelled expired booking ID=30, Customer=1, Released 0 seats
[2025-11-13 21:28:41] ? Cancelled expired booking ID=31, Customer=1, Released 1 seats
[2025-11-13 21:28:41] ? Cancelled expired booking ID=32, Customer=1, Released 2 seats
[2025-11-13 21:28:41] ? Cancelled expired booking ID=33, Customer=1, Released 2 seats
[2025-11-13 21:28:41] ? Cancelled expired booking ID=34, Customer=1, Released 2 seats
[2025-11-13 21:28:41] ? Cancelled expired booking ID=35, Customer=1, Released 0 seats
[2025-11-13 21:28:41] ? Cancelled expired booking ID=36, Customer=1, Released 2 seats
[2025-11-13 21:28:41] ? Cancelled expired booking ID=37, Customer=1, Released 1 seats
[2025-11-13 21:28:41] ? Cancelled expired booking ID=38, Customer=1, Released 0 seats
[2025-11-13 21:28:41] ? Cancelled expired booking ID=39, Customer=1, Released 2 seats
[2025-11-13 21:28:41] ? Cancelled expired booking ID=40, Customer=1, Released 2 seats
[2025-11-13 21:28:41] ? Cancelled expired booking ID=41, Customer=1, Released 1 seats
[2025-11-13 21:28:41] ? Cancelled expired booking ID=42, Customer=1, Released 2 seats
[2025-11-13 21:28:41] ? Cancelled expired booking ID=58, Customer=1, Released 0 seats
[2025-11-13 21:29:41] ? Found 38 expired bookings to cancel
[2025-11-13 21:29:41] ? Cancelled expired booking ID=6, Customer=1, Released 0 seats
[2025-11-13 21:29:41] ? Cancelled expired booking ID=7, Customer=1, Released 0 seats
[2025-11-13 21:29:41] ? Cancelled expired booking ID=8, Customer=1, Released 0 seats
[2025-11-13 21:29:41] ? Cancelled expired booking ID=9, Customer=1, Released 0 seats
[2025-11-13 21:29:41] ? Cancelled expired booking ID=10, Customer=1, Released 1 seats
[2025-11-13 21:29:41] ? Cancelled expired booking ID=11, Customer=1, Released 0 seats
[2025-11-13 21:29:41] ? Cancelled expired booking ID=12, Customer=1, Released 2 seats
[2025-11-13 21:29:41] ? Cancelled expired booking ID=13, Customer=1, Released 1 seats
[2025-11-13 21:29:41] ? Cancelled expired booking ID=14, Customer=1, Released 2 seats
[2025-11-13 21:29:41] ? Cancelled expired booking ID=15, Customer=1, Released 0 seats
[2025-11-13 21:29:41] ? Cancelled expired booking ID=16, Customer=1, Released 0 seats
[2025-11-13 21:29:41] ? Cancelled expired booking ID=17, Customer=1, Released 0 seats
[2025-11-13 21:29:41] ? Cancelled expired booking ID=18, Customer=1, Released 0 seats
[2025-11-13 21:29:41] ? Cancelled expired booking ID=19, Customer=1, Released 1 seats
[2025-11-13 21:29:41] ? Cancelled expired booking ID=20, Customer=1, Released 0 seats
[2025-11-13 21:29:41] ? Cancelled expired booking ID=21, Customer=1, Released 0 seats
[2025-11-13 21:29:41] ? Cancelled expired booking ID=22, Customer=1, Released 0 seats
[2025-11-13 21:29:41] ? Cancelled expired booking ID=23, Customer=1, Released 0 seats
[2025-11-13 21:29:41] ? Cancelled expired booking ID=24, Customer=1, Released 0 seats
[2025-11-13 21:29:41] ? Cancelled expired booking ID=25, Customer=1, Released 0 seats
[2025-11-13 21:29:41] ? Cancelled expired booking ID=26, Customer=1, Released 2 seats
[2025-11-13 21:29:41] ? Cancelled expired booking ID=27, Customer=1, Released 0 seats
[2025-11-13 21:29:41] ? Cancelled expired booking ID=28, Customer=1, Released 0 seats
[2025-11-13 21:29:41] ? Cancelled expired booking ID=29, Customer=1, Released 0 seats
[2025-11-13 21:29:41] ? Cancelled expired booking ID=30, Customer=1, Released 0 seats
[2025-11-13 21:29:41] ? Cancelled expired booking ID=31, Customer=1, Released 1 seats
[2025-11-13 21:29:41] ? Cancelled expired booking ID=32, Customer=1, Released 2 seats
[2025-11-13 21:29:41] ? Cancelled expired booking ID=33, Customer=1, Released 2 seats
[2025-11-13 21:29:41] ? Cancelled expired booking ID=34, Customer=1, Released 2 seats
[2025-11-13 21:29:41] ? Cancelled expired booking ID=35, Customer=1, Released 0 seats
[2025-11-13 21:29:41] ? Cancelled expired booking ID=36, Customer=1, Released 2 seats
[2025-11-13 21:29:41] ? Cancelled expired booking ID=37, Customer=1, Released 1 seats
[2025-11-13 21:29:41] ? Cancelled expired booking ID=38, Customer=1, Released 0 seats
[2025-11-13 21:29:41] ? Cancelled expired booking ID=39, Customer=1, Released 2 seats
[2025-11-13 21:29:41] ? Cancelled expired booking ID=40, Customer=1, Released 2 seats
[2025-11-13 21:29:41] ? Cancelled expired booking ID=41, Customer=1, Released 1 seats
[2025-11-13 21:29:41] ? Cancelled expired booking ID=42, Customer=1, Released 2 seats
[2025-11-13 21:29:41] ? Cancelled expired booking ID=58, Customer=1, Released 0 seats
[2025-11-13 21:30:41] ? Found 38 expired bookings to cancel
[2025-11-13 21:30:41] ? Cancelled expired booking ID=6, Customer=1, Released 0 seats
[2025-11-13 21:30:41] ? Cancelled expired booking ID=7, Customer=1, Released 0 seats
[2025-11-13 21:30:41] ? Cancelled expired booking ID=8, Customer=1, Released 0 seats
[2025-11-13 21:30:41] ? Cancelled expired booking ID=9, Customer=1, Released 0 seats
[2025-11-13 21:30:41] ? Cancelled expired booking ID=10, Customer=1, Released 1 seats
[2025-11-13 21:30:41] ? Cancelled expired booking ID=11, Customer=1, Released 0 seats
[2025-11-13 21:30:41] ? Cancelled expired booking ID=12, Customer=1, Released 2 seats
[2025-11-13 21:30:41] ? Cancelled expired booking ID=13, Customer=1, Released 1 seats
[2025-11-13 21:30:41] ? Cancelled expired booking ID=14, Customer=1, Released 2 seats
[2025-11-13 21:30:41] ? Cancelled expired booking ID=15, Customer=1, Released 0 seats
[2025-11-13 21:30:41] ? Cancelled expired booking ID=16, Customer=1, Released 0 seats
[2025-11-13 21:30:41] ? Cancelled expired booking ID=17, Customer=1, Released 0 seats
[2025-11-13 21:30:41] ? Cancelled expired booking ID=18, Customer=1, Released 0 seats
[2025-11-13 21:30:41] ? Cancelled expired booking ID=19, Customer=1, Released 1 seats
[2025-11-13 21:30:41] ? Cancelled expired booking ID=20, Customer=1, Released 0 seats
[2025-11-13 21:30:41] ? Cancelled expired booking ID=21, Customer=1, Released 0 seats
[2025-11-13 21:30:41] ? Cancelled expired booking ID=22, Customer=1, Released 0 seats
[2025-11-13 21:30:41] ? Cancelled expired booking ID=23, Customer=1, Released 0 seats
[2025-11-13 21:30:41] ? Cancelled expired booking ID=24, Customer=1, Released 0 seats
[2025-11-13 21:30:41] ? Cancelled expired booking ID=25, Customer=1, Released 0 seats
[2025-11-13 21:30:41] ? Cancelled expired booking ID=26, Customer=1, Released 2 seats
[2025-11-13 21:30:41] ? Cancelled expired booking ID=27, Customer=1, Released 0 seats
[2025-11-13 21:30:41] ? Cancelled expired booking ID=28, Customer=1, Released 0 seats
[2025-11-13 21:30:41] ? Cancelled expired booking ID=29, Customer=1, Released 0 seats
[2025-11-13 21:30:41] ? Cancelled expired booking ID=30, Customer=1, Released 0 seats
[2025-11-13 21:30:41] ? Cancelled expired booking ID=31, Customer=1, Released 1 seats
[2025-11-13 21:30:41] ? Cancelled expired booking ID=32, Customer=1, Released 2 seats
[2025-11-13 21:30:41] ? Cancelled expired booking ID=33, Customer=1, Released 2 seats
[2025-11-13 21:30:41] ? Cancelled expired booking ID=34, Customer=1, Released 2 seats
[2025-11-13 21:30:41] ? Cancelled expired booking ID=35, Customer=1, Released 0 seats
[2025-11-13 21:30:41] ? Cancelled expired booking ID=36, Customer=1, Released 2 seats
[2025-11-13 21:30:41] ? Cancelled expired booking ID=37, Customer=1, Released 1 seats
[2025-11-13 21:30:41] ? Cancelled expired booking ID=38, Customer=1, Released 0 seats
[2025-11-13 21:30:41] ? Cancelled expired booking ID=39, Customer=1, Released 2 seats
[2025-11-13 21:30:41] ? Cancelled expired booking ID=40, Customer=1, Released 2 seats
[2025-11-13 21:30:41] ? Cancelled expired booking ID=41, Customer=1, Released 1 seats
[2025-11-13 21:30:41] ? Cancelled expired booking ID=42, Customer=1, Released 2 seats
[2025-11-13 21:30:41] ? Cancelled expired booking ID=58, Customer=1, Released 0 seats
[2025-11-13 21:31:41] ? Found 38 expired bookings to cancel
[2025-11-13 21:31:41] ? Cancelled expired booking ID=6, Customer=1, Released 0 seats
[2025-11-13 21:31:41] ? Cancelled expired booking ID=7, Customer=1, Released 0 seats
[2025-11-13 21:31:41] ? Cancelled expired booking ID=8, Customer=1, Released 0 seats
[2025-11-13 21:31:41] ? Cancelled expired booking ID=9, Customer=1, Released 0 seats
[2025-11-13 21:31:41] ? Cancelled expired booking ID=10, Customer=1, Released 1 seats
[2025-11-13 21:31:41] ? Cancelled expired booking ID=11, Customer=1, Released 0 seats
[2025-11-13 21:31:41] ? Cancelled expired booking ID=12, Customer=1, Released 2 seats
[2025-11-13 21:31:41] ? Cancelled expired booking ID=13, Customer=1, Released 1 seats
[2025-11-13 21:31:41] ? Cancelled expired booking ID=14, Customer=1, Released 2 seats
[2025-11-13 21:31:41] ? Cancelled expired booking ID=15, Customer=1, Released 0 seats
[2025-11-13 21:31:41] ? Cancelled expired booking ID=16, Customer=1, Released 0 seats
[2025-11-13 21:31:41] ? Cancelled expired booking ID=17, Customer=1, Released 0 seats
[2025-11-13 21:31:41] ? Cancelled expired booking ID=18, Customer=1, Released 0 seats
[2025-11-13 21:31:41] ? Cancelled expired booking ID=19, Customer=1, Released 1 seats
[2025-11-13 21:31:41] ? Cancelled expired booking ID=20, Customer=1, Released 0 seats
[2025-11-13 21:31:41] ? Cancelled expired booking ID=21, Customer=1, Released 0 seats
[2025-11-13 21:31:41] ? Cancelled expired booking ID=22, Customer=1, Released 0 seats
[2025-11-13 21:31:41] ? Cancelled expired booking ID=23, Customer=1, Released 0 seats
[2025-11-13 21:31:41] ? Cancelled expired booking ID=24, Customer=1, Released 0 seats
[2025-11-13 21:31:41] ? Cancelled expired booking ID=25, Customer=1, Released 0 seats
[2025-11-13 21:31:41] ? Cancelled expired booking ID=26, Customer=1, Released 2 seats
[2025-11-13 21:31:41] ? Cancelled expired booking ID=27, Customer=1, Released 0 seats
[2025-11-13 21:31:41] ? Cancelled expired booking ID=28, Customer=1, Released 0 seats
[2025-11-13 21:31:41] ? Cancelled expired booking ID=29, Customer=1, Released 0 seats
[2025-11-13 21:31:41] ? Cancelled expired booking ID=30, Customer=1, Released 0 seats
[2025-11-13 21:31:41] ? Cancelled expired booking ID=31, Customer=1, Released 1 seats
[2025-11-13 21:31:41] ? Cancelled expired booking ID=32, Customer=1, Released 2 seats
[2025-11-13 21:31:41] ? Cancelled expired booking ID=33, Customer=1, Released 2 seats
[2025-11-13 21:31:41] ? Cancelled expired booking ID=34, Customer=1, Released 2 seats
[2025-11-13 21:31:41] ? Cancelled expired booking ID=35, Customer=1, Released 0 seats
[2025-11-13 21:31:41] ? Cancelled expired booking ID=36, Customer=1, Released 2 seats
[2025-11-13 21:31:41] ? Cancelled expired booking ID=37, Customer=1, Released 1 seats
[2025-11-13 21:31:41] ? Cancelled expired booking ID=38, Customer=1, Released 0 seats
[2025-11-13 21:31:41] ? Cancelled expired booking ID=39, Customer=1, Released 2 seats
[2025-11-13 21:31:41] ? Cancelled expired booking ID=40, Customer=1, Released 2 seats
[2025-11-13 21:31:41] ? Cancelled expired booking ID=41, Customer=1, Released 1 seats
[2025-11-13 21:31:41] ? Cancelled expired booking ID=42, Customer=1, Released 2 seats
[2025-11-13 21:31:41] ? Cancelled expired booking ID=58, Customer=1, Released 0 seats
[2025-11-13 21:32:41] ? Found 38 expired bookings to cancel
[2025-11-13 21:32:41] ? Cancelled expired booking ID=6, Customer=1, Released 0 seats
[2025-11-13 21:32:41] ? Cancelled expired booking ID=7, Customer=1, Released 0 seats
[2025-11-13 21:32:41] ? Cancelled expired booking ID=8, Customer=1, Released 0 seats
[2025-11-13 21:32:41] ? Cancelled expired booking ID=9, Customer=1, Released 0 seats
[2025-11-13 21:32:41] ? Cancelled expired booking ID=10, Customer=1, Released 1 seats
[2025-11-13 21:32:41] ? Cancelled expired booking ID=11, Customer=1, Released 0 seats
[2025-11-13 21:32:41] ? Cancelled expired booking ID=12, Customer=1, Released 2 seats
[2025-11-13 21:32:41] ? Cancelled expired booking ID=13, Customer=1, Released 1 seats
[2025-11-13 21:32:41] ? Cancelled expired booking ID=14, Customer=1, Released 2 seats
[2025-11-13 21:32:41] ? Cancelled expired booking ID=15, Customer=1, Released 0 seats
[2025-11-13 21:32:41] ? Cancelled expired booking ID=16, Customer=1, Released 0 seats
[2025-11-13 21:32:41] ? Cancelled expired booking ID=17, Customer=1, Released 0 seats
[2025-11-13 21:32:41] ? Cancelled expired booking ID=18, Customer=1, Released 0 seats
[2025-11-13 21:32:41] ? Cancelled expired booking ID=19, Customer=1, Released 1 seats
[2025-11-13 21:32:41] ? Cancelled expired booking ID=20, Customer=1, Released 0 seats
[2025-11-13 21:32:41] ? Cancelled expired booking ID=21, Customer=1, Released 0 seats
[2025-11-13 21:32:41] ? Cancelled expired booking ID=22, Customer=1, Released 0 seats
[2025-11-13 21:32:41] ? Cancelled expired booking ID=23, Customer=1, Released 0 seats
[2025-11-13 21:32:41] ? Cancelled expired booking ID=24, Customer=1, Released 0 seats
[2025-11-13 21:32:41] ? Cancelled expired booking ID=25, Customer=1, Released 0 seats
[2025-11-13 21:32:41] ? Cancelled expired booking ID=26, Customer=1, Released 2 seats
[2025-11-13 21:32:41] ? Cancelled expired booking ID=27, Customer=1, Released 0 seats
[2025-11-13 21:32:41] ? Cancelled expired booking ID=28, Customer=1, Released 0 seats
[2025-11-13 21:32:41] ? Cancelled expired booking ID=29, Customer=1, Released 0 seats
[2025-11-13 21:32:41] ? Cancelled expired booking ID=30, Customer=1, Released 0 seats
[2025-11-13 21:32:41] ? Cancelled expired booking ID=31, Customer=1, Released 1 seats
[2025-11-13 21:32:41] ? Cancelled expired booking ID=32, Customer=1, Released 2 seats
[2025-11-13 21:32:41] ? Cancelled expired booking ID=33, Customer=1, Released 2 seats
[2025-11-13 21:32:41] ? Cancelled expired booking ID=34, Customer=1, Released 2 seats
[2025-11-13 21:32:41] ? Cancelled expired booking ID=35, Customer=1, Released 0 seats
[2025-11-13 21:32:41] ? Cancelled expired booking ID=36, Customer=1, Released 2 seats
[2025-11-13 21:32:41] ? Cancelled expired booking ID=37, Customer=1, Released 1 seats
[2025-11-13 21:32:41] ? Cancelled expired booking ID=38, Customer=1, Released 0 seats
[2025-11-13 21:32:41] ? Cancelled expired booking ID=39, Customer=1, Released 2 seats
[2025-11-13 21:32:41] ? Cancelled expired booking ID=40, Customer=1, Released 2 seats
[2025-11-13 21:32:41] ? Cancelled expired booking ID=41, Customer=1, Released 1 seats
[2025-11-13 21:32:41] ? Cancelled expired booking ID=42, Customer=1, Released 2 seats
[2025-11-13 21:32:41] ? Cancelled expired booking ID=58, Customer=1, Released 0 seats
[2025-11-13 21:33:41] ? Found 38 expired bookings to cancel
[2025-11-13 21:33:41] ? Cancelled expired booking ID=6, Customer=1, Released 0 seats
[2025-11-13 21:33:41] ? Cancelled expired booking ID=7, Customer=1, Released 0 seats
[2025-11-13 21:33:41] ? Cancelled expired booking ID=8, Customer=1, Released 0 seats
[2025-11-13 21:33:41] ? Cancelled expired booking ID=9, Customer=1, Released 0 seats
[2025-11-13 21:33:41] ? Cancelled expired booking ID=10, Customer=1, Released 1 seats
[2025-11-13 21:33:41] ? Cancelled expired booking ID=11, Customer=1, Released 0 seats
[2025-11-13 21:33:41] ? Cancelled expired booking ID=12, Customer=1, Released 2 seats
[2025-11-13 21:33:41] ? Cancelled expired booking ID=13, Customer=1, Released 1 seats
[2025-11-13 21:33:41] ? Cancelled expired booking ID=14, Customer=1, Released 2 seats
[2025-11-13 21:33:41] ? Cancelled expired booking ID=15, Customer=1, Released 0 seats
[2025-11-13 21:33:41] ? Cancelled expired booking ID=16, Customer=1, Released 0 seats
[2025-11-13 21:33:41] ? Cancelled expired booking ID=17, Customer=1, Released 0 seats
[2025-11-13 21:33:41] ? Cancelled expired booking ID=18, Customer=1, Released 0 seats
[2025-11-13 21:33:41] ? Cancelled expired booking ID=19, Customer=1, Released 1 seats
[2025-11-13 21:33:41] ? Cancelled expired booking ID=20, Customer=1, Released 0 seats
[2025-11-13 21:33:41] ? Cancelled expired booking ID=21, Customer=1, Released 0 seats
[2025-11-13 21:33:41] ? Cancelled expired booking ID=22, Customer=1, Released 0 seats
[2025-11-13 21:33:41] ? Cancelled expired booking ID=23, Customer=1, Released 0 seats
[2025-11-13 21:33:41] ? Cancelled expired booking ID=24, Customer=1, Released 0 seats
[2025-11-13 21:33:41] ? Cancelled expired booking ID=25, Customer=1, Released 0 seats
[2025-11-13 21:33:41] ? Cancelled expired booking ID=26, Customer=1, Released 2 seats
[2025-11-13 21:33:41] ? Cancelled expired booking ID=27, Customer=1, Released 0 seats
[2025-11-13 21:33:41] ? Cancelled expired booking ID=28, Customer=1, Released 0 seats
[2025-11-13 21:33:41] ? Cancelled expired booking ID=29, Customer=1, Released 0 seats
[2025-11-13 21:33:41] ? Cancelled expired booking ID=30, Customer=1, Released 0 seats
[2025-11-13 21:33:41] ? Cancelled expired booking ID=31, Customer=1, Released 1 seats
[2025-11-13 21:33:41] ? Cancelled expired booking ID=32, Customer=1, Released 2 seats
[2025-11-13 21:33:41] ? Cancelled expired booking ID=33, Customer=1, Released 2 seats
[2025-11-13 21:33:41] ? Cancelled expired booking ID=34, Customer=1, Released 2 seats
[2025-11-13 21:33:41] ? Cancelled expired booking ID=35, Customer=1, Released 0 seats
[2025-11-13 21:33:41] ? Cancelled expired booking ID=36, Customer=1, Released 2 seats
[2025-11-13 21:33:41] ? Cancelled expired booking ID=37, Customer=1, Released 1 seats
[2025-11-13 21:33:41] ? Cancelled expired booking ID=38, Customer=1, Released 0 seats
[2025-11-13 21:33:41] ? Cancelled expired booking ID=39, Customer=1, Released 2 seats
[2025-11-13 21:33:41] ? Cancelled expired booking ID=40, Customer=1, Released 2 seats
[2025-11-13 21:33:41] ? Cancelled expired booking ID=41, Customer=1, Released 1 seats
[2025-11-13 21:33:41] ? Cancelled expired booking ID=42, Customer=1, Released 2 seats
[2025-11-13 21:33:41] ? Cancelled expired booking ID=58, Customer=1, Released 0 seats
