[2025-11-12 09:00:36] ? BookingExpirationService started
[2025-11-12 09:01:07] SelectSeats (Fresh DB): showtime=24, paidBookings=2, bookedCount=0
[2025-11-12 09:03:57] SelectSeats (Fresh DB): showtime=29, paidBookings=2, bookedCount=0
[2025-11-12 09:04:09] ✅ Tạo Dat_Ve mới: ID=46, Trạng thái=Chưa thanh toán
[2025-11-12 09:04:09] ✅ Cập nhật Dat_Ve: ID=46, Tổng tiền=219000,00, Vé=2, Đồ ăn=0
[2025-11-12 09:10:10] ✅ Xem hóa đơn: Booking ID 46
[2025-11-12 09:10:15] ✅ PaymentGateway Initialized (Official Spec):
[2025-11-12 09:10:15]    - TmnCode: NJJ0R8FS
[2025-11-12 09:10:15]    - BaseUrl: https://sandbox.vnpayment.vn/paymentv2/vpcpay.html
[2025-11-12 09:10:15]    - ReturnUrl: https://localhost:44300/Invoice/PaymentCallback
[2025-11-12 09:10:15] ✅ Tạo URL Thanh Toán:
[2025-11-12 09:10:15]    - Amount: 219000,00 VND
[2025-11-12 09:10:15]    - OrderInfo: Thanh toán vé xem phim - Mã đơn: 46
[2025-11-12 09:10:15]    - Hash: 8cbb711d001e928bab8d5a8faf2698e8c5df6d63795215f5883b54a0e52c91ef18bc36a8c786bf21a84a820ac92abe988c9214233be5dec4e9887fd42a036def
[2025-11-12 09:10:15] ✅ Khởi tạo thanh toán VNPAY: Booking ID 46, Amount 219000,00
[2025-11-12 09:10:15] ✅ Lưu Session: CurrentPaymentBookingId = 46
[2025-11-12 09:10:45] ✅ PaymentGateway Initialized (Official Spec):
[2025-11-12 09:10:45]    - TmnCode: NJJ0R8FS
[2025-11-12 09:10:45]    - BaseUrl: https://sandbox.vnpayment.vn/paymentv2/vpcpay.html
[2025-11-12 09:10:46]    - ReturnUrl: https://localhost:44300/Invoice/PaymentCallback
[2025-11-12 09:10:46] ✅ Tạo URL Thanh Toán:
[2025-11-12 09:10:46]    - Amount: 219000,00 VND
[2025-11-12 09:10:46]    - OrderInfo: Thanh toán vé xem phim - Mã đơn: 46
[2025-11-12 09:10:46]    - Hash: c960838ef43706d597278c0deb62453faba6a7e6845eb77841301561e119074fc8947e1fb28e8d14d5eade2aa5b297e0ed616b17d8a83d3f91f557d27d8abe31
[2025-11-12 09:10:46] ✅ Khởi tạo thanh toán VNPAY: Booking ID 46, Amount 219000,00
[2025-11-12 09:10:46] ✅ Lưu Session: CurrentPaymentBookingId = 46
[2025-11-12 09:11:48] ✅ PaymentGateway Initialized (Official Spec):
[2025-11-12 09:11:48]    - TmnCode: NJJ0R8FS
[2025-11-12 09:11:48]    - BaseUrl: https://sandbox.vnpayment.vn/paymentv2/vpcpay.html
[2025-11-12 09:11:48]    - ReturnUrl: https://localhost:44300/Invoice/PaymentCallback
[2025-11-12 09:11:48] ✅ Tạo URL Thanh Toán:
[2025-11-12 09:11:48]    - Amount: 219000,00 VND
[2025-11-12 09:11:48]    - OrderInfo: Thanh toán vé xem phim - Mã đơn: 46
[2025-11-12 09:11:48]    - Hash: edca7a7aae09e5de7cf31128d2e3320f47d95f7af606d117c3711419f8433f3d521ebef3e51353453d06dd8dc9abfd76ec3070d29ba01cd1a07b9a30ea44c035
[2025-11-12 09:11:48] ✅ Khởi tạo thanh toán VNPAY: Booking ID 46, Amount 219000,00
[2025-11-12 09:11:48] ✅ Lưu Session: CurrentPaymentBookingId = 46
[2025-11-12 09:12:58] === PaymentCallback - URL: https://localhost:44300/Invoice/PaymentCallback
[2025-11-12 09:12:58] === Query String: 
[2025-11-12 09:12:58] ⚠️ Không có vnp_SecureHash - Chế độ localhost (không xác minh chữ ký)
[2025-11-12 09:12:58] ✅ Localhost Mode: Giả lập response thành công
[2025-11-12 09:12:58] ⚠️ OrderInfo rỗng
[2025-11-12 09:12:58] Extracted Booking ID: 0
[2025-11-12 09:12:58] ✅ Fallback: Lấy Booking ID từ Session: 46
[2025-11-12 09:12:58] ✅ Thanh toán localhost thành công!
[2025-11-12 09:12:58]    - Booking ID: 46
[2025-11-12 09:12:58]    - Số tiền: 0
[2025-11-12 09:12:58] ✅ Hiển thị trang thanh toán thành công: Booking 46
[2025-11-12 09:16:00] ✅ Hiển thị trang thanh toán thành công: Booking 46
[2025-11-12 09:16:23] ✅ Hiển thị trang thanh toán thành công: Booking 46
[2025-11-12 09:16:40] ✅ Hiển thị trang thanh toán thành công: Booking 46
[2025-11-12 09:16:50] ✅ Hiển thị trang thanh toán thành công: Booking 46
[2025-11-12 09:16:52] ✅ Hiển thị trang thanh toán thành công: Booking 46
[2025-11-12 09:16:56] ✅ Xem hóa đơn: Booking ID 46
[2025-11-12 09:17:54] ✅ Xem hóa đơn: Booking ID 46
[2025-11-12 09:18:12] ✅ Xem hóa đơn: Booking ID 46
[2025-11-12 09:19:03] ✅ Xem hóa đơn: Booking ID 46
[2025-11-12 09:19:07] ✅ Xem hóa đơn: Booking ID 46
[2025-11-12 09:21:07] ✅ Xem hóa đơn: Booking ID 46
[2025-11-12 10:07:56] ? BookingExpirationService started
[2025-11-12 10:08:56] ? Found 37 expired bookings to cancel
[2025-11-12 10:08:56] ? Cancelled expired booking ID=6, Customer=1, Released 0 seats
[2025-11-12 10:08:56] ? Cancelled expired booking ID=7, Customer=1, Released 0 seats
[2025-11-12 10:08:56] ? Cancelled expired booking ID=8, Customer=1, Released 0 seats
[2025-11-12 10:08:56] ? Cancelled expired booking ID=9, Customer=1, Released 0 seats
[2025-11-12 10:08:56] ? Cancelled expired booking ID=10, Customer=1, Released 1 seats
[2025-11-12 10:08:56] ? Cancelled expired booking ID=11, Customer=1, Released 0 seats
[2025-11-12 10:08:56] ? Cancelled expired booking ID=12, Customer=1, Released 2 seats
[2025-11-12 10:08:56] ? Cancelled expired booking ID=13, Customer=1, Released 1 seats
[2025-11-12 10:08:56] ? Cancelled expired booking ID=14, Customer=1, Released 2 seats
[2025-11-12 10:08:56] ? Cancelled expired booking ID=15, Customer=1, Released 0 seats
[2025-11-12 10:08:56] ? Cancelled expired booking ID=16, Customer=1, Released 0 seats
[2025-11-12 10:08:56] ? Cancelled expired booking ID=17, Customer=1, Released 1 seats
[2025-11-12 10:08:56] ? Cancelled expired booking ID=18, Customer=1, Released 0 seats
[2025-11-12 10:08:56] ? Cancelled expired booking ID=19, Customer=1, Released 1 seats
[2025-11-12 10:08:56] ? Cancelled expired booking ID=20, Customer=1, Released 0 seats
[2025-11-12 10:08:56] ? Cancelled expired booking ID=21, Customer=1, Released 0 seats
[2025-11-12 10:08:56] ? Cancelled expired booking ID=22, Customer=1, Released 2 seats
[2025-11-12 10:08:56] ? Cancelled expired booking ID=23, Customer=1, Released 0 seats
[2025-11-12 10:08:56] ? Cancelled expired booking ID=24, Customer=1, Released 0 seats
[2025-11-12 10:08:56] ? Cancelled expired booking ID=25, Customer=1, Released 0 seats
[2025-11-12 10:08:56] ? Cancelled expired booking ID=26, Customer=1, Released 2 seats
[2025-11-12 10:08:56] ? Cancelled expired booking ID=27, Customer=1, Released 0 seats
[2025-11-12 10:08:56] ? Cancelled expired booking ID=28, Customer=1, Released 0 seats
[2025-11-12 10:08:56] ? Cancelled expired booking ID=29, Customer=1, Released 0 seats
[2025-11-12 10:08:56] ? Cancelled expired booking ID=30, Customer=1, Released 0 seats
[2025-11-12 10:08:56] ? Cancelled expired booking ID=31, Customer=1, Released 1 seats
[2025-11-12 10:08:56] ? Cancelled expired booking ID=32, Customer=1, Released 2 seats
[2025-11-12 10:08:56] ? Cancelled expired booking ID=33, Customer=1, Released 2 seats
[2025-11-12 10:08:56] ? Cancelled expired booking ID=34, Customer=1, Released 2 seats
[2025-11-12 10:08:56] ? Cancelled expired booking ID=35, Customer=1, Released 0 seats
[2025-11-12 10:08:56] ? Cancelled expired booking ID=36, Customer=1, Released 2 seats
[2025-11-12 10:08:56] ? Cancelled expired booking ID=37, Customer=1, Released 1 seats
[2025-11-12 10:08:56] ? Cancelled expired booking ID=38, Customer=1, Released 1 seats
[2025-11-12 10:08:56] ? Cancelled expired booking ID=39, Customer=1, Released 2 seats
[2025-11-12 10:08:56] ? Cancelled expired booking ID=40, Customer=1, Released 2 seats
[2025-11-12 10:08:56] ? Cancelled expired booking ID=41, Customer=1, Released 2 seats
[2025-11-12 10:08:56] ? Cancelled expired booking ID=42, Customer=1, Released 2 seats
[2025-11-12 10:09:56] ? Found 37 expired bookings to cancel
[2025-11-12 10:09:56] ? Cancelled expired booking ID=6, Customer=1, Released 0 seats
[2025-11-12 10:09:56] ? Cancelled expired booking ID=7, Customer=1, Released 0 seats
[2025-11-12 10:09:56] ? Cancelled expired booking ID=8, Customer=1, Released 0 seats
[2025-11-12 10:09:56] ? Cancelled expired booking ID=9, Customer=1, Released 0 seats
[2025-11-12 10:09:56] ? Cancelled expired booking ID=10, Customer=1, Released 1 seats
[2025-11-12 10:09:56] ? Cancelled expired booking ID=11, Customer=1, Released 0 seats
[2025-11-12 10:09:56] ? Cancelled expired booking ID=12, Customer=1, Released 2 seats
[2025-11-12 10:09:56] ? Cancelled expired booking ID=13, Customer=1, Released 1 seats
[2025-11-12 10:09:56] ? Cancelled expired booking ID=14, Customer=1, Released 2 seats
[2025-11-12 10:09:56] ? Cancelled expired booking ID=15, Customer=1, Released 0 seats
[2025-11-12 10:09:56] ? Cancelled expired booking ID=16, Customer=1, Released 0 seats
[2025-11-12 10:09:56] ? Cancelled expired booking ID=17, Customer=1, Released 1 seats
[2025-11-12 10:09:56] ? Cancelled expired booking ID=18, Customer=1, Released 0 seats
[2025-11-12 10:09:56] ? Cancelled expired booking ID=19, Customer=1, Released 1 seats
[2025-11-12 10:09:56] ? Cancelled expired booking ID=20, Customer=1, Released 0 seats
[2025-11-12 10:09:56] ? Cancelled expired booking ID=21, Customer=1, Released 0 seats
[2025-11-12 10:09:56] ? Cancelled expired booking ID=22, Customer=1, Released 2 seats
[2025-11-12 10:09:56] ? Cancelled expired booking ID=23, Customer=1, Released 0 seats
[2025-11-12 10:09:56] ? Cancelled expired booking ID=24, Customer=1, Released 0 seats
[2025-11-12 10:09:56] ? Cancelled expired booking ID=25, Customer=1, Released 0 seats
[2025-11-12 10:09:56] ? Cancelled expired booking ID=26, Customer=1, Released 2 seats
[2025-11-12 10:09:56] ? Cancelled expired booking ID=27, Customer=1, Released 0 seats
[2025-11-12 10:09:56] ? Cancelled expired booking ID=28, Customer=1, Released 0 seats
[2025-11-12 10:09:56] ? Cancelled expired booking ID=29, Customer=1, Released 0 seats
[2025-11-12 10:09:56] ? Cancelled expired booking ID=30, Customer=1, Released 0 seats
[2025-11-12 10:09:56] ? Cancelled expired booking ID=31, Customer=1, Released 1 seats
[2025-11-12 10:09:56] ? Cancelled expired booking ID=32, Customer=1, Released 2 seats
[2025-11-12 10:09:56] ? Cancelled expired booking ID=33, Customer=1, Released 2 seats
[2025-11-12 10:09:56] ? Cancelled expired booking ID=34, Customer=1, Released 2 seats
[2025-11-12 10:09:56] ? Cancelled expired booking ID=35, Customer=1, Released 0 seats
[2025-11-12 10:09:56] ? Cancelled expired booking ID=36, Customer=1, Released 2 seats
[2025-11-12 10:09:56] ? Cancelled expired booking ID=37, Customer=1, Released 1 seats
[2025-11-12 10:09:56] ? Cancelled expired booking ID=38, Customer=1, Released 1 seats
[2025-11-12 10:09:56] ? Cancelled expired booking ID=39, Customer=1, Released 2 seats
[2025-11-12 10:09:56] ? Cancelled expired booking ID=40, Customer=1, Released 2 seats
[2025-11-12 10:09:56] ? Cancelled expired booking ID=41, Customer=1, Released 2 seats
[2025-11-12 10:09:56] ? Cancelled expired booking ID=42, Customer=1, Released 2 seats
[2025-11-12 10:10:56] ? Found 37 expired bookings to cancel
[2025-11-12 10:10:56] ? Cancelled expired booking ID=6, Customer=1, Released 0 seats
[2025-11-12 10:10:56] ? Cancelled expired booking ID=7, Customer=1, Released 0 seats
[2025-11-12 10:10:56] ? Cancelled expired booking ID=8, Customer=1, Released 0 seats
[2025-11-12 10:10:56] ? Cancelled expired booking ID=9, Customer=1, Released 0 seats
[2025-11-12 10:10:56] ? Cancelled expired booking ID=10, Customer=1, Released 1 seats
[2025-11-12 10:10:56] ? Cancelled expired booking ID=11, Customer=1, Released 0 seats
[2025-11-12 10:10:56] ? Cancelled expired booking ID=12, Customer=1, Released 2 seats
[2025-11-12 10:10:56] ? Cancelled expired booking ID=13, Customer=1, Released 1 seats
[2025-11-12 10:10:56] ? Cancelled expired booking ID=14, Customer=1, Released 2 seats
[2025-11-12 10:10:56] ? Cancelled expired booking ID=15, Customer=1, Released 0 seats
[2025-11-12 10:10:56] ? Cancelled expired booking ID=16, Customer=1, Released 0 seats
[2025-11-12 10:10:56] ? Cancelled expired booking ID=17, Customer=1, Released 1 seats
[2025-11-12 10:10:56] ? Cancelled expired booking ID=18, Customer=1, Released 0 seats
[2025-11-12 10:10:56] ? Cancelled expired booking ID=19, Customer=1, Released 1 seats
[2025-11-12 10:10:56] ? Cancelled expired booking ID=20, Customer=1, Released 0 seats
[2025-11-12 10:10:56] ? Cancelled expired booking ID=21, Customer=1, Released 0 seats
[2025-11-12 10:10:56] ? Cancelled expired booking ID=22, Customer=1, Released 2 seats
[2025-11-12 10:10:56] ? Cancelled expired booking ID=23, Customer=1, Released 0 seats
[2025-11-12 10:10:56] ? Cancelled expired booking ID=24, Customer=1, Released 0 seats
[2025-11-12 10:10:56] ? Cancelled expired booking ID=25, Customer=1, Released 0 seats
[2025-11-12 10:10:56] ? Cancelled expired booking ID=26, Customer=1, Released 2 seats
[2025-11-12 10:10:56] ? Cancelled expired booking ID=27, Customer=1, Released 0 seats
[2025-11-12 10:10:56] ? Cancelled expired booking ID=28, Customer=1, Released 0 seats
[2025-11-12 10:10:56] ? Cancelled expired booking ID=29, Customer=1, Released 0 seats
[2025-11-12 10:10:56] ? Cancelled expired booking ID=30, Customer=1, Released 0 seats
[2025-11-12 10:10:56] ? Cancelled expired booking ID=31, Customer=1, Released 1 seats
[2025-11-12 10:10:56] ? Cancelled expired booking ID=32, Customer=1, Released 2 seats
[2025-11-12 10:10:56] ? Cancelled expired booking ID=33, Customer=1, Released 2 seats
[2025-11-12 10:10:56] ? Cancelled expired booking ID=34, Customer=1, Released 2 seats
[2025-11-12 10:10:56] ? Cancelled expired booking ID=35, Customer=1, Released 0 seats
[2025-11-12 10:10:56] ? Cancelled expired booking ID=36, Customer=1, Released 2 seats
[2025-11-12 10:10:56] ? Cancelled expired booking ID=37, Customer=1, Released 1 seats
[2025-11-12 10:10:56] ? Cancelled expired booking ID=38, Customer=1, Released 1 seats
[2025-11-12 10:10:56] ? Cancelled expired booking ID=39, Customer=1, Released 2 seats
[2025-11-12 10:10:56] ? Cancelled expired booking ID=40, Customer=1, Released 2 seats
[2025-11-12 10:10:56] ? Cancelled expired booking ID=41, Customer=1, Released 2 seats
[2025-11-12 10:10:56] ? Cancelled expired booking ID=42, Customer=1, Released 2 seats
[2025-11-12 10:11:56] ? Found 37 expired bookings to cancel
[2025-11-12 10:11:56] ? Cancelled expired booking ID=6, Customer=1, Released 0 seats
[2025-11-12 10:11:56] ? Cancelled expired booking ID=7, Customer=1, Released 0 seats
[2025-11-12 10:11:56] ? Cancelled expired booking ID=8, Customer=1, Released 0 seats
[2025-11-12 10:11:56] ? Cancelled expired booking ID=9, Customer=1, Released 0 seats
[2025-11-12 10:11:56] ? Cancelled expired booking ID=10, Customer=1, Released 1 seats
[2025-11-12 10:11:56] ? Cancelled expired booking ID=11, Customer=1, Released 0 seats
[2025-11-12 10:11:56] ? Cancelled expired booking ID=12, Customer=1, Released 2 seats
[2025-11-12 10:11:56] ? Cancelled expired booking ID=13, Customer=1, Released 1 seats
[2025-11-12 10:11:56] ? Cancelled expired booking ID=14, Customer=1, Released 2 seats
[2025-11-12 10:11:56] ? Cancelled expired booking ID=15, Customer=1, Released 0 seats
[2025-11-12 10:11:56] ? Cancelled expired booking ID=16, Customer=1, Released 0 seats
[2025-11-12 10:11:56] ? Cancelled expired booking ID=17, Customer=1, Released 1 seats
[2025-11-12 10:11:56] ? Cancelled expired booking ID=18, Customer=1, Released 0 seats
[2025-11-12 10:11:56] ? Cancelled expired booking ID=19, Customer=1, Released 1 seats
[2025-11-12 10:11:56] ? Cancelled expired booking ID=20, Customer=1, Released 0 seats
[2025-11-12 10:11:56] ? Cancelled expired booking ID=21, Customer=1, Released 0 seats
[2025-11-12 10:11:56] ? Cancelled expired booking ID=22, Customer=1, Released 2 seats
[2025-11-12 10:11:56] ? Cancelled expired booking ID=23, Customer=1, Released 0 seats
[2025-11-12 10:11:56] ? Cancelled expired booking ID=24, Customer=1, Released 0 seats
[2025-11-12 10:11:56] ? Cancelled expired booking ID=25, Customer=1, Released 0 seats
[2025-11-12 10:11:56] ? Cancelled expired booking ID=26, Customer=1, Released 2 seats
[2025-11-12 10:11:56] ? Cancelled expired booking ID=27, Customer=1, Released 0 seats
[2025-11-12 10:11:56] ? Cancelled expired booking ID=28, Customer=1, Released 0 seats
[2025-11-12 10:11:56] ? Cancelled expired booking ID=29, Customer=1, Released 0 seats
[2025-11-12 10:11:56] ? Cancelled expired booking ID=30, Customer=1, Released 0 seats
[2025-11-12 10:11:56] ? Cancelled expired booking ID=31, Customer=1, Released 1 seats
[2025-11-12 10:11:56] ? Cancelled expired booking ID=32, Customer=1, Released 2 seats
[2025-11-12 10:11:56] ? Cancelled expired booking ID=33, Customer=1, Released 2 seats
[2025-11-12 10:11:56] ? Cancelled expired booking ID=34, Customer=1, Released 2 seats
[2025-11-12 10:11:56] ? Cancelled expired booking ID=35, Customer=1, Released 0 seats
[2025-11-12 10:11:56] ? Cancelled expired booking ID=36, Customer=1, Released 2 seats
[2025-11-12 10:11:56] ? Cancelled expired booking ID=37, Customer=1, Released 1 seats
[2025-11-12 10:11:56] ? Cancelled expired booking ID=38, Customer=1, Released 1 seats
[2025-11-12 10:11:56] ? Cancelled expired booking ID=39, Customer=1, Released 2 seats
[2025-11-12 10:11:56] ? Cancelled expired booking ID=40, Customer=1, Released 2 seats
[2025-11-12 10:11:56] ? Cancelled expired booking ID=41, Customer=1, Released 2 seats
[2025-11-12 10:11:56] ? Cancelled expired booking ID=42, Customer=1, Released 2 seats
[2025-11-12 10:12:56] ? Found 37 expired bookings to cancel
[2025-11-12 10:12:56] ? Cancelled expired booking ID=6, Customer=1, Released 0 seats
[2025-11-12 10:12:56] ? Cancelled expired booking ID=7, Customer=1, Released 0 seats
[2025-11-12 10:12:56] ? Cancelled expired booking ID=8, Customer=1, Released 0 seats
[2025-11-12 10:12:56] ? Cancelled expired booking ID=9, Customer=1, Released 0 seats
[2025-11-12 10:12:56] ? Cancelled expired booking ID=10, Customer=1, Released 1 seats
[2025-11-12 10:12:56] ? Cancelled expired booking ID=11, Customer=1, Released 0 seats
[2025-11-12 10:12:56] ? Cancelled expired booking ID=12, Customer=1, Released 2 seats
[2025-11-12 10:12:56] ? Cancelled expired booking ID=13, Customer=1, Released 1 seats
[2025-11-12 10:12:56] ? Cancelled expired booking ID=14, Customer=1, Released 2 seats
[2025-11-12 10:12:56] ? Cancelled expired booking ID=15, Customer=1, Released 0 seats
[2025-11-12 10:12:56] ? Cancelled expired booking ID=16, Customer=1, Released 0 seats
[2025-11-12 10:12:56] ? Cancelled expired booking ID=17, Customer=1, Released 1 seats
[2025-11-12 10:12:56] ? Cancelled expired booking ID=18, Customer=1, Released 0 seats
[2025-11-12 10:12:56] ? Cancelled expired booking ID=19, Customer=1, Released 1 seats
[2025-11-12 10:12:56] ? Cancelled expired booking ID=20, Customer=1, Released 0 seats
[2025-11-12 10:12:56] ? Cancelled expired booking ID=21, Customer=1, Released 0 seats
[2025-11-12 10:12:56] ? Cancelled expired booking ID=22, Customer=1, Released 2 seats
[2025-11-12 10:12:56] ? Cancelled expired booking ID=23, Customer=1, Released 0 seats
[2025-11-12 10:12:56] ? Cancelled expired booking ID=24, Customer=1, Released 0 seats
[2025-11-12 10:12:56] ? Cancelled expired booking ID=25, Customer=1, Released 0 seats
[2025-11-12 10:12:56] ? Cancelled expired booking ID=26, Customer=1, Released 2 seats
[2025-11-12 10:12:56] ? Cancelled expired booking ID=27, Customer=1, Released 0 seats
[2025-11-12 10:12:56] ? Cancelled expired booking ID=28, Customer=1, Released 0 seats
[2025-11-12 10:12:56] ? Cancelled expired booking ID=29, Customer=1, Released 0 seats
[2025-11-12 10:12:56] ? Cancelled expired booking ID=30, Customer=1, Released 0 seats
[2025-11-12 10:12:56] ? Cancelled expired booking ID=31, Customer=1, Released 1 seats
[2025-11-12 10:12:56] ? Cancelled expired booking ID=32, Customer=1, Released 2 seats
[2025-11-12 10:12:56] ? Cancelled expired booking ID=33, Customer=1, Released 2 seats
[2025-11-12 10:12:56] ? Cancelled expired booking ID=34, Customer=1, Released 2 seats
[2025-11-12 10:12:56] ? Cancelled expired booking ID=35, Customer=1, Released 0 seats
[2025-11-12 10:12:56] ? Cancelled expired booking ID=36, Customer=1, Released 2 seats
[2025-11-12 10:12:56] ? Cancelled expired booking ID=37, Customer=1, Released 1 seats
[2025-11-12 10:12:56] ? Cancelled expired booking ID=38, Customer=1, Released 1 seats
[2025-11-12 10:12:56] ? Cancelled expired booking ID=39, Customer=1, Released 2 seats
[2025-11-12 10:12:56] ? Cancelled expired booking ID=40, Customer=1, Released 2 seats
[2025-11-12 10:12:56] ? Cancelled expired booking ID=41, Customer=1, Released 2 seats
[2025-11-12 10:12:56] ? Cancelled expired booking ID=42, Customer=1, Released 2 seats
[2025-11-12 10:13:56] ? Found 37 expired bookings to cancel
[2025-11-12 10:13:56] ? Cancelled expired booking ID=6, Customer=1, Released 0 seats
[2025-11-12 10:13:56] ? Cancelled expired booking ID=7, Customer=1, Released 0 seats
[2025-11-12 10:13:56] ? Cancelled expired booking ID=8, Customer=1, Released 0 seats
[2025-11-12 10:13:56] ? Cancelled expired booking ID=9, Customer=1, Released 0 seats
[2025-11-12 10:13:56] ? Cancelled expired booking ID=10, Customer=1, Released 1 seats
[2025-11-12 10:13:56] ? Cancelled expired booking ID=11, Customer=1, Released 0 seats
[2025-11-12 10:13:56] ? Cancelled expired booking ID=12, Customer=1, Released 2 seats
[2025-11-12 10:13:56] ? Cancelled expired booking ID=13, Customer=1, Released 1 seats
[2025-11-12 10:13:56] ? Cancelled expired booking ID=14, Customer=1, Released 2 seats
[2025-11-12 10:13:56] ? Cancelled expired booking ID=15, Customer=1, Released 0 seats
[2025-11-12 10:13:56] ? Cancelled expired booking ID=16, Customer=1, Released 0 seats
[2025-11-12 10:13:56] ? Cancelled expired booking ID=17, Customer=1, Released 1 seats
[2025-11-12 10:13:56] ? Cancelled expired booking ID=18, Customer=1, Released 0 seats
[2025-11-12 10:13:56] ? Cancelled expired booking ID=19, Customer=1, Released 1 seats
[2025-11-12 10:13:56] ? Cancelled expired booking ID=20, Customer=1, Released 0 seats
[2025-11-12 10:13:56] ? Cancelled expired booking ID=21, Customer=1, Released 0 seats
[2025-11-12 10:13:56] ? Cancelled expired booking ID=22, Customer=1, Released 2 seats
[2025-11-12 10:13:56] ? Cancelled expired booking ID=23, Customer=1, Released 0 seats
[2025-11-12 10:13:56] ? Cancelled expired booking ID=24, Customer=1, Released 0 seats
[2025-11-12 10:13:56] ? Cancelled expired booking ID=25, Customer=1, Released 0 seats
[2025-11-12 10:13:56] ? Cancelled expired booking ID=26, Customer=1, Released 2 seats
[2025-11-12 10:13:56] ? Cancelled expired booking ID=27, Customer=1, Released 0 seats
[2025-11-12 10:13:56] ? Cancelled expired booking ID=28, Customer=1, Released 0 seats
[2025-11-12 10:13:56] ? Cancelled expired booking ID=29, Customer=1, Released 0 seats
[2025-11-12 10:13:56] ? Cancelled expired booking ID=30, Customer=1, Released 0 seats
[2025-11-12 10:13:56] ? Cancelled expired booking ID=31, Customer=1, Released 1 seats
[2025-11-12 10:13:56] ? Cancelled expired booking ID=32, Customer=1, Released 2 seats
[2025-11-12 10:13:56] ? Cancelled expired booking ID=33, Customer=1, Released 2 seats
[2025-11-12 10:13:56] ? Cancelled expired booking ID=34, Customer=1, Released 2 seats
[2025-11-12 10:13:56] ? Cancelled expired booking ID=35, Customer=1, Released 0 seats
[2025-11-12 10:13:56] ? Cancelled expired booking ID=36, Customer=1, Released 2 seats
[2025-11-12 10:13:56] ? Cancelled expired booking ID=37, Customer=1, Released 1 seats
[2025-11-12 10:13:56] ? Cancelled expired booking ID=38, Customer=1, Released 1 seats
[2025-11-12 10:13:56] ? Cancelled expired booking ID=39, Customer=1, Released 2 seats
[2025-11-12 10:13:56] ? Cancelled expired booking ID=40, Customer=1, Released 2 seats
[2025-11-12 10:13:56] ? Cancelled expired booking ID=41, Customer=1, Released 2 seats
[2025-11-12 10:13:56] ? Cancelled expired booking ID=42, Customer=1, Released 2 seats
[2025-11-12 10:14:56] ? Found 37 expired bookings to cancel
[2025-11-12 10:14:56] ? Cancelled expired booking ID=6, Customer=1, Released 0 seats
[2025-11-12 10:14:56] ? Cancelled expired booking ID=7, Customer=1, Released 0 seats
[2025-11-12 10:14:56] ? Cancelled expired booking ID=8, Customer=1, Released 0 seats
[2025-11-12 10:14:56] ? Cancelled expired booking ID=9, Customer=1, Released 0 seats
[2025-11-12 10:14:56] ? Cancelled expired booking ID=10, Customer=1, Released 1 seats
[2025-11-12 10:14:56] ? Cancelled expired booking ID=11, Customer=1, Released 0 seats
[2025-11-12 10:14:56] ? Cancelled expired booking ID=12, Customer=1, Released 2 seats
[2025-11-12 10:14:56] ? Cancelled expired booking ID=13, Customer=1, Released 1 seats
[2025-11-12 10:14:56] ? Cancelled expired booking ID=14, Customer=1, Released 2 seats
[2025-11-12 10:14:56] ? Cancelled expired booking ID=15, Customer=1, Released 0 seats
[2025-11-12 10:14:56] ? Cancelled expired booking ID=16, Customer=1, Released 0 seats
[2025-11-12 10:14:56] ? Cancelled expired booking ID=17, Customer=1, Released 1 seats
[2025-11-12 10:14:56] ? Cancelled expired booking ID=18, Customer=1, Released 0 seats
[2025-11-12 10:14:56] ? Cancelled expired booking ID=19, Customer=1, Released 1 seats
[2025-11-12 10:14:56] ? Cancelled expired booking ID=20, Customer=1, Released 0 seats
[2025-11-12 10:14:56] ? Cancelled expired booking ID=21, Customer=1, Released 0 seats
[2025-11-12 10:14:56] ? Cancelled expired booking ID=22, Customer=1, Released 2 seats
[2025-11-12 10:14:56] ? Cancelled expired booking ID=23, Customer=1, Released 0 seats
[2025-11-12 10:14:56] ? Cancelled expired booking ID=24, Customer=1, Released 0 seats
[2025-11-12 10:14:56] ? Cancelled expired booking ID=25, Customer=1, Released 0 seats
[2025-11-12 10:14:56] ? Cancelled expired booking ID=26, Customer=1, Released 2 seats
[2025-11-12 10:14:56] ? Cancelled expired booking ID=27, Customer=1, Released 0 seats
[2025-11-12 10:14:56] ? Cancelled expired booking ID=28, Customer=1, Released 0 seats
[2025-11-12 10:14:56] ? Cancelled expired booking ID=29, Customer=1, Released 0 seats
[2025-11-12 10:14:56] ? Cancelled expired booking ID=30, Customer=1, Released 0 seats
[2025-11-12 10:14:56] ? Cancelled expired booking ID=31, Customer=1, Released 1 seats
[2025-11-12 10:14:56] ? Cancelled expired booking ID=32, Customer=1, Released 2 seats
[2025-11-12 10:14:56] ? Cancelled expired booking ID=33, Customer=1, Released 2 seats
[2025-11-12 10:14:56] ? Cancelled expired booking ID=34, Customer=1, Released 2 seats
[2025-11-12 10:14:56] ? Cancelled expired booking ID=35, Customer=1, Released 0 seats
[2025-11-12 10:14:56] ? Cancelled expired booking ID=36, Customer=1, Released 2 seats
[2025-11-12 10:14:56] ? Cancelled expired booking ID=37, Customer=1, Released 1 seats
[2025-11-12 10:14:56] ? Cancelled expired booking ID=38, Customer=1, Released 1 seats
[2025-11-12 10:14:56] ? Cancelled expired booking ID=39, Customer=1, Released 2 seats
[2025-11-12 10:14:56] ? Cancelled expired booking ID=40, Customer=1, Released 2 seats
[2025-11-12 10:14:56] ? Cancelled expired booking ID=41, Customer=1, Released 2 seats
[2025-11-12 10:14:56] ? Cancelled expired booking ID=42, Customer=1, Released 2 seats
[2025-11-12 10:15:56] ? Found 37 expired bookings to cancel
[2025-11-12 10:15:56] ? Cancelled expired booking ID=6, Customer=1, Released 0 seats
[2025-11-12 10:15:56] ? Cancelled expired booking ID=7, Customer=1, Released 0 seats
[2025-11-12 10:15:56] ? Cancelled expired booking ID=8, Customer=1, Released 0 seats
[2025-11-12 10:15:56] ? Cancelled expired booking ID=9, Customer=1, Released 0 seats
[2025-11-12 10:15:56] ? Cancelled expired booking ID=10, Customer=1, Released 1 seats
[2025-11-12 10:15:56] ? Cancelled expired booking ID=11, Customer=1, Released 0 seats
[2025-11-12 10:15:56] ? Cancelled expired booking ID=12, Customer=1, Released 2 seats
[2025-11-12 10:15:56] ? Cancelled expired booking ID=13, Customer=1, Released 1 seats
[2025-11-12 10:15:56] ? Cancelled expired booking ID=14, Customer=1, Released 2 seats
[2025-11-12 10:15:56] ? Cancelled expired booking ID=15, Customer=1, Released 0 seats
[2025-11-12 10:15:56] ? Cancelled expired booking ID=16, Customer=1, Released 0 seats
[2025-11-12 10:15:56] ? Cancelled expired booking ID=17, Customer=1, Released 1 seats
[2025-11-12 10:15:56] ? Cancelled expired booking ID=18, Customer=1, Released 0 seats
[2025-11-12 10:15:56] ? Cancelled expired booking ID=19, Customer=1, Released 1 seats
[2025-11-12 10:15:56] ? Cancelled expired booking ID=20, Customer=1, Released 0 seats
[2025-11-12 10:15:56] ? Cancelled expired booking ID=21, Customer=1, Released 0 seats
[2025-11-12 10:15:56] ? Cancelled expired booking ID=22, Customer=1, Released 2 seats
[2025-11-12 10:15:56] ? Cancelled expired booking ID=23, Customer=1, Released 0 seats
[2025-11-12 10:15:56] ? Cancelled expired booking ID=24, Customer=1, Released 0 seats
[2025-11-12 10:15:56] ? Cancelled expired booking ID=25, Customer=1, Released 0 seats
[2025-11-12 10:15:56] ? Cancelled expired booking ID=26, Customer=1, Released 2 seats
[2025-11-12 10:15:56] ? Cancelled expired booking ID=27, Customer=1, Released 0 seats
[2025-11-12 10:15:56] ? Cancelled expired booking ID=28, Customer=1, Released 0 seats
[2025-11-12 10:15:56] ? Cancelled expired booking ID=29, Customer=1, Released 0 seats
[2025-11-12 10:15:56] ? Cancelled expired booking ID=30, Customer=1, Released 0 seats
[2025-11-12 10:15:56] ? Cancelled expired booking ID=31, Customer=1, Released 1 seats
[2025-11-12 10:15:56] ? Cancelled expired booking ID=32, Customer=1, Released 2 seats
[2025-11-12 10:15:56] ? Cancelled expired booking ID=33, Customer=1, Released 2 seats
[2025-11-12 10:15:56] ? Cancelled expired booking ID=34, Customer=1, Released 2 seats
[2025-11-12 10:15:56] ? Cancelled expired booking ID=35, Customer=1, Released 0 seats
[2025-11-12 10:15:56] ? Cancelled expired booking ID=36, Customer=1, Released 2 seats
[2025-11-12 10:15:56] ? Cancelled expired booking ID=37, Customer=1, Released 1 seats
[2025-11-12 10:15:56] ? Cancelled expired booking ID=38, Customer=1, Released 1 seats
[2025-11-12 10:15:56] ? Cancelled expired booking ID=39, Customer=1, Released 2 seats
[2025-11-12 10:15:56] ? Cancelled expired booking ID=40, Customer=1, Released 2 seats
[2025-11-12 10:15:56] ? Cancelled expired booking ID=41, Customer=1, Released 2 seats
[2025-11-12 10:15:56] ? Cancelled expired booking ID=42, Customer=1, Released 2 seats
[2025-11-12 10:16:56] ? Found 37 expired bookings to cancel
[2025-11-12 10:16:56] ? Cancelled expired booking ID=6, Customer=1, Released 0 seats
[2025-11-12 10:16:56] ? Cancelled expired booking ID=7, Customer=1, Released 0 seats
[2025-11-12 10:16:56] ? Cancelled expired booking ID=8, Customer=1, Released 0 seats
[2025-11-12 10:16:56] ? Cancelled expired booking ID=9, Customer=1, Released 0 seats
[2025-11-12 10:16:56] ? Cancelled expired booking ID=10, Customer=1, Released 1 seats
[2025-11-12 10:16:56] ? Cancelled expired booking ID=11, Customer=1, Released 0 seats
[2025-11-12 10:16:56] ? Cancelled expired booking ID=12, Customer=1, Released 2 seats
[2025-11-12 10:16:56] ? Cancelled expired booking ID=13, Customer=1, Released 1 seats
[2025-11-12 10:16:56] ? Cancelled expired booking ID=14, Customer=1, Released 2 seats
[2025-11-12 10:16:56] ? Cancelled expired booking ID=15, Customer=1, Released 0 seats
[2025-11-12 10:16:56] ? Cancelled expired booking ID=16, Customer=1, Released 0 seats
[2025-11-12 10:16:56] ? Cancelled expired booking ID=17, Customer=1, Released 1 seats
[2025-11-12 10:16:56] ? Cancelled expired booking ID=18, Customer=1, Released 0 seats
[2025-11-12 10:16:56] ? Cancelled expired booking ID=19, Customer=1, Released 1 seats
[2025-11-12 10:16:56] ? Cancelled expired booking ID=20, Customer=1, Released 0 seats
[2025-11-12 10:16:56] ? Cancelled expired booking ID=21, Customer=1, Released 0 seats
[2025-11-12 10:16:56] ? Cancelled expired booking ID=22, Customer=1, Released 2 seats
[2025-11-12 10:16:56] ? Cancelled expired booking ID=23, Customer=1, Released 0 seats
[2025-11-12 10:16:56] ? Cancelled expired booking ID=24, Customer=1, Released 0 seats
[2025-11-12 10:16:56] ? Cancelled expired booking ID=25, Customer=1, Released 0 seats
[2025-11-12 10:16:56] ? Cancelled expired booking ID=26, Customer=1, Released 2 seats
[2025-11-12 10:16:56] ? Cancelled expired booking ID=27, Customer=1, Released 0 seats
[2025-11-12 10:16:56] ? Cancelled expired booking ID=28, Customer=1, Released 0 seats
[2025-11-12 10:16:56] ? Cancelled expired booking ID=29, Customer=1, Released 0 seats
[2025-11-12 10:16:56] ? Cancelled expired booking ID=30, Customer=1, Released 0 seats
[2025-11-12 10:16:56] ? Cancelled expired booking ID=31, Customer=1, Released 1 seats
[2025-11-12 10:16:56] ? Cancelled expired booking ID=32, Customer=1, Released 2 seats
[2025-11-12 10:16:56] ? Cancelled expired booking ID=33, Customer=1, Released 2 seats
[2025-11-12 10:16:56] ? Cancelled expired booking ID=34, Customer=1, Released 2 seats
[2025-11-12 10:16:56] ? Cancelled expired booking ID=35, Customer=1, Released 0 seats
[2025-11-12 10:16:56] ? Cancelled expired booking ID=36, Customer=1, Released 2 seats
[2025-11-12 10:16:56] ? Cancelled expired booking ID=37, Customer=1, Released 1 seats
[2025-11-12 10:16:56] ? Cancelled expired booking ID=38, Customer=1, Released 1 seats
[2025-11-12 10:16:56] ? Cancelled expired booking ID=39, Customer=1, Released 2 seats
[2025-11-12 10:16:56] ? Cancelled expired booking ID=40, Customer=1, Released 2 seats
[2025-11-12 10:16:56] ? Cancelled expired booking ID=41, Customer=1, Released 2 seats
[2025-11-12 10:16:56] ? Cancelled expired booking ID=42, Customer=1, Released 2 seats
[2025-11-12 10:17:56] ? Found 37 expired bookings to cancel
[2025-11-12 10:17:56] ? Cancelled expired booking ID=6, Customer=1, Released 0 seats
[2025-11-12 10:17:56] ? Cancelled expired booking ID=7, Customer=1, Released 0 seats
[2025-11-12 10:17:56] ? Cancelled expired booking ID=8, Customer=1, Released 0 seats
[2025-11-12 10:17:56] ? Cancelled expired booking ID=9, Customer=1, Released 0 seats
[2025-11-12 10:17:56] ? Cancelled expired booking ID=10, Customer=1, Released 1 seats
[2025-11-12 10:17:56] ? Cancelled expired booking ID=11, Customer=1, Released 0 seats
[2025-11-12 10:17:56] ? Cancelled expired booking ID=12, Customer=1, Released 2 seats
[2025-11-12 10:17:56] ? Cancelled expired booking ID=13, Customer=1, Released 1 seats
[2025-11-12 10:17:56] ? Cancelled expired booking ID=14, Customer=1, Released 2 seats
[2025-11-12 10:17:56] ? Cancelled expired booking ID=15, Customer=1, Released 0 seats
[2025-11-12 10:17:56] ? Cancelled expired booking ID=16, Customer=1, Released 0 seats
[2025-11-12 10:17:56] ? Cancelled expired booking ID=17, Customer=1, Released 1 seats
[2025-11-12 10:17:56] ? Cancelled expired booking ID=18, Customer=1, Released 0 seats
[2025-11-12 10:17:56] ? Cancelled expired booking ID=19, Customer=1, Released 1 seats
[2025-11-12 10:17:56] ? Cancelled expired booking ID=20, Customer=1, Released 0 seats
[2025-11-12 10:17:56] ? Cancelled expired booking ID=21, Customer=1, Released 0 seats
[2025-11-12 10:17:56] ? Cancelled expired booking ID=22, Customer=1, Released 2 seats
[2025-11-12 10:17:56] ? Cancelled expired booking ID=23, Customer=1, Released 0 seats
[2025-11-12 10:17:56] ? Cancelled expired booking ID=24, Customer=1, Released 0 seats
[2025-11-12 10:17:56] ? Cancelled expired booking ID=25, Customer=1, Released 0 seats
[2025-11-12 10:17:56] ? Cancelled expired booking ID=26, Customer=1, Released 2 seats
[2025-11-12 10:17:56] ? Cancelled expired booking ID=27, Customer=1, Released 0 seats
[2025-11-12 10:17:56] ? Cancelled expired booking ID=28, Customer=1, Released 0 seats
[2025-11-12 10:17:56] ? Cancelled expired booking ID=29, Customer=1, Released 0 seats
[2025-11-12 10:17:56] ? Cancelled expired booking ID=30, Customer=1, Released 0 seats
[2025-11-12 10:17:56] ? Cancelled expired booking ID=31, Customer=1, Released 1 seats
[2025-11-12 10:17:56] ? Cancelled expired booking ID=32, Customer=1, Released 2 seats
[2025-11-12 10:17:56] ? Cancelled expired booking ID=33, Customer=1, Released 2 seats
[2025-11-12 10:17:56] ? Cancelled expired booking ID=34, Customer=1, Released 2 seats
[2025-11-12 10:17:56] ? Cancelled expired booking ID=35, Customer=1, Released 0 seats
[2025-11-12 10:17:56] ? Cancelled expired booking ID=36, Customer=1, Released 2 seats
[2025-11-12 10:17:56] ? Cancelled expired booking ID=37, Customer=1, Released 1 seats
[2025-11-12 10:17:56] ? Cancelled expired booking ID=38, Customer=1, Released 1 seats
[2025-11-12 10:17:56] ? Cancelled expired booking ID=39, Customer=1, Released 2 seats
[2025-11-12 10:17:56] ? Cancelled expired booking ID=40, Customer=1, Released 2 seats
[2025-11-12 10:17:56] ? Cancelled expired booking ID=41, Customer=1, Released 2 seats
[2025-11-12 10:17:56] ? Cancelled expired booking ID=42, Customer=1, Released 2 seats
[2025-11-12 10:18:56] ? Found 37 expired bookings to cancel
[2025-11-12 10:18:56] ? Cancelled expired booking ID=6, Customer=1, Released 0 seats
[2025-11-12 10:18:56] ? Cancelled expired booking ID=7, Customer=1, Released 0 seats
[2025-11-12 10:18:56] ? Cancelled expired booking ID=8, Customer=1, Released 0 seats
[2025-11-12 10:18:56] ? Cancelled expired booking ID=9, Customer=1, Released 0 seats
[2025-11-12 10:18:56] ? Cancelled expired booking ID=10, Customer=1, Released 1 seats
[2025-11-12 10:18:56] ? Cancelled expired booking ID=11, Customer=1, Released 0 seats
[2025-11-12 10:18:56] ? Cancelled expired booking ID=12, Customer=1, Released 2 seats
[2025-11-12 10:18:56] ? Cancelled expired booking ID=13, Customer=1, Released 1 seats
[2025-11-12 10:18:56] ? Cancelled expired booking ID=14, Customer=1, Released 2 seats
[2025-11-12 10:18:56] ? Cancelled expired booking ID=15, Customer=1, Released 0 seats
[2025-11-12 10:18:56] ? Cancelled expired booking ID=16, Customer=1, Released 0 seats
[2025-11-12 10:18:56] ? Cancelled expired booking ID=17, Customer=1, Released 1 seats
[2025-11-12 10:18:56] ? Cancelled expired booking ID=18, Customer=1, Released 0 seats
[2025-11-12 10:18:56] ? Cancelled expired booking ID=19, Customer=1, Released 1 seats
[2025-11-12 10:18:56] ? Cancelled expired booking ID=20, Customer=1, Released 0 seats
[2025-11-12 10:18:56] ? Cancelled expired booking ID=21, Customer=1, Released 0 seats
[2025-11-12 10:18:56] ? Cancelled expired booking ID=22, Customer=1, Released 2 seats
[2025-11-12 10:18:56] ? Cancelled expired booking ID=23, Customer=1, Released 0 seats
[2025-11-12 10:18:56] ? Cancelled expired booking ID=24, Customer=1, Released 0 seats
[2025-11-12 10:18:56] ? Cancelled expired booking ID=25, Customer=1, Released 0 seats
[2025-11-12 10:18:56] ? Cancelled expired booking ID=26, Customer=1, Released 2 seats
[2025-11-12 10:18:56] ? Cancelled expired booking ID=27, Customer=1, Released 0 seats
[2025-11-12 10:18:56] ? Cancelled expired booking ID=28, Customer=1, Released 0 seats
[2025-11-12 10:18:56] ? Cancelled expired booking ID=29, Customer=1, Released 0 seats
[2025-11-12 10:18:56] ? Cancelled expired booking ID=30, Customer=1, Released 0 seats
[2025-11-12 10:18:56] ? Cancelled expired booking ID=31, Customer=1, Released 1 seats
[2025-11-12 10:18:56] ? Cancelled expired booking ID=32, Customer=1, Released 2 seats
[2025-11-12 10:18:56] ? Cancelled expired booking ID=33, Customer=1, Released 2 seats
[2025-11-12 10:18:56] ? Cancelled expired booking ID=34, Customer=1, Released 2 seats
[2025-11-12 10:18:56] ? Cancelled expired booking ID=35, Customer=1, Released 0 seats
[2025-11-12 10:18:56] ? Cancelled expired booking ID=36, Customer=1, Released 2 seats
[2025-11-12 10:18:56] ? Cancelled expired booking ID=37, Customer=1, Released 1 seats
[2025-11-12 10:18:56] ? Cancelled expired booking ID=38, Customer=1, Released 1 seats
[2025-11-12 10:18:56] ? Cancelled expired booking ID=39, Customer=1, Released 2 seats
[2025-11-12 10:18:56] ? Cancelled expired booking ID=40, Customer=1, Released 2 seats
[2025-11-12 10:18:56] ? Cancelled expired booking ID=41, Customer=1, Released 2 seats
[2025-11-12 10:18:56] ? Cancelled expired booking ID=42, Customer=1, Released 2 seats
[2025-11-12 10:19:56] ? Found 37 expired bookings to cancel
[2025-11-12 10:19:56] ? Cancelled expired booking ID=6, Customer=1, Released 0 seats
[2025-11-12 10:19:56] ? Cancelled expired booking ID=7, Customer=1, Released 0 seats
[2025-11-12 10:19:56] ? Cancelled expired booking ID=8, Customer=1, Released 0 seats
[2025-11-12 10:19:56] ? Cancelled expired booking ID=9, Customer=1, Released 0 seats
[2025-11-12 10:19:56] ? Cancelled expired booking ID=10, Customer=1, Released 1 seats
[2025-11-12 10:19:56] ? Cancelled expired booking ID=11, Customer=1, Released 0 seats
[2025-11-12 10:19:56] ? Cancelled expired booking ID=12, Customer=1, Released 2 seats
[2025-11-12 10:19:56] ? Cancelled expired booking ID=13, Customer=1, Released 1 seats
[2025-11-12 10:19:56] ? Cancelled expired booking ID=14, Customer=1, Released 2 seats
[2025-11-12 10:19:56] ? Cancelled expired booking ID=15, Customer=1, Released 0 seats
[2025-11-12 10:19:56] ? Cancelled expired booking ID=16, Customer=1, Released 0 seats
[2025-11-12 10:19:56] ? Cancelled expired booking ID=17, Customer=1, Released 1 seats
[2025-11-12 10:19:56] ? Cancelled expired booking ID=18, Customer=1, Released 0 seats
[2025-11-12 10:19:56] ? Cancelled expired booking ID=19, Customer=1, Released 1 seats
[2025-11-12 10:19:56] ? Cancelled expired booking ID=20, Customer=1, Released 0 seats
[2025-11-12 10:19:56] ? Cancelled expired booking ID=21, Customer=1, Released 0 seats
[2025-11-12 10:19:56] ? Cancelled expired booking ID=22, Customer=1, Released 2 seats
[2025-11-12 10:19:56] ? Cancelled expired booking ID=23, Customer=1, Released 0 seats
[2025-11-12 10:19:56] ? Cancelled expired booking ID=24, Customer=1, Released 0 seats
[2025-11-12 10:19:56] ? Cancelled expired booking ID=25, Customer=1, Released 0 seats
[2025-11-12 10:19:56] ? Cancelled expired booking ID=26, Customer=1, Released 2 seats
[2025-11-12 10:19:56] ? Cancelled expired booking ID=27, Customer=1, Released 0 seats
[2025-11-12 10:19:56] ? Cancelled expired booking ID=28, Customer=1, Released 0 seats
[2025-11-12 10:19:56] ? Cancelled expired booking ID=29, Customer=1, Released 0 seats
[2025-11-12 10:19:56] ? Cancelled expired booking ID=30, Customer=1, Released 0 seats
[2025-11-12 10:19:56] ? Cancelled expired booking ID=31, Customer=1, Released 1 seats
[2025-11-12 10:19:56] ? Cancelled expired booking ID=32, Customer=1, Released 2 seats
[2025-11-12 10:19:56] ? Cancelled expired booking ID=33, Customer=1, Released 2 seats
[2025-11-12 10:19:56] ? Cancelled expired booking ID=34, Customer=1, Released 2 seats
[2025-11-12 10:19:56] ? Cancelled expired booking ID=35, Customer=1, Released 0 seats
[2025-11-12 10:19:56] ? Cancelled expired booking ID=36, Customer=1, Released 2 seats
[2025-11-12 10:19:56] ? Cancelled expired booking ID=37, Customer=1, Released 1 seats
[2025-11-12 10:19:56] ? Cancelled expired booking ID=38, Customer=1, Released 1 seats
[2025-11-12 10:19:56] ? Cancelled expired booking ID=39, Customer=1, Released 2 seats
[2025-11-12 10:19:56] ? Cancelled expired booking ID=40, Customer=1, Released 2 seats
[2025-11-12 10:19:56] ? Cancelled expired booking ID=41, Customer=1, Released 2 seats
[2025-11-12 10:19:56] ? Cancelled expired booking ID=42, Customer=1, Released 2 seats
[2025-11-12 10:20:56] ? Found 37 expired bookings to cancel
[2025-11-12 10:20:56] ? Cancelled expired booking ID=6, Customer=1, Released 0 seats
[2025-11-12 10:20:56] ? Cancelled expired booking ID=7, Customer=1, Released 0 seats
[2025-11-12 10:20:56] ? Cancelled expired booking ID=8, Customer=1, Released 0 seats
[2025-11-12 10:20:56] ? Cancelled expired booking ID=9, Customer=1, Released 0 seats
[2025-11-12 10:20:56] ? Cancelled expired booking ID=10, Customer=1, Released 1 seats
[2025-11-12 10:20:56] ? Cancelled expired booking ID=11, Customer=1, Released 0 seats
[2025-11-12 10:20:56] ? Cancelled expired booking ID=12, Customer=1, Released 2 seats
[2025-11-12 10:20:56] ? Cancelled expired booking ID=13, Customer=1, Released 1 seats
[2025-11-12 10:20:56] ? Cancelled expired booking ID=14, Customer=1, Released 2 seats
[2025-11-12 10:20:56] ? Cancelled expired booking ID=15, Customer=1, Released 0 seats
[2025-11-12 10:20:56] ? Cancelled expired booking ID=16, Customer=1, Released 0 seats
[2025-11-12 10:20:56] ? Cancelled expired booking ID=17, Customer=1, Released 1 seats
[2025-11-12 10:20:56] ? Cancelled expired booking ID=18, Customer=1, Released 0 seats
[2025-11-12 10:20:56] ? Cancelled expired booking ID=19, Customer=1, Released 1 seats
[2025-11-12 10:20:56] ? Cancelled expired booking ID=20, Customer=1, Released 0 seats
[2025-11-12 10:20:56] ? Cancelled expired booking ID=21, Customer=1, Released 0 seats
[2025-11-12 10:20:56] ? Cancelled expired booking ID=22, Customer=1, Released 2 seats
[2025-11-12 10:20:56] ? Cancelled expired booking ID=23, Customer=1, Released 0 seats
[2025-11-12 10:20:56] ? Cancelled expired booking ID=24, Customer=1, Released 0 seats
[2025-11-12 10:20:56] ? Cancelled expired booking ID=25, Customer=1, Released 0 seats
[2025-11-12 10:20:56] ? Cancelled expired booking ID=26, Customer=1, Released 2 seats
[2025-11-12 10:20:56] ? Cancelled expired booking ID=27, Customer=1, Released 0 seats
[2025-11-12 10:20:56] ? Cancelled expired booking ID=28, Customer=1, Released 0 seats
[2025-11-12 10:20:56] ? Cancelled expired booking ID=29, Customer=1, Released 0 seats
[2025-11-12 10:20:56] ? Cancelled expired booking ID=30, Customer=1, Released 0 seats
[2025-11-12 10:20:56] ? Cancelled expired booking ID=31, Customer=1, Released 1 seats
[2025-11-12 10:20:56] ? Cancelled expired booking ID=32, Customer=1, Released 2 seats
[2025-11-12 10:20:56] ? Cancelled expired booking ID=33, Customer=1, Released 2 seats
[2025-11-12 10:20:56] ? Cancelled expired booking ID=34, Customer=1, Released 2 seats
[2025-11-12 10:20:56] ? Cancelled expired booking ID=35, Customer=1, Released 0 seats
[2025-11-12 10:20:56] ? Cancelled expired booking ID=36, Customer=1, Released 2 seats
[2025-11-12 10:20:56] ? Cancelled expired booking ID=37, Customer=1, Released 1 seats
[2025-11-12 10:20:56] ? Cancelled expired booking ID=38, Customer=1, Released 1 seats
[2025-11-12 10:20:56] ? Cancelled expired booking ID=39, Customer=1, Released 2 seats
[2025-11-12 10:20:56] ? Cancelled expired booking ID=40, Customer=1, Released 2 seats
[2025-11-12 10:20:56] ? Cancelled expired booking ID=41, Customer=1, Released 2 seats
[2025-11-12 10:20:56] ? Cancelled expired booking ID=42, Customer=1, Released 2 seats
[2025-11-12 10:21:56] ? Found 37 expired bookings to cancel
[2025-11-12 10:21:56] ? Cancelled expired booking ID=6, Customer=1, Released 0 seats
[2025-11-12 10:21:56] ? Cancelled expired booking ID=7, Customer=1, Released 0 seats
[2025-11-12 10:21:56] ? Cancelled expired booking ID=8, Customer=1, Released 0 seats
[2025-11-12 10:21:56] ? Cancelled expired booking ID=9, Customer=1, Released 0 seats
[2025-11-12 10:21:56] ? Cancelled expired booking ID=10, Customer=1, Released 1 seats
[2025-11-12 10:21:56] ? Cancelled expired booking ID=11, Customer=1, Released 0 seats
[2025-11-12 10:21:56] ? Cancelled expired booking ID=12, Customer=1, Released 2 seats
[2025-11-12 10:21:56] ? Cancelled expired booking ID=13, Customer=1, Released 1 seats
[2025-11-12 10:21:56] ? Cancelled expired booking ID=14, Customer=1, Released 2 seats
[2025-11-12 10:21:56] ? Cancelled expired booking ID=15, Customer=1, Released 0 seats
[2025-11-12 10:21:56] ? Cancelled expired booking ID=16, Customer=1, Released 0 seats
[2025-11-12 10:21:56] ? Cancelled expired booking ID=17, Customer=1, Released 1 seats
[2025-11-12 10:21:56] ? Cancelled expired booking ID=18, Customer=1, Released 0 seats
[2025-11-12 10:21:56] ? Cancelled expired booking ID=19, Customer=1, Released 1 seats
[2025-11-12 10:21:56] ? Cancelled expired booking ID=20, Customer=1, Released 0 seats
[2025-11-12 10:21:56] ? Cancelled expired booking ID=21, Customer=1, Released 0 seats
[2025-11-12 10:21:56] ? Cancelled expired booking ID=22, Customer=1, Released 2 seats
[2025-11-12 10:21:56] ? Cancelled expired booking ID=23, Customer=1, Released 0 seats
[2025-11-12 10:21:56] ? Cancelled expired booking ID=24, Customer=1, Released 0 seats
[2025-11-12 10:21:56] ? Cancelled expired booking ID=25, Customer=1, Released 0 seats
[2025-11-12 10:21:56] ? Cancelled expired booking ID=26, Customer=1, Released 2 seats
[2025-11-12 10:21:56] ? Cancelled expired booking ID=27, Customer=1, Released 0 seats
[2025-11-12 10:21:56] ? Cancelled expired booking ID=28, Customer=1, Released 0 seats
[2025-11-12 10:21:56] ? Cancelled expired booking ID=29, Customer=1, Released 0 seats
[2025-11-12 10:21:56] ? Cancelled expired booking ID=30, Customer=1, Released 0 seats
[2025-11-12 10:21:56] ? Cancelled expired booking ID=31, Customer=1, Released 1 seats
[2025-11-12 10:21:56] ? Cancelled expired booking ID=32, Customer=1, Released 2 seats
[2025-11-12 10:21:56] ? Cancelled expired booking ID=33, Customer=1, Released 2 seats
[2025-11-12 10:21:56] ? Cancelled expired booking ID=34, Customer=1, Released 2 seats
[2025-11-12 10:21:56] ? Cancelled expired booking ID=35, Customer=1, Released 0 seats
[2025-11-12 10:21:56] ? Cancelled expired booking ID=36, Customer=1, Released 2 seats
[2025-11-12 10:21:56] ? Cancelled expired booking ID=37, Customer=1, Released 1 seats
[2025-11-12 10:21:56] ? Cancelled expired booking ID=38, Customer=1, Released 1 seats
[2025-11-12 10:21:56] ? Cancelled expired booking ID=39, Customer=1, Released 2 seats
[2025-11-12 10:21:56] ? Cancelled expired booking ID=40, Customer=1, Released 2 seats
[2025-11-12 10:21:56] ? Cancelled expired booking ID=41, Customer=1, Released 2 seats
[2025-11-12 10:21:56] ? Cancelled expired booking ID=42, Customer=1, Released 2 seats
[2025-11-12 10:35:57] ? BookingExpirationService started
[2025-11-12 10:36:57] ? Found 37 expired bookings to cancel
[2025-11-12 10:36:57] ? Cancelled expired booking ID=6, Customer=1, Released 0 seats
[2025-11-12 10:36:57] ? Cancelled expired booking ID=7, Customer=1, Released 0 seats
[2025-11-12 10:36:57] ? Cancelled expired booking ID=8, Customer=1, Released 0 seats
[2025-11-12 10:36:57] ? Cancelled expired booking ID=9, Customer=1, Released 0 seats
[2025-11-12 10:36:57] ? Cancelled expired booking ID=10, Customer=1, Released 1 seats
[2025-11-12 10:36:57] ? Cancelled expired booking ID=11, Customer=1, Released 0 seats
[2025-11-12 10:36:57] ? Cancelled expired booking ID=12, Customer=1, Released 2 seats
[2025-11-12 10:36:57] ? Cancelled expired booking ID=13, Customer=1, Released 1 seats
[2025-11-12 10:36:57] ? Cancelled expired booking ID=14, Customer=1, Released 2 seats
[2025-11-12 10:36:57] ? Cancelled expired booking ID=15, Customer=1, Released 0 seats
[2025-11-12 10:36:57] ? Cancelled expired booking ID=16, Customer=1, Released 0 seats
[2025-11-12 10:36:57] ? Cancelled expired booking ID=17, Customer=1, Released 1 seats
[2025-11-12 10:36:57] ? Cancelled expired booking ID=18, Customer=1, Released 0 seats
[2025-11-12 10:36:57] ? Cancelled expired booking ID=19, Customer=1, Released 1 seats
[2025-11-12 10:36:57] ? Cancelled expired booking ID=20, Customer=1, Released 0 seats
[2025-11-12 10:36:57] ? Cancelled expired booking ID=21, Customer=1, Released 0 seats
[2025-11-12 10:36:57] ? Cancelled expired booking ID=22, Customer=1, Released 2 seats
[2025-11-12 10:36:57] ? Cancelled expired booking ID=23, Customer=1, Released 0 seats
[2025-11-12 10:36:57] ? Cancelled expired booking ID=24, Customer=1, Released 0 seats
[2025-11-12 10:36:57] ? Cancelled expired booking ID=25, Customer=1, Released 0 seats
[2025-11-12 10:36:57] ? Cancelled expired booking ID=26, Customer=1, Released 2 seats
[2025-11-12 10:36:57] ? Cancelled expired booking ID=27, Customer=1, Released 0 seats
[2025-11-12 10:36:57] ? Cancelled expired booking ID=28, Customer=1, Released 0 seats
[2025-11-12 10:36:57] ? Cancelled expired booking ID=29, Customer=1, Released 0 seats
[2025-11-12 10:36:57] ? Cancelled expired booking ID=30, Customer=1, Released 0 seats
[2025-11-12 10:36:57] ? Cancelled expired booking ID=31, Customer=1, Released 1 seats
[2025-11-12 10:36:57] ? Cancelled expired booking ID=32, Customer=1, Released 2 seats
[2025-11-12 10:36:57] ? Cancelled expired booking ID=33, Customer=1, Released 2 seats
[2025-11-12 10:36:57] ? Cancelled expired booking ID=34, Customer=1, Released 2 seats
[2025-11-12 10:36:57] ? Cancelled expired booking ID=35, Customer=1, Released 0 seats
[2025-11-12 10:36:57] ? Cancelled expired booking ID=36, Customer=1, Released 2 seats
[2025-11-12 10:36:57] ? Cancelled expired booking ID=37, Customer=1, Released 1 seats
[2025-11-12 10:36:57] ? Cancelled expired booking ID=38, Customer=1, Released 1 seats
[2025-11-12 10:36:58] ? Cancelled expired booking ID=39, Customer=1, Released 2 seats
[2025-11-12 10:36:58] ? Cancelled expired booking ID=40, Customer=1, Released 2 seats
[2025-11-12 10:36:58] ? Cancelled expired booking ID=41, Customer=1, Released 2 seats
[2025-11-12 10:36:58] ? Cancelled expired booking ID=42, Customer=1, Released 2 seats
[2025-11-12 10:37:57] ? Found 37 expired bookings to cancel
[2025-11-12 10:37:57] ? Cancelled expired booking ID=6, Customer=1, Released 0 seats
[2025-11-12 10:37:57] ? Cancelled expired booking ID=7, Customer=1, Released 0 seats
[2025-11-12 10:37:57] ? Cancelled expired booking ID=8, Customer=1, Released 0 seats
[2025-11-12 10:37:57] ? Cancelled expired booking ID=9, Customer=1, Released 0 seats
[2025-11-12 10:37:57] ? Cancelled expired booking ID=10, Customer=1, Released 1 seats
[2025-11-12 10:37:57] ? Cancelled expired booking ID=11, Customer=1, Released 0 seats
[2025-11-12 10:37:57] ? Cancelled expired booking ID=12, Customer=1, Released 2 seats
[2025-11-12 10:37:57] ? Cancelled expired booking ID=13, Customer=1, Released 1 seats
[2025-11-12 10:37:57] ? Cancelled expired booking ID=14, Customer=1, Released 2 seats
[2025-11-12 10:37:57] ? Cancelled expired booking ID=15, Customer=1, Released 0 seats
[2025-11-12 10:37:57] ? Cancelled expired booking ID=16, Customer=1, Released 0 seats
[2025-11-12 10:37:57] ? Cancelled expired booking ID=17, Customer=1, Released 1 seats
[2025-11-12 10:37:57] ? Cancelled expired booking ID=18, Customer=1, Released 0 seats
[2025-11-12 10:37:57] ? Cancelled expired booking ID=19, Customer=1, Released 1 seats
[2025-11-12 10:37:57] ? Cancelled expired booking ID=20, Customer=1, Released 0 seats
[2025-11-12 10:37:57] ? Cancelled expired booking ID=21, Customer=1, Released 0 seats
[2025-11-12 10:37:57] ? Cancelled expired booking ID=22, Customer=1, Released 2 seats
[2025-11-12 10:37:57] ? Cancelled expired booking ID=23, Customer=1, Released 0 seats
[2025-11-12 10:37:57] ? Cancelled expired booking ID=24, Customer=1, Released 0 seats
[2025-11-12 10:37:57] ? Cancelled expired booking ID=25, Customer=1, Released 0 seats
[2025-11-12 10:37:57] ? Cancelled expired booking ID=26, Customer=1, Released 2 seats
[2025-11-12 10:37:57] ? Cancelled expired booking ID=27, Customer=1, Released 0 seats
[2025-11-12 10:37:57] ? Cancelled expired booking ID=28, Customer=1, Released 0 seats
[2025-11-12 10:37:57] ? Cancelled expired booking ID=29, Customer=1, Released 0 seats
[2025-11-12 10:37:57] ? Cancelled expired booking ID=30, Customer=1, Released 0 seats
[2025-11-12 10:37:57] ? Cancelled expired booking ID=31, Customer=1, Released 1 seats
[2025-11-12 10:37:57] ? Cancelled expired booking ID=32, Customer=1, Released 2 seats
[2025-11-12 10:37:57] ? Cancelled expired booking ID=33, Customer=1, Released 2 seats
[2025-11-12 10:37:57] ? Cancelled expired booking ID=34, Customer=1, Released 2 seats
[2025-11-12 10:37:57] ? Cancelled expired booking ID=35, Customer=1, Released 0 seats
[2025-11-12 10:37:57] ? Cancelled expired booking ID=36, Customer=1, Released 2 seats
[2025-11-12 10:37:57] ? Cancelled expired booking ID=37, Customer=1, Released 1 seats
[2025-11-12 10:37:57] ? Cancelled expired booking ID=38, Customer=1, Released 1 seats
[2025-11-12 10:37:58] ? Cancelled expired booking ID=39, Customer=1, Released 2 seats
[2025-11-12 10:37:58] ? Cancelled expired booking ID=40, Customer=1, Released 2 seats
[2025-11-12 10:37:58] ? Cancelled expired booking ID=41, Customer=1, Released 2 seats
[2025-11-12 10:37:58] ? Cancelled expired booking ID=42, Customer=1, Released 2 seats
[2025-11-12 10:38:57] ? Found 37 expired bookings to cancel
[2025-11-12 10:38:57] ? Cancelled expired booking ID=6, Customer=1, Released 0 seats
[2025-11-12 10:38:57] ? Cancelled expired booking ID=7, Customer=1, Released 0 seats
[2025-11-12 10:38:57] ? Cancelled expired booking ID=8, Customer=1, Released 0 seats
[2025-11-12 10:38:57] ? Cancelled expired booking ID=9, Customer=1, Released 0 seats
[2025-11-12 10:38:57] ? Cancelled expired booking ID=10, Customer=1, Released 1 seats
[2025-11-12 10:38:57] ? Cancelled expired booking ID=11, Customer=1, Released 0 seats
[2025-11-12 10:38:57] ? Cancelled expired booking ID=12, Customer=1, Released 2 seats
[2025-11-12 10:38:57] ? Cancelled expired booking ID=13, Customer=1, Released 1 seats
[2025-11-12 10:38:57] ? Cancelled expired booking ID=14, Customer=1, Released 2 seats
[2025-11-12 10:38:57] ? Cancelled expired booking ID=15, Customer=1, Released 0 seats
[2025-11-12 10:38:57] ? Cancelled expired booking ID=16, Customer=1, Released 0 seats
[2025-11-12 10:38:57] ? Cancelled expired booking ID=17, Customer=1, Released 1 seats
[2025-11-12 10:38:57] ? Cancelled expired booking ID=18, Customer=1, Released 0 seats
[2025-11-12 10:38:57] ? Cancelled expired booking ID=19, Customer=1, Released 1 seats
[2025-11-12 10:38:57] ? Cancelled expired booking ID=20, Customer=1, Released 0 seats
[2025-11-12 10:38:57] ? Cancelled expired booking ID=21, Customer=1, Released 0 seats
[2025-11-12 10:38:57] ? Cancelled expired booking ID=22, Customer=1, Released 2 seats
[2025-11-12 10:38:57] ? Cancelled expired booking ID=23, Customer=1, Released 0 seats
[2025-11-12 10:38:57] ? Cancelled expired booking ID=24, Customer=1, Released 0 seats
[2025-11-12 10:38:57] ? Cancelled expired booking ID=25, Customer=1, Released 0 seats
[2025-11-12 10:38:57] ? Cancelled expired booking ID=26, Customer=1, Released 2 seats
[2025-11-12 10:38:57] ? Cancelled expired booking ID=27, Customer=1, Released 0 seats
[2025-11-12 10:38:57] ? Cancelled expired booking ID=28, Customer=1, Released 0 seats
[2025-11-12 10:38:57] ? Cancelled expired booking ID=29, Customer=1, Released 0 seats
[2025-11-12 10:38:57] ? Cancelled expired booking ID=30, Customer=1, Released 0 seats
[2025-11-12 10:38:57] ? Cancelled expired booking ID=31, Customer=1, Released 1 seats
[2025-11-12 10:38:57] ? Cancelled expired booking ID=32, Customer=1, Released 2 seats
[2025-11-12 10:38:57] ? Cancelled expired booking ID=33, Customer=1, Released 2 seats
[2025-11-12 10:38:57] ? Cancelled expired booking ID=34, Customer=1, Released 2 seats
[2025-11-12 10:38:57] ? Cancelled expired booking ID=35, Customer=1, Released 0 seats
[2025-11-12 10:38:57] ? Cancelled expired booking ID=36, Customer=1, Released 2 seats
[2025-11-12 10:38:58] ? Cancelled expired booking ID=37, Customer=1, Released 1 seats
[2025-11-12 10:38:58] ? Cancelled expired booking ID=38, Customer=1, Released 1 seats
[2025-11-12 10:38:58] ? Cancelled expired booking ID=39, Customer=1, Released 2 seats
[2025-11-12 10:38:58] ? Cancelled expired booking ID=40, Customer=1, Released 2 seats
[2025-11-12 10:38:58] ? Cancelled expired booking ID=41, Customer=1, Released 2 seats
[2025-11-12 10:38:58] ? Cancelled expired booking ID=42, Customer=1, Released 2 seats
[2025-11-12 10:39:57] ? Found 37 expired bookings to cancel
[2025-11-12 10:39:57] ? Cancelled expired booking ID=6, Customer=1, Released 0 seats
[2025-11-12 10:39:57] ? Cancelled expired booking ID=7, Customer=1, Released 0 seats
[2025-11-12 10:39:57] ? Cancelled expired booking ID=8, Customer=1, Released 0 seats
[2025-11-12 10:39:57] ? Cancelled expired booking ID=9, Customer=1, Released 0 seats
[2025-11-12 10:39:57] ? Cancelled expired booking ID=10, Customer=1, Released 1 seats
[2025-11-12 10:39:57] ? Cancelled expired booking ID=11, Customer=1, Released 0 seats
[2025-11-12 10:39:57] ? Cancelled expired booking ID=12, Customer=1, Released 2 seats
[2025-11-12 10:39:57] ? Cancelled expired booking ID=13, Customer=1, Released 1 seats
[2025-11-12 10:39:57] ? Cancelled expired booking ID=14, Customer=1, Released 2 seats
[2025-11-12 10:39:57] ? Cancelled expired booking ID=15, Customer=1, Released 0 seats
[2025-11-12 10:39:57] ? Cancelled expired booking ID=16, Customer=1, Released 0 seats
[2025-11-12 10:39:57] ? Cancelled expired booking ID=17, Customer=1, Released 1 seats
[2025-11-12 10:39:57] ? Cancelled expired booking ID=18, Customer=1, Released 0 seats
[2025-11-12 10:39:57] ? Cancelled expired booking ID=19, Customer=1, Released 1 seats
[2025-11-12 10:39:57] ? Cancelled expired booking ID=20, Customer=1, Released 0 seats
[2025-11-12 10:39:57] ? Cancelled expired booking ID=21, Customer=1, Released 0 seats
[2025-11-12 10:39:57] ? Cancelled expired booking ID=22, Customer=1, Released 2 seats
[2025-11-12 10:39:57] ? Cancelled expired booking ID=23, Customer=1, Released 0 seats
[2025-11-12 10:39:57] ? Cancelled expired booking ID=24, Customer=1, Released 0 seats
[2025-11-12 10:39:57] ? Cancelled expired booking ID=25, Customer=1, Released 0 seats
[2025-11-12 10:39:57] ? Cancelled expired booking ID=26, Customer=1, Released 2 seats
[2025-11-12 10:39:57] ? Cancelled expired booking ID=27, Customer=1, Released 0 seats
[2025-11-12 10:39:57] ? Cancelled expired booking ID=28, Customer=1, Released 0 seats
[2025-11-12 10:39:57] ? Cancelled expired booking ID=29, Customer=1, Released 0 seats
[2025-11-12 10:39:57] ? Cancelled expired booking ID=30, Customer=1, Released 0 seats
[2025-11-12 10:39:57] ? Cancelled expired booking ID=31, Customer=1, Released 1 seats
[2025-11-12 10:39:57] ? Cancelled expired booking ID=32, Customer=1, Released 2 seats
[2025-11-12 10:39:57] ? Cancelled expired booking ID=33, Customer=1, Released 2 seats
[2025-11-12 10:39:57] ? Cancelled expired booking ID=34, Customer=1, Released 2 seats
[2025-11-12 10:39:57] ? Cancelled expired booking ID=35, Customer=1, Released 0 seats
[2025-11-12 10:39:57] ? Cancelled expired booking ID=36, Customer=1, Released 2 seats
[2025-11-12 10:39:58] ? Cancelled expired booking ID=37, Customer=1, Released 1 seats
[2025-11-12 10:39:58] ? Cancelled expired booking ID=38, Customer=1, Released 1 seats
[2025-11-12 10:39:58] ? Cancelled expired booking ID=39, Customer=1, Released 2 seats
[2025-11-12 10:39:58] ? Cancelled expired booking ID=40, Customer=1, Released 2 seats
[2025-11-12 10:39:58] ? Cancelled expired booking ID=41, Customer=1, Released 2 seats
[2025-11-12 10:39:58] ? Cancelled expired booking ID=42, Customer=1, Released 2 seats
[2025-11-12 10:40:57] ? Found 37 expired bookings to cancel
[2025-11-12 10:40:57] ? Cancelled expired booking ID=6, Customer=1, Released 0 seats
[2025-11-12 10:40:57] ? Cancelled expired booking ID=7, Customer=1, Released 0 seats
[2025-11-12 10:40:57] ? Cancelled expired booking ID=8, Customer=1, Released 0 seats
[2025-11-12 10:40:57] ? Cancelled expired booking ID=9, Customer=1, Released 0 seats
[2025-11-12 10:40:57] ? Cancelled expired booking ID=10, Customer=1, Released 1 seats
[2025-11-12 10:40:57] ? Cancelled expired booking ID=11, Customer=1, Released 0 seats
[2025-11-12 10:40:57] ? Cancelled expired booking ID=12, Customer=1, Released 2 seats
[2025-11-12 10:40:57] ? Cancelled expired booking ID=13, Customer=1, Released 1 seats
[2025-11-12 10:40:57] ? Cancelled expired booking ID=14, Customer=1, Released 2 seats
[2025-11-12 10:40:57] ? Cancelled expired booking ID=15, Customer=1, Released 0 seats
[2025-11-12 10:40:57] ? Cancelled expired booking ID=16, Customer=1, Released 0 seats
[2025-11-12 10:40:57] ? Cancelled expired booking ID=17, Customer=1, Released 1 seats
[2025-11-12 10:40:57] ? Cancelled expired booking ID=18, Customer=1, Released 0 seats
[2025-11-12 10:40:57] ? Cancelled expired booking ID=19, Customer=1, Released 1 seats
[2025-11-12 10:40:57] ? Cancelled expired booking ID=20, Customer=1, Released 0 seats
[2025-11-12 10:40:57] ? Cancelled expired booking ID=21, Customer=1, Released 0 seats
[2025-11-12 10:40:57] ? Cancelled expired booking ID=22, Customer=1, Released 2 seats
[2025-11-12 10:40:57] ? Cancelled expired booking ID=23, Customer=1, Released 0 seats
[2025-11-12 10:40:57] ? Cancelled expired booking ID=24, Customer=1, Released 0 seats
[2025-11-12 10:40:57] ? Cancelled expired booking ID=25, Customer=1, Released 0 seats
[2025-11-12 10:40:57] ? Cancelled expired booking ID=26, Customer=1, Released 2 seats
[2025-11-12 10:40:57] ? Cancelled expired booking ID=27, Customer=1, Released 0 seats
[2025-11-12 10:40:57] ? Cancelled expired booking ID=28, Customer=1, Released 0 seats
[2025-11-12 10:40:57] ? Cancelled expired booking ID=29, Customer=1, Released 0 seats
[2025-11-12 10:40:57] ? Cancelled expired booking ID=30, Customer=1, Released 0 seats
[2025-11-12 10:40:57] ? Cancelled expired booking ID=31, Customer=1, Released 1 seats
[2025-11-12 10:40:57] ? Cancelled expired booking ID=32, Customer=1, Released 2 seats
[2025-11-12 10:40:57] ? Cancelled expired booking ID=33, Customer=1, Released 2 seats
[2025-11-12 10:40:58] ? Cancelled expired booking ID=34, Customer=1, Released 2 seats
[2025-11-12 10:40:58] ? Cancelled expired booking ID=35, Customer=1, Released 0 seats
[2025-11-12 10:40:58] ? Cancelled expired booking ID=36, Customer=1, Released 2 seats
[2025-11-12 10:40:58] ? Cancelled expired booking ID=37, Customer=1, Released 1 seats
[2025-11-12 10:40:58] ? Cancelled expired booking ID=38, Customer=1, Released 1 seats
[2025-11-12 10:40:58] ? Cancelled expired booking ID=39, Customer=1, Released 2 seats
[2025-11-12 10:40:58] ? Cancelled expired booking ID=40, Customer=1, Released 2 seats
[2025-11-12 10:40:58] ? Cancelled expired booking ID=41, Customer=1, Released 2 seats
[2025-11-12 10:40:58] ? Cancelled expired booking ID=42, Customer=1, Released 2 seats
[2025-11-12 10:41:57] ? Found 37 expired bookings to cancel
[2025-11-12 10:41:57] ? Cancelled expired booking ID=6, Customer=1, Released 0 seats
[2025-11-12 10:41:57] ? Cancelled expired booking ID=7, Customer=1, Released 0 seats
[2025-11-12 10:41:57] ? Cancelled expired booking ID=8, Customer=1, Released 0 seats
[2025-11-12 10:41:57] ? Cancelled expired booking ID=9, Customer=1, Released 0 seats
[2025-11-12 10:41:57] ? Cancelled expired booking ID=10, Customer=1, Released 1 seats
[2025-11-12 10:41:57] ? Cancelled expired booking ID=11, Customer=1, Released 0 seats
[2025-11-12 10:41:57] ? Cancelled expired booking ID=12, Customer=1, Released 2 seats
[2025-11-12 10:41:57] ? Cancelled expired booking ID=13, Customer=1, Released 1 seats
[2025-11-12 10:41:57] ? Cancelled expired booking ID=14, Customer=1, Released 2 seats
[2025-11-12 10:41:57] ? Cancelled expired booking ID=15, Customer=1, Released 0 seats
[2025-11-12 10:41:57] ? Cancelled expired booking ID=16, Customer=1, Released 0 seats
[2025-11-12 10:41:57] ? Cancelled expired booking ID=17, Customer=1, Released 1 seats
[2025-11-12 10:41:57] ? Cancelled expired booking ID=18, Customer=1, Released 0 seats
[2025-11-12 10:41:57] ? Cancelled expired booking ID=19, Customer=1, Released 1 seats
[2025-11-12 10:41:57] ? Cancelled expired booking ID=20, Customer=1, Released 0 seats
[2025-11-12 10:41:57] ? Cancelled expired booking ID=21, Customer=1, Released 0 seats
[2025-11-12 10:41:57] ? Cancelled expired booking ID=22, Customer=1, Released 2 seats
[2025-11-12 10:41:57] ? Cancelled expired booking ID=23, Customer=1, Released 0 seats
[2025-11-12 10:41:57] ? Cancelled expired booking ID=24, Customer=1, Released 0 seats
[2025-11-12 10:41:57] ? Cancelled expired booking ID=25, Customer=1, Released 0 seats
[2025-11-12 10:41:57] ? Cancelled expired booking ID=26, Customer=1, Released 2 seats
[2025-11-12 10:41:58] ? Cancelled expired booking ID=27, Customer=1, Released 0 seats
[2025-11-12 10:41:58] ? Cancelled expired booking ID=28, Customer=1, Released 0 seats
[2025-11-12 10:41:58] ? Cancelled expired booking ID=29, Customer=1, Released 0 seats
[2025-11-12 10:41:58] ? Cancelled expired booking ID=30, Customer=1, Released 0 seats
[2025-11-12 10:41:58] ? Cancelled expired booking ID=31, Customer=1, Released 1 seats
[2025-11-12 10:41:58] ? Cancelled expired booking ID=32, Customer=1, Released 2 seats
[2025-11-12 10:41:58] ? Cancelled expired booking ID=33, Customer=1, Released 2 seats
[2025-11-12 10:41:58] ? Cancelled expired booking ID=34, Customer=1, Released 2 seats
[2025-11-12 10:41:58] ? Cancelled expired booking ID=35, Customer=1, Released 0 seats
[2025-11-12 10:41:58] ? Cancelled expired booking ID=36, Customer=1, Released 2 seats
[2025-11-12 10:41:58] ? Cancelled expired booking ID=37, Customer=1, Released 1 seats
[2025-11-12 10:41:58] ? Cancelled expired booking ID=38, Customer=1, Released 1 seats
[2025-11-12 10:41:58] ? Cancelled expired booking ID=39, Customer=1, Released 2 seats
[2025-11-12 10:41:58] ? Cancelled expired booking ID=40, Customer=1, Released 2 seats
[2025-11-12 10:41:58] ? Cancelled expired booking ID=41, Customer=1, Released 2 seats
[2025-11-12 10:41:58] ? Cancelled expired booking ID=42, Customer=1, Released 2 seats
[2025-11-12 10:42:57] ? Found 37 expired bookings to cancel
[2025-11-12 10:42:57] ? Cancelled expired booking ID=6, Customer=1, Released 0 seats
[2025-11-12 10:42:57] ? Cancelled expired booking ID=7, Customer=1, Released 0 seats
[2025-11-12 10:42:57] ? Cancelled expired booking ID=8, Customer=1, Released 0 seats
[2025-11-12 10:42:57] ? Cancelled expired booking ID=9, Customer=1, Released 0 seats
[2025-11-12 10:42:57] ? Cancelled expired booking ID=10, Customer=1, Released 1 seats
[2025-11-12 10:42:57] ? Cancelled expired booking ID=11, Customer=1, Released 0 seats
[2025-11-12 10:42:57] ? Cancelled expired booking ID=12, Customer=1, Released 2 seats
[2025-11-12 10:42:57] ? Cancelled expired booking ID=13, Customer=1, Released 1 seats
[2025-11-12 10:42:57] ? Cancelled expired booking ID=14, Customer=1, Released 2 seats
[2025-11-12 10:42:57] ? Cancelled expired booking ID=15, Customer=1, Released 0 seats
[2025-11-12 10:42:57] ? Cancelled expired booking ID=16, Customer=1, Released 0 seats
[2025-11-12 10:42:57] ? Cancelled expired booking ID=17, Customer=1, Released 1 seats
[2025-11-12 10:42:57] ? Cancelled expired booking ID=18, Customer=1, Released 0 seats
[2025-11-12 10:42:57] ? Cancelled expired booking ID=19, Customer=1, Released 1 seats
[2025-11-12 10:42:57] ? Cancelled expired booking ID=20, Customer=1, Released 0 seats
[2025-11-12 10:42:58] ? Cancelled expired booking ID=21, Customer=1, Released 0 seats
[2025-11-12 10:42:58] ? Cancelled expired booking ID=22, Customer=1, Released 2 seats
[2025-11-12 10:42:58] ? Cancelled expired booking ID=23, Customer=1, Released 0 seats
[2025-11-12 10:42:58] ? Cancelled expired booking ID=24, Customer=1, Released 0 seats
[2025-11-12 10:42:58] ? Cancelled expired booking ID=25, Customer=1, Released 0 seats
[2025-11-12 10:42:58] ? Cancelled expired booking ID=26, Customer=1, Released 2 seats
[2025-11-12 10:42:58] ? Cancelled expired booking ID=27, Customer=1, Released 0 seats
[2025-11-12 10:42:58] ? Cancelled expired booking ID=28, Customer=1, Released 0 seats
[2025-11-12 10:42:58] ? Cancelled expired booking ID=29, Customer=1, Released 0 seats
[2025-11-12 10:42:58] ? Cancelled expired booking ID=30, Customer=1, Released 0 seats
[2025-11-12 10:42:58] ? Cancelled expired booking ID=31, Customer=1, Released 1 seats
[2025-11-12 10:42:58] ? Cancelled expired booking ID=32, Customer=1, Released 2 seats
[2025-11-12 10:42:58] ? Cancelled expired booking ID=33, Customer=1, Released 2 seats
[2025-11-12 10:42:58] ? Cancelled expired booking ID=34, Customer=1, Released 2 seats
[2025-11-12 10:42:58] ? Cancelled expired booking ID=35, Customer=1, Released 0 seats
[2025-11-12 10:42:58] ? Cancelled expired booking ID=36, Customer=1, Released 2 seats
[2025-11-12 10:42:58] ? Cancelled expired booking ID=37, Customer=1, Released 1 seats
[2025-11-12 10:42:58] ? Cancelled expired booking ID=38, Customer=1, Released 1 seats
[2025-11-12 10:42:58] ? Cancelled expired booking ID=39, Customer=1, Released 2 seats
[2025-11-12 10:42:58] ? Cancelled expired booking ID=40, Customer=1, Released 2 seats
[2025-11-12 10:42:58] ? Cancelled expired booking ID=41, Customer=1, Released 2 seats
[2025-11-12 10:42:58] ? Cancelled expired booking ID=42, Customer=1, Released 2 seats
[2025-11-12 10:43:57] ? Found 37 expired bookings to cancel
[2025-11-12 10:43:57] ? Cancelled expired booking ID=6, Customer=1, Released 0 seats
[2025-11-12 10:43:57] ? Cancelled expired booking ID=7, Customer=1, Released 0 seats
[2025-11-12 10:43:57] ? Cancelled expired booking ID=8, Customer=1, Released 0 seats
[2025-11-12 10:43:57] ? Cancelled expired booking ID=9, Customer=1, Released 0 seats
[2025-11-12 10:43:57] ? Cancelled expired booking ID=10, Customer=1, Released 1 seats
[2025-11-12 10:43:57] ? Cancelled expired booking ID=11, Customer=1, Released 0 seats
[2025-11-12 10:43:57] ? Cancelled expired booking ID=12, Customer=1, Released 2 seats
[2025-11-12 10:43:57] ? Cancelled expired booking ID=13, Customer=1, Released 1 seats
[2025-11-12 10:43:57] ? Cancelled expired booking ID=14, Customer=1, Released 2 seats
[2025-11-12 10:43:57] ? Cancelled expired booking ID=15, Customer=1, Released 0 seats
[2025-11-12 10:43:57] ? Cancelled expired booking ID=16, Customer=1, Released 0 seats
[2025-11-12 10:43:57] ? Cancelled expired booking ID=17, Customer=1, Released 1 seats
[2025-11-12 10:43:57] ? Cancelled expired booking ID=18, Customer=1, Released 0 seats
[2025-11-12 10:43:57] ? Cancelled expired booking ID=19, Customer=1, Released 1 seats
[2025-11-12 10:43:57] ? Cancelled expired booking ID=20, Customer=1, Released 0 seats
[2025-11-12 10:43:57] ? Cancelled expired booking ID=21, Customer=1, Released 0 seats
[2025-11-12 10:43:57] ? Cancelled expired booking ID=22, Customer=1, Released 2 seats
[2025-11-12 10:43:57] ? Cancelled expired booking ID=23, Customer=1, Released 0 seats
[2025-11-12 10:43:57] ? Cancelled expired booking ID=24, Customer=1, Released 0 seats
[2025-11-12 10:43:57] ? Cancelled expired booking ID=25, Customer=1, Released 0 seats
[2025-11-12 10:43:58] ? Cancelled expired booking ID=26, Customer=1, Released 2 seats
[2025-11-12 10:43:58] ? Cancelled expired booking ID=27, Customer=1, Released 0 seats
[2025-11-12 10:43:58] ? Cancelled expired booking ID=28, Customer=1, Released 0 seats
[2025-11-12 10:43:58] ? Cancelled expired booking ID=29, Customer=1, Released 0 seats
[2025-11-12 10:43:58] ? Cancelled expired booking ID=30, Customer=1, Released 0 seats
[2025-11-12 10:43:58] ? Cancelled expired booking ID=31, Customer=1, Released 1 seats
[2025-11-12 10:43:58] ? Cancelled expired booking ID=32, Customer=1, Released 2 seats
[2025-11-12 10:43:58] ? Cancelled expired booking ID=33, Customer=1, Released 2 seats
[2025-11-12 10:43:58] ? Cancelled expired booking ID=34, Customer=1, Released 2 seats
[2025-11-12 10:43:58] ? Cancelled expired booking ID=35, Customer=1, Released 0 seats
[2025-11-12 10:43:58] ? Cancelled expired booking ID=36, Customer=1, Released 2 seats
[2025-11-12 10:43:58] ? Cancelled expired booking ID=37, Customer=1, Released 1 seats
[2025-11-12 10:43:58] ? Cancelled expired booking ID=38, Customer=1, Released 1 seats
[2025-11-12 10:43:58] ? Cancelled expired booking ID=39, Customer=1, Released 2 seats
[2025-11-12 10:43:58] ? Cancelled expired booking ID=40, Customer=1, Released 2 seats
[2025-11-12 10:43:58] ? Cancelled expired booking ID=41, Customer=1, Released 2 seats
[2025-11-12 10:43:58] ? Cancelled expired booking ID=42, Customer=1, Released 2 seats
[2025-11-12 10:44:57] ? Found 37 expired bookings to cancel
[2025-11-12 10:44:57] ? Cancelled expired booking ID=6, Customer=1, Released 0 seats
[2025-11-12 10:44:57] ? Cancelled expired booking ID=7, Customer=1, Released 0 seats
[2025-11-12 10:44:57] ? Cancelled expired booking ID=8, Customer=1, Released 0 seats
[2025-11-12 10:44:57] ? Cancelled expired booking ID=9, Customer=1, Released 0 seats
[2025-11-12 10:44:57] ? Cancelled expired booking ID=10, Customer=1, Released 1 seats
[2025-11-12 10:44:57] ? Cancelled expired booking ID=11, Customer=1, Released 0 seats
[2025-11-12 10:44:57] ? Cancelled expired booking ID=12, Customer=1, Released 2 seats
[2025-11-12 10:44:57] ? Cancelled expired booking ID=13, Customer=1, Released 1 seats
[2025-11-12 10:44:57] ? Cancelled expired booking ID=14, Customer=1, Released 2 seats
[2025-11-12 10:44:57] ? Cancelled expired booking ID=15, Customer=1, Released 0 seats
[2025-11-12 10:44:57] ? Cancelled expired booking ID=16, Customer=1, Released 0 seats
[2025-11-12 10:44:57] ? Cancelled expired booking ID=17, Customer=1, Released 1 seats
[2025-11-12 10:44:57] ? Cancelled expired booking ID=18, Customer=1, Released 0 seats
[2025-11-12 10:44:57] ? Cancelled expired booking ID=19, Customer=1, Released 1 seats
[2025-11-12 10:44:57] ? Cancelled expired booking ID=20, Customer=1, Released 0 seats
[2025-11-12 10:44:57] ? Cancelled expired booking ID=21, Customer=1, Released 0 seats
[2025-11-12 10:44:57] ? Cancelled expired booking ID=22, Customer=1, Released 2 seats
[2025-11-12 10:44:57] ? Cancelled expired booking ID=23, Customer=1, Released 0 seats
[2025-11-12 10:44:57] ? Cancelled expired booking ID=24, Customer=1, Released 0 seats
[2025-11-12 10:44:58] ? Cancelled expired booking ID=25, Customer=1, Released 0 seats
[2025-11-12 10:44:58] ? Cancelled expired booking ID=26, Customer=1, Released 2 seats
[2025-11-12 10:44:58] ? Cancelled expired booking ID=27, Customer=1, Released 0 seats
[2025-11-12 10:44:58] ? Cancelled expired booking ID=28, Customer=1, Released 0 seats
[2025-11-12 10:44:58] ? Cancelled expired booking ID=29, Customer=1, Released 0 seats
[2025-11-12 10:44:58] ? Cancelled expired booking ID=30, Customer=1, Released 0 seats
[2025-11-12 10:44:58] ? Cancelled expired booking ID=31, Customer=1, Released 1 seats
[2025-11-12 10:44:58] ? Cancelled expired booking ID=32, Customer=1, Released 2 seats
[2025-11-12 10:44:58] ? Cancelled expired booking ID=33, Customer=1, Released 2 seats
[2025-11-12 10:44:58] ? Cancelled expired booking ID=34, Customer=1, Released 2 seats
[2025-11-12 10:44:58] ? Cancelled expired booking ID=35, Customer=1, Released 0 seats
[2025-11-12 10:44:58] ? Cancelled expired booking ID=36, Customer=1, Released 2 seats
[2025-11-12 10:44:58] ? Cancelled expired booking ID=37, Customer=1, Released 1 seats
[2025-11-12 10:44:58] ? Cancelled expired booking ID=38, Customer=1, Released 1 seats
[2025-11-12 10:44:58] ? Cancelled expired booking ID=39, Customer=1, Released 2 seats
[2025-11-12 10:44:58] ? Cancelled expired booking ID=40, Customer=1, Released 2 seats
[2025-11-12 10:44:58] ? Cancelled expired booking ID=41, Customer=1, Released 2 seats
[2025-11-12 10:44:58] ? Cancelled expired booking ID=42, Customer=1, Released 2 seats
[2025-11-12 10:46:07] ? BookingExpirationService started
[2025-11-12 10:47:07] ? Found 37 expired bookings to cancel
[2025-11-12 10:47:07] ? Cancelled expired booking ID=6, Customer=1, Released 0 seats
[2025-11-12 10:47:07] ? Cancelled expired booking ID=7, Customer=1, Released 0 seats
[2025-11-12 10:47:07] ? Cancelled expired booking ID=8, Customer=1, Released 0 seats
[2025-11-12 10:47:07] ? Cancelled expired booking ID=9, Customer=1, Released 0 seats
[2025-11-12 10:47:07] ? Cancelled expired booking ID=10, Customer=1, Released 1 seats
[2025-11-12 10:47:07] ? Cancelled expired booking ID=11, Customer=1, Released 0 seats
[2025-11-12 10:47:07] ? Cancelled expired booking ID=12, Customer=1, Released 2 seats
[2025-11-12 10:47:07] ? Cancelled expired booking ID=13, Customer=1, Released 1 seats
[2025-11-12 10:47:07] ? Cancelled expired booking ID=14, Customer=1, Released 2 seats
[2025-11-12 10:47:07] ? Cancelled expired booking ID=15, Customer=1, Released 0 seats
[2025-11-12 10:47:07] ? Cancelled expired booking ID=16, Customer=1, Released 0 seats
[2025-11-12 10:47:07] ? Cancelled expired booking ID=17, Customer=1, Released 1 seats
[2025-11-12 10:47:07] ? Cancelled expired booking ID=18, Customer=1, Released 0 seats
[2025-11-12 10:47:07] ? Cancelled expired booking ID=19, Customer=1, Released 1 seats
[2025-11-12 10:47:07] ? Cancelled expired booking ID=20, Customer=1, Released 0 seats
[2025-11-12 10:47:07] ? Cancelled expired booking ID=21, Customer=1, Released 0 seats
[2025-11-12 10:47:07] ? Cancelled expired booking ID=22, Customer=1, Released 2 seats
[2025-11-12 10:47:07] ? Cancelled expired booking ID=23, Customer=1, Released 0 seats
[2025-11-12 10:47:07] ? Cancelled expired booking ID=24, Customer=1, Released 0 seats
[2025-11-12 10:47:07] ? Cancelled expired booking ID=25, Customer=1, Released 0 seats
[2025-11-12 10:47:07] ? Cancelled expired booking ID=26, Customer=1, Released 2 seats
[2025-11-12 10:47:07] ? Cancelled expired booking ID=27, Customer=1, Released 0 seats
[2025-11-12 10:47:07] ? Cancelled expired booking ID=28, Customer=1, Released 0 seats
[2025-11-12 10:47:07] ? Cancelled expired booking ID=29, Customer=1, Released 0 seats
[2025-11-12 10:47:07] ? Cancelled expired booking ID=30, Customer=1, Released 0 seats
[2025-11-12 10:47:07] ? Cancelled expired booking ID=31, Customer=1, Released 1 seats
[2025-11-12 10:47:07] ? Cancelled expired booking ID=32, Customer=1, Released 2 seats
[2025-11-12 10:47:07] ? Cancelled expired booking ID=33, Customer=1, Released 2 seats
[2025-11-12 10:47:07] ? Cancelled expired booking ID=34, Customer=1, Released 2 seats
[2025-11-12 10:47:07] ? Cancelled expired booking ID=35, Customer=1, Released 0 seats
[2025-11-12 10:47:07] ? Cancelled expired booking ID=36, Customer=1, Released 2 seats
[2025-11-12 10:47:07] ? Cancelled expired booking ID=37, Customer=1, Released 1 seats
[2025-11-12 10:47:07] ? Cancelled expired booking ID=38, Customer=1, Released 1 seats
[2025-11-12 10:47:07] ? Cancelled expired booking ID=39, Customer=1, Released 2 seats
[2025-11-12 10:47:07] ? Cancelled expired booking ID=40, Customer=1, Released 2 seats
[2025-11-12 10:47:07] ? Cancelled expired booking ID=41, Customer=1, Released 2 seats
[2025-11-12 10:47:07] ? Cancelled expired booking ID=42, Customer=1, Released 2 seats
[2025-11-12 10:48:07] ? Found 37 expired bookings to cancel
[2025-11-12 10:48:07] ? Cancelled expired booking ID=6, Customer=1, Released 0 seats
[2025-11-12 10:48:07] ? Cancelled expired booking ID=7, Customer=1, Released 0 seats
[2025-11-12 10:48:07] ? Cancelled expired booking ID=8, Customer=1, Released 0 seats
[2025-11-12 10:48:07] ? Cancelled expired booking ID=9, Customer=1, Released 0 seats
[2025-11-12 10:48:07] ? Cancelled expired booking ID=10, Customer=1, Released 1 seats
[2025-11-12 10:48:07] ? Cancelled expired booking ID=11, Customer=1, Released 0 seats
[2025-11-12 10:48:07] ? Cancelled expired booking ID=12, Customer=1, Released 2 seats
[2025-11-12 10:48:07] ? Cancelled expired booking ID=13, Customer=1, Released 1 seats
[2025-11-12 10:48:07] ? Cancelled expired booking ID=14, Customer=1, Released 2 seats
[2025-11-12 10:48:07] ? Cancelled expired booking ID=15, Customer=1, Released 0 seats
[2025-11-12 10:48:07] ? Cancelled expired booking ID=16, Customer=1, Released 0 seats
[2025-11-12 10:48:07] ? Cancelled expired booking ID=17, Customer=1, Released 1 seats
[2025-11-12 10:48:07] ? Cancelled expired booking ID=18, Customer=1, Released 0 seats
[2025-11-12 10:48:07] ? Cancelled expired booking ID=19, Customer=1, Released 1 seats
[2025-11-12 10:48:07] ? Cancelled expired booking ID=20, Customer=1, Released 0 seats
[2025-11-12 10:48:07] ? Cancelled expired booking ID=21, Customer=1, Released 0 seats
[2025-11-12 10:48:07] ? Cancelled expired booking ID=22, Customer=1, Released 2 seats
[2025-11-12 10:48:07] ? Cancelled expired booking ID=23, Customer=1, Released 0 seats
[2025-11-12 10:48:07] ? Cancelled expired booking ID=24, Customer=1, Released 0 seats
[2025-11-12 10:48:07] ? Cancelled expired booking ID=25, Customer=1, Released 0 seats
[2025-11-12 10:48:07] ? Cancelled expired booking ID=26, Customer=1, Released 2 seats
[2025-11-12 10:48:07] ? Cancelled expired booking ID=27, Customer=1, Released 0 seats
[2025-11-12 10:48:07] ? Cancelled expired booking ID=28, Customer=1, Released 0 seats
[2025-11-12 10:48:07] ? Cancelled expired booking ID=29, Customer=1, Released 0 seats
[2025-11-12 10:48:07] ? Cancelled expired booking ID=30, Customer=1, Released 0 seats
[2025-11-12 10:48:07] ? Cancelled expired booking ID=31, Customer=1, Released 1 seats
[2025-11-12 10:48:07] ? Cancelled expired booking ID=32, Customer=1, Released 2 seats
[2025-11-12 10:48:07] ? Cancelled expired booking ID=33, Customer=1, Released 2 seats
[2025-11-12 10:48:07] ? Cancelled expired booking ID=34, Customer=1, Released 2 seats
[2025-11-12 10:48:07] ? Cancelled expired booking ID=35, Customer=1, Released 0 seats
[2025-11-12 10:48:07] ? Cancelled expired booking ID=36, Customer=1, Released 2 seats
[2025-11-12 10:48:07] ? Cancelled expired booking ID=37, Customer=1, Released 1 seats
[2025-11-12 10:48:07] ? Cancelled expired booking ID=38, Customer=1, Released 1 seats
[2025-11-12 10:48:07] ? Cancelled expired booking ID=39, Customer=1, Released 2 seats
[2025-11-12 10:48:07] ? Cancelled expired booking ID=40, Customer=1, Released 2 seats
[2025-11-12 10:48:07] ? Cancelled expired booking ID=41, Customer=1, Released 2 seats
[2025-11-12 10:48:07] ? Cancelled expired booking ID=42, Customer=1, Released 2 seats
[2025-11-12 10:49:07] ? Found 37 expired bookings to cancel
[2025-11-12 10:49:07] ? Cancelled expired booking ID=6, Customer=1, Released 0 seats
[2025-11-12 10:49:07] ? Cancelled expired booking ID=7, Customer=1, Released 0 seats
[2025-11-12 10:49:07] ? Cancelled expired booking ID=8, Customer=1, Released 0 seats
[2025-11-12 10:49:07] ? Cancelled expired booking ID=9, Customer=1, Released 0 seats
[2025-11-12 10:49:07] ? Cancelled expired booking ID=10, Customer=1, Released 1 seats
[2025-11-12 10:49:07] ? Cancelled expired booking ID=11, Customer=1, Released 0 seats
[2025-11-12 10:49:07] ? Cancelled expired booking ID=12, Customer=1, Released 2 seats
[2025-11-12 10:49:07] ? Cancelled expired booking ID=13, Customer=1, Released 1 seats
[2025-11-12 10:49:07] ? Cancelled expired booking ID=14, Customer=1, Released 2 seats
[2025-11-12 10:49:07] ? Cancelled expired booking ID=15, Customer=1, Released 0 seats
[2025-11-12 10:49:07] ? Cancelled expired booking ID=16, Customer=1, Released 0 seats
[2025-11-12 10:49:07] ? Cancelled expired booking ID=17, Customer=1, Released 1 seats
[2025-11-12 10:49:07] ? Cancelled expired booking ID=18, Customer=1, Released 0 seats
[2025-11-12 10:49:07] ? Cancelled expired booking ID=19, Customer=1, Released 1 seats
[2025-11-12 10:49:07] ? Cancelled expired booking ID=20, Customer=1, Released 0 seats
[2025-11-12 10:49:07] ? Cancelled expired booking ID=21, Customer=1, Released 0 seats
[2025-11-12 10:49:07] ? Cancelled expired booking ID=22, Customer=1, Released 2 seats
[2025-11-12 10:49:07] ? Cancelled expired booking ID=23, Customer=1, Released 0 seats
[2025-11-12 10:49:07] ? Cancelled expired booking ID=24, Customer=1, Released 0 seats
[2025-11-12 10:49:07] ? Cancelled expired booking ID=25, Customer=1, Released 0 seats
[2025-11-12 10:49:07] ? Cancelled expired booking ID=26, Customer=1, Released 2 seats
[2025-11-12 10:49:07] ? Cancelled expired booking ID=27, Customer=1, Released 0 seats
[2025-11-12 10:49:07] ? Cancelled expired booking ID=28, Customer=1, Released 0 seats
[2025-11-12 10:49:07] ? Cancelled expired booking ID=29, Customer=1, Released 0 seats
[2025-11-12 10:49:07] ? Cancelled expired booking ID=30, Customer=1, Released 0 seats
[2025-11-12 10:49:07] ? Cancelled expired booking ID=31, Customer=1, Released 1 seats
[2025-11-12 10:49:07] ? Cancelled expired booking ID=32, Customer=1, Released 2 seats
[2025-11-12 10:49:07] ? Cancelled expired booking ID=33, Customer=1, Released 2 seats
[2025-11-12 10:49:07] ? Cancelled expired booking ID=34, Customer=1, Released 2 seats
[2025-11-12 10:49:07] ? Cancelled expired booking ID=35, Customer=1, Released 0 seats
[2025-11-12 10:49:07] ? Cancelled expired booking ID=36, Customer=1, Released 2 seats
[2025-11-12 10:49:07] ? Cancelled expired booking ID=37, Customer=1, Released 1 seats
[2025-11-12 10:49:07] ? Cancelled expired booking ID=38, Customer=1, Released 1 seats
[2025-11-12 10:49:07] ? Cancelled expired booking ID=39, Customer=1, Released 2 seats
[2025-11-12 10:49:07] ? Cancelled expired booking ID=40, Customer=1, Released 2 seats
[2025-11-12 10:49:07] ? Cancelled expired booking ID=41, Customer=1, Released 2 seats
[2025-11-12 10:49:07] ? Cancelled expired booking ID=42, Customer=1, Released 2 seats
[2025-11-12 10:50:07] ? Found 37 expired bookings to cancel
[2025-11-12 10:50:07] ? Cancelled expired booking ID=6, Customer=1, Released 0 seats
[2025-11-12 10:50:07] ? Cancelled expired booking ID=7, Customer=1, Released 0 seats
[2025-11-12 10:50:07] ? Cancelled expired booking ID=8, Customer=1, Released 0 seats
[2025-11-12 10:50:07] ? Cancelled expired booking ID=9, Customer=1, Released 0 seats
[2025-11-12 10:50:07] ? Cancelled expired booking ID=10, Customer=1, Released 1 seats
[2025-11-12 10:50:07] ? Cancelled expired booking ID=11, Customer=1, Released 0 seats
[2025-11-12 10:50:07] ? Cancelled expired booking ID=12, Customer=1, Released 2 seats
[2025-11-12 10:50:07] ? Cancelled expired booking ID=13, Customer=1, Released 1 seats
[2025-11-12 10:50:07] ? Cancelled expired booking ID=14, Customer=1, Released 2 seats
[2025-11-12 10:50:07] ? Cancelled expired booking ID=15, Customer=1, Released 0 seats
[2025-11-12 10:50:07] ? Cancelled expired booking ID=16, Customer=1, Released 0 seats
[2025-11-12 10:50:07] ? Cancelled expired booking ID=17, Customer=1, Released 1 seats
[2025-11-12 10:50:07] ? Cancelled expired booking ID=18, Customer=1, Released 0 seats
[2025-11-12 10:50:07] ? Cancelled expired booking ID=19, Customer=1, Released 1 seats
[2025-11-12 10:50:07] ? Cancelled expired booking ID=20, Customer=1, Released 0 seats
[2025-11-12 10:50:07] ? Cancelled expired booking ID=21, Customer=1, Released 0 seats
[2025-11-12 10:50:07] ? Cancelled expired booking ID=22, Customer=1, Released 2 seats
[2025-11-12 10:50:07] ? Cancelled expired booking ID=23, Customer=1, Released 0 seats
[2025-11-12 10:50:07] ? Cancelled expired booking ID=24, Customer=1, Released 0 seats
[2025-11-12 10:50:07] ? Cancelled expired booking ID=25, Customer=1, Released 0 seats
[2025-11-12 10:50:07] ? Cancelled expired booking ID=26, Customer=1, Released 2 seats
[2025-11-12 10:50:07] ? Cancelled expired booking ID=27, Customer=1, Released 0 seats
[2025-11-12 10:50:07] ? Cancelled expired booking ID=28, Customer=1, Released 0 seats
[2025-11-12 10:50:07] ? Cancelled expired booking ID=29, Customer=1, Released 0 seats
[2025-11-12 10:50:07] ? Cancelled expired booking ID=30, Customer=1, Released 0 seats
[2025-11-12 10:50:07] ? Cancelled expired booking ID=31, Customer=1, Released 1 seats
[2025-11-12 10:50:07] ? Cancelled expired booking ID=32, Customer=1, Released 2 seats
[2025-11-12 10:50:07] ? Cancelled expired booking ID=33, Customer=1, Released 2 seats
[2025-11-12 10:50:07] ? Cancelled expired booking ID=34, Customer=1, Released 2 seats
[2025-11-12 10:50:07] ? Cancelled expired booking ID=35, Customer=1, Released 0 seats
[2025-11-12 10:50:07] ? Cancelled expired booking ID=36, Customer=1, Released 2 seats
[2025-11-12 10:50:07] ? Cancelled expired booking ID=37, Customer=1, Released 1 seats
[2025-11-12 10:50:07] ? Cancelled expired booking ID=38, Customer=1, Released 1 seats
[2025-11-12 10:50:07] ? Cancelled expired booking ID=39, Customer=1, Released 2 seats
[2025-11-12 10:50:07] ? Cancelled expired booking ID=40, Customer=1, Released 2 seats
[2025-11-12 10:50:07] ? Cancelled expired booking ID=41, Customer=1, Released 2 seats
[2025-11-12 10:50:07] ? Cancelled expired booking ID=42, Customer=1, Released 2 seats
[2025-11-12 10:51:07] ? Found 37 expired bookings to cancel
[2025-11-12 10:51:07] ? Cancelled expired booking ID=6, Customer=1, Released 0 seats
[2025-11-12 10:51:07] ? Cancelled expired booking ID=7, Customer=1, Released 0 seats
[2025-11-12 10:51:07] ? Cancelled expired booking ID=8, Customer=1, Released 0 seats
[2025-11-12 10:51:07] ? Cancelled expired booking ID=9, Customer=1, Released 0 seats
[2025-11-12 10:51:07] ? Cancelled expired booking ID=10, Customer=1, Released 1 seats
[2025-11-12 10:51:07] ? Cancelled expired booking ID=11, Customer=1, Released 0 seats
[2025-11-12 10:51:07] ? Cancelled expired booking ID=12, Customer=1, Released 2 seats
[2025-11-12 10:51:07] ? Cancelled expired booking ID=13, Customer=1, Released 1 seats
[2025-11-12 10:51:07] ? Cancelled expired booking ID=14, Customer=1, Released 2 seats
[2025-11-12 10:51:07] ? Cancelled expired booking ID=15, Customer=1, Released 0 seats
[2025-11-12 10:51:07] ? Cancelled expired booking ID=16, Customer=1, Released 0 seats
[2025-11-12 10:51:07] ? Cancelled expired booking ID=17, Customer=1, Released 1 seats
[2025-11-12 10:51:07] ? Cancelled expired booking ID=18, Customer=1, Released 0 seats
[2025-11-12 10:51:07] ? Cancelled expired booking ID=19, Customer=1, Released 1 seats
[2025-11-12 10:51:07] ? Cancelled expired booking ID=20, Customer=1, Released 0 seats
[2025-11-12 10:51:07] ? Cancelled expired booking ID=21, Customer=1, Released 0 seats
[2025-11-12 10:51:07] ? Cancelled expired booking ID=22, Customer=1, Released 2 seats
[2025-11-12 10:51:07] ? Cancelled expired booking ID=23, Customer=1, Released 0 seats
[2025-11-12 10:51:07] ? Cancelled expired booking ID=24, Customer=1, Released 0 seats
[2025-11-12 10:51:07] ? Cancelled expired booking ID=25, Customer=1, Released 0 seats
[2025-11-12 10:51:07] ? Cancelled expired booking ID=26, Customer=1, Released 2 seats
[2025-11-12 10:51:07] ? Cancelled expired booking ID=27, Customer=1, Released 0 seats
[2025-11-12 10:51:07] ? Cancelled expired booking ID=28, Customer=1, Released 0 seats
[2025-11-12 10:51:07] ? Cancelled expired booking ID=29, Customer=1, Released 0 seats
[2025-11-12 10:51:07] ? Cancelled expired booking ID=30, Customer=1, Released 0 seats
[2025-11-12 10:51:07] ? Cancelled expired booking ID=31, Customer=1, Released 1 seats
[2025-11-12 10:51:07] ? Cancelled expired booking ID=32, Customer=1, Released 2 seats
[2025-11-12 10:51:07] ? Cancelled expired booking ID=33, Customer=1, Released 2 seats
[2025-11-12 10:51:07] ? Cancelled expired booking ID=34, Customer=1, Released 2 seats
[2025-11-12 10:51:07] ? Cancelled expired booking ID=35, Customer=1, Released 0 seats
[2025-11-12 10:51:07] ? Cancelled expired booking ID=36, Customer=1, Released 2 seats
[2025-11-12 10:51:07] ? Cancelled expired booking ID=37, Customer=1, Released 1 seats
[2025-11-12 10:51:07] ? Cancelled expired booking ID=38, Customer=1, Released 1 seats
[2025-11-12 10:51:07] ? Cancelled expired booking ID=39, Customer=1, Released 2 seats
[2025-11-12 10:51:07] ? Cancelled expired booking ID=40, Customer=1, Released 2 seats
[2025-11-12 10:51:07] ? Cancelled expired booking ID=41, Customer=1, Released 2 seats
[2025-11-12 10:51:07] ? Cancelled expired booking ID=42, Customer=1, Released 2 seats
[2025-11-12 10:52:07] ? Found 37 expired bookings to cancel
[2025-11-12 10:52:07] ? Cancelled expired booking ID=6, Customer=1, Released 0 seats
[2025-11-12 10:52:07] ? Cancelled expired booking ID=7, Customer=1, Released 0 seats
[2025-11-12 10:52:07] ? Cancelled expired booking ID=8, Customer=1, Released 0 seats
[2025-11-12 10:52:07] ? Cancelled expired booking ID=9, Customer=1, Released 0 seats
[2025-11-12 10:52:07] ? Cancelled expired booking ID=10, Customer=1, Released 1 seats
[2025-11-12 10:52:07] ? Cancelled expired booking ID=11, Customer=1, Released 0 seats
[2025-11-12 10:52:07] ? Cancelled expired booking ID=12, Customer=1, Released 2 seats
[2025-11-12 10:52:07] ? Cancelled expired booking ID=13, Customer=1, Released 1 seats
[2025-11-12 10:52:07] ? Cancelled expired booking ID=14, Customer=1, Released 2 seats
[2025-11-12 10:52:07] ? Cancelled expired booking ID=15, Customer=1, Released 0 seats
[2025-11-12 10:52:07] ? Cancelled expired booking ID=16, Customer=1, Released 0 seats
[2025-11-12 10:52:07] ? Cancelled expired booking ID=17, Customer=1, Released 1 seats
[2025-11-12 10:52:07] ? Cancelled expired booking ID=18, Customer=1, Released 0 seats
[2025-11-12 10:52:07] ? Cancelled expired booking ID=19, Customer=1, Released 1 seats
[2025-11-12 10:52:07] ? Cancelled expired booking ID=20, Customer=1, Released 0 seats
[2025-11-12 10:52:07] ? Cancelled expired booking ID=21, Customer=1, Released 0 seats
[2025-11-12 10:52:07] ? Cancelled expired booking ID=22, Customer=1, Released 2 seats
[2025-11-12 10:52:07] ? Cancelled expired booking ID=23, Customer=1, Released 0 seats
[2025-11-12 10:52:07] ? Cancelled expired booking ID=24, Customer=1, Released 0 seats
[2025-11-12 10:52:07] ? Cancelled expired booking ID=25, Customer=1, Released 0 seats
[2025-11-12 10:52:07] ? Cancelled expired booking ID=26, Customer=1, Released 2 seats
[2025-11-12 10:52:07] ? Cancelled expired booking ID=27, Customer=1, Released 0 seats
[2025-11-12 10:52:07] ? Cancelled expired booking ID=28, Customer=1, Released 0 seats
[2025-11-12 10:52:07] ? Cancelled expired booking ID=29, Customer=1, Released 0 seats
[2025-11-12 10:52:07] ? Cancelled expired booking ID=30, Customer=1, Released 0 seats
[2025-11-12 10:52:07] ? Cancelled expired booking ID=31, Customer=1, Released 1 seats
[2025-11-12 10:52:07] ? Cancelled expired booking ID=32, Customer=1, Released 2 seats
[2025-11-12 10:52:07] ? Cancelled expired booking ID=33, Customer=1, Released 2 seats
[2025-11-12 10:52:07] ? Cancelled expired booking ID=34, Customer=1, Released 2 seats
[2025-11-12 10:52:07] ? Cancelled expired booking ID=35, Customer=1, Released 0 seats
[2025-11-12 10:52:07] ? Cancelled expired booking ID=36, Customer=1, Released 2 seats
[2025-11-12 10:52:07] ? Cancelled expired booking ID=37, Customer=1, Released 1 seats
[2025-11-12 10:52:07] ? Cancelled expired booking ID=38, Customer=1, Released 1 seats
[2025-11-12 10:52:07] ? Cancelled expired booking ID=39, Customer=1, Released 2 seats
[2025-11-12 10:52:07] ? Cancelled expired booking ID=40, Customer=1, Released 2 seats
[2025-11-12 10:52:07] ? Cancelled expired booking ID=41, Customer=1, Released 2 seats
[2025-11-12 10:52:07] ? Cancelled expired booking ID=42, Customer=1, Released 2 seats
[2025-11-12 10:53:07] ? Found 37 expired bookings to cancel
[2025-11-12 10:53:07] ? Cancelled expired booking ID=6, Customer=1, Released 0 seats
[2025-11-12 10:53:07] ? Cancelled expired booking ID=7, Customer=1, Released 0 seats
[2025-11-12 10:53:07] ? Cancelled expired booking ID=8, Customer=1, Released 0 seats
[2025-11-12 10:53:07] ? Cancelled expired booking ID=9, Customer=1, Released 0 seats
[2025-11-12 10:53:07] ? Cancelled expired booking ID=10, Customer=1, Released 1 seats
[2025-11-12 10:53:07] ? Cancelled expired booking ID=11, Customer=1, Released 0 seats
[2025-11-12 10:53:07] ? Cancelled expired booking ID=12, Customer=1, Released 2 seats
[2025-11-12 10:53:07] ? Cancelled expired booking ID=13, Customer=1, Released 1 seats
[2025-11-12 10:53:07] ? Cancelled expired booking ID=14, Customer=1, Released 2 seats
[2025-11-12 10:53:07] ? Cancelled expired booking ID=15, Customer=1, Released 0 seats
[2025-11-12 10:53:07] ? Cancelled expired booking ID=16, Customer=1, Released 0 seats
[2025-11-12 10:53:07] ? Cancelled expired booking ID=17, Customer=1, Released 1 seats
[2025-11-12 10:53:07] ? Cancelled expired booking ID=18, Customer=1, Released 0 seats
[2025-11-12 10:53:07] ? Cancelled expired booking ID=19, Customer=1, Released 1 seats
[2025-11-12 10:53:07] ? Cancelled expired booking ID=20, Customer=1, Released 0 seats
[2025-11-12 10:53:07] ? Cancelled expired booking ID=21, Customer=1, Released 0 seats
[2025-11-12 10:53:07] ? Cancelled expired booking ID=22, Customer=1, Released 2 seats
[2025-11-12 10:53:07] ? Cancelled expired booking ID=23, Customer=1, Released 0 seats
[2025-11-12 10:53:07] ? Cancelled expired booking ID=24, Customer=1, Released 0 seats
[2025-11-12 10:53:07] ? Cancelled expired booking ID=25, Customer=1, Released 0 seats
[2025-11-12 10:53:07] ? Cancelled expired booking ID=26, Customer=1, Released 2 seats
[2025-11-12 10:53:07] ? Cancelled expired booking ID=27, Customer=1, Released 0 seats
[2025-11-12 10:53:07] ? Cancelled expired booking ID=28, Customer=1, Released 0 seats
[2025-11-12 10:53:07] ? Cancelled expired booking ID=29, Customer=1, Released 0 seats
[2025-11-12 10:53:07] ? Cancelled expired booking ID=30, Customer=1, Released 0 seats
[2025-11-12 10:53:07] ? Cancelled expired booking ID=31, Customer=1, Released 1 seats
[2025-11-12 10:53:07] ? Cancelled expired booking ID=32, Customer=1, Released 2 seats
[2025-11-12 10:53:07] ? Cancelled expired booking ID=33, Customer=1, Released 2 seats
[2025-11-12 10:53:07] ? Cancelled expired booking ID=34, Customer=1, Released 2 seats
[2025-11-12 10:53:07] ? Cancelled expired booking ID=35, Customer=1, Released 0 seats
[2025-11-12 10:53:07] ? Cancelled expired booking ID=36, Customer=1, Released 2 seats
[2025-11-12 10:53:07] ? Cancelled expired booking ID=37, Customer=1, Released 1 seats
[2025-11-12 10:53:07] ? Cancelled expired booking ID=38, Customer=1, Released 1 seats
[2025-11-12 10:53:07] ? Cancelled expired booking ID=39, Customer=1, Released 2 seats
[2025-11-12 10:53:07] ? Cancelled expired booking ID=40, Customer=1, Released 2 seats
[2025-11-12 10:53:07] ? Cancelled expired booking ID=41, Customer=1, Released 2 seats
[2025-11-12 10:53:07] ? Cancelled expired booking ID=42, Customer=1, Released 2 seats
[2025-11-12 10:54:07] ? Found 37 expired bookings to cancel
[2025-11-12 10:54:07] ? Cancelled expired booking ID=6, Customer=1, Released 0 seats
[2025-11-12 10:54:07] ? Cancelled expired booking ID=7, Customer=1, Released 0 seats
[2025-11-12 10:54:07] ? Cancelled expired booking ID=8, Customer=1, Released 0 seats
[2025-11-12 10:54:07] ? Cancelled expired booking ID=9, Customer=1, Released 0 seats
[2025-11-12 10:54:07] ? Cancelled expired booking ID=10, Customer=1, Released 1 seats
[2025-11-12 10:54:07] ? Cancelled expired booking ID=11, Customer=1, Released 0 seats
[2025-11-12 10:54:07] ? Cancelled expired booking ID=12, Customer=1, Released 2 seats
[2025-11-12 10:54:07] ? Cancelled expired booking ID=13, Customer=1, Released 1 seats
[2025-11-12 10:54:07] ? Cancelled expired booking ID=14, Customer=1, Released 2 seats
[2025-11-12 10:54:07] ? Cancelled expired booking ID=15, Customer=1, Released 0 seats
[2025-11-12 10:54:07] ? Cancelled expired booking ID=16, Customer=1, Released 0 seats
[2025-11-12 10:54:07] ? Cancelled expired booking ID=17, Customer=1, Released 1 seats
[2025-11-12 10:54:07] ? Cancelled expired booking ID=18, Customer=1, Released 0 seats
[2025-11-12 10:54:07] ? Cancelled expired booking ID=19, Customer=1, Released 1 seats
[2025-11-12 10:54:07] ? Cancelled expired booking ID=20, Customer=1, Released 0 seats
[2025-11-12 10:54:07] ? Cancelled expired booking ID=21, Customer=1, Released 0 seats
[2025-11-12 10:54:07] ? Cancelled expired booking ID=22, Customer=1, Released 2 seats
[2025-11-12 10:54:07] ? Cancelled expired booking ID=23, Customer=1, Released 0 seats
[2025-11-12 10:54:07] ? Cancelled expired booking ID=24, Customer=1, Released 0 seats
[2025-11-12 10:54:07] ? Cancelled expired booking ID=25, Customer=1, Released 0 seats
[2025-11-12 10:54:07] ? Cancelled expired booking ID=26, Customer=1, Released 2 seats
[2025-11-12 10:54:07] ? Cancelled expired booking ID=27, Customer=1, Released 0 seats
[2025-11-12 10:54:07] ? Cancelled expired booking ID=28, Customer=1, Released 0 seats
[2025-11-12 10:54:07] ? Cancelled expired booking ID=29, Customer=1, Released 0 seats
[2025-11-12 10:54:07] ? Cancelled expired booking ID=30, Customer=1, Released 0 seats
[2025-11-12 10:54:07] ? Cancelled expired booking ID=31, Customer=1, Released 1 seats
[2025-11-12 10:54:07] ? Cancelled expired booking ID=32, Customer=1, Released 2 seats
[2025-11-12 10:54:07] ? Cancelled expired booking ID=33, Customer=1, Released 2 seats
[2025-11-12 10:54:07] ? Cancelled expired booking ID=34, Customer=1, Released 2 seats
[2025-11-12 10:54:07] ? Cancelled expired booking ID=35, Customer=1, Released 0 seats
[2025-11-12 10:54:07] ? Cancelled expired booking ID=36, Customer=1, Released 2 seats
[2025-11-12 10:54:07] ? Cancelled expired booking ID=37, Customer=1, Released 1 seats
[2025-11-12 10:54:07] ? Cancelled expired booking ID=38, Customer=1, Released 1 seats
[2025-11-12 10:54:07] ? Cancelled expired booking ID=39, Customer=1, Released 2 seats
[2025-11-12 10:54:07] ? Cancelled expired booking ID=40, Customer=1, Released 2 seats
[2025-11-12 10:54:07] ? Cancelled expired booking ID=41, Customer=1, Released 2 seats
[2025-11-12 10:54:07] ? Cancelled expired booking ID=42, Customer=1, Released 2 seats
[2025-11-12 10:54:36] ? BookingExpirationService started
[2025-11-12 11:22:56] ? BookingExpirationService started
[2025-11-12 11:23:56] ? Found 37 expired bookings to cancel
[2025-11-12 11:23:56] ? Cancelled expired booking ID=6, Customer=1, Released 0 seats
[2025-11-12 11:23:56] ? Cancelled expired booking ID=7, Customer=1, Released 0 seats
[2025-11-12 11:23:56] ? Cancelled expired booking ID=8, Customer=1, Released 0 seats
[2025-11-12 11:23:56] ? Cancelled expired booking ID=9, Customer=1, Released 0 seats
[2025-11-12 11:23:56] ? Cancelled expired booking ID=10, Customer=1, Released 1 seats
[2025-11-12 11:23:56] ? Cancelled expired booking ID=11, Customer=1, Released 0 seats
[2025-11-12 11:23:56] ? Cancelled expired booking ID=12, Customer=1, Released 2 seats
[2025-11-12 11:23:56] ? Cancelled expired booking ID=13, Customer=1, Released 1 seats
[2025-11-12 11:23:56] ? Cancelled expired booking ID=14, Customer=1, Released 2 seats
[2025-11-12 11:23:56] ? Cancelled expired booking ID=15, Customer=1, Released 0 seats
[2025-11-12 11:23:56] ? Cancelled expired booking ID=16, Customer=1, Released 0 seats
[2025-11-12 11:23:56] ? Cancelled expired booking ID=17, Customer=1, Released 1 seats
[2025-11-12 11:23:56] ? Cancelled expired booking ID=18, Customer=1, Released 0 seats
[2025-11-12 11:23:56] ? Cancelled expired booking ID=19, Customer=1, Released 1 seats
[2025-11-12 11:23:56] ? Cancelled expired booking ID=20, Customer=1, Released 0 seats
[2025-11-12 11:23:56] ? Cancelled expired booking ID=21, Customer=1, Released 0 seats
[2025-11-12 11:23:56] ? Cancelled expired booking ID=22, Customer=1, Released 2 seats
[2025-11-12 11:23:56] ? Cancelled expired booking ID=23, Customer=1, Released 0 seats
[2025-11-12 11:23:56] ? Cancelled expired booking ID=24, Customer=1, Released 0 seats
[2025-11-12 11:23:56] ? Cancelled expired booking ID=25, Customer=1, Released 0 seats
[2025-11-12 11:23:56] ? Cancelled expired booking ID=26, Customer=1, Released 2 seats
[2025-11-12 11:23:56] ? Cancelled expired booking ID=27, Customer=1, Released 0 seats
[2025-11-12 11:23:56] ? Cancelled expired booking ID=28, Customer=1, Released 0 seats
[2025-11-12 11:23:56] ? Cancelled expired booking ID=29, Customer=1, Released 0 seats
[2025-11-12 11:23:56] ? Cancelled expired booking ID=30, Customer=1, Released 0 seats
[2025-11-12 11:23:56] ? Cancelled expired booking ID=31, Customer=1, Released 1 seats
[2025-11-12 11:23:56] ? Cancelled expired booking ID=32, Customer=1, Released 2 seats
[2025-11-12 11:23:56] ? Cancelled expired booking ID=33, Customer=1, Released 2 seats
[2025-11-12 11:23:56] ? Cancelled expired booking ID=34, Customer=1, Released 2 seats
[2025-11-12 11:23:56] ? Cancelled expired booking ID=35, Customer=1, Released 0 seats
[2025-11-12 11:23:56] ? Cancelled expired booking ID=36, Customer=1, Released 2 seats
[2025-11-12 11:23:56] ? Cancelled expired booking ID=37, Customer=1, Released 1 seats
[2025-11-12 11:23:56] ? Cancelled expired booking ID=38, Customer=1, Released 1 seats
[2025-11-12 11:23:56] ? Cancelled expired booking ID=39, Customer=1, Released 2 seats
[2025-11-12 11:23:56] ? Cancelled expired booking ID=40, Customer=1, Released 2 seats
[2025-11-12 11:23:56] ? Cancelled expired booking ID=41, Customer=1, Released 2 seats
[2025-11-12 11:23:56] ? Cancelled expired booking ID=42, Customer=1, Released 2 seats
[2025-11-12 11:24:56] ? Found 37 expired bookings to cancel
[2025-11-12 11:24:56] ? Cancelled expired booking ID=6, Customer=1, Released 0 seats
[2025-11-12 11:24:56] ? Cancelled expired booking ID=7, Customer=1, Released 0 seats
[2025-11-12 11:24:56] ? Cancelled expired booking ID=8, Customer=1, Released 0 seats
[2025-11-12 11:24:56] ? Cancelled expired booking ID=9, Customer=1, Released 0 seats
[2025-11-12 11:24:56] ? Cancelled expired booking ID=10, Customer=1, Released 1 seats
[2025-11-12 11:24:56] ? Cancelled expired booking ID=11, Customer=1, Released 0 seats
[2025-11-12 11:24:56] ? Cancelled expired booking ID=12, Customer=1, Released 2 seats
[2025-11-12 11:24:56] ? Cancelled expired booking ID=13, Customer=1, Released 1 seats
[2025-11-12 11:24:56] ? Cancelled expired booking ID=14, Customer=1, Released 2 seats
[2025-11-12 11:24:56] ? Cancelled expired booking ID=15, Customer=1, Released 0 seats
[2025-11-12 11:24:56] ? Cancelled expired booking ID=16, Customer=1, Released 0 seats
[2025-11-12 11:24:56] ? Cancelled expired booking ID=17, Customer=1, Released 1 seats
[2025-11-12 11:24:56] ? Cancelled expired booking ID=18, Customer=1, Released 0 seats
[2025-11-12 11:24:56] ? Cancelled expired booking ID=19, Customer=1, Released 1 seats
[2025-11-12 11:24:56] ? Cancelled expired booking ID=20, Customer=1, Released 0 seats
[2025-11-12 11:24:56] ? Cancelled expired booking ID=21, Customer=1, Released 0 seats
[2025-11-12 11:24:56] ? Cancelled expired booking ID=22, Customer=1, Released 2 seats
[2025-11-12 11:24:56] ? Cancelled expired booking ID=23, Customer=1, Released 0 seats
[2025-11-12 11:24:56] ? Cancelled expired booking ID=24, Customer=1, Released 0 seats
[2025-11-12 11:24:56] ? Cancelled expired booking ID=25, Customer=1, Released 0 seats
[2025-11-12 11:24:56] ? Cancelled expired booking ID=26, Customer=1, Released 2 seats
[2025-11-12 11:24:56] ? Cancelled expired booking ID=27, Customer=1, Released 0 seats
[2025-11-12 11:24:56] ? Cancelled expired booking ID=28, Customer=1, Released 0 seats
[2025-11-12 11:24:56] ? Cancelled expired booking ID=29, Customer=1, Released 0 seats
[2025-11-12 11:24:56] ? Cancelled expired booking ID=30, Customer=1, Released 0 seats
[2025-11-12 11:24:56] ? Cancelled expired booking ID=31, Customer=1, Released 1 seats
[2025-11-12 11:24:56] ? Cancelled expired booking ID=32, Customer=1, Released 2 seats
[2025-11-12 11:24:56] ? Cancelled expired booking ID=33, Customer=1, Released 2 seats
[2025-11-12 11:24:56] ? Cancelled expired booking ID=34, Customer=1, Released 2 seats
[2025-11-12 11:24:56] ? Cancelled expired booking ID=35, Customer=1, Released 0 seats
[2025-11-12 11:24:56] ? Cancelled expired booking ID=36, Customer=1, Released 2 seats
[2025-11-12 11:24:56] ? Cancelled expired booking ID=37, Customer=1, Released 1 seats
[2025-11-12 11:24:56] ? Cancelled expired booking ID=38, Customer=1, Released 1 seats
[2025-11-12 11:24:57] ? Cancelled expired booking ID=39, Customer=1, Released 2 seats
[2025-11-12 11:24:57] ? Cancelled expired booking ID=40, Customer=1, Released 2 seats
[2025-11-12 11:24:57] ? Cancelled expired booking ID=41, Customer=1, Released 2 seats
[2025-11-12 11:24:57] ? Cancelled expired booking ID=42, Customer=1, Released 2 seats
[2025-11-12 11:25:56] ? Found 37 expired bookings to cancel
[2025-11-12 11:25:56] ? Cancelled expired booking ID=6, Customer=1, Released 0 seats
[2025-11-12 11:25:56] ? Cancelled expired booking ID=7, Customer=1, Released 0 seats
[2025-11-12 11:25:56] ? Cancelled expired booking ID=8, Customer=1, Released 0 seats
[2025-11-12 11:25:56] ? Cancelled expired booking ID=9, Customer=1, Released 0 seats
[2025-11-12 11:25:56] ? Cancelled expired booking ID=10, Customer=1, Released 1 seats
[2025-11-12 11:25:56] ? Cancelled expired booking ID=11, Customer=1, Released 0 seats
[2025-11-12 11:25:56] ? Cancelled expired booking ID=12, Customer=1, Released 2 seats
[2025-11-12 11:25:56] ? Cancelled expired booking ID=13, Customer=1, Released 1 seats
[2025-11-12 11:25:56] ? Cancelled expired booking ID=14, Customer=1, Released 2 seats
[2025-11-12 11:25:56] ? Cancelled expired booking ID=15, Customer=1, Released 0 seats
[2025-11-12 11:25:56] ? Cancelled expired booking ID=16, Customer=1, Released 0 seats
[2025-11-12 11:25:56] ? Cancelled expired booking ID=17, Customer=1, Released 1 seats
[2025-11-12 11:25:56] ? Cancelled expired booking ID=18, Customer=1, Released 0 seats
[2025-11-12 11:25:56] ? Cancelled expired booking ID=19, Customer=1, Released 1 seats
[2025-11-12 11:25:56] ? Cancelled expired booking ID=20, Customer=1, Released 0 seats
[2025-11-12 11:25:56] ? Cancelled expired booking ID=21, Customer=1, Released 0 seats
[2025-11-12 11:25:56] ? Cancelled expired booking ID=22, Customer=1, Released 2 seats
[2025-11-12 11:25:56] ? Cancelled expired booking ID=23, Customer=1, Released 0 seats
[2025-11-12 11:25:56] ? Cancelled expired booking ID=24, Customer=1, Released 0 seats
[2025-11-12 11:25:56] ? Cancelled expired booking ID=25, Customer=1, Released 0 seats
[2025-11-12 11:25:56] ? Cancelled expired booking ID=26, Customer=1, Released 2 seats
[2025-11-12 11:25:56] ? Cancelled expired booking ID=27, Customer=1, Released 0 seats
[2025-11-12 11:25:56] ? Cancelled expired booking ID=28, Customer=1, Released 0 seats
[2025-11-12 11:25:56] ? Cancelled expired booking ID=29, Customer=1, Released 0 seats
[2025-11-12 11:25:56] ? Cancelled expired booking ID=30, Customer=1, Released 0 seats
[2025-11-12 11:25:56] ? Cancelled expired booking ID=31, Customer=1, Released 1 seats
[2025-11-12 11:25:56] ? Cancelled expired booking ID=32, Customer=1, Released 2 seats
[2025-11-12 11:25:56] ? Cancelled expired booking ID=33, Customer=1, Released 2 seats
[2025-11-12 11:25:56] ? Cancelled expired booking ID=34, Customer=1, Released 2 seats
[2025-11-12 11:25:56] ? Cancelled expired booking ID=35, Customer=1, Released 0 seats
[2025-11-12 11:25:56] ? Cancelled expired booking ID=36, Customer=1, Released 2 seats
[2025-11-12 11:25:56] ? Cancelled expired booking ID=37, Customer=1, Released 1 seats
[2025-11-12 11:25:56] ? Cancelled expired booking ID=38, Customer=1, Released 1 seats
[2025-11-12 11:25:56] ? Cancelled expired booking ID=39, Customer=1, Released 2 seats
[2025-11-12 11:25:56] ? Cancelled expired booking ID=40, Customer=1, Released 2 seats
[2025-11-12 11:25:56] ? Cancelled expired booking ID=41, Customer=1, Released 2 seats
[2025-11-12 11:25:56] ? Cancelled expired booking ID=42, Customer=1, Released 2 seats
[2025-11-12 11:34:35] ? BookingExpirationService started
[2025-11-12 11:35:35] ? Found 37 expired bookings to cancel
[2025-11-12 11:35:35] ? Cancelled expired booking ID=6, Customer=1, Released 0 seats
[2025-11-12 11:35:35] ? Cancelled expired booking ID=7, Customer=1, Released 0 seats
[2025-11-12 11:35:35] ? Cancelled expired booking ID=8, Customer=1, Released 0 seats
[2025-11-12 11:35:35] ? Cancelled expired booking ID=9, Customer=1, Released 0 seats
[2025-11-12 11:35:35] ? Cancelled expired booking ID=10, Customer=1, Released 1 seats
[2025-11-12 11:35:35] ? Cancelled expired booking ID=11, Customer=1, Released 0 seats
[2025-11-12 11:35:35] ? Cancelled expired booking ID=12, Customer=1, Released 2 seats
[2025-11-12 11:35:35] ? Cancelled expired booking ID=13, Customer=1, Released 1 seats
[2025-11-12 11:35:35] ? Cancelled expired booking ID=14, Customer=1, Released 2 seats
[2025-11-12 11:35:35] ? Cancelled expired booking ID=15, Customer=1, Released 0 seats
[2025-11-12 11:35:35] ? Cancelled expired booking ID=16, Customer=1, Released 0 seats
[2025-11-12 11:35:35] ? Cancelled expired booking ID=17, Customer=1, Released 1 seats
[2025-11-12 11:35:35] ? Cancelled expired booking ID=18, Customer=1, Released 0 seats
[2025-11-12 11:35:35] ? Cancelled expired booking ID=19, Customer=1, Released 1 seats
[2025-11-12 11:35:35] ? Cancelled expired booking ID=20, Customer=1, Released 0 seats
[2025-11-12 11:35:35] ? Cancelled expired booking ID=21, Customer=1, Released 0 seats
[2025-11-12 11:35:35] ? Cancelled expired booking ID=22, Customer=1, Released 2 seats
[2025-11-12 11:35:35] ? Cancelled expired booking ID=23, Customer=1, Released 0 seats
[2025-11-12 11:35:35] ? Cancelled expired booking ID=24, Customer=1, Released 0 seats
[2025-11-12 11:35:35] ? Cancelled expired booking ID=25, Customer=1, Released 0 seats
[2025-11-12 11:35:35] ? Cancelled expired booking ID=26, Customer=1, Released 2 seats
[2025-11-12 11:35:35] ? Cancelled expired booking ID=27, Customer=1, Released 0 seats
[2025-11-12 11:35:35] ? Cancelled expired booking ID=28, Customer=1, Released 0 seats
[2025-11-12 11:35:35] ? Cancelled expired booking ID=29, Customer=1, Released 0 seats
[2025-11-12 11:35:35] ? Cancelled expired booking ID=30, Customer=1, Released 0 seats
[2025-11-12 11:35:35] ? Cancelled expired booking ID=31, Customer=1, Released 1 seats
[2025-11-12 11:35:35] ? Cancelled expired booking ID=32, Customer=1, Released 2 seats
[2025-11-12 11:35:35] ? Cancelled expired booking ID=33, Customer=1, Released 2 seats
[2025-11-12 11:35:35] ? Cancelled expired booking ID=34, Customer=1, Released 2 seats
[2025-11-12 11:35:35] ? Cancelled expired booking ID=35, Customer=1, Released 0 seats
[2025-11-12 11:35:35] ? Cancelled expired booking ID=36, Customer=1, Released 2 seats
[2025-11-12 11:35:35] ? Cancelled expired booking ID=37, Customer=1, Released 1 seats
[2025-11-12 11:35:35] ? Cancelled expired booking ID=38, Customer=1, Released 1 seats
[2025-11-12 11:35:35] ? Cancelled expired booking ID=39, Customer=1, Released 2 seats
[2025-11-12 11:35:35] ? Cancelled expired booking ID=40, Customer=1, Released 2 seats
[2025-11-12 11:35:35] ? Cancelled expired booking ID=41, Customer=1, Released 2 seats
[2025-11-12 11:35:35] ? Cancelled expired booking ID=42, Customer=1, Released 2 seats
[2025-11-12 11:36:35] ? Found 37 expired bookings to cancel
[2025-11-12 11:36:35] ? Cancelled expired booking ID=6, Customer=1, Released 0 seats
[2025-11-12 11:36:35] ? Cancelled expired booking ID=7, Customer=1, Released 0 seats
[2025-11-12 11:36:35] ? Cancelled expired booking ID=8, Customer=1, Released 0 seats
[2025-11-12 11:36:35] ? Cancelled expired booking ID=9, Customer=1, Released 0 seats
[2025-11-12 11:36:35] ? Cancelled expired booking ID=10, Customer=1, Released 1 seats
[2025-11-12 11:36:35] ? Cancelled expired booking ID=11, Customer=1, Released 0 seats
[2025-11-12 11:36:35] ? Cancelled expired booking ID=12, Customer=1, Released 2 seats
[2025-11-12 11:36:35] ? Cancelled expired booking ID=13, Customer=1, Released 1 seats
[2025-11-12 11:36:35] ? Cancelled expired booking ID=14, Customer=1, Released 2 seats
[2025-11-12 11:36:35] ? Cancelled expired booking ID=15, Customer=1, Released 0 seats
[2025-11-12 11:36:35] ? Cancelled expired booking ID=16, Customer=1, Released 0 seats
[2025-11-12 11:36:35] ? Cancelled expired booking ID=17, Customer=1, Released 1 seats
[2025-11-12 11:36:35] ? Cancelled expired booking ID=18, Customer=1, Released 0 seats
[2025-11-12 11:36:35] ? Cancelled expired booking ID=19, Customer=1, Released 1 seats
[2025-11-12 11:36:35] ? Cancelled expired booking ID=20, Customer=1, Released 0 seats
[2025-11-12 11:36:35] ? Cancelled expired booking ID=21, Customer=1, Released 0 seats
[2025-11-12 11:36:35] ? Cancelled expired booking ID=22, Customer=1, Released 2 seats
[2025-11-12 11:36:35] ? Cancelled expired booking ID=23, Customer=1, Released 0 seats
[2025-11-12 11:36:35] ? Cancelled expired booking ID=24, Customer=1, Released 0 seats
[2025-11-12 11:36:35] ? Cancelled expired booking ID=25, Customer=1, Released 0 seats
[2025-11-12 11:36:35] ? Cancelled expired booking ID=26, Customer=1, Released 2 seats
[2025-11-12 11:36:35] ? Cancelled expired booking ID=27, Customer=1, Released 0 seats
[2025-11-12 11:36:35] ? Cancelled expired booking ID=28, Customer=1, Released 0 seats
[2025-11-12 11:36:35] ? Cancelled expired booking ID=29, Customer=1, Released 0 seats
[2025-11-12 11:36:35] ? Cancelled expired booking ID=30, Customer=1, Released 0 seats
[2025-11-12 11:36:35] ? Cancelled expired booking ID=31, Customer=1, Released 1 seats
[2025-11-12 11:36:35] ? Cancelled expired booking ID=32, Customer=1, Released 2 seats
[2025-11-12 11:36:35] ? Cancelled expired booking ID=33, Customer=1, Released 2 seats
[2025-11-12 11:36:35] ? Cancelled expired booking ID=34, Customer=1, Released 2 seats
[2025-11-12 11:36:35] ? Cancelled expired booking ID=35, Customer=1, Released 0 seats
[2025-11-12 11:36:35] ? Cancelled expired booking ID=36, Customer=1, Released 2 seats
[2025-11-12 11:36:35] ? Cancelled expired booking ID=37, Customer=1, Released 1 seats
[2025-11-12 11:36:35] ? Cancelled expired booking ID=38, Customer=1, Released 1 seats
[2025-11-12 11:36:35] ? Cancelled expired booking ID=39, Customer=1, Released 2 seats
[2025-11-12 11:36:35] ? Cancelled expired booking ID=40, Customer=1, Released 2 seats
[2025-11-12 11:36:35] ? Cancelled expired booking ID=41, Customer=1, Released 2 seats
[2025-11-12 11:36:35] ? Cancelled expired booking ID=42, Customer=1, Released 2 seats
[2025-11-12 11:37:35] ? Found 37 expired bookings to cancel
[2025-11-12 11:37:35] ? Cancelled expired booking ID=6, Customer=1, Released 0 seats
[2025-11-12 11:37:35] ? Cancelled expired booking ID=7, Customer=1, Released 0 seats
[2025-11-12 11:37:35] ? Cancelled expired booking ID=8, Customer=1, Released 0 seats
[2025-11-12 11:37:35] ? Cancelled expired booking ID=9, Customer=1, Released 0 seats
[2025-11-12 11:37:35] ? Cancelled expired booking ID=10, Customer=1, Released 1 seats
[2025-11-12 11:37:35] ? Cancelled expired booking ID=11, Customer=1, Released 0 seats
[2025-11-12 11:37:35] ? Cancelled expired booking ID=12, Customer=1, Released 2 seats
[2025-11-12 11:37:35] ? Cancelled expired booking ID=13, Customer=1, Released 1 seats
[2025-11-12 11:37:35] ? Cancelled expired booking ID=14, Customer=1, Released 2 seats
[2025-11-12 11:37:35] ? Cancelled expired booking ID=15, Customer=1, Released 0 seats
[2025-11-12 11:37:35] ? Cancelled expired booking ID=16, Customer=1, Released 0 seats
[2025-11-12 11:37:35] ? Cancelled expired booking ID=17, Customer=1, Released 1 seats
[2025-11-12 11:37:35] ? Cancelled expired booking ID=18, Customer=1, Released 0 seats
[2025-11-12 11:37:35] ? Cancelled expired booking ID=19, Customer=1, Released 1 seats
[2025-11-12 11:37:35] ? Cancelled expired booking ID=20, Customer=1, Released 0 seats
[2025-11-12 11:37:35] ? Cancelled expired booking ID=21, Customer=1, Released 0 seats
[2025-11-12 11:37:35] ? Cancelled expired booking ID=22, Customer=1, Released 2 seats
[2025-11-12 11:37:35] ? Cancelled expired booking ID=23, Customer=1, Released 0 seats
[2025-11-12 11:37:35] ? Cancelled expired booking ID=24, Customer=1, Released 0 seats
[2025-11-12 11:37:35] ? Cancelled expired booking ID=25, Customer=1, Released 0 seats
[2025-11-12 11:37:35] ? Cancelled expired booking ID=26, Customer=1, Released 2 seats
[2025-11-12 11:37:35] ? Cancelled expired booking ID=27, Customer=1, Released 0 seats
[2025-11-12 11:37:35] ? Cancelled expired booking ID=28, Customer=1, Released 0 seats
[2025-11-12 11:37:35] ? Cancelled expired booking ID=29, Customer=1, Released 0 seats
[2025-11-12 11:37:35] ? Cancelled expired booking ID=30, Customer=1, Released 0 seats
[2025-11-12 11:37:35] ? Cancelled expired booking ID=31, Customer=1, Released 1 seats
[2025-11-12 11:37:35] ? Cancelled expired booking ID=32, Customer=1, Released 2 seats
[2025-11-12 11:37:35] ? Cancelled expired booking ID=33, Customer=1, Released 2 seats
[2025-11-12 11:37:35] ? Cancelled expired booking ID=34, Customer=1, Released 2 seats
[2025-11-12 11:37:35] ? Cancelled expired booking ID=35, Customer=1, Released 0 seats
[2025-11-12 11:37:35] ? Cancelled expired booking ID=36, Customer=1, Released 2 seats
[2025-11-12 11:37:35] ? Cancelled expired booking ID=37, Customer=1, Released 1 seats
[2025-11-12 11:37:35] ? Cancelled expired booking ID=38, Customer=1, Released 1 seats
[2025-11-12 11:37:35] ? Cancelled expired booking ID=39, Customer=1, Released 2 seats
[2025-11-12 11:37:35] ? Cancelled expired booking ID=40, Customer=1, Released 2 seats
[2025-11-12 11:37:35] ? Cancelled expired booking ID=41, Customer=1, Released 2 seats
[2025-11-12 11:37:35] ? Cancelled expired booking ID=42, Customer=1, Released 2 seats
[2025-11-12 11:38:35] ? Found 37 expired bookings to cancel
[2025-11-12 11:38:35] ? Cancelled expired booking ID=6, Customer=1, Released 0 seats
[2025-11-12 11:38:35] ? Cancelled expired booking ID=7, Customer=1, Released 0 seats
[2025-11-12 11:38:35] ? Cancelled expired booking ID=8, Customer=1, Released 0 seats
[2025-11-12 11:38:35] ? Cancelled expired booking ID=9, Customer=1, Released 0 seats
[2025-11-12 11:38:35] ? Cancelled expired booking ID=10, Customer=1, Released 1 seats
[2025-11-12 11:38:35] ? Cancelled expired booking ID=11, Customer=1, Released 0 seats
[2025-11-12 11:38:35] ? Cancelled expired booking ID=12, Customer=1, Released 2 seats
[2025-11-12 11:38:35] ? Cancelled expired booking ID=13, Customer=1, Released 1 seats
[2025-11-12 11:38:35] ? Cancelled expired booking ID=14, Customer=1, Released 2 seats
[2025-11-12 11:38:35] ? Cancelled expired booking ID=15, Customer=1, Released 0 seats
[2025-11-12 11:38:35] ? Cancelled expired booking ID=16, Customer=1, Released 0 seats
[2025-11-12 11:38:35] ? Cancelled expired booking ID=17, Customer=1, Released 1 seats
[2025-11-12 11:38:35] ? Cancelled expired booking ID=18, Customer=1, Released 0 seats
[2025-11-12 11:38:35] ? Cancelled expired booking ID=19, Customer=1, Released 1 seats
[2025-11-12 11:38:35] ? Cancelled expired booking ID=20, Customer=1, Released 0 seats
[2025-11-12 11:38:35] ? Cancelled expired booking ID=21, Customer=1, Released 0 seats
[2025-11-12 11:38:35] ? Cancelled expired booking ID=22, Customer=1, Released 2 seats
[2025-11-12 11:38:35] ? Cancelled expired booking ID=23, Customer=1, Released 0 seats
[2025-11-12 11:38:35] ? Cancelled expired booking ID=24, Customer=1, Released 0 seats
[2025-11-12 11:38:35] ? Cancelled expired booking ID=25, Customer=1, Released 0 seats
[2025-11-12 11:38:35] ? Cancelled expired booking ID=26, Customer=1, Released 2 seats
[2025-11-12 11:38:35] ? Cancelled expired booking ID=27, Customer=1, Released 0 seats
[2025-11-12 11:38:35] ? Cancelled expired booking ID=28, Customer=1, Released 0 seats
[2025-11-12 11:38:35] ? Cancelled expired booking ID=29, Customer=1, Released 0 seats
[2025-11-12 11:38:35] ? Cancelled expired booking ID=30, Customer=1, Released 0 seats
[2025-11-12 11:38:35] ? Cancelled expired booking ID=31, Customer=1, Released 1 seats
[2025-11-12 11:38:35] ? Cancelled expired booking ID=32, Customer=1, Released 2 seats
[2025-11-12 11:38:35] ? Cancelled expired booking ID=33, Customer=1, Released 2 seats
[2025-11-12 11:38:35] ? Cancelled expired booking ID=34, Customer=1, Released 2 seats
[2025-11-12 11:38:35] ? Cancelled expired booking ID=35, Customer=1, Released 0 seats
[2025-11-12 11:38:35] ? Cancelled expired booking ID=36, Customer=1, Released 2 seats
[2025-11-12 11:38:35] ? Cancelled expired booking ID=37, Customer=1, Released 1 seats
[2025-11-12 11:38:35] ? Cancelled expired booking ID=38, Customer=1, Released 1 seats
[2025-11-12 11:38:35] ? Cancelled expired booking ID=39, Customer=1, Released 2 seats
[2025-11-12 11:38:35] ? Cancelled expired booking ID=40, Customer=1, Released 2 seats
[2025-11-12 11:38:35] ? Cancelled expired booking ID=41, Customer=1, Released 2 seats
[2025-11-12 11:38:35] ? Cancelled expired booking ID=42, Customer=1, Released 2 seats
[2025-11-12 11:39:35] ? Found 37 expired bookings to cancel
[2025-11-12 11:39:35] ? Cancelled expired booking ID=6, Customer=1, Released 0 seats
[2025-11-12 11:39:35] ? Cancelled expired booking ID=7, Customer=1, Released 0 seats
[2025-11-12 11:39:35] ? Cancelled expired booking ID=8, Customer=1, Released 0 seats
[2025-11-12 11:39:35] ? Cancelled expired booking ID=9, Customer=1, Released 0 seats
[2025-11-12 11:39:35] ? Cancelled expired booking ID=10, Customer=1, Released 1 seats
[2025-11-12 11:39:35] ? Cancelled expired booking ID=11, Customer=1, Released 0 seats
[2025-11-12 11:39:35] ? Cancelled expired booking ID=12, Customer=1, Released 2 seats
[2025-11-12 11:39:35] ? Cancelled expired booking ID=13, Customer=1, Released 1 seats
[2025-11-12 11:39:35] ? Cancelled expired booking ID=14, Customer=1, Released 2 seats
[2025-11-12 11:39:35] ? Cancelled expired booking ID=15, Customer=1, Released 0 seats
[2025-11-12 11:39:35] ? Cancelled expired booking ID=16, Customer=1, Released 0 seats
[2025-11-12 11:39:35] ? Cancelled expired booking ID=17, Customer=1, Released 1 seats
[2025-11-12 11:39:35] ? Cancelled expired booking ID=18, Customer=1, Released 0 seats
[2025-11-12 11:39:35] ? Cancelled expired booking ID=19, Customer=1, Released 1 seats
[2025-11-12 11:39:35] ? Cancelled expired booking ID=20, Customer=1, Released 0 seats
[2025-11-12 11:39:35] ? Cancelled expired booking ID=21, Customer=1, Released 0 seats
[2025-11-12 11:39:35] ? Cancelled expired booking ID=22, Customer=1, Released 2 seats
[2025-11-12 11:39:35] ? Cancelled expired booking ID=23, Customer=1, Released 0 seats
[2025-11-12 11:39:35] ? Cancelled expired booking ID=24, Customer=1, Released 0 seats
[2025-11-12 11:39:35] ? Cancelled expired booking ID=25, Customer=1, Released 0 seats
[2025-11-12 11:39:35] ? Cancelled expired booking ID=26, Customer=1, Released 2 seats
[2025-11-12 11:39:35] ? Cancelled expired booking ID=27, Customer=1, Released 0 seats
[2025-11-12 11:39:35] ? Cancelled expired booking ID=28, Customer=1, Released 0 seats
[2025-11-12 11:39:35] ? Cancelled expired booking ID=29, Customer=1, Released 0 seats
[2025-11-12 11:39:35] ? Cancelled expired booking ID=30, Customer=1, Released 0 seats
[2025-11-12 11:39:35] ? Cancelled expired booking ID=31, Customer=1, Released 1 seats
[2025-11-12 11:39:35] ? Cancelled expired booking ID=32, Customer=1, Released 2 seats
[2025-11-12 11:39:35] ? Cancelled expired booking ID=33, Customer=1, Released 2 seats
[2025-11-12 11:39:35] ? Cancelled expired booking ID=34, Customer=1, Released 2 seats
[2025-11-12 11:39:35] ? Cancelled expired booking ID=35, Customer=1, Released 0 seats
[2025-11-12 11:39:35] ? Cancelled expired booking ID=36, Customer=1, Released 2 seats
[2025-11-12 11:39:35] ? Cancelled expired booking ID=37, Customer=1, Released 1 seats
[2025-11-12 11:39:35] ? Cancelled expired booking ID=38, Customer=1, Released 1 seats
[2025-11-12 11:39:35] ? Cancelled expired booking ID=39, Customer=1, Released 2 seats
[2025-11-12 11:39:35] ? Cancelled expired booking ID=40, Customer=1, Released 2 seats
[2025-11-12 11:39:35] ? Cancelled expired booking ID=41, Customer=1, Released 2 seats
[2025-11-12 11:39:35] ? Cancelled expired booking ID=42, Customer=1, Released 2 seats
[2025-11-12 11:40:35] ? Found 37 expired bookings to cancel
[2025-11-12 11:40:35] ? Cancelled expired booking ID=6, Customer=1, Released 0 seats
[2025-11-12 11:40:35] ? Cancelled expired booking ID=7, Customer=1, Released 0 seats
[2025-11-12 11:40:35] ? Cancelled expired booking ID=8, Customer=1, Released 0 seats
[2025-11-12 11:40:35] ? Cancelled expired booking ID=9, Customer=1, Released 0 seats
[2025-11-12 11:40:35] ? Cancelled expired booking ID=10, Customer=1, Released 1 seats
[2025-11-12 11:40:35] ? Cancelled expired booking ID=11, Customer=1, Released 0 seats
[2025-11-12 11:40:35] ? Cancelled expired booking ID=12, Customer=1, Released 2 seats
[2025-11-12 11:40:35] ? Cancelled expired booking ID=13, Customer=1, Released 1 seats
[2025-11-12 11:40:35] ? Cancelled expired booking ID=14, Customer=1, Released 2 seats
[2025-11-12 11:40:35] ? Cancelled expired booking ID=15, Customer=1, Released 0 seats
[2025-11-12 11:40:35] ? Cancelled expired booking ID=16, Customer=1, Released 0 seats
[2025-11-12 11:40:35] ? Cancelled expired booking ID=17, Customer=1, Released 1 seats
[2025-11-12 11:40:35] ? Cancelled expired booking ID=18, Customer=1, Released 0 seats
[2025-11-12 11:40:35] ? Cancelled expired booking ID=19, Customer=1, Released 1 seats
[2025-11-12 11:40:35] ? Cancelled expired booking ID=20, Customer=1, Released 0 seats
[2025-11-12 11:40:35] ? Cancelled expired booking ID=21, Customer=1, Released 0 seats
[2025-11-12 11:40:35] ? Cancelled expired booking ID=22, Customer=1, Released 2 seats
[2025-11-12 11:40:35] ? Cancelled expired booking ID=23, Customer=1, Released 0 seats
[2025-11-12 11:40:35] ? Cancelled expired booking ID=24, Customer=1, Released 0 seats
[2025-11-12 11:40:35] ? Cancelled expired booking ID=25, Customer=1, Released 0 seats
[2025-11-12 11:40:35] ? Cancelled expired booking ID=26, Customer=1, Released 2 seats
[2025-11-12 11:40:35] ? Cancelled expired booking ID=27, Customer=1, Released 0 seats
[2025-11-12 11:40:35] ? Cancelled expired booking ID=28, Customer=1, Released 0 seats
[2025-11-12 11:40:35] ? Cancelled expired booking ID=29, Customer=1, Released 0 seats
[2025-11-12 11:40:35] ? Cancelled expired booking ID=30, Customer=1, Released 0 seats
[2025-11-12 11:40:35] ? Cancelled expired booking ID=31, Customer=1, Released 1 seats
[2025-11-12 11:40:35] ? Cancelled expired booking ID=32, Customer=1, Released 2 seats
[2025-11-12 11:40:35] ? Cancelled expired booking ID=33, Customer=1, Released 2 seats
[2025-11-12 11:40:35] ? Cancelled expired booking ID=34, Customer=1, Released 2 seats
[2025-11-12 11:40:35] ? Cancelled expired booking ID=35, Customer=1, Released 0 seats
[2025-11-12 11:40:35] ? Cancelled expired booking ID=36, Customer=1, Released 2 seats
[2025-11-12 11:40:35] ? Cancelled expired booking ID=37, Customer=1, Released 1 seats
[2025-11-12 11:40:35] ? Cancelled expired booking ID=38, Customer=1, Released 1 seats
[2025-11-12 11:40:35] ? Cancelled expired booking ID=39, Customer=1, Released 2 seats
[2025-11-12 11:40:35] ? Cancelled expired booking ID=40, Customer=1, Released 2 seats
[2025-11-12 11:40:35] ? Cancelled expired booking ID=41, Customer=1, Released 2 seats
[2025-11-12 11:40:35] ? Cancelled expired booking ID=42, Customer=1, Released 2 seats
[2025-11-12 11:41:35] ? Found 37 expired bookings to cancel
[2025-11-12 11:41:35] ? Cancelled expired booking ID=6, Customer=1, Released 0 seats
[2025-11-12 11:41:35] ? Cancelled expired booking ID=7, Customer=1, Released 0 seats
[2025-11-12 11:41:35] ? Cancelled expired booking ID=8, Customer=1, Released 0 seats
[2025-11-12 11:41:35] ? Cancelled expired booking ID=9, Customer=1, Released 0 seats
[2025-11-12 11:41:35] ? Cancelled expired booking ID=10, Customer=1, Released 1 seats
[2025-11-12 11:41:35] ? Cancelled expired booking ID=11, Customer=1, Released 0 seats
[2025-11-12 11:41:35] ? Cancelled expired booking ID=12, Customer=1, Released 2 seats
[2025-11-12 11:41:35] ? Cancelled expired booking ID=13, Customer=1, Released 1 seats
[2025-11-12 11:41:35] ? Cancelled expired booking ID=14, Customer=1, Released 2 seats
[2025-11-12 11:41:35] ? Cancelled expired booking ID=15, Customer=1, Released 0 seats
[2025-11-12 11:41:35] ? Cancelled expired booking ID=16, Customer=1, Released 0 seats
[2025-11-12 11:41:35] ? Cancelled expired booking ID=17, Customer=1, Released 1 seats
[2025-11-12 11:41:35] ? Cancelled expired booking ID=18, Customer=1, Released 0 seats
[2025-11-12 11:41:35] ? Cancelled expired booking ID=19, Customer=1, Released 1 seats
[2025-11-12 11:41:35] ? Cancelled expired booking ID=20, Customer=1, Released 0 seats
[2025-11-12 11:41:35] ? Cancelled expired booking ID=21, Customer=1, Released 0 seats
[2025-11-12 11:41:35] ? Cancelled expired booking ID=22, Customer=1, Released 2 seats
[2025-11-12 11:41:35] ? Cancelled expired booking ID=23, Customer=1, Released 0 seats
[2025-11-12 11:41:35] ? Cancelled expired booking ID=24, Customer=1, Released 0 seats
[2025-11-12 11:41:35] ? Cancelled expired booking ID=25, Customer=1, Released 0 seats
[2025-11-12 11:41:35] ? Cancelled expired booking ID=26, Customer=1, Released 2 seats
[2025-11-12 11:41:35] ? Cancelled expired booking ID=27, Customer=1, Released 0 seats
[2025-11-12 11:41:35] ? Cancelled expired booking ID=28, Customer=1, Released 0 seats
[2025-11-12 11:41:35] ? Cancelled expired booking ID=29, Customer=1, Released 0 seats
[2025-11-12 11:41:35] ? Cancelled expired booking ID=30, Customer=1, Released 0 seats
[2025-11-12 11:41:35] ? Cancelled expired booking ID=31, Customer=1, Released 1 seats
[2025-11-12 11:41:35] ? Cancelled expired booking ID=32, Customer=1, Released 2 seats
[2025-11-12 11:41:35] ? Cancelled expired booking ID=33, Customer=1, Released 2 seats
[2025-11-12 11:41:35] ? Cancelled expired booking ID=34, Customer=1, Released 2 seats
[2025-11-12 11:41:35] ? Cancelled expired booking ID=35, Customer=1, Released 0 seats
[2025-11-12 11:41:35] ? Cancelled expired booking ID=36, Customer=1, Released 2 seats
[2025-11-12 11:41:35] ? Cancelled expired booking ID=37, Customer=1, Released 1 seats
[2025-11-12 11:41:35] ? Cancelled expired booking ID=38, Customer=1, Released 1 seats
[2025-11-12 11:41:35] ? Cancelled expired booking ID=39, Customer=1, Released 2 seats
[2025-11-12 11:41:35] ? Cancelled expired booking ID=40, Customer=1, Released 2 seats
[2025-11-12 11:41:35] ? Cancelled expired booking ID=41, Customer=1, Released 2 seats
[2025-11-12 11:41:35] ? Cancelled expired booking ID=42, Customer=1, Released 2 seats
[2025-11-12 11:42:35] ? Found 37 expired bookings to cancel
[2025-11-12 11:42:35] ? Cancelled expired booking ID=6, Customer=1, Released 0 seats
[2025-11-12 11:42:35] ? Cancelled expired booking ID=7, Customer=1, Released 0 seats
[2025-11-12 11:42:35] ? Cancelled expired booking ID=8, Customer=1, Released 0 seats
[2025-11-12 11:42:35] ? Cancelled expired booking ID=9, Customer=1, Released 0 seats
[2025-11-12 11:42:35] ? Cancelled expired booking ID=10, Customer=1, Released 1 seats
[2025-11-12 11:42:35] ? Cancelled expired booking ID=11, Customer=1, Released 0 seats
[2025-11-12 11:42:35] ? Cancelled expired booking ID=12, Customer=1, Released 2 seats
[2025-11-12 11:42:35] ? Cancelled expired booking ID=13, Customer=1, Released 1 seats
[2025-11-12 11:42:35] ? Cancelled expired booking ID=14, Customer=1, Released 2 seats
[2025-11-12 11:42:35] ? Cancelled expired booking ID=15, Customer=1, Released 0 seats
[2025-11-12 11:42:35] ? Cancelled expired booking ID=16, Customer=1, Released 0 seats
[2025-11-12 11:42:35] ? Cancelled expired booking ID=17, Customer=1, Released 1 seats
[2025-11-12 11:42:35] ? Cancelled expired booking ID=18, Customer=1, Released 0 seats
[2025-11-12 11:42:35] ? Cancelled expired booking ID=19, Customer=1, Released 1 seats
[2025-11-12 11:42:35] ? Cancelled expired booking ID=20, Customer=1, Released 0 seats
[2025-11-12 11:42:35] ? Cancelled expired booking ID=21, Customer=1, Released 0 seats
[2025-11-12 11:42:35] ? Cancelled expired booking ID=22, Customer=1, Released 2 seats
[2025-11-12 11:42:35] ? Cancelled expired booking ID=23, Customer=1, Released 0 seats
[2025-11-12 11:42:35] ? Cancelled expired booking ID=24, Customer=1, Released 0 seats
[2025-11-12 11:42:35] ? Cancelled expired booking ID=25, Customer=1, Released 0 seats
[2025-11-12 11:42:35] ? Cancelled expired booking ID=26, Customer=1, Released 2 seats
[2025-11-12 11:42:35] ? Cancelled expired booking ID=27, Customer=1, Released 0 seats
[2025-11-12 11:42:35] ? Cancelled expired booking ID=28, Customer=1, Released 0 seats
[2025-11-12 11:42:35] ? Cancelled expired booking ID=29, Customer=1, Released 0 seats
[2025-11-12 11:42:35] ? Cancelled expired booking ID=30, Customer=1, Released 0 seats
[2025-11-12 11:42:35] ? Cancelled expired booking ID=31, Customer=1, Released 1 seats
[2025-11-12 11:42:35] ? Cancelled expired booking ID=32, Customer=1, Released 2 seats
[2025-11-12 11:42:35] ? Cancelled expired booking ID=33, Customer=1, Released 2 seats
[2025-11-12 11:42:35] ? Cancelled expired booking ID=34, Customer=1, Released 2 seats
[2025-11-12 11:42:35] ? Cancelled expired booking ID=35, Customer=1, Released 0 seats
[2025-11-12 11:42:35] ? Cancelled expired booking ID=36, Customer=1, Released 2 seats
[2025-11-12 11:42:35] ? Cancelled expired booking ID=37, Customer=1, Released 1 seats
[2025-11-12 11:42:35] ? Cancelled expired booking ID=38, Customer=1, Released 1 seats
[2025-11-12 11:42:35] ? Cancelled expired booking ID=39, Customer=1, Released 2 seats
[2025-11-12 11:42:35] ? Cancelled expired booking ID=40, Customer=1, Released 2 seats
[2025-11-12 11:42:35] ? Cancelled expired booking ID=41, Customer=1, Released 2 seats
[2025-11-12 11:42:35] ? Cancelled expired booking ID=42, Customer=1, Released 2 seats
[2025-11-12 11:43:35] ? Found 37 expired bookings to cancel
[2025-11-12 11:43:35] ? Cancelled expired booking ID=6, Customer=1, Released 0 seats
[2025-11-12 11:43:35] ? Cancelled expired booking ID=7, Customer=1, Released 0 seats
[2025-11-12 11:43:35] ? Cancelled expired booking ID=8, Customer=1, Released 0 seats
[2025-11-12 11:43:35] ? Cancelled expired booking ID=9, Customer=1, Released 0 seats
[2025-11-12 11:43:35] ? Cancelled expired booking ID=10, Customer=1, Released 1 seats
[2025-11-12 11:43:35] ? Cancelled expired booking ID=11, Customer=1, Released 0 seats
[2025-11-12 11:43:35] ? Cancelled expired booking ID=12, Customer=1, Released 2 seats
[2025-11-12 11:43:35] ? Cancelled expired booking ID=13, Customer=1, Released 1 seats
[2025-11-12 11:43:35] ? Cancelled expired booking ID=14, Customer=1, Released 2 seats
[2025-11-12 11:43:35] ? Cancelled expired booking ID=15, Customer=1, Released 0 seats
[2025-11-12 11:43:35] ? Cancelled expired booking ID=16, Customer=1, Released 0 seats
[2025-11-12 11:43:35] ? Cancelled expired booking ID=17, Customer=1, Released 1 seats
[2025-11-12 11:43:35] ? Cancelled expired booking ID=18, Customer=1, Released 0 seats
[2025-11-12 11:43:35] ? Cancelled expired booking ID=19, Customer=1, Released 1 seats
[2025-11-12 11:43:35] ? Cancelled expired booking ID=20, Customer=1, Released 0 seats
[2025-11-12 11:43:35] ? Cancelled expired booking ID=21, Customer=1, Released 0 seats
[2025-11-12 11:43:35] ? Cancelled expired booking ID=22, Customer=1, Released 2 seats
[2025-11-12 11:43:35] ? Cancelled expired booking ID=23, Customer=1, Released 0 seats
[2025-11-12 11:43:35] ? Cancelled expired booking ID=24, Customer=1, Released 0 seats
[2025-11-12 11:43:35] ? Cancelled expired booking ID=25, Customer=1, Released 0 seats
[2025-11-12 11:43:35] ? Cancelled expired booking ID=26, Customer=1, Released 2 seats
[2025-11-12 11:43:35] ? Cancelled expired booking ID=27, Customer=1, Released 0 seats
[2025-11-12 11:43:35] ? Cancelled expired booking ID=28, Customer=1, Released 0 seats
[2025-11-12 11:43:35] ? Cancelled expired booking ID=29, Customer=1, Released 0 seats
[2025-11-12 11:43:35] ? Cancelled expired booking ID=30, Customer=1, Released 0 seats
[2025-11-12 11:43:35] ? Cancelled expired booking ID=31, Customer=1, Released 1 seats
[2025-11-12 11:43:35] ? Cancelled expired booking ID=32, Customer=1, Released 2 seats
[2025-11-12 11:43:35] ? Cancelled expired booking ID=33, Customer=1, Released 2 seats
[2025-11-12 11:43:35] ? Cancelled expired booking ID=34, Customer=1, Released 2 seats
[2025-11-12 11:43:35] ? Cancelled expired booking ID=35, Customer=1, Released 0 seats
[2025-11-12 11:43:35] ? Cancelled expired booking ID=36, Customer=1, Released 2 seats
[2025-11-12 11:43:35] ? Cancelled expired booking ID=37, Customer=1, Released 1 seats
[2025-11-12 11:43:35] ? Cancelled expired booking ID=38, Customer=1, Released 1 seats
[2025-11-12 11:43:35] ? Cancelled expired booking ID=39, Customer=1, Released 2 seats
[2025-11-12 11:43:35] ? Cancelled expired booking ID=40, Customer=1, Released 2 seats
[2025-11-12 11:43:35] ? Cancelled expired booking ID=41, Customer=1, Released 2 seats
[2025-11-12 11:43:35] ? Cancelled expired booking ID=42, Customer=1, Released 2 seats
[2025-11-12 11:44:35] ? Found 37 expired bookings to cancel
[2025-11-12 11:44:35] ? Cancelled expired booking ID=6, Customer=1, Released 0 seats
[2025-11-12 11:44:35] ? Cancelled expired booking ID=7, Customer=1, Released 0 seats
[2025-11-12 11:44:35] ? Cancelled expired booking ID=8, Customer=1, Released 0 seats
[2025-11-12 11:44:35] ? Cancelled expired booking ID=9, Customer=1, Released 0 seats
[2025-11-12 11:44:35] ? Cancelled expired booking ID=10, Customer=1, Released 1 seats
[2025-11-12 11:44:35] ? Cancelled expired booking ID=11, Customer=1, Released 0 seats
[2025-11-12 11:44:35] ? Cancelled expired booking ID=12, Customer=1, Released 2 seats
[2025-11-12 11:44:35] ? Cancelled expired booking ID=13, Customer=1, Released 1 seats
[2025-11-12 11:44:35] ? Cancelled expired booking ID=14, Customer=1, Released 2 seats
[2025-11-12 11:44:35] ? Cancelled expired booking ID=15, Customer=1, Released 0 seats
[2025-11-12 11:44:35] ? Cancelled expired booking ID=16, Customer=1, Released 0 seats
[2025-11-12 11:44:35] ? Cancelled expired booking ID=17, Customer=1, Released 1 seats
[2025-11-12 11:44:35] ? Cancelled expired booking ID=18, Customer=1, Released 0 seats
[2025-11-12 11:44:35] ? Cancelled expired booking ID=19, Customer=1, Released 1 seats
[2025-11-12 11:44:35] ? Cancelled expired booking ID=20, Customer=1, Released 0 seats
[2025-11-12 11:44:35] ? Cancelled expired booking ID=21, Customer=1, Released 0 seats
[2025-11-12 11:44:35] ? Cancelled expired booking ID=22, Customer=1, Released 2 seats
[2025-11-12 11:44:35] ? Cancelled expired booking ID=23, Customer=1, Released 0 seats
[2025-11-12 11:44:35] ? Cancelled expired booking ID=24, Customer=1, Released 0 seats
[2025-11-12 11:44:35] ? Cancelled expired booking ID=25, Customer=1, Released 0 seats
[2025-11-12 11:44:35] ? Cancelled expired booking ID=26, Customer=1, Released 2 seats
[2025-11-12 11:44:35] ? Cancelled expired booking ID=27, Customer=1, Released 0 seats
[2025-11-12 11:44:35] ? Cancelled expired booking ID=28, Customer=1, Released 0 seats
[2025-11-12 11:44:35] ? Cancelled expired booking ID=29, Customer=1, Released 0 seats
[2025-11-12 11:44:35] ? Cancelled expired booking ID=30, Customer=1, Released 0 seats
[2025-11-12 11:44:35] ? Cancelled expired booking ID=31, Customer=1, Released 1 seats
[2025-11-12 11:44:35] ? Cancelled expired booking ID=32, Customer=1, Released 2 seats
[2025-11-12 11:44:35] ? Cancelled expired booking ID=33, Customer=1, Released 2 seats
[2025-11-12 11:44:35] ? Cancelled expired booking ID=34, Customer=1, Released 2 seats
[2025-11-12 11:44:35] ? Cancelled expired booking ID=35, Customer=1, Released 0 seats
[2025-11-12 11:44:35] ? Cancelled expired booking ID=36, Customer=1, Released 2 seats
[2025-11-12 11:44:35] ? Cancelled expired booking ID=37, Customer=1, Released 1 seats
[2025-11-12 11:44:35] ? Cancelled expired booking ID=38, Customer=1, Released 1 seats
[2025-11-12 11:44:35] ? Cancelled expired booking ID=39, Customer=1, Released 2 seats
[2025-11-12 11:44:35] ? Cancelled expired booking ID=40, Customer=1, Released 2 seats
[2025-11-12 11:44:35] ? Cancelled expired booking ID=41, Customer=1, Released 2 seats
[2025-11-12 11:44:35] ? Cancelled expired booking ID=42, Customer=1, Released 2 seats
[2025-11-12 12:25:39] ? BookingExpirationService started
[2025-11-12 12:26:39] ? Found 37 expired bookings to cancel
[2025-11-12 12:26:39] ? Cancelled expired booking ID=6, Customer=1, Released 0 seats
[2025-11-12 12:26:39] ? Cancelled expired booking ID=7, Customer=1, Released 0 seats
[2025-11-12 12:26:39] ? Cancelled expired booking ID=8, Customer=1, Released 0 seats
[2025-11-12 12:26:39] ? Cancelled expired booking ID=9, Customer=1, Released 0 seats
[2025-11-12 12:26:39] ? Cancelled expired booking ID=10, Customer=1, Released 1 seats
[2025-11-12 12:26:39] ? Cancelled expired booking ID=11, Customer=1, Released 0 seats
[2025-11-12 12:26:39] ? Cancelled expired booking ID=12, Customer=1, Released 2 seats
[2025-11-12 12:26:39] ? Cancelled expired booking ID=13, Customer=1, Released 1 seats
[2025-11-12 12:26:39] ? Cancelled expired booking ID=14, Customer=1, Released 2 seats
[2025-11-12 12:26:39] ? Cancelled expired booking ID=15, Customer=1, Released 0 seats
[2025-11-12 12:26:39] ? Cancelled expired booking ID=16, Customer=1, Released 0 seats
[2025-11-12 12:26:39] ? Cancelled expired booking ID=17, Customer=1, Released 1 seats
[2025-11-12 12:26:39] ? Cancelled expired booking ID=18, Customer=1, Released 0 seats
[2025-11-12 12:26:39] ? Cancelled expired booking ID=19, Customer=1, Released 1 seats
[2025-11-12 12:26:39] ? Cancelled expired booking ID=20, Customer=1, Released 0 seats
[2025-11-12 12:26:39] ? Cancelled expired booking ID=21, Customer=1, Released 0 seats
[2025-11-12 12:26:39] ? Cancelled expired booking ID=22, Customer=1, Released 2 seats
[2025-11-12 12:26:39] ? Cancelled expired booking ID=23, Customer=1, Released 0 seats
[2025-11-12 12:26:39] ? Cancelled expired booking ID=24, Customer=1, Released 0 seats
[2025-11-12 12:26:39] ? Cancelled expired booking ID=25, Customer=1, Released 0 seats
[2025-11-12 12:26:39] ? Cancelled expired booking ID=26, Customer=1, Released 2 seats
[2025-11-12 12:26:39] ? Cancelled expired booking ID=27, Customer=1, Released 0 seats
[2025-11-12 12:26:39] ? Cancelled expired booking ID=28, Customer=1, Released 0 seats
[2025-11-12 12:26:39] ? Cancelled expired booking ID=29, Customer=1, Released 0 seats
[2025-11-12 12:26:39] ? Cancelled expired booking ID=30, Customer=1, Released 0 seats
[2025-11-12 12:26:39] ? Cancelled expired booking ID=31, Customer=1, Released 1 seats
[2025-11-12 12:26:39] ? Cancelled expired booking ID=32, Customer=1, Released 2 seats
[2025-11-12 12:26:39] ? Cancelled expired booking ID=33, Customer=1, Released 2 seats
[2025-11-12 12:26:39] ? Cancelled expired booking ID=34, Customer=1, Released 2 seats
[2025-11-12 12:26:39] ? Cancelled expired booking ID=35, Customer=1, Released 0 seats
[2025-11-12 12:26:39] ? Cancelled expired booking ID=36, Customer=1, Released 2 seats
[2025-11-12 12:26:39] ? Cancelled expired booking ID=37, Customer=1, Released 1 seats
[2025-11-12 12:26:39] ? Cancelled expired booking ID=38, Customer=1, Released 1 seats
[2025-11-12 12:26:39] ? Cancelled expired booking ID=39, Customer=1, Released 2 seats
[2025-11-12 12:26:39] ? Cancelled expired booking ID=40, Customer=1, Released 2 seats
[2025-11-12 12:26:39] ? Cancelled expired booking ID=41, Customer=1, Released 2 seats
[2025-11-12 12:26:39] ? Cancelled expired booking ID=42, Customer=1, Released 2 seats
[2025-11-12 12:27:39] ? Found 37 expired bookings to cancel
[2025-11-12 12:27:39] ? Cancelled expired booking ID=6, Customer=1, Released 0 seats
[2025-11-12 12:27:39] ? Cancelled expired booking ID=7, Customer=1, Released 0 seats
[2025-11-12 12:27:39] ? Cancelled expired booking ID=8, Customer=1, Released 0 seats
[2025-11-12 12:27:39] ? Cancelled expired booking ID=9, Customer=1, Released 0 seats
[2025-11-12 12:27:39] ? Cancelled expired booking ID=10, Customer=1, Released 1 seats
[2025-11-12 12:27:39] ? Cancelled expired booking ID=11, Customer=1, Released 0 seats
[2025-11-12 12:27:39] ? Cancelled expired booking ID=12, Customer=1, Released 2 seats
[2025-11-12 12:27:39] ? Cancelled expired booking ID=13, Customer=1, Released 1 seats
[2025-11-12 12:27:39] ? Cancelled expired booking ID=14, Customer=1, Released 2 seats
[2025-11-12 12:27:39] ? Cancelled expired booking ID=15, Customer=1, Released 0 seats
[2025-11-12 12:27:39] ? Cancelled expired booking ID=16, Customer=1, Released 0 seats
[2025-11-12 12:27:39] ? Cancelled expired booking ID=17, Customer=1, Released 1 seats
[2025-11-12 12:27:39] ? Cancelled expired booking ID=18, Customer=1, Released 0 seats
[2025-11-12 12:27:39] ? Cancelled expired booking ID=19, Customer=1, Released 1 seats
[2025-11-12 12:27:39] ? Cancelled expired booking ID=20, Customer=1, Released 0 seats
[2025-11-12 12:27:39] ? Cancelled expired booking ID=21, Customer=1, Released 0 seats
[2025-11-12 12:27:39] ? Cancelled expired booking ID=22, Customer=1, Released 2 seats
[2025-11-12 12:27:39] ? Cancelled expired booking ID=23, Customer=1, Released 0 seats
[2025-11-12 12:27:39] ? Cancelled expired booking ID=24, Customer=1, Released 0 seats
[2025-11-12 12:27:39] ? Cancelled expired booking ID=25, Customer=1, Released 0 seats
[2025-11-12 12:27:39] ? Cancelled expired booking ID=26, Customer=1, Released 2 seats
[2025-11-12 12:27:39] ? Cancelled expired booking ID=27, Customer=1, Released 0 seats
[2025-11-12 12:27:39] ? Cancelled expired booking ID=28, Customer=1, Released 0 seats
[2025-11-12 12:27:39] ? Cancelled expired booking ID=29, Customer=1, Released 0 seats
[2025-11-12 12:27:39] ? Cancelled expired booking ID=30, Customer=1, Released 0 seats
[2025-11-12 12:27:39] ? Cancelled expired booking ID=31, Customer=1, Released 1 seats
[2025-11-12 12:27:39] ? Cancelled expired booking ID=32, Customer=1, Released 2 seats
[2025-11-12 12:27:39] ? Cancelled expired booking ID=33, Customer=1, Released 2 seats
[2025-11-12 12:27:39] ? Cancelled expired booking ID=34, Customer=1, Released 2 seats
[2025-11-12 12:27:39] ? Cancelled expired booking ID=35, Customer=1, Released 0 seats
[2025-11-12 12:27:39] ? Cancelled expired booking ID=36, Customer=1, Released 2 seats
[2025-11-12 12:27:39] ? Cancelled expired booking ID=37, Customer=1, Released 1 seats
[2025-11-12 12:27:39] ? Cancelled expired booking ID=38, Customer=1, Released 1 seats
[2025-11-12 12:27:39] ? Cancelled expired booking ID=39, Customer=1, Released 2 seats
[2025-11-12 12:27:39] ? Cancelled expired booking ID=40, Customer=1, Released 2 seats
[2025-11-12 12:27:39] ? Cancelled expired booking ID=41, Customer=1, Released 2 seats
[2025-11-12 12:27:39] ? Cancelled expired booking ID=42, Customer=1, Released 2 seats
[2025-11-12 12:30:37] ? BookingExpirationService started
[2025-11-12 12:31:37] ? Found 37 expired bookings to cancel
[2025-11-12 12:31:37] ? Cancelled expired booking ID=6, Customer=1, Released 0 seats
[2025-11-12 12:31:37] ? Cancelled expired booking ID=7, Customer=1, Released 0 seats
[2025-11-12 12:31:37] ? Cancelled expired booking ID=8, Customer=1, Released 0 seats
[2025-11-12 12:31:37] ? Cancelled expired booking ID=9, Customer=1, Released 0 seats
[2025-11-12 12:31:37] ? Cancelled expired booking ID=10, Customer=1, Released 1 seats
[2025-11-12 12:31:38] ? Cancelled expired booking ID=11, Customer=1, Released 0 seats
[2025-11-12 12:31:38] ? Cancelled expired booking ID=12, Customer=1, Released 2 seats
[2025-11-12 12:31:38] ? Cancelled expired booking ID=13, Customer=1, Released 1 seats
[2025-11-12 12:31:38] ? Cancelled expired booking ID=14, Customer=1, Released 2 seats
[2025-11-12 12:31:38] ? Cancelled expired booking ID=15, Customer=1, Released 0 seats
[2025-11-12 12:31:38] ? Cancelled expired booking ID=16, Customer=1, Released 0 seats
[2025-11-12 12:31:38] ? Cancelled expired booking ID=17, Customer=1, Released 1 seats
[2025-11-12 12:31:38] ? Cancelled expired booking ID=18, Customer=1, Released 0 seats
[2025-11-12 12:31:38] ? Cancelled expired booking ID=19, Customer=1, Released 1 seats
[2025-11-12 12:31:38] ? Cancelled expired booking ID=20, Customer=1, Released 0 seats
[2025-11-12 12:31:38] ? Cancelled expired booking ID=21, Customer=1, Released 0 seats
[2025-11-12 12:31:38] ? Cancelled expired booking ID=22, Customer=1, Released 2 seats
[2025-11-12 12:31:38] ? Cancelled expired booking ID=23, Customer=1, Released 0 seats
[2025-11-12 12:31:38] ? Cancelled expired booking ID=24, Customer=1, Released 0 seats
[2025-11-12 12:31:38] ? Cancelled expired booking ID=25, Customer=1, Released 0 seats
[2025-11-12 12:31:38] ? Cancelled expired booking ID=26, Customer=1, Released 2 seats
[2025-11-12 12:31:38] ? Cancelled expired booking ID=27, Customer=1, Released 0 seats
[2025-11-12 12:31:38] ? Cancelled expired booking ID=28, Customer=1, Released 0 seats
[2025-11-12 12:31:38] ? Cancelled expired booking ID=29, Customer=1, Released 0 seats
[2025-11-12 12:31:38] ? Cancelled expired booking ID=30, Customer=1, Released 0 seats
[2025-11-12 12:31:38] ? Cancelled expired booking ID=31, Customer=1, Released 1 seats
[2025-11-12 12:31:38] ? Cancelled expired booking ID=32, Customer=1, Released 2 seats
[2025-11-12 12:31:38] ? Cancelled expired booking ID=33, Customer=1, Released 2 seats
[2025-11-12 12:31:38] ? Cancelled expired booking ID=34, Customer=1, Released 2 seats
[2025-11-12 12:31:38] ? Cancelled expired booking ID=35, Customer=1, Released 0 seats
[2025-11-12 12:31:38] ? Cancelled expired booking ID=36, Customer=1, Released 2 seats
[2025-11-12 12:31:38] ? Cancelled expired booking ID=37, Customer=1, Released 1 seats
[2025-11-12 12:31:38] ? Cancelled expired booking ID=38, Customer=1, Released 1 seats
[2025-11-12 12:31:38] ? Cancelled expired booking ID=39, Customer=1, Released 2 seats
[2025-11-12 12:31:38] ? Cancelled expired booking ID=40, Customer=1, Released 2 seats
[2025-11-12 12:31:38] ? Cancelled expired booking ID=41, Customer=1, Released 2 seats
[2025-11-12 12:31:38] ? Cancelled expired booking ID=42, Customer=1, Released 2 seats
[2025-11-12 12:32:37] ? Found 37 expired bookings to cancel
[2025-11-12 12:32:37] ? Cancelled expired booking ID=6, Customer=1, Released 0 seats
[2025-11-12 12:32:37] ? Cancelled expired booking ID=7, Customer=1, Released 0 seats
[2025-11-12 12:32:37] ? Cancelled expired booking ID=8, Customer=1, Released 0 seats
[2025-11-12 12:32:38] ? Cancelled expired booking ID=9, Customer=1, Released 0 seats
[2025-11-12 12:32:38] ? Cancelled expired booking ID=10, Customer=1, Released 1 seats
[2025-11-12 12:32:38] ? Cancelled expired booking ID=11, Customer=1, Released 0 seats
[2025-11-12 12:32:38] ? Cancelled expired booking ID=12, Customer=1, Released 2 seats
[2025-11-12 12:32:38] ? Cancelled expired booking ID=13, Customer=1, Released 1 seats
[2025-11-12 12:32:38] ? Cancelled expired booking ID=14, Customer=1, Released 2 seats
[2025-11-12 12:32:38] ? Cancelled expired booking ID=15, Customer=1, Released 0 seats
[2025-11-12 12:32:38] ? Cancelled expired booking ID=16, Customer=1, Released 0 seats
[2025-11-12 12:32:38] ? Cancelled expired booking ID=17, Customer=1, Released 1 seats
[2025-11-12 12:32:38] ? Cancelled expired booking ID=18, Customer=1, Released 0 seats
[2025-11-12 12:32:38] ? Cancelled expired booking ID=19, Customer=1, Released 1 seats
[2025-11-12 12:32:38] ? Cancelled expired booking ID=20, Customer=1, Released 0 seats
[2025-11-12 12:32:38] ? Cancelled expired booking ID=21, Customer=1, Released 0 seats
[2025-11-12 12:32:38] ? Cancelled expired booking ID=22, Customer=1, Released 2 seats
[2025-11-12 12:32:38] ? Cancelled expired booking ID=23, Customer=1, Released 0 seats
[2025-11-12 12:32:38] ? Cancelled expired booking ID=24, Customer=1, Released 0 seats
[2025-11-12 12:32:38] ? Cancelled expired booking ID=25, Customer=1, Released 0 seats
[2025-11-12 12:32:38] ? Cancelled expired booking ID=26, Customer=1, Released 2 seats
[2025-11-12 12:32:38] ? Cancelled expired booking ID=27, Customer=1, Released 0 seats
[2025-11-12 12:32:38] ? Cancelled expired booking ID=28, Customer=1, Released 0 seats
[2025-11-12 12:32:38] ? Cancelled expired booking ID=29, Customer=1, Released 0 seats
[2025-11-12 12:32:38] ? Cancelled expired booking ID=30, Customer=1, Released 0 seats
[2025-11-12 12:32:38] ? Cancelled expired booking ID=31, Customer=1, Released 1 seats
[2025-11-12 12:32:38] ? Cancelled expired booking ID=32, Customer=1, Released 2 seats
[2025-11-12 12:32:38] ? Cancelled expired booking ID=33, Customer=1, Released 2 seats
[2025-11-12 12:32:38] ? Cancelled expired booking ID=34, Customer=1, Released 2 seats
[2025-11-12 12:32:38] ? Cancelled expired booking ID=35, Customer=1, Released 0 seats
[2025-11-12 12:32:38] ? Cancelled expired booking ID=36, Customer=1, Released 2 seats
[2025-11-12 12:32:38] ? Cancelled expired booking ID=37, Customer=1, Released 1 seats
[2025-11-12 12:32:38] ? Cancelled expired booking ID=38, Customer=1, Released 1 seats
[2025-11-12 12:32:38] ? Cancelled expired booking ID=39, Customer=1, Released 2 seats
[2025-11-12 12:32:38] ? Cancelled expired booking ID=40, Customer=1, Released 2 seats
[2025-11-12 12:32:38] ? Cancelled expired booking ID=41, Customer=1, Released 2 seats
[2025-11-12 12:32:38] ? Cancelled expired booking ID=42, Customer=1, Released 2 seats
[2025-11-12 12:33:37] ? Found 37 expired bookings to cancel
[2025-11-12 12:33:37] ? Cancelled expired booking ID=6, Customer=1, Released 0 seats
[2025-11-12 12:33:37] ? Cancelled expired booking ID=7, Customer=1, Released 0 seats
[2025-11-12 12:33:37] ? Cancelled expired booking ID=8, Customer=1, Released 0 seats
[2025-11-12 12:33:37] ? Cancelled expired booking ID=9, Customer=1, Released 0 seats
[2025-11-12 12:33:37] ? Cancelled expired booking ID=10, Customer=1, Released 1 seats
[2025-11-12 12:33:37] ? Cancelled expired booking ID=11, Customer=1, Released 0 seats
[2025-11-12 12:33:37] ? Cancelled expired booking ID=12, Customer=1, Released 2 seats
[2025-11-12 12:33:37] ? Cancelled expired booking ID=13, Customer=1, Released 1 seats
[2025-11-12 12:33:38] ? Cancelled expired booking ID=14, Customer=1, Released 2 seats
[2025-11-12 12:33:38] ? Cancelled expired booking ID=15, Customer=1, Released 0 seats
[2025-11-12 12:33:38] ? Cancelled expired booking ID=16, Customer=1, Released 0 seats
[2025-11-12 12:33:38] ? Cancelled expired booking ID=17, Customer=1, Released 1 seats
[2025-11-12 12:33:38] ? Cancelled expired booking ID=18, Customer=1, Released 0 seats
[2025-11-12 12:33:38] ? Cancelled expired booking ID=19, Customer=1, Released 1 seats
[2025-11-12 12:33:38] ? Cancelled expired booking ID=20, Customer=1, Released 0 seats
[2025-11-12 12:33:38] ? Cancelled expired booking ID=21, Customer=1, Released 0 seats
[2025-11-12 12:33:38] ? Cancelled expired booking ID=22, Customer=1, Released 2 seats
[2025-11-12 12:33:38] ? Cancelled expired booking ID=23, Customer=1, Released 0 seats
[2025-11-12 12:33:38] ? Cancelled expired booking ID=24, Customer=1, Released 0 seats
[2025-11-12 12:33:38] ? Cancelled expired booking ID=25, Customer=1, Released 0 seats
[2025-11-12 12:33:38] ? Cancelled expired booking ID=26, Customer=1, Released 2 seats
[2025-11-12 12:33:38] ? Cancelled expired booking ID=27, Customer=1, Released 0 seats
[2025-11-12 12:33:38] ? Cancelled expired booking ID=28, Customer=1, Released 0 seats
[2025-11-12 12:33:38] ? Cancelled expired booking ID=29, Customer=1, Released 0 seats
[2025-11-12 12:33:38] ? Cancelled expired booking ID=30, Customer=1, Released 0 seats
[2025-11-12 12:33:38] ? Cancelled expired booking ID=31, Customer=1, Released 1 seats
[2025-11-12 12:33:38] ? Cancelled expired booking ID=32, Customer=1, Released 2 seats
[2025-11-12 12:33:38] ? Cancelled expired booking ID=33, Customer=1, Released 2 seats
[2025-11-12 12:33:38] ? Cancelled expired booking ID=34, Customer=1, Released 2 seats
[2025-11-12 12:33:38] ? Cancelled expired booking ID=35, Customer=1, Released 0 seats
[2025-11-12 12:33:38] ? Cancelled expired booking ID=36, Customer=1, Released 2 seats
[2025-11-12 12:33:38] ? Cancelled expired booking ID=37, Customer=1, Released 1 seats
[2025-11-12 12:33:38] ? Cancelled expired booking ID=38, Customer=1, Released 1 seats
[2025-11-12 12:33:38] ? Cancelled expired booking ID=39, Customer=1, Released 2 seats
[2025-11-12 12:33:38] ? Cancelled expired booking ID=40, Customer=1, Released 2 seats
[2025-11-12 12:33:38] ? Cancelled expired booking ID=41, Customer=1, Released 2 seats
[2025-11-12 12:33:38] ? Cancelled expired booking ID=42, Customer=1, Released 2 seats
[2025-11-12 12:34:37] ? Found 37 expired bookings to cancel
[2025-11-12 12:34:37] ? Cancelled expired booking ID=6, Customer=1, Released 0 seats
[2025-11-12 12:34:37] ? Cancelled expired booking ID=7, Customer=1, Released 0 seats
[2025-11-12 12:34:38] ? Cancelled expired booking ID=8, Customer=1, Released 0 seats
[2025-11-12 12:34:38] ? Cancelled expired booking ID=9, Customer=1, Released 0 seats
[2025-11-12 12:34:38] ? Cancelled expired booking ID=10, Customer=1, Released 1 seats
[2025-11-12 12:34:38] ? Cancelled expired booking ID=11, Customer=1, Released 0 seats
[2025-11-12 12:34:38] ? Cancelled expired booking ID=12, Customer=1, Released 2 seats
[2025-11-12 12:34:38] ? Cancelled expired booking ID=13, Customer=1, Released 1 seats
[2025-11-12 12:34:38] ? Cancelled expired booking ID=14, Customer=1, Released 2 seats
[2025-11-12 12:34:38] ? Cancelled expired booking ID=15, Customer=1, Released 0 seats
[2025-11-12 12:34:38] ? Cancelled expired booking ID=16, Customer=1, Released 0 seats
[2025-11-12 12:34:38] ? Cancelled expired booking ID=17, Customer=1, Released 1 seats
[2025-11-12 12:34:38] ? Cancelled expired booking ID=18, Customer=1, Released 0 seats
[2025-11-12 12:34:38] ? Cancelled expired booking ID=19, Customer=1, Released 1 seats
[2025-11-12 12:34:38] ? Cancelled expired booking ID=20, Customer=1, Released 0 seats
[2025-11-12 12:34:38] ? Cancelled expired booking ID=21, Customer=1, Released 0 seats
[2025-11-12 12:34:38] ? Cancelled expired booking ID=22, Customer=1, Released 2 seats
[2025-11-12 12:34:38] ? Cancelled expired booking ID=23, Customer=1, Released 0 seats
[2025-11-12 12:34:38] ? Cancelled expired booking ID=24, Customer=1, Released 0 seats
[2025-11-12 12:34:38] ? Cancelled expired booking ID=25, Customer=1, Released 0 seats
[2025-11-12 12:34:38] ? Cancelled expired booking ID=26, Customer=1, Released 2 seats
[2025-11-12 12:34:38] ? Cancelled expired booking ID=27, Customer=1, Released 0 seats
[2025-11-12 12:34:38] ? Cancelled expired booking ID=28, Customer=1, Released 0 seats
[2025-11-12 12:34:38] ? Cancelled expired booking ID=29, Customer=1, Released 0 seats
[2025-11-12 12:34:38] ? Cancelled expired booking ID=30, Customer=1, Released 0 seats
[2025-11-12 12:34:38] ? Cancelled expired booking ID=31, Customer=1, Released 1 seats
[2025-11-12 12:34:38] ? Cancelled expired booking ID=32, Customer=1, Released 2 seats
[2025-11-12 12:34:38] ? Cancelled expired booking ID=33, Customer=1, Released 2 seats
[2025-11-12 12:34:38] ? Cancelled expired booking ID=34, Customer=1, Released 2 seats
[2025-11-12 12:34:38] ? Cancelled expired booking ID=35, Customer=1, Released 0 seats
[2025-11-12 12:34:38] ? Cancelled expired booking ID=36, Customer=1, Released 2 seats
[2025-11-12 12:34:38] ? Cancelled expired booking ID=37, Customer=1, Released 1 seats
[2025-11-12 12:34:38] ? Cancelled expired booking ID=38, Customer=1, Released 1 seats
[2025-11-12 12:34:38] ? Cancelled expired booking ID=39, Customer=1, Released 2 seats
[2025-11-12 12:34:38] ? Cancelled expired booking ID=40, Customer=1, Released 2 seats
[2025-11-12 12:34:38] ? Cancelled expired booking ID=41, Customer=1, Released 2 seats
[2025-11-12 12:34:38] ? Cancelled expired booking ID=42, Customer=1, Released 2 seats
[2025-11-12 12:35:37] ? Found 37 expired bookings to cancel
[2025-11-12 12:35:38] ? Cancelled expired booking ID=6, Customer=1, Released 0 seats
[2025-11-12 12:35:38] ? Cancelled expired booking ID=7, Customer=1, Released 0 seats
[2025-11-12 12:35:38] ? Cancelled expired booking ID=8, Customer=1, Released 0 seats
[2025-11-12 12:35:38] ? Cancelled expired booking ID=9, Customer=1, Released 0 seats
[2025-11-12 12:35:38] ? Cancelled expired booking ID=10, Customer=1, Released 1 seats
[2025-11-12 12:35:38] ? Cancelled expired booking ID=11, Customer=1, Released 0 seats
[2025-11-12 12:35:38] ? Cancelled expired booking ID=12, Customer=1, Released 2 seats
[2025-11-12 12:35:38] ? Cancelled expired booking ID=13, Customer=1, Released 1 seats
[2025-11-12 12:35:38] ? Cancelled expired booking ID=14, Customer=1, Released 2 seats
[2025-11-12 12:35:38] ? Cancelled expired booking ID=15, Customer=1, Released 0 seats
[2025-11-12 12:35:38] ? Cancelled expired booking ID=16, Customer=1, Released 0 seats
[2025-11-12 12:35:38] ? Cancelled expired booking ID=17, Customer=1, Released 1 seats
[2025-11-12 12:35:38] ? Cancelled expired booking ID=18, Customer=1, Released 0 seats
[2025-11-12 12:35:38] ? Cancelled expired booking ID=19, Customer=1, Released 1 seats
[2025-11-12 12:35:38] ? Cancelled expired booking ID=20, Customer=1, Released 0 seats
[2025-11-12 12:35:38] ? Cancelled expired booking ID=21, Customer=1, Released 0 seats
[2025-11-12 12:35:38] ? Cancelled expired booking ID=22, Customer=1, Released 2 seats
[2025-11-12 12:35:38] ? Cancelled expired booking ID=23, Customer=1, Released 0 seats
[2025-11-12 12:35:38] ? Cancelled expired booking ID=24, Customer=1, Released 0 seats
[2025-11-12 12:35:38] ? Cancelled expired booking ID=25, Customer=1, Released 0 seats
[2025-11-12 12:35:38] ? Cancelled expired booking ID=26, Customer=1, Released 2 seats
[2025-11-12 12:35:38] ? Cancelled expired booking ID=27, Customer=1, Released 0 seats
[2025-11-12 12:35:38] ? Cancelled expired booking ID=28, Customer=1, Released 0 seats
[2025-11-12 12:35:38] ? Cancelled expired booking ID=29, Customer=1, Released 0 seats
[2025-11-12 12:35:38] ? Cancelled expired booking ID=30, Customer=1, Released 0 seats
[2025-11-12 12:35:38] ? Cancelled expired booking ID=31, Customer=1, Released 1 seats
[2025-11-12 12:35:38] ? Cancelled expired booking ID=32, Customer=1, Released 2 seats
[2025-11-12 12:35:38] ? Cancelled expired booking ID=33, Customer=1, Released 2 seats
[2025-11-12 12:35:38] ? Cancelled expired booking ID=34, Customer=1, Released 2 seats
[2025-11-12 12:35:38] ? Cancelled expired booking ID=35, Customer=1, Released 0 seats
[2025-11-12 12:35:38] ? Cancelled expired booking ID=36, Customer=1, Released 2 seats
[2025-11-12 12:35:38] ? Cancelled expired booking ID=37, Customer=1, Released 1 seats
[2025-11-12 12:35:38] ? Cancelled expired booking ID=38, Customer=1, Released 1 seats
[2025-11-12 12:35:38] ? Cancelled expired booking ID=39, Customer=1, Released 2 seats
[2025-11-12 12:35:38] ? Cancelled expired booking ID=40, Customer=1, Released 2 seats
[2025-11-12 12:35:38] ? Cancelled expired booking ID=41, Customer=1, Released 2 seats
[2025-11-12 12:35:38] ? Cancelled expired booking ID=42, Customer=1, Released 2 seats
[2025-11-12 12:41:38] ? BookingExpirationService started
[2025-11-12 12:42:38] ? Found 37 expired bookings to cancel
[2025-11-12 12:42:38] ? Cancelled expired booking ID=6, Customer=1, Released 0 seats
[2025-11-12 12:42:38] ? Cancelled expired booking ID=7, Customer=1, Released 0 seats
[2025-11-12 12:42:38] ? Cancelled expired booking ID=8, Customer=1, Released 0 seats
[2025-11-12 12:42:38] ? Cancelled expired booking ID=9, Customer=1, Released 0 seats
[2025-11-12 12:42:38] ? Cancelled expired booking ID=10, Customer=1, Released 1 seats
[2025-11-12 12:42:39] ? Cancelled expired booking ID=11, Customer=1, Released 0 seats
[2025-11-12 12:42:39] ? Cancelled expired booking ID=12, Customer=1, Released 2 seats
[2025-11-12 12:42:39] ? Cancelled expired booking ID=13, Customer=1, Released 1 seats
[2025-11-12 12:42:39] ? Cancelled expired booking ID=14, Customer=1, Released 2 seats
[2025-11-12 12:42:39] ? Cancelled expired booking ID=15, Customer=1, Released 0 seats
[2025-11-12 12:42:39] ? Cancelled expired booking ID=16, Customer=1, Released 0 seats
[2025-11-12 12:42:39] ? Cancelled expired booking ID=17, Customer=1, Released 1 seats
[2025-11-12 12:42:39] ? Cancelled expired booking ID=18, Customer=1, Released 0 seats
[2025-11-12 12:42:39] ? Cancelled expired booking ID=19, Customer=1, Released 1 seats
[2025-11-12 12:42:39] ? Cancelled expired booking ID=20, Customer=1, Released 0 seats
[2025-11-12 12:42:39] ? Cancelled expired booking ID=21, Customer=1, Released 0 seats
[2025-11-12 12:42:39] ? Cancelled expired booking ID=22, Customer=1, Released 2 seats
[2025-11-12 12:42:39] ? Cancelled expired booking ID=23, Customer=1, Released 0 seats
[2025-11-12 12:42:39] ? Cancelled expired booking ID=24, Customer=1, Released 0 seats
[2025-11-12 12:42:39] ? Cancelled expired booking ID=25, Customer=1, Released 0 seats
[2025-11-12 12:42:39] ? Cancelled expired booking ID=26, Customer=1, Released 2 seats
[2025-11-12 12:42:39] ? Cancelled expired booking ID=27, Customer=1, Released 0 seats
[2025-11-12 12:42:39] ? Cancelled expired booking ID=28, Customer=1, Released 0 seats
[2025-11-12 12:42:39] ? Cancelled expired booking ID=29, Customer=1, Released 0 seats
[2025-11-12 12:42:39] ? Cancelled expired booking ID=30, Customer=1, Released 0 seats
[2025-11-12 12:42:39] ? Cancelled expired booking ID=31, Customer=1, Released 1 seats
[2025-11-12 12:42:39] ? Cancelled expired booking ID=32, Customer=1, Released 2 seats
[2025-11-12 12:42:39] ? Cancelled expired booking ID=33, Customer=1, Released 2 seats
[2025-11-12 12:42:39] ? Cancelled expired booking ID=34, Customer=1, Released 2 seats
[2025-11-12 12:42:39] ? Cancelled expired booking ID=35, Customer=1, Released 0 seats
[2025-11-12 12:42:39] ? Cancelled expired booking ID=36, Customer=1, Released 2 seats
[2025-11-12 12:42:39] ? Cancelled expired booking ID=37, Customer=1, Released 1 seats
[2025-11-12 12:42:39] ? Cancelled expired booking ID=38, Customer=1, Released 1 seats
[2025-11-12 12:42:39] ? Cancelled expired booking ID=39, Customer=1, Released 2 seats
[2025-11-12 12:42:39] ? Cancelled expired booking ID=40, Customer=1, Released 2 seats
[2025-11-12 12:42:39] ? Cancelled expired booking ID=41, Customer=1, Released 2 seats
[2025-11-12 12:42:39] ? Cancelled expired booking ID=42, Customer=1, Released 2 seats
[2025-11-12 12:43:38] ? Found 37 expired bookings to cancel
[2025-11-12 12:43:38] ? Cancelled expired booking ID=6, Customer=1, Released 0 seats
[2025-11-12 12:43:38] ? Cancelled expired booking ID=7, Customer=1, Released 0 seats
[2025-11-12 12:43:38] ? Cancelled expired booking ID=8, Customer=1, Released 0 seats
[2025-11-12 12:43:38] ? Cancelled expired booking ID=9, Customer=1, Released 0 seats
[2025-11-12 12:43:38] ? Cancelled expired booking ID=10, Customer=1, Released 1 seats
[2025-11-12 12:43:38] ? Cancelled expired booking ID=11, Customer=1, Released 0 seats
[2025-11-12 12:43:38] ? Cancelled expired booking ID=12, Customer=1, Released 2 seats
[2025-11-12 12:43:38] ? Cancelled expired booking ID=13, Customer=1, Released 1 seats
[2025-11-12 12:43:38] ? Cancelled expired booking ID=14, Customer=1, Released 2 seats
[2025-11-12 12:43:38] ? Cancelled expired booking ID=15, Customer=1, Released 0 seats
[2025-11-12 12:43:38] ? Cancelled expired booking ID=16, Customer=1, Released 0 seats
[2025-11-12 12:43:38] ? Cancelled expired booking ID=17, Customer=1, Released 1 seats
[2025-11-12 12:43:38] ? Cancelled expired booking ID=18, Customer=1, Released 0 seats
[2025-11-12 12:43:38] ? Cancelled expired booking ID=19, Customer=1, Released 1 seats
[2025-11-12 12:43:38] ? Cancelled expired booking ID=20, Customer=1, Released 0 seats
[2025-11-12 12:43:38] ? Cancelled expired booking ID=21, Customer=1, Released 0 seats
[2025-11-12 12:43:38] ? Cancelled expired booking ID=22, Customer=1, Released 2 seats
[2025-11-12 12:43:38] ? Cancelled expired booking ID=23, Customer=1, Released 0 seats
[2025-11-12 12:43:38] ? Cancelled expired booking ID=24, Customer=1, Released 0 seats
[2025-11-12 12:43:38] ? Cancelled expired booking ID=25, Customer=1, Released 0 seats
[2025-11-12 12:43:38] ? Cancelled expired booking ID=26, Customer=1, Released 2 seats
[2025-11-12 12:43:39] ? Cancelled expired booking ID=27, Customer=1, Released 0 seats
[2025-11-12 12:43:39] ? Cancelled expired booking ID=28, Customer=1, Released 0 seats
[2025-11-12 12:43:39] ? Cancelled expired booking ID=29, Customer=1, Released 0 seats
[2025-11-12 12:43:39] ? Cancelled expired booking ID=30, Customer=1, Released 0 seats
[2025-11-12 12:43:39] ? Cancelled expired booking ID=31, Customer=1, Released 1 seats
[2025-11-12 12:43:39] ? Cancelled expired booking ID=32, Customer=1, Released 2 seats
[2025-11-12 12:43:39] ? Cancelled expired booking ID=33, Customer=1, Released 2 seats
[2025-11-12 12:43:39] ? Cancelled expired booking ID=34, Customer=1, Released 2 seats
[2025-11-12 12:43:39] ? Cancelled expired booking ID=35, Customer=1, Released 0 seats
[2025-11-12 12:43:39] ? Cancelled expired booking ID=36, Customer=1, Released 2 seats
[2025-11-12 12:43:39] ? Cancelled expired booking ID=37, Customer=1, Released 1 seats
[2025-11-12 12:43:39] ? Cancelled expired booking ID=38, Customer=1, Released 1 seats
[2025-11-12 12:43:39] ? Cancelled expired booking ID=39, Customer=1, Released 2 seats
[2025-11-12 12:43:39] ? Cancelled expired booking ID=40, Customer=1, Released 2 seats
[2025-11-12 12:43:39] ? Cancelled expired booking ID=41, Customer=1, Released 2 seats
[2025-11-12 12:43:39] ? Cancelled expired booking ID=42, Customer=1, Released 2 seats
[2025-11-12 12:44:38] ? Found 37 expired bookings to cancel
[2025-11-12 12:44:38] ? Cancelled expired booking ID=6, Customer=1, Released 0 seats
[2025-11-12 12:44:38] ? Cancelled expired booking ID=7, Customer=1, Released 0 seats
[2025-11-12 12:44:38] ? Cancelled expired booking ID=8, Customer=1, Released 0 seats
[2025-11-12 12:44:38] ? Cancelled expired booking ID=9, Customer=1, Released 0 seats
[2025-11-12 12:44:38] ? Cancelled expired booking ID=10, Customer=1, Released 1 seats
[2025-11-12 12:44:38] ? Cancelled expired booking ID=11, Customer=1, Released 0 seats
[2025-11-12 12:44:38] ? Cancelled expired booking ID=12, Customer=1, Released 2 seats
[2025-11-12 12:44:38] ? Cancelled expired booking ID=13, Customer=1, Released 1 seats
[2025-11-12 12:44:38] ? Cancelled expired booking ID=14, Customer=1, Released 2 seats
[2025-11-12 12:44:38] ? Cancelled expired booking ID=15, Customer=1, Released 0 seats
[2025-11-12 12:44:38] ? Cancelled expired booking ID=16, Customer=1, Released 0 seats
[2025-11-12 12:44:38] ? Cancelled expired booking ID=17, Customer=1, Released 1 seats
[2025-11-12 12:44:38] ? Cancelled expired booking ID=18, Customer=1, Released 0 seats
[2025-11-12 12:44:38] ? Cancelled expired booking ID=19, Customer=1, Released 1 seats
[2025-11-12 12:44:38] ? Cancelled expired booking ID=20, Customer=1, Released 0 seats
[2025-11-12 12:44:38] ? Cancelled expired booking ID=21, Customer=1, Released 0 seats
[2025-11-12 12:44:38] ? Cancelled expired booking ID=22, Customer=1, Released 2 seats
[2025-11-12 12:44:38] ? Cancelled expired booking ID=23, Customer=1, Released 0 seats
[2025-11-12 12:44:38] ? Cancelled expired booking ID=24, Customer=1, Released 0 seats
[2025-11-12 12:44:38] ? Cancelled expired booking ID=25, Customer=1, Released 0 seats
[2025-11-12 12:44:38] ? Cancelled expired booking ID=26, Customer=1, Released 2 seats
[2025-11-12 12:44:39] ? Cancelled expired booking ID=27, Customer=1, Released 0 seats
[2025-11-12 12:44:39] ? Cancelled expired booking ID=28, Customer=1, Released 0 seats
[2025-11-12 12:44:39] ? Cancelled expired booking ID=29, Customer=1, Released 0 seats
[2025-11-12 12:44:39] ? Cancelled expired booking ID=30, Customer=1, Released 0 seats
[2025-11-12 12:44:39] ? Cancelled expired booking ID=31, Customer=1, Released 1 seats
[2025-11-12 12:44:39] ? Cancelled expired booking ID=32, Customer=1, Released 2 seats
[2025-11-12 12:44:39] ? Cancelled expired booking ID=33, Customer=1, Released 2 seats
[2025-11-12 12:44:39] ? Cancelled expired booking ID=34, Customer=1, Released 2 seats
[2025-11-12 12:44:39] ? Cancelled expired booking ID=35, Customer=1, Released 0 seats
[2025-11-12 12:44:39] ? Cancelled expired booking ID=36, Customer=1, Released 2 seats
[2025-11-12 12:44:39] ? Cancelled expired booking ID=37, Customer=1, Released 1 seats
[2025-11-12 12:44:39] ? Cancelled expired booking ID=38, Customer=1, Released 1 seats
[2025-11-12 12:44:39] ? Cancelled expired booking ID=39, Customer=1, Released 2 seats
[2025-11-12 12:44:39] ? Cancelled expired booking ID=40, Customer=1, Released 2 seats
[2025-11-12 12:44:39] ? Cancelled expired booking ID=41, Customer=1, Released 2 seats
[2025-11-12 12:44:39] ? Cancelled expired booking ID=42, Customer=1, Released 2 seats
[2025-11-12 12:45:38] ? Found 37 expired bookings to cancel
[2025-11-12 12:45:38] ? Cancelled expired booking ID=6, Customer=1, Released 0 seats
[2025-11-12 12:45:38] ? Cancelled expired booking ID=7, Customer=1, Released 0 seats
[2025-11-12 12:45:38] ? Cancelled expired booking ID=8, Customer=1, Released 0 seats
[2025-11-12 12:45:38] ? Cancelled expired booking ID=9, Customer=1, Released 0 seats
[2025-11-12 12:45:38] ? Cancelled expired booking ID=10, Customer=1, Released 1 seats
[2025-11-12 12:45:38] ? Cancelled expired booking ID=11, Customer=1, Released 0 seats
[2025-11-12 12:45:38] ? Cancelled expired booking ID=12, Customer=1, Released 2 seats
[2025-11-12 12:45:38] ? Cancelled expired booking ID=13, Customer=1, Released 1 seats
[2025-11-12 12:45:38] ? Cancelled expired booking ID=14, Customer=1, Released 2 seats
[2025-11-12 12:45:38] ? Cancelled expired booking ID=15, Customer=1, Released 0 seats
[2025-11-12 12:45:38] ? Cancelled expired booking ID=16, Customer=1, Released 0 seats
[2025-11-12 12:45:38] ? Cancelled expired booking ID=17, Customer=1, Released 1 seats
[2025-11-12 12:45:38] ? Cancelled expired booking ID=18, Customer=1, Released 0 seats
[2025-11-12 12:45:38] ? Cancelled expired booking ID=19, Customer=1, Released 1 seats
[2025-11-12 12:45:38] ? Cancelled expired booking ID=20, Customer=1, Released 0 seats
[2025-11-12 12:45:38] ? Cancelled expired booking ID=21, Customer=1, Released 0 seats
[2025-11-12 12:45:38] ? Cancelled expired booking ID=22, Customer=1, Released 2 seats
[2025-11-12 12:45:38] ? Cancelled expired booking ID=23, Customer=1, Released 0 seats
[2025-11-12 12:45:38] ? Cancelled expired booking ID=24, Customer=1, Released 0 seats
[2025-11-12 12:45:38] ? Cancelled expired booking ID=25, Customer=1, Released 0 seats
[2025-11-12 12:45:38] ? Cancelled expired booking ID=26, Customer=1, Released 2 seats
[2025-11-12 12:45:39] ? Cancelled expired booking ID=27, Customer=1, Released 0 seats
[2025-11-12 12:45:39] ? Cancelled expired booking ID=28, Customer=1, Released 0 seats
[2025-11-12 12:45:39] ? Cancelled expired booking ID=29, Customer=1, Released 0 seats
[2025-11-12 12:45:39] ? Cancelled expired booking ID=30, Customer=1, Released 0 seats
[2025-11-12 12:45:39] ? Cancelled expired booking ID=31, Customer=1, Released 1 seats
[2025-11-12 12:45:39] ? Cancelled expired booking ID=32, Customer=1, Released 2 seats
[2025-11-12 12:45:39] ? Cancelled expired booking ID=33, Customer=1, Released 2 seats
[2025-11-12 12:45:39] ? Cancelled expired booking ID=34, Customer=1, Released 2 seats
[2025-11-12 12:45:39] ? Cancelled expired booking ID=35, Customer=1, Released 0 seats
[2025-11-12 12:45:39] ? Cancelled expired booking ID=36, Customer=1, Released 2 seats
[2025-11-12 12:45:39] ? Cancelled expired booking ID=37, Customer=1, Released 1 seats
[2025-11-12 12:45:39] ? Cancelled expired booking ID=38, Customer=1, Released 1 seats
[2025-11-12 12:45:39] ? Cancelled expired booking ID=39, Customer=1, Released 2 seats
[2025-11-12 12:45:39] ? Cancelled expired booking ID=40, Customer=1, Released 2 seats
[2025-11-12 12:45:39] ? Cancelled expired booking ID=41, Customer=1, Released 2 seats
[2025-11-12 12:45:39] ? Cancelled expired booking ID=42, Customer=1, Released 2 seats
[2025-11-12 12:46:38] ? Found 37 expired bookings to cancel
[2025-11-12 12:46:38] ? Cancelled expired booking ID=6, Customer=1, Released 0 seats
[2025-11-12 12:46:38] ? Cancelled expired booking ID=7, Customer=1, Released 0 seats
[2025-11-12 12:46:38] ? Cancelled expired booking ID=8, Customer=1, Released 0 seats
[2025-11-12 12:46:38] ? Cancelled expired booking ID=9, Customer=1, Released 0 seats
[2025-11-12 12:46:38] ? Cancelled expired booking ID=10, Customer=1, Released 1 seats
[2025-11-12 12:46:38] ? Cancelled expired booking ID=11, Customer=1, Released 0 seats
[2025-11-12 12:46:38] ? Cancelled expired booking ID=12, Customer=1, Released 2 seats
[2025-11-12 12:46:38] ? Cancelled expired booking ID=13, Customer=1, Released 1 seats
[2025-11-12 12:46:38] ? Cancelled expired booking ID=14, Customer=1, Released 2 seats
[2025-11-12 12:46:38] ? Cancelled expired booking ID=15, Customer=1, Released 0 seats
[2025-11-12 12:46:38] ? Cancelled expired booking ID=16, Customer=1, Released 0 seats
[2025-11-12 12:46:38] ? Cancelled expired booking ID=17, Customer=1, Released 1 seats
[2025-11-12 12:46:38] ? Cancelled expired booking ID=18, Customer=1, Released 0 seats
[2025-11-12 12:46:38] ? Cancelled expired booking ID=19, Customer=1, Released 1 seats
[2025-11-12 12:46:38] ? Cancelled expired booking ID=20, Customer=1, Released 0 seats
[2025-11-12 12:46:38] ? Cancelled expired booking ID=21, Customer=1, Released 0 seats
[2025-11-12 12:46:38] ? Cancelled expired booking ID=22, Customer=1, Released 2 seats
[2025-11-12 12:46:38] ? Cancelled expired booking ID=23, Customer=1, Released 0 seats
[2025-11-12 12:46:38] ? Cancelled expired booking ID=24, Customer=1, Released 0 seats
[2025-11-12 12:46:39] ? Cancelled expired booking ID=25, Customer=1, Released 0 seats
[2025-11-12 12:46:39] ? Cancelled expired booking ID=26, Customer=1, Released 2 seats
[2025-11-12 12:46:39] ? Cancelled expired booking ID=27, Customer=1, Released 0 seats
[2025-11-12 12:46:39] ? Cancelled expired booking ID=28, Customer=1, Released 0 seats
[2025-11-12 12:46:39] ? Cancelled expired booking ID=29, Customer=1, Released 0 seats
[2025-11-12 12:46:39] ? Cancelled expired booking ID=30, Customer=1, Released 0 seats
[2025-11-12 12:46:39] ? Cancelled expired booking ID=31, Customer=1, Released 1 seats
[2025-11-12 12:46:39] ? Cancelled expired booking ID=32, Customer=1, Released 2 seats
[2025-11-12 12:46:39] ? Cancelled expired booking ID=33, Customer=1, Released 2 seats
[2025-11-12 12:46:39] ? Cancelled expired booking ID=34, Customer=1, Released 2 seats
[2025-11-12 12:46:39] ? Cancelled expired booking ID=35, Customer=1, Released 0 seats
[2025-11-12 12:46:39] ? Cancelled expired booking ID=36, Customer=1, Released 2 seats
[2025-11-12 12:46:39] ? Cancelled expired booking ID=37, Customer=1, Released 1 seats
[2025-11-12 12:46:39] ? Cancelled expired booking ID=38, Customer=1, Released 1 seats
[2025-11-12 12:46:39] ? Cancelled expired booking ID=39, Customer=1, Released 2 seats
[2025-11-12 12:46:39] ? Cancelled expired booking ID=40, Customer=1, Released 2 seats
[2025-11-12 12:46:39] ? Cancelled expired booking ID=41, Customer=1, Released 2 seats
[2025-11-12 12:46:39] ? Cancelled expired booking ID=42, Customer=1, Released 2 seats
[2025-11-12 12:47:38] ? Found 37 expired bookings to cancel
[2025-11-12 12:47:38] ? Cancelled expired booking ID=6, Customer=1, Released 0 seats
[2025-11-12 12:47:38] ? Cancelled expired booking ID=7, Customer=1, Released 0 seats
[2025-11-12 12:47:38] ? Cancelled expired booking ID=8, Customer=1, Released 0 seats
[2025-11-12 12:47:38] ? Cancelled expired booking ID=9, Customer=1, Released 0 seats
[2025-11-12 12:47:38] ? Cancelled expired booking ID=10, Customer=1, Released 1 seats
[2025-11-12 12:47:38] ? Cancelled expired booking ID=11, Customer=1, Released 0 seats
[2025-11-12 12:47:38] ? Cancelled expired booking ID=12, Customer=1, Released 2 seats
[2025-11-12 12:47:38] ? Cancelled expired booking ID=13, Customer=1, Released 1 seats
[2025-11-12 12:47:38] ? Cancelled expired booking ID=14, Customer=1, Released 2 seats
[2025-11-12 12:47:38] ? Cancelled expired booking ID=15, Customer=1, Released 0 seats
[2025-11-12 12:47:38] ? Cancelled expired booking ID=16, Customer=1, Released 0 seats
[2025-11-12 12:47:38] ? Cancelled expired booking ID=17, Customer=1, Released 1 seats
[2025-11-12 12:47:38] ? Cancelled expired booking ID=18, Customer=1, Released 0 seats
[2025-11-12 12:47:38] ? Cancelled expired booking ID=19, Customer=1, Released 1 seats
[2025-11-12 12:47:39] ? Cancelled expired booking ID=20, Customer=1, Released 0 seats
[2025-11-12 12:47:39] ? Cancelled expired booking ID=21, Customer=1, Released 0 seats
[2025-11-12 12:47:39] ? Cancelled expired booking ID=22, Customer=1, Released 2 seats
[2025-11-12 12:47:39] ? Cancelled expired booking ID=23, Customer=1, Released 0 seats
[2025-11-12 12:47:39] ? Cancelled expired booking ID=24, Customer=1, Released 0 seats
[2025-11-12 12:47:39] ? Cancelled expired booking ID=25, Customer=1, Released 0 seats
[2025-11-12 12:47:39] ? Cancelled expired booking ID=26, Customer=1, Released 2 seats
[2025-11-12 12:47:39] ? Cancelled expired booking ID=27, Customer=1, Released 0 seats
[2025-11-12 12:47:39] ? Cancelled expired booking ID=28, Customer=1, Released 0 seats
[2025-11-12 12:47:39] ? Cancelled expired booking ID=29, Customer=1, Released 0 seats
[2025-11-12 12:47:39] ? Cancelled expired booking ID=30, Customer=1, Released 0 seats
[2025-11-12 12:47:39] ? Cancelled expired booking ID=31, Customer=1, Released 1 seats
[2025-11-12 12:47:39] ? Cancelled expired booking ID=32, Customer=1, Released 2 seats
[2025-11-12 12:47:39] ? Cancelled expired booking ID=33, Customer=1, Released 2 seats
[2025-11-12 12:47:39] ? Cancelled expired booking ID=34, Customer=1, Released 2 seats
[2025-11-12 12:47:39] ? Cancelled expired booking ID=35, Customer=1, Released 0 seats
[2025-11-12 12:47:39] ? Cancelled expired booking ID=36, Customer=1, Released 2 seats
[2025-11-12 12:47:39] ? Cancelled expired booking ID=37, Customer=1, Released 1 seats
[2025-11-12 12:47:39] ? Cancelled expired booking ID=38, Customer=1, Released 1 seats
[2025-11-12 12:47:39] ? Cancelled expired booking ID=39, Customer=1, Released 2 seats
[2025-11-12 12:47:39] ? Cancelled expired booking ID=40, Customer=1, Released 2 seats
[2025-11-12 12:47:39] ? Cancelled expired booking ID=41, Customer=1, Released 2 seats
[2025-11-12 12:47:39] ? Cancelled expired booking ID=42, Customer=1, Released 2 seats
[2025-11-12 12:48:38] ? Found 37 expired bookings to cancel
[2025-11-12 12:48:39] ? Cancelled expired booking ID=6, Customer=1, Released 0 seats
[2025-11-12 12:48:39] ? Cancelled expired booking ID=7, Customer=1, Released 0 seats
[2025-11-12 12:48:39] ? Cancelled expired booking ID=8, Customer=1, Released 0 seats
[2025-11-12 12:48:39] ? Cancelled expired booking ID=9, Customer=1, Released 0 seats
[2025-11-12 12:48:39] ? Cancelled expired booking ID=10, Customer=1, Released 1 seats
[2025-11-12 12:48:39] ? Cancelled expired booking ID=11, Customer=1, Released 0 seats
[2025-11-12 12:48:39] ? Cancelled expired booking ID=12, Customer=1, Released 2 seats
[2025-11-12 12:48:39] ? Cancelled expired booking ID=13, Customer=1, Released 1 seats
[2025-11-12 12:48:39] ? Cancelled expired booking ID=14, Customer=1, Released 2 seats
[2025-11-12 12:48:39] ? Cancelled expired booking ID=15, Customer=1, Released 0 seats
[2025-11-12 12:48:39] ? Cancelled expired booking ID=16, Customer=1, Released 0 seats
[2025-11-12 12:48:39] ? Cancelled expired booking ID=17, Customer=1, Released 1 seats
[2025-11-12 12:48:39] ? Cancelled expired booking ID=18, Customer=1, Released 0 seats
[2025-11-12 12:48:39] ? Cancelled expired booking ID=19, Customer=1, Released 1 seats
[2025-11-12 12:48:39] ? Cancelled expired booking ID=20, Customer=1, Released 0 seats
[2025-11-12 12:48:39] ? Cancelled expired booking ID=21, Customer=1, Released 0 seats
[2025-11-12 12:48:39] ? Cancelled expired booking ID=22, Customer=1, Released 2 seats
[2025-11-12 12:48:39] ? Cancelled expired booking ID=23, Customer=1, Released 0 seats
[2025-11-12 12:48:39] ? Cancelled expired booking ID=24, Customer=1, Released 0 seats
[2025-11-12 12:48:39] ? Cancelled expired booking ID=25, Customer=1, Released 0 seats
[2025-11-12 12:48:39] ? Cancelled expired booking ID=26, Customer=1, Released 2 seats
[2025-11-12 12:48:39] ? Cancelled expired booking ID=27, Customer=1, Released 0 seats
[2025-11-12 12:48:39] ? Cancelled expired booking ID=28, Customer=1, Released 0 seats
[2025-11-12 12:48:39] ? Cancelled expired booking ID=29, Customer=1, Released 0 seats
[2025-11-12 12:48:39] ? Cancelled expired booking ID=30, Customer=1, Released 0 seats
[2025-11-12 12:48:39] ? Cancelled expired booking ID=31, Customer=1, Released 1 seats
[2025-11-12 12:48:39] ? Cancelled expired booking ID=32, Customer=1, Released 2 seats
[2025-11-12 12:48:39] ? Cancelled expired booking ID=33, Customer=1, Released 2 seats
[2025-11-12 12:48:39] ? Cancelled expired booking ID=34, Customer=1, Released 2 seats
[2025-11-12 12:48:39] ? Cancelled expired booking ID=35, Customer=1, Released 0 seats
[2025-11-12 12:48:39] ? Cancelled expired booking ID=36, Customer=1, Released 2 seats
[2025-11-12 12:48:39] ? Cancelled expired booking ID=37, Customer=1, Released 1 seats
[2025-11-12 12:48:39] ? Cancelled expired booking ID=38, Customer=1, Released 1 seats
[2025-11-12 12:48:39] ? Cancelled expired booking ID=39, Customer=1, Released 2 seats
[2025-11-12 12:48:39] ? Cancelled expired booking ID=40, Customer=1, Released 2 seats
[2025-11-12 12:48:39] ? Cancelled expired booking ID=41, Customer=1, Released 2 seats
[2025-11-12 12:48:39] ? Cancelled expired booking ID=42, Customer=1, Released 2 seats
[2025-11-12 12:49:38] ? Found 37 expired bookings to cancel
[2025-11-12 12:49:38] ? Cancelled expired booking ID=6, Customer=1, Released 0 seats
[2025-11-12 12:49:38] ? Cancelled expired booking ID=7, Customer=1, Released 0 seats
[2025-11-12 12:49:38] ? Cancelled expired booking ID=8, Customer=1, Released 0 seats
[2025-11-12 12:49:38] ? Cancelled expired booking ID=9, Customer=1, Released 0 seats
[2025-11-12 12:49:38] ? Cancelled expired booking ID=10, Customer=1, Released 1 seats
[2025-11-12 12:49:38] ? Cancelled expired booking ID=11, Customer=1, Released 0 seats
[2025-11-12 12:49:38] ? Cancelled expired booking ID=12, Customer=1, Released 2 seats
[2025-11-12 12:49:38] ? Cancelled expired booking ID=13, Customer=1, Released 1 seats
[2025-11-12 12:49:38] ? Cancelled expired booking ID=14, Customer=1, Released 2 seats
[2025-11-12 12:49:38] ? Cancelled expired booking ID=15, Customer=1, Released 0 seats
[2025-11-12 12:49:38] ? Cancelled expired booking ID=16, Customer=1, Released 0 seats
[2025-11-12 12:49:38] ? Cancelled expired booking ID=17, Customer=1, Released 1 seats
[2025-11-12 12:49:39] ? Cancelled expired booking ID=18, Customer=1, Released 0 seats
[2025-11-12 12:49:39] ? Cancelled expired booking ID=19, Customer=1, Released 1 seats
[2025-11-12 12:49:39] ? Cancelled expired booking ID=20, Customer=1, Released 0 seats
[2025-11-12 12:49:39] ? Cancelled expired booking ID=21, Customer=1, Released 0 seats
[2025-11-12 12:49:39] ? Cancelled expired booking ID=22, Customer=1, Released 2 seats
[2025-11-12 12:49:39] ? Cancelled expired booking ID=23, Customer=1, Released 0 seats
[2025-11-12 12:49:39] ? Cancelled expired booking ID=24, Customer=1, Released 0 seats
[2025-11-12 12:49:39] ? Cancelled expired booking ID=25, Customer=1, Released 0 seats
[2025-11-12 12:49:39] ? Cancelled expired booking ID=26, Customer=1, Released 2 seats
[2025-11-12 12:49:39] ? Cancelled expired booking ID=27, Customer=1, Released 0 seats
[2025-11-12 12:49:39] ? Cancelled expired booking ID=28, Customer=1, Released 0 seats
[2025-11-12 12:49:39] ? Cancelled expired booking ID=29, Customer=1, Released 0 seats
[2025-11-12 12:49:39] ? Cancelled expired booking ID=30, Customer=1, Released 0 seats
[2025-11-12 12:49:39] ? Cancelled expired booking ID=31, Customer=1, Released 1 seats
[2025-11-12 12:49:39] ? Cancelled expired booking ID=32, Customer=1, Released 2 seats
[2025-11-12 12:49:39] ? Cancelled expired booking ID=33, Customer=1, Released 2 seats
[2025-11-12 12:49:39] ? Cancelled expired booking ID=34, Customer=1, Released 2 seats
[2025-11-12 12:49:39] ? Cancelled expired booking ID=35, Customer=1, Released 0 seats
[2025-11-12 12:49:39] ? Cancelled expired booking ID=36, Customer=1, Released 2 seats
[2025-11-12 12:49:39] ? Cancelled expired booking ID=37, Customer=1, Released 1 seats
[2025-11-12 12:49:39] ? Cancelled expired booking ID=38, Customer=1, Released 1 seats
[2025-11-12 12:49:39] ? Cancelled expired booking ID=39, Customer=1, Released 2 seats
[2025-11-12 12:49:39] ? Cancelled expired booking ID=40, Customer=1, Released 2 seats
[2025-11-12 12:49:39] ? Cancelled expired booking ID=41, Customer=1, Released 2 seats
[2025-11-12 12:49:39] ? Cancelled expired booking ID=42, Customer=1, Released 2 seats
[2025-11-12 12:50:38] ? Found 37 expired bookings to cancel
[2025-11-12 12:50:38] ? Cancelled expired booking ID=6, Customer=1, Released 0 seats
[2025-11-12 12:50:38] ? Cancelled expired booking ID=7, Customer=1, Released 0 seats
[2025-11-12 12:50:38] ? Cancelled expired booking ID=8, Customer=1, Released 0 seats
[2025-11-12 12:50:38] ? Cancelled expired booking ID=9, Customer=1, Released 0 seats
[2025-11-12 12:50:38] ? Cancelled expired booking ID=10, Customer=1, Released 1 seats
[2025-11-12 12:50:38] ? Cancelled expired booking ID=11, Customer=1, Released 0 seats
[2025-11-12 12:50:38] ? Cancelled expired booking ID=12, Customer=1, Released 2 seats
[2025-11-12 12:50:38] ? Cancelled expired booking ID=13, Customer=1, Released 1 seats
[2025-11-12 12:50:38] ? Cancelled expired booking ID=14, Customer=1, Released 2 seats
[2025-11-12 12:50:38] ? Cancelled expired booking ID=15, Customer=1, Released 0 seats
[2025-11-12 12:50:38] ? Cancelled expired booking ID=16, Customer=1, Released 0 seats
[2025-11-12 12:50:39] ? Cancelled expired booking ID=17, Customer=1, Released 1 seats
[2025-11-12 12:50:39] ? Cancelled expired booking ID=18, Customer=1, Released 0 seats
[2025-11-12 12:50:39] ? Cancelled expired booking ID=19, Customer=1, Released 1 seats
[2025-11-12 12:50:39] ? Cancelled expired booking ID=20, Customer=1, Released 0 seats
[2025-11-12 12:50:39] ? Cancelled expired booking ID=21, Customer=1, Released 0 seats
[2025-11-12 12:50:39] ? Cancelled expired booking ID=22, Customer=1, Released 2 seats
[2025-11-12 12:50:39] ? Cancelled expired booking ID=23, Customer=1, Released 0 seats
[2025-11-12 12:50:39] ? Cancelled expired booking ID=24, Customer=1, Released 0 seats
[2025-11-12 12:50:39] ? Cancelled expired booking ID=25, Customer=1, Released 0 seats
[2025-11-12 12:50:39] ? Cancelled expired booking ID=26, Customer=1, Released 2 seats
[2025-11-12 12:50:39] ? Cancelled expired booking ID=27, Customer=1, Released 0 seats
[2025-11-12 12:50:39] ? Cancelled expired booking ID=28, Customer=1, Released 0 seats
[2025-11-12 12:50:39] ? Cancelled expired booking ID=29, Customer=1, Released 0 seats
[2025-11-12 12:50:39] ? Cancelled expired booking ID=30, Customer=1, Released 0 seats
[2025-11-12 12:50:39] ? Cancelled expired booking ID=31, Customer=1, Released 1 seats
[2025-11-12 12:50:39] ? Cancelled expired booking ID=32, Customer=1, Released 2 seats
[2025-11-12 12:50:39] ? Cancelled expired booking ID=33, Customer=1, Released 2 seats
[2025-11-12 12:50:39] ? Cancelled expired booking ID=34, Customer=1, Released 2 seats
[2025-11-12 12:50:39] ? Cancelled expired booking ID=35, Customer=1, Released 0 seats
[2025-11-12 12:50:39] ? Cancelled expired booking ID=36, Customer=1, Released 2 seats
[2025-11-12 12:50:39] ? Cancelled expired booking ID=37, Customer=1, Released 1 seats
[2025-11-12 12:50:39] ? Cancelled expired booking ID=38, Customer=1, Released 1 seats
[2025-11-12 12:50:39] ? Cancelled expired booking ID=39, Customer=1, Released 2 seats
[2025-11-12 12:50:39] ? Cancelled expired booking ID=40, Customer=1, Released 2 seats
[2025-11-12 12:50:39] ? Cancelled expired booking ID=41, Customer=1, Released 2 seats
[2025-11-12 12:50:39] ? Cancelled expired booking ID=42, Customer=1, Released 2 seats
[2025-11-12 12:51:38] ? Found 37 expired bookings to cancel
[2025-11-12 12:51:39] ? Cancelled expired booking ID=6, Customer=1, Released 0 seats
[2025-11-12 12:51:39] ? Cancelled expired booking ID=7, Customer=1, Released 0 seats
[2025-11-12 12:51:39] ? Cancelled expired booking ID=8, Customer=1, Released 0 seats
[2025-11-12 12:51:39] ? Cancelled expired booking ID=9, Customer=1, Released 0 seats
[2025-11-12 12:51:39] ? Cancelled expired booking ID=10, Customer=1, Released 1 seats
[2025-11-12 12:51:39] ? Cancelled expired booking ID=11, Customer=1, Released 0 seats
[2025-11-12 12:51:39] ? Cancelled expired booking ID=12, Customer=1, Released 2 seats
[2025-11-12 12:51:39] ? Cancelled expired booking ID=13, Customer=1, Released 1 seats
[2025-11-12 12:51:39] ? Cancelled expired booking ID=14, Customer=1, Released 2 seats
[2025-11-12 12:51:39] ? Cancelled expired booking ID=15, Customer=1, Released 0 seats
[2025-11-12 12:51:39] ? Cancelled expired booking ID=16, Customer=1, Released 0 seats
[2025-11-12 12:51:39] ? Cancelled expired booking ID=17, Customer=1, Released 1 seats
[2025-11-12 12:51:39] ? Cancelled expired booking ID=18, Customer=1, Released 0 seats
[2025-11-12 12:51:39] ? Cancelled expired booking ID=19, Customer=1, Released 1 seats
[2025-11-12 12:51:39] ? Cancelled expired booking ID=20, Customer=1, Released 0 seats
[2025-11-12 12:51:39] ? Cancelled expired booking ID=21, Customer=1, Released 0 seats
[2025-11-12 12:51:39] ? Cancelled expired booking ID=22, Customer=1, Released 2 seats
[2025-11-12 12:51:39] ? Cancelled expired booking ID=23, Customer=1, Released 0 seats
[2025-11-12 12:51:39] ? Cancelled expired booking ID=24, Customer=1, Released 0 seats
[2025-11-12 12:51:39] ? Cancelled expired booking ID=25, Customer=1, Released 0 seats
[2025-11-12 12:51:39] ? Cancelled expired booking ID=26, Customer=1, Released 2 seats
[2025-11-12 12:51:39] ? Cancelled expired booking ID=27, Customer=1, Released 0 seats
[2025-11-12 12:51:39] ? Cancelled expired booking ID=28, Customer=1, Released 0 seats
[2025-11-12 12:51:39] ? Cancelled expired booking ID=29, Customer=1, Released 0 seats
[2025-11-12 12:51:39] ? Cancelled expired booking ID=30, Customer=1, Released 0 seats
[2025-11-12 12:51:39] ? Cancelled expired booking ID=31, Customer=1, Released 1 seats
[2025-11-12 12:51:39] ? Cancelled expired booking ID=32, Customer=1, Released 2 seats
[2025-11-12 12:51:39] ? Cancelled expired booking ID=33, Customer=1, Released 2 seats
[2025-11-12 12:51:39] ? Cancelled expired booking ID=34, Customer=1, Released 2 seats
[2025-11-12 12:51:39] ? Cancelled expired booking ID=35, Customer=1, Released 0 seats
[2025-11-12 12:51:39] ? Cancelled expired booking ID=36, Customer=1, Released 2 seats
[2025-11-12 12:51:39] ? Cancelled expired booking ID=37, Customer=1, Released 1 seats
[2025-11-12 12:51:39] ? Cancelled expired booking ID=38, Customer=1, Released 1 seats
[2025-11-12 12:51:39] ? Cancelled expired booking ID=39, Customer=1, Released 2 seats
[2025-11-12 12:51:39] ? Cancelled expired booking ID=40, Customer=1, Released 2 seats
[2025-11-12 12:51:39] ? Cancelled expired booking ID=41, Customer=1, Released 2 seats
[2025-11-12 12:51:39] ? Cancelled expired booking ID=42, Customer=1, Released 2 seats
[2025-11-12 12:52:38] ? Found 37 expired bookings to cancel
[2025-11-12 12:52:39] ? Cancelled expired booking ID=6, Customer=1, Released 0 seats
[2025-11-12 12:52:39] ? Cancelled expired booking ID=7, Customer=1, Released 0 seats
[2025-11-12 12:52:39] ? Cancelled expired booking ID=8, Customer=1, Released 0 seats
[2025-11-12 12:52:39] ? Cancelled expired booking ID=9, Customer=1, Released 0 seats
[2025-11-12 12:52:39] ? Cancelled expired booking ID=10, Customer=1, Released 1 seats
[2025-11-12 12:52:39] ? Cancelled expired booking ID=11, Customer=1, Released 0 seats
[2025-11-12 12:52:39] ? Cancelled expired booking ID=12, Customer=1, Released 2 seats
[2025-11-12 12:52:39] ? Cancelled expired booking ID=13, Customer=1, Released 1 seats
[2025-11-12 12:52:39] ? Cancelled expired booking ID=14, Customer=1, Released 2 seats
[2025-11-12 12:52:39] ? Cancelled expired booking ID=15, Customer=1, Released 0 seats
[2025-11-12 12:52:39] ? Cancelled expired booking ID=16, Customer=1, Released 0 seats
[2025-11-12 12:52:39] ? Cancelled expired booking ID=17, Customer=1, Released 1 seats
[2025-11-12 12:52:39] ? Cancelled expired booking ID=18, Customer=1, Released 0 seats
[2025-11-12 12:52:39] ? Cancelled expired booking ID=19, Customer=1, Released 1 seats
[2025-11-12 12:52:39] ? Cancelled expired booking ID=20, Customer=1, Released 0 seats
[2025-11-12 12:52:39] ? Cancelled expired booking ID=21, Customer=1, Released 0 seats
[2025-11-12 12:52:39] ? Cancelled expired booking ID=22, Customer=1, Released 2 seats
[2025-11-12 12:52:39] ? Cancelled expired booking ID=23, Customer=1, Released 0 seats
[2025-11-12 12:52:39] ? Cancelled expired booking ID=24, Customer=1, Released 0 seats
[2025-11-12 12:52:39] ? Cancelled expired booking ID=25, Customer=1, Released 0 seats
[2025-11-12 12:52:39] ? Cancelled expired booking ID=26, Customer=1, Released 2 seats
[2025-11-12 12:52:39] ? Cancelled expired booking ID=27, Customer=1, Released 0 seats
[2025-11-12 12:52:39] ? Cancelled expired booking ID=28, Customer=1, Released 0 seats
[2025-11-12 12:52:39] ? Cancelled expired booking ID=29, Customer=1, Released 0 seats
[2025-11-12 12:52:39] ? Cancelled expired booking ID=30, Customer=1, Released 0 seats
[2025-11-12 12:52:39] ? Cancelled expired booking ID=31, Customer=1, Released 1 seats
[2025-11-12 12:52:39] ? Cancelled expired booking ID=32, Customer=1, Released 2 seats
[2025-11-12 12:52:39] ? Cancelled expired booking ID=33, Customer=1, Released 2 seats
[2025-11-12 12:52:39] ? Cancelled expired booking ID=34, Customer=1, Released 2 seats
[2025-11-12 12:52:39] ? Cancelled expired booking ID=35, Customer=1, Released 0 seats
[2025-11-12 12:52:39] ? Cancelled expired booking ID=36, Customer=1, Released 2 seats
[2025-11-12 12:52:39] ? Cancelled expired booking ID=37, Customer=1, Released 1 seats
[2025-11-12 12:52:39] ? Cancelled expired booking ID=38, Customer=1, Released 1 seats
[2025-11-12 12:52:39] ? Cancelled expired booking ID=39, Customer=1, Released 2 seats
[2025-11-12 12:52:39] ? Cancelled expired booking ID=40, Customer=1, Released 2 seats
[2025-11-12 12:52:39] ? Cancelled expired booking ID=41, Customer=1, Released 2 seats
[2025-11-12 12:52:39] ? Cancelled expired booking ID=42, Customer=1, Released 2 seats
[2025-11-12 12:53:39] ? Found 37 expired bookings to cancel
[2025-11-12 12:53:39] ? Cancelled expired booking ID=6, Customer=1, Released 0 seats
[2025-11-12 12:53:39] ? Cancelled expired booking ID=7, Customer=1, Released 0 seats
[2025-11-12 12:53:39] ? Cancelled expired booking ID=8, Customer=1, Released 0 seats
[2025-11-12 12:53:39] ? Cancelled expired booking ID=9, Customer=1, Released 0 seats
[2025-11-12 12:53:39] ? Cancelled expired booking ID=10, Customer=1, Released 1 seats
[2025-11-12 12:53:39] ? Cancelled expired booking ID=11, Customer=1, Released 0 seats
[2025-11-12 12:53:39] ? Cancelled expired booking ID=12, Customer=1, Released 2 seats
[2025-11-12 12:53:39] ? Cancelled expired booking ID=13, Customer=1, Released 1 seats
[2025-11-12 12:53:39] ? Cancelled expired booking ID=14, Customer=1, Released 2 seats
[2025-11-12 12:53:39] ? Cancelled expired booking ID=15, Customer=1, Released 0 seats
[2025-11-12 12:53:39] ? Cancelled expired booking ID=16, Customer=1, Released 0 seats
[2025-11-12 12:53:39] ? Cancelled expired booking ID=17, Customer=1, Released 1 seats
[2025-11-12 12:53:39] ? Cancelled expired booking ID=18, Customer=1, Released 0 seats
[2025-11-12 12:53:39] ? Cancelled expired booking ID=19, Customer=1, Released 1 seats
[2025-11-12 12:53:39] ? Cancelled expired booking ID=20, Customer=1, Released 0 seats
[2025-11-12 12:53:39] ? Cancelled expired booking ID=21, Customer=1, Released 0 seats
[2025-11-12 12:53:39] ? Cancelled expired booking ID=22, Customer=1, Released 2 seats
[2025-11-12 12:53:39] ? Cancelled expired booking ID=23, Customer=1, Released 0 seats
[2025-11-12 12:53:39] ? Cancelled expired booking ID=24, Customer=1, Released 0 seats
[2025-11-12 12:53:39] ? Cancelled expired booking ID=25, Customer=1, Released 0 seats
[2025-11-12 12:53:39] ? Cancelled expired booking ID=26, Customer=1, Released 2 seats
[2025-11-12 12:53:39] ? Cancelled expired booking ID=27, Customer=1, Released 0 seats
[2025-11-12 12:53:39] ? Cancelled expired booking ID=28, Customer=1, Released 0 seats
[2025-11-12 12:53:39] ? Cancelled expired booking ID=29, Customer=1, Released 0 seats
[2025-11-12 12:53:39] ? Cancelled expired booking ID=30, Customer=1, Released 0 seats
[2025-11-12 12:53:39] ? Cancelled expired booking ID=31, Customer=1, Released 1 seats
[2025-11-12 12:53:39] ? Cancelled expired booking ID=32, Customer=1, Released 2 seats
[2025-11-12 12:53:39] ? Cancelled expired booking ID=33, Customer=1, Released 2 seats
[2025-11-12 12:53:39] ? Cancelled expired booking ID=34, Customer=1, Released 2 seats
[2025-11-12 12:53:39] ? Cancelled expired booking ID=35, Customer=1, Released 0 seats
[2025-11-12 12:53:39] ? Cancelled expired booking ID=36, Customer=1, Released 2 seats
[2025-11-12 12:53:39] ? Cancelled expired booking ID=37, Customer=1, Released 1 seats
[2025-11-12 12:53:39] ? Cancelled expired booking ID=38, Customer=1, Released 1 seats
[2025-11-12 12:53:39] ? Cancelled expired booking ID=39, Customer=1, Released 2 seats
[2025-11-12 12:53:39] ? Cancelled expired booking ID=40, Customer=1, Released 2 seats
[2025-11-12 12:53:39] ? Cancelled expired booking ID=41, Customer=1, Released 2 seats
[2025-11-12 12:53:39] ? Cancelled expired booking ID=42, Customer=1, Released 2 seats
[2025-11-12 12:54:38] ? Found 37 expired bookings to cancel
[2025-11-12 12:54:39] ? Cancelled expired booking ID=6, Customer=1, Released 0 seats
[2025-11-12 12:54:39] ? Cancelled expired booking ID=7, Customer=1, Released 0 seats
[2025-11-12 12:54:39] ? Cancelled expired booking ID=8, Customer=1, Released 0 seats
[2025-11-12 12:54:39] ? Cancelled expired booking ID=9, Customer=1, Released 0 seats
[2025-11-12 12:54:39] ? Cancelled expired booking ID=10, Customer=1, Released 1 seats
[2025-11-12 12:54:39] ? Cancelled expired booking ID=11, Customer=1, Released 0 seats
[2025-11-12 12:54:39] ? Cancelled expired booking ID=12, Customer=1, Released 2 seats
[2025-11-12 12:54:39] ? Cancelled expired booking ID=13, Customer=1, Released 1 seats
[2025-11-12 12:54:39] ? Cancelled expired booking ID=14, Customer=1, Released 2 seats
[2025-11-12 12:54:39] ? Cancelled expired booking ID=15, Customer=1, Released 0 seats
[2025-11-12 12:54:39] ? Cancelled expired booking ID=16, Customer=1, Released 0 seats
[2025-11-12 12:54:39] ? Cancelled expired booking ID=17, Customer=1, Released 1 seats
[2025-11-12 12:54:39] ? Cancelled expired booking ID=18, Customer=1, Released 0 seats
[2025-11-12 12:54:39] ? Cancelled expired booking ID=19, Customer=1, Released 1 seats
[2025-11-12 12:54:39] ? Cancelled expired booking ID=20, Customer=1, Released 0 seats
[2025-11-12 12:54:39] ? Cancelled expired booking ID=21, Customer=1, Released 0 seats
[2025-11-12 12:54:39] ? Cancelled expired booking ID=22, Customer=1, Released 2 seats
[2025-11-12 12:54:39] ? Cancelled expired booking ID=23, Customer=1, Released 0 seats
[2025-11-12 12:54:39] ? Cancelled expired booking ID=24, Customer=1, Released 0 seats
[2025-11-12 12:54:39] ? Cancelled expired booking ID=25, Customer=1, Released 0 seats
[2025-11-12 12:54:39] ? Cancelled expired booking ID=26, Customer=1, Released 2 seats
[2025-11-12 12:54:39] ? Cancelled expired booking ID=27, Customer=1, Released 0 seats
[2025-11-12 12:54:39] ? Cancelled expired booking ID=28, Customer=1, Released 0 seats
[2025-11-12 12:54:39] ? Cancelled expired booking ID=29, Customer=1, Released 0 seats
[2025-11-12 12:54:39] ? Cancelled expired booking ID=30, Customer=1, Released 0 seats
[2025-11-12 12:54:39] ? Cancelled expired booking ID=31, Customer=1, Released 1 seats
[2025-11-12 12:54:39] ? Cancelled expired booking ID=32, Customer=1, Released 2 seats
[2025-11-12 12:54:39] ? Cancelled expired booking ID=33, Customer=1, Released 2 seats
[2025-11-12 12:54:39] ? Cancelled expired booking ID=34, Customer=1, Released 2 seats
[2025-11-12 12:54:39] ? Cancelled expired booking ID=35, Customer=1, Released 0 seats
[2025-11-12 12:54:39] ? Cancelled expired booking ID=36, Customer=1, Released 2 seats
[2025-11-12 12:54:39] ? Cancelled expired booking ID=37, Customer=1, Released 1 seats
[2025-11-12 12:54:39] ? Cancelled expired booking ID=38, Customer=1, Released 1 seats
[2025-11-12 12:54:39] ? Cancelled expired booking ID=39, Customer=1, Released 2 seats
[2025-11-12 12:54:39] ? Cancelled expired booking ID=40, Customer=1, Released 2 seats
[2025-11-12 12:54:39] ? Cancelled expired booking ID=41, Customer=1, Released 2 seats
[2025-11-12 12:54:39] ? Cancelled expired booking ID=42, Customer=1, Released 2 seats
[2025-11-12 13:16:15] ? BookingExpirationService started
[2025-11-12 13:17:15] ? Found 37 expired bookings to cancel
[2025-11-12 13:17:15] ? Cancelled expired booking ID=6, Customer=1, Released 0 seats
[2025-11-12 13:17:15] ? Cancelled expired booking ID=7, Customer=1, Released 0 seats
[2025-11-12 13:17:15] ? Cancelled expired booking ID=8, Customer=1, Released 0 seats
[2025-11-12 13:17:15] ? Cancelled expired booking ID=9, Customer=1, Released 0 seats
[2025-11-12 13:17:15] ? Cancelled expired booking ID=10, Customer=1, Released 1 seats
[2025-11-12 13:17:15] ? Cancelled expired booking ID=11, Customer=1, Released 0 seats
[2025-11-12 13:17:15] ? Cancelled expired booking ID=12, Customer=1, Released 2 seats
[2025-11-12 13:17:15] ? Cancelled expired booking ID=13, Customer=1, Released 1 seats
[2025-11-12 13:17:15] ? Cancelled expired booking ID=14, Customer=1, Released 2 seats
[2025-11-12 13:17:15] ? Cancelled expired booking ID=15, Customer=1, Released 0 seats
[2025-11-12 13:17:15] ? Cancelled expired booking ID=16, Customer=1, Released 0 seats
[2025-11-12 13:17:15] ? Cancelled expired booking ID=17, Customer=1, Released 1 seats
[2025-11-12 13:17:15] ? Cancelled expired booking ID=18, Customer=1, Released 0 seats
[2025-11-12 13:17:15] ? Cancelled expired booking ID=19, Customer=1, Released 1 seats
[2025-11-12 13:17:15] ? Cancelled expired booking ID=20, Customer=1, Released 0 seats
[2025-11-12 13:17:15] ? Cancelled expired booking ID=21, Customer=1, Released 0 seats
[2025-11-12 13:17:15] ? Cancelled expired booking ID=22, Customer=1, Released 2 seats
[2025-11-12 13:17:15] ? Cancelled expired booking ID=23, Customer=1, Released 0 seats
[2025-11-12 13:17:15] ? Cancelled expired booking ID=24, Customer=1, Released 0 seats
[2025-11-12 13:17:15] ? Cancelled expired booking ID=25, Customer=1, Released 0 seats
[2025-11-12 13:17:15] ? Cancelled expired booking ID=26, Customer=1, Released 2 seats
[2025-11-12 13:17:15] ? Cancelled expired booking ID=27, Customer=1, Released 0 seats
[2025-11-12 13:17:15] ? Cancelled expired booking ID=28, Customer=1, Released 0 seats
[2025-11-12 13:17:15] ? Cancelled expired booking ID=29, Customer=1, Released 0 seats
[2025-11-12 13:17:15] ? Cancelled expired booking ID=30, Customer=1, Released 0 seats
[2025-11-12 13:17:15] ? Cancelled expired booking ID=31, Customer=1, Released 1 seats
[2025-11-12 13:17:15] ? Cancelled expired booking ID=32, Customer=1, Released 2 seats
[2025-11-12 13:17:15] ? Cancelled expired booking ID=33, Customer=1, Released 2 seats
[2025-11-12 13:17:15] ? Cancelled expired booking ID=34, Customer=1, Released 2 seats
[2025-11-12 13:17:15] ? Cancelled expired booking ID=35, Customer=1, Released 0 seats
[2025-11-12 13:17:15] ? Cancelled expired booking ID=36, Customer=1, Released 2 seats
[2025-11-12 13:17:15] ? Cancelled expired booking ID=37, Customer=1, Released 1 seats
[2025-11-12 13:17:15] ? Cancelled expired booking ID=38, Customer=1, Released 1 seats
[2025-11-12 13:17:15] ? Cancelled expired booking ID=39, Customer=1, Released 2 seats
[2025-11-12 13:17:15] ? Cancelled expired booking ID=40, Customer=1, Released 2 seats
[2025-11-12 13:17:15] ? Cancelled expired booking ID=41, Customer=1, Released 2 seats
[2025-11-12 13:17:15] ? Cancelled expired booking ID=42, Customer=1, Released 2 seats
[2025-11-12 13:18:15] ? Found 37 expired bookings to cancel
[2025-11-12 13:18:15] ? Cancelled expired booking ID=6, Customer=1, Released 0 seats
[2025-11-12 13:18:15] ? Cancelled expired booking ID=7, Customer=1, Released 0 seats
[2025-11-12 13:18:15] ? Cancelled expired booking ID=8, Customer=1, Released 0 seats
[2025-11-12 13:18:15] ? Cancelled expired booking ID=9, Customer=1, Released 0 seats
[2025-11-12 13:18:15] ? Cancelled expired booking ID=10, Customer=1, Released 1 seats
[2025-11-12 13:18:15] ? Cancelled expired booking ID=11, Customer=1, Released 0 seats
[2025-11-12 13:18:15] ? Cancelled expired booking ID=12, Customer=1, Released 2 seats
[2025-11-12 13:18:15] ? Cancelled expired booking ID=13, Customer=1, Released 1 seats
[2025-11-12 13:18:15] ? Cancelled expired booking ID=14, Customer=1, Released 2 seats
[2025-11-12 13:18:15] ? Cancelled expired booking ID=15, Customer=1, Released 0 seats
[2025-11-12 13:18:15] ? Cancelled expired booking ID=16, Customer=1, Released 0 seats
[2025-11-12 13:18:15] ? Cancelled expired booking ID=17, Customer=1, Released 1 seats
[2025-11-12 13:18:15] ? Cancelled expired booking ID=18, Customer=1, Released 0 seats
[2025-11-12 13:18:15] ? Cancelled expired booking ID=19, Customer=1, Released 1 seats
[2025-11-12 13:18:15] ? Cancelled expired booking ID=20, Customer=1, Released 0 seats
[2025-11-12 13:18:15] ? Cancelled expired booking ID=21, Customer=1, Released 0 seats
[2025-11-12 13:18:15] ? Cancelled expired booking ID=22, Customer=1, Released 2 seats
[2025-11-12 13:18:15] ? Cancelled expired booking ID=23, Customer=1, Released 0 seats
[2025-11-12 13:18:15] ? Cancelled expired booking ID=24, Customer=1, Released 0 seats
[2025-11-12 13:18:15] ? Cancelled expired booking ID=25, Customer=1, Released 0 seats
[2025-11-12 13:18:15] ? Cancelled expired booking ID=26, Customer=1, Released 2 seats
[2025-11-12 13:18:15] ? Cancelled expired booking ID=27, Customer=1, Released 0 seats
[2025-11-12 13:18:15] ? Cancelled expired booking ID=28, Customer=1, Released 0 seats
[2025-11-12 13:18:15] ? Cancelled expired booking ID=29, Customer=1, Released 0 seats
[2025-11-12 13:18:15] ? Cancelled expired booking ID=30, Customer=1, Released 0 seats
[2025-11-12 13:18:15] ? Cancelled expired booking ID=31, Customer=1, Released 1 seats
[2025-11-12 13:18:15] ? Cancelled expired booking ID=32, Customer=1, Released 2 seats
[2025-11-12 13:18:15] ? Cancelled expired booking ID=33, Customer=1, Released 2 seats
[2025-11-12 13:18:15] ? Cancelled expired booking ID=34, Customer=1, Released 2 seats
[2025-11-12 13:18:15] ? Cancelled expired booking ID=35, Customer=1, Released 0 seats
[2025-11-12 13:18:15] ? Cancelled expired booking ID=36, Customer=1, Released 2 seats
[2025-11-12 13:18:15] ? Cancelled expired booking ID=37, Customer=1, Released 1 seats
[2025-11-12 13:18:15] ? Cancelled expired booking ID=38, Customer=1, Released 1 seats
[2025-11-12 13:18:15] ? Cancelled expired booking ID=39, Customer=1, Released 2 seats
[2025-11-12 13:18:15] ? Cancelled expired booking ID=40, Customer=1, Released 2 seats
[2025-11-12 13:18:15] ? Cancelled expired booking ID=41, Customer=1, Released 2 seats
[2025-11-12 13:18:15] ? Cancelled expired booking ID=42, Customer=1, Released 2 seats
[2025-11-12 13:19:15] ? Found 37 expired bookings to cancel
[2025-11-12 13:19:15] ? Cancelled expired booking ID=6, Customer=1, Released 0 seats
[2025-11-12 13:19:15] ? Cancelled expired booking ID=7, Customer=1, Released 0 seats
[2025-11-12 13:19:15] ? Cancelled expired booking ID=8, Customer=1, Released 0 seats
[2025-11-12 13:19:15] ? Cancelled expired booking ID=9, Customer=1, Released 0 seats
[2025-11-12 13:19:15] ? Cancelled expired booking ID=10, Customer=1, Released 1 seats
[2025-11-12 13:19:15] ? Cancelled expired booking ID=11, Customer=1, Released 0 seats
[2025-11-12 13:19:15] ? Cancelled expired booking ID=12, Customer=1, Released 2 seats
[2025-11-12 13:19:15] ? Cancelled expired booking ID=13, Customer=1, Released 1 seats
[2025-11-12 13:19:15] ? Cancelled expired booking ID=14, Customer=1, Released 2 seats
[2025-11-12 13:19:15] ? Cancelled expired booking ID=15, Customer=1, Released 0 seats
[2025-11-12 13:19:15] ? Cancelled expired booking ID=16, Customer=1, Released 0 seats
[2025-11-12 13:19:15] ? Cancelled expired booking ID=17, Customer=1, Released 1 seats
[2025-11-12 13:19:15] ? Cancelled expired booking ID=18, Customer=1, Released 0 seats
[2025-11-12 13:19:15] ? Cancelled expired booking ID=19, Customer=1, Released 1 seats
[2025-11-12 13:19:15] ? Cancelled expired booking ID=20, Customer=1, Released 0 seats
[2025-11-12 13:19:15] ? Cancelled expired booking ID=21, Customer=1, Released 0 seats
[2025-11-12 13:19:15] ? Cancelled expired booking ID=22, Customer=1, Released 2 seats
[2025-11-12 13:19:15] ? Cancelled expired booking ID=23, Customer=1, Released 0 seats
[2025-11-12 13:19:15] ? Cancelled expired booking ID=24, Customer=1, Released 0 seats
[2025-11-12 13:19:15] ? Cancelled expired booking ID=25, Customer=1, Released 0 seats
[2025-11-12 13:19:15] ? Cancelled expired booking ID=26, Customer=1, Released 2 seats
[2025-11-12 13:19:15] ? Cancelled expired booking ID=27, Customer=1, Released 0 seats
[2025-11-12 13:19:15] ? Cancelled expired booking ID=28, Customer=1, Released 0 seats
[2025-11-12 13:19:15] ? Cancelled expired booking ID=29, Customer=1, Released 0 seats
[2025-11-12 13:19:15] ? Cancelled expired booking ID=30, Customer=1, Released 0 seats
[2025-11-12 13:19:15] ? Cancelled expired booking ID=31, Customer=1, Released 1 seats
[2025-11-12 13:19:15] ? Cancelled expired booking ID=32, Customer=1, Released 2 seats
[2025-11-12 13:19:15] ? Cancelled expired booking ID=33, Customer=1, Released 2 seats
[2025-11-12 13:19:15] ? Cancelled expired booking ID=34, Customer=1, Released 2 seats
[2025-11-12 13:19:15] ? Cancelled expired booking ID=35, Customer=1, Released 0 seats
[2025-11-12 13:19:15] ? Cancelled expired booking ID=36, Customer=1, Released 2 seats
[2025-11-12 13:19:15] ? Cancelled expired booking ID=37, Customer=1, Released 1 seats
[2025-11-12 13:19:15] ? Cancelled expired booking ID=38, Customer=1, Released 1 seats
[2025-11-12 13:19:15] ? Cancelled expired booking ID=39, Customer=1, Released 2 seats
[2025-11-12 13:19:15] ? Cancelled expired booking ID=40, Customer=1, Released 2 seats
[2025-11-12 13:19:15] ? Cancelled expired booking ID=41, Customer=1, Released 2 seats
[2025-11-12 13:19:15] ? Cancelled expired booking ID=42, Customer=1, Released 2 seats
[2025-11-12 13:20:15] ? Found 37 expired bookings to cancel
[2025-11-12 13:20:15] ? Cancelled expired booking ID=6, Customer=1, Released 0 seats
[2025-11-12 13:20:15] ? Cancelled expired booking ID=7, Customer=1, Released 0 seats
[2025-11-12 13:20:15] ? Cancelled expired booking ID=8, Customer=1, Released 0 seats
[2025-11-12 13:20:15] ? Cancelled expired booking ID=9, Customer=1, Released 0 seats
[2025-11-12 13:20:15] ? Cancelled expired booking ID=10, Customer=1, Released 1 seats
[2025-11-12 13:20:15] ? Cancelled expired booking ID=11, Customer=1, Released 0 seats
[2025-11-12 13:20:15] ? Cancelled expired booking ID=12, Customer=1, Released 2 seats
[2025-11-12 13:20:15] ? Cancelled expired booking ID=13, Customer=1, Released 1 seats
[2025-11-12 13:20:15] ? Cancelled expired booking ID=14, Customer=1, Released 2 seats
[2025-11-12 13:20:15] ? Cancelled expired booking ID=15, Customer=1, Released 0 seats
[2025-11-12 13:20:15] ? Cancelled expired booking ID=16, Customer=1, Released 0 seats
[2025-11-12 13:20:15] ? Cancelled expired booking ID=17, Customer=1, Released 1 seats
[2025-11-12 13:20:15] ? Cancelled expired booking ID=18, Customer=1, Released 0 seats
[2025-11-12 13:20:15] ? Cancelled expired booking ID=19, Customer=1, Released 1 seats
[2025-11-12 13:20:15] ? Cancelled expired booking ID=20, Customer=1, Released 0 seats
[2025-11-12 13:20:15] ? Cancelled expired booking ID=21, Customer=1, Released 0 seats
[2025-11-12 13:20:15] ? Cancelled expired booking ID=22, Customer=1, Released 2 seats
[2025-11-12 13:20:15] ? Cancelled expired booking ID=23, Customer=1, Released 0 seats
[2025-11-12 13:20:15] ? Cancelled expired booking ID=24, Customer=1, Released 0 seats
[2025-11-12 13:20:15] ? Cancelled expired booking ID=25, Customer=1, Released 0 seats
[2025-11-12 13:20:15] ? Cancelled expired booking ID=26, Customer=1, Released 2 seats
[2025-11-12 13:20:15] ? Cancelled expired booking ID=27, Customer=1, Released 0 seats
[2025-11-12 13:20:15] ? Cancelled expired booking ID=28, Customer=1, Released 0 seats
[2025-11-12 13:20:15] ? Cancelled expired booking ID=29, Customer=1, Released 0 seats
[2025-11-12 13:20:15] ? Cancelled expired booking ID=30, Customer=1, Released 0 seats
[2025-11-12 13:20:15] ? Cancelled expired booking ID=31, Customer=1, Released 1 seats
[2025-11-12 13:20:15] ? Cancelled expired booking ID=32, Customer=1, Released 2 seats
[2025-11-12 13:20:15] ? Cancelled expired booking ID=33, Customer=1, Released 2 seats
[2025-11-12 13:20:15] ? Cancelled expired booking ID=34, Customer=1, Released 2 seats
[2025-11-12 13:20:15] ? Cancelled expired booking ID=35, Customer=1, Released 0 seats
[2025-11-12 13:20:15] ? Cancelled expired booking ID=36, Customer=1, Released 2 seats
[2025-11-12 13:20:15] ? Cancelled expired booking ID=37, Customer=1, Released 1 seats
[2025-11-12 13:20:15] ? Cancelled expired booking ID=38, Customer=1, Released 1 seats
[2025-11-12 13:20:15] ? Cancelled expired booking ID=39, Customer=1, Released 2 seats
[2025-11-12 13:20:15] ? Cancelled expired booking ID=40, Customer=1, Released 2 seats
[2025-11-12 13:20:15] ? Cancelled expired booking ID=41, Customer=1, Released 2 seats
[2025-11-12 13:20:15] ? Cancelled expired booking ID=42, Customer=1, Released 2 seats
[2025-11-12 13:21:15] ? Found 37 expired bookings to cancel
[2025-11-12 13:21:15] ? Cancelled expired booking ID=6, Customer=1, Released 0 seats
[2025-11-12 13:21:15] ? Cancelled expired booking ID=7, Customer=1, Released 0 seats
[2025-11-12 13:21:15] ? Cancelled expired booking ID=8, Customer=1, Released 0 seats
[2025-11-12 13:21:15] ? Cancelled expired booking ID=9, Customer=1, Released 0 seats
[2025-11-12 13:21:15] ? Cancelled expired booking ID=10, Customer=1, Released 1 seats
[2025-11-12 13:21:15] ? Cancelled expired booking ID=11, Customer=1, Released 0 seats
[2025-11-12 13:21:15] ? Cancelled expired booking ID=12, Customer=1, Released 2 seats
[2025-11-12 13:21:15] ? Cancelled expired booking ID=13, Customer=1, Released 1 seats
[2025-11-12 13:21:15] ? Cancelled expired booking ID=14, Customer=1, Released 2 seats
[2025-11-12 13:21:15] ? Cancelled expired booking ID=15, Customer=1, Released 0 seats
[2025-11-12 13:21:15] ? Cancelled expired booking ID=16, Customer=1, Released 0 seats
[2025-11-12 13:21:15] ? Cancelled expired booking ID=17, Customer=1, Released 1 seats
[2025-11-12 13:21:15] ? Cancelled expired booking ID=18, Customer=1, Released 0 seats
[2025-11-12 13:21:15] ? Cancelled expired booking ID=19, Customer=1, Released 1 seats
[2025-11-12 13:21:15] ? Cancelled expired booking ID=20, Customer=1, Released 0 seats
[2025-11-12 13:21:15] ? Cancelled expired booking ID=21, Customer=1, Released 0 seats
[2025-11-12 13:21:15] ? Cancelled expired booking ID=22, Customer=1, Released 2 seats
[2025-11-12 13:21:15] ? Cancelled expired booking ID=23, Customer=1, Released 0 seats
[2025-11-12 13:21:15] ? Cancelled expired booking ID=24, Customer=1, Released 0 seats
[2025-11-12 13:21:15] ? Cancelled expired booking ID=25, Customer=1, Released 0 seats
[2025-11-12 13:21:15] ? Cancelled expired booking ID=26, Customer=1, Released 2 seats
[2025-11-12 13:21:15] ? Cancelled expired booking ID=27, Customer=1, Released 0 seats
[2025-11-12 13:21:15] ? Cancelled expired booking ID=28, Customer=1, Released 0 seats
[2025-11-12 13:21:15] ? Cancelled expired booking ID=29, Customer=1, Released 0 seats
[2025-11-12 13:21:15] ? Cancelled expired booking ID=30, Customer=1, Released 0 seats
[2025-11-12 13:21:15] ? Cancelled expired booking ID=31, Customer=1, Released 1 seats
[2025-11-12 13:21:15] ? Cancelled expired booking ID=32, Customer=1, Released 2 seats
[2025-11-12 13:21:15] ? Cancelled expired booking ID=33, Customer=1, Released 2 seats
[2025-11-12 13:21:15] ? Cancelled expired booking ID=34, Customer=1, Released 2 seats
[2025-11-12 13:21:15] ? Cancelled expired booking ID=35, Customer=1, Released 0 seats
[2025-11-12 13:21:15] ? Cancelled expired booking ID=36, Customer=1, Released 2 seats
[2025-11-12 13:21:15] ? Cancelled expired booking ID=37, Customer=1, Released 1 seats
[2025-11-12 13:21:15] ? Cancelled expired booking ID=38, Customer=1, Released 1 seats
[2025-11-12 13:21:15] ? Cancelled expired booking ID=39, Customer=1, Released 2 seats
[2025-11-12 13:21:15] ? Cancelled expired booking ID=40, Customer=1, Released 2 seats
[2025-11-12 13:21:15] ? Cancelled expired booking ID=41, Customer=1, Released 2 seats
[2025-11-12 13:21:15] ? Cancelled expired booking ID=42, Customer=1, Released 2 seats
[2025-11-12 13:22:15] ? Found 37 expired bookings to cancel
[2025-11-12 13:22:15] ? Cancelled expired booking ID=6, Customer=1, Released 0 seats
[2025-11-12 13:22:15] ? Cancelled expired booking ID=7, Customer=1, Released 0 seats
[2025-11-12 13:22:15] ? Cancelled expired booking ID=8, Customer=1, Released 0 seats
[2025-11-12 13:22:15] ? Cancelled expired booking ID=9, Customer=1, Released 0 seats
[2025-11-12 13:22:15] ? Cancelled expired booking ID=10, Customer=1, Released 1 seats
[2025-11-12 13:22:15] ? Cancelled expired booking ID=11, Customer=1, Released 0 seats
[2025-11-12 13:22:15] ? Cancelled expired booking ID=12, Customer=1, Released 2 seats
[2025-11-12 13:22:15] ? Cancelled expired booking ID=13, Customer=1, Released 1 seats
[2025-11-12 13:22:15] ? Cancelled expired booking ID=14, Customer=1, Released 2 seats
[2025-11-12 13:22:15] ? Cancelled expired booking ID=15, Customer=1, Released 0 seats
[2025-11-12 13:22:15] ? Cancelled expired booking ID=16, Customer=1, Released 0 seats
[2025-11-12 13:22:15] ? Cancelled expired booking ID=17, Customer=1, Released 1 seats
[2025-11-12 13:22:15] ? Cancelled expired booking ID=18, Customer=1, Released 0 seats
[2025-11-12 13:22:15] ? Cancelled expired booking ID=19, Customer=1, Released 1 seats
[2025-11-12 13:22:15] ? Cancelled expired booking ID=20, Customer=1, Released 0 seats
[2025-11-12 13:22:15] ? Cancelled expired booking ID=21, Customer=1, Released 0 seats
[2025-11-12 13:22:15] ? Cancelled expired booking ID=22, Customer=1, Released 2 seats
[2025-11-12 13:22:15] ? Cancelled expired booking ID=23, Customer=1, Released 0 seats
[2025-11-12 13:22:15] ? Cancelled expired booking ID=24, Customer=1, Released 0 seats
[2025-11-12 13:22:15] ? Cancelled expired booking ID=25, Customer=1, Released 0 seats
[2025-11-12 13:22:15] ? Cancelled expired booking ID=26, Customer=1, Released 2 seats
[2025-11-12 13:22:15] ? Cancelled expired booking ID=27, Customer=1, Released 0 seats
[2025-11-12 13:22:15] ? Cancelled expired booking ID=28, Customer=1, Released 0 seats
[2025-11-12 13:22:15] ? Cancelled expired booking ID=29, Customer=1, Released 0 seats
[2025-11-12 13:22:15] ? Cancelled expired booking ID=30, Customer=1, Released 0 seats
[2025-11-12 13:22:15] ? Cancelled expired booking ID=31, Customer=1, Released 1 seats
[2025-11-12 13:22:15] ? Cancelled expired booking ID=32, Customer=1, Released 2 seats
[2025-11-12 13:22:15] ? Cancelled expired booking ID=33, Customer=1, Released 2 seats
[2025-11-12 13:22:15] ? Cancelled expired booking ID=34, Customer=1, Released 2 seats
[2025-11-12 13:22:15] ? Cancelled expired booking ID=35, Customer=1, Released 0 seats
[2025-11-12 13:22:15] ? Cancelled expired booking ID=36, Customer=1, Released 2 seats
[2025-11-12 13:22:15] ? Cancelled expired booking ID=37, Customer=1, Released 1 seats
[2025-11-12 13:22:15] ? Cancelled expired booking ID=38, Customer=1, Released 1 seats
[2025-11-12 13:22:15] ? Cancelled expired booking ID=39, Customer=1, Released 2 seats
[2025-11-12 13:22:15] ? Cancelled expired booking ID=40, Customer=1, Released 2 seats
[2025-11-12 13:22:15] ? Cancelled expired booking ID=41, Customer=1, Released 2 seats
[2025-11-12 13:22:15] ? Cancelled expired booking ID=42, Customer=1, Released 2 seats
[2025-11-12 13:23:15] ? Found 37 expired bookings to cancel
[2025-11-12 13:23:15] ? Cancelled expired booking ID=6, Customer=1, Released 0 seats
[2025-11-12 13:23:15] ? Cancelled expired booking ID=7, Customer=1, Released 0 seats
[2025-11-12 13:23:15] ? Cancelled expired booking ID=8, Customer=1, Released 0 seats
[2025-11-12 13:23:15] ? Cancelled expired booking ID=9, Customer=1, Released 0 seats
[2025-11-12 13:23:15] ? Cancelled expired booking ID=10, Customer=1, Released 1 seats
[2025-11-12 13:23:15] ? Cancelled expired booking ID=11, Customer=1, Released 0 seats
[2025-11-12 13:23:15] ? Cancelled expired booking ID=12, Customer=1, Released 2 seats
[2025-11-12 13:23:15] ? Cancelled expired booking ID=13, Customer=1, Released 1 seats
[2025-11-12 13:23:15] ? Cancelled expired booking ID=14, Customer=1, Released 2 seats
[2025-11-12 13:23:15] ? Cancelled expired booking ID=15, Customer=1, Released 0 seats
[2025-11-12 13:23:15] ? Cancelled expired booking ID=16, Customer=1, Released 0 seats
[2025-11-12 13:23:15] ? Cancelled expired booking ID=17, Customer=1, Released 1 seats
[2025-11-12 13:23:15] ? Cancelled expired booking ID=18, Customer=1, Released 0 seats
[2025-11-12 13:23:15] ? Cancelled expired booking ID=19, Customer=1, Released 1 seats
[2025-11-12 13:23:15] ? Cancelled expired booking ID=20, Customer=1, Released 0 seats
[2025-11-12 13:23:15] ? Cancelled expired booking ID=21, Customer=1, Released 0 seats
[2025-11-12 13:23:15] ? Cancelled expired booking ID=22, Customer=1, Released 2 seats
[2025-11-12 13:23:15] ? Cancelled expired booking ID=23, Customer=1, Released 0 seats
[2025-11-12 13:23:15] ? Cancelled expired booking ID=24, Customer=1, Released 0 seats
[2025-11-12 13:23:15] ? Cancelled expired booking ID=25, Customer=1, Released 0 seats
[2025-11-12 13:23:15] ? Cancelled expired booking ID=26, Customer=1, Released 2 seats
[2025-11-12 13:23:15] ? Cancelled expired booking ID=27, Customer=1, Released 0 seats
[2025-11-12 13:23:15] ? Cancelled expired booking ID=28, Customer=1, Released 0 seats
[2025-11-12 13:23:15] ? Cancelled expired booking ID=29, Customer=1, Released 0 seats
[2025-11-12 13:23:15] ? Cancelled expired booking ID=30, Customer=1, Released 0 seats
[2025-11-12 13:23:15] ? Cancelled expired booking ID=31, Customer=1, Released 1 seats
[2025-11-12 13:23:15] ? Cancelled expired booking ID=32, Customer=1, Released 2 seats
[2025-11-12 13:23:15] ? Cancelled expired booking ID=33, Customer=1, Released 2 seats
[2025-11-12 13:23:15] ? Cancelled expired booking ID=34, Customer=1, Released 2 seats
[2025-11-12 13:23:15] ? Cancelled expired booking ID=35, Customer=1, Released 0 seats
[2025-11-12 13:23:15] ? Cancelled expired booking ID=36, Customer=1, Released 2 seats
[2025-11-12 13:23:15] ? Cancelled expired booking ID=37, Customer=1, Released 1 seats
[2025-11-12 13:23:15] ? Cancelled expired booking ID=38, Customer=1, Released 1 seats
[2025-11-12 13:23:15] ? Cancelled expired booking ID=39, Customer=1, Released 2 seats
[2025-11-12 13:23:15] ? Cancelled expired booking ID=40, Customer=1, Released 2 seats
[2025-11-12 13:23:15] ? Cancelled expired booking ID=41, Customer=1, Released 2 seats
[2025-11-12 13:23:15] ? Cancelled expired booking ID=42, Customer=1, Released 2 seats
[2025-11-12 13:24:15] ? Found 37 expired bookings to cancel
[2025-11-12 13:24:15] ? Cancelled expired booking ID=6, Customer=1, Released 0 seats
[2025-11-12 13:24:15] ? Cancelled expired booking ID=7, Customer=1, Released 0 seats
[2025-11-12 13:24:15] ? Cancelled expired booking ID=8, Customer=1, Released 0 seats
[2025-11-12 13:24:15] ? Cancelled expired booking ID=9, Customer=1, Released 0 seats
[2025-11-12 13:24:15] ? Cancelled expired booking ID=10, Customer=1, Released 1 seats
[2025-11-12 13:24:15] ? Cancelled expired booking ID=11, Customer=1, Released 0 seats
[2025-11-12 13:24:15] ? Cancelled expired booking ID=12, Customer=1, Released 2 seats
[2025-11-12 13:24:15] ? Cancelled expired booking ID=13, Customer=1, Released 1 seats
[2025-11-12 13:24:15] ? Cancelled expired booking ID=14, Customer=1, Released 2 seats
[2025-11-12 13:24:15] ? Cancelled expired booking ID=15, Customer=1, Released 0 seats
[2025-11-12 13:24:15] ? Cancelled expired booking ID=16, Customer=1, Released 0 seats
[2025-11-12 13:24:15] ? Cancelled expired booking ID=17, Customer=1, Released 1 seats
[2025-11-12 13:24:15] ? Cancelled expired booking ID=18, Customer=1, Released 0 seats
[2025-11-12 13:24:15] ? Cancelled expired booking ID=19, Customer=1, Released 1 seats
[2025-11-12 13:24:15] ? Cancelled expired booking ID=20, Customer=1, Released 0 seats
[2025-11-12 13:24:15] ? Cancelled expired booking ID=21, Customer=1, Released 0 seats
[2025-11-12 13:24:15] ? Cancelled expired booking ID=22, Customer=1, Released 2 seats
[2025-11-12 13:24:15] ? Cancelled expired booking ID=23, Customer=1, Released 0 seats
[2025-11-12 13:24:15] ? Cancelled expired booking ID=24, Customer=1, Released 0 seats
[2025-11-12 13:24:15] ? Cancelled expired booking ID=25, Customer=1, Released 0 seats
[2025-11-12 13:24:15] ? Cancelled expired booking ID=26, Customer=1, Released 2 seats
[2025-11-12 13:24:15] ? Cancelled expired booking ID=27, Customer=1, Released 0 seats
[2025-11-12 13:24:15] ? Cancelled expired booking ID=28, Customer=1, Released 0 seats
[2025-11-12 13:24:15] ? Cancelled expired booking ID=29, Customer=1, Released 0 seats
[2025-11-12 13:24:15] ? Cancelled expired booking ID=30, Customer=1, Released 0 seats
[2025-11-12 13:24:15] ? Cancelled expired booking ID=31, Customer=1, Released 1 seats
[2025-11-12 13:24:15] ? Cancelled expired booking ID=32, Customer=1, Released 2 seats
[2025-11-12 13:24:15] ? Cancelled expired booking ID=33, Customer=1, Released 2 seats
[2025-11-12 13:24:15] ? Cancelled expired booking ID=34, Customer=1, Released 2 seats
[2025-11-12 13:24:15] ? Cancelled expired booking ID=35, Customer=1, Released 0 seats
[2025-11-12 13:24:15] ? Cancelled expired booking ID=36, Customer=1, Released 2 seats
[2025-11-12 13:24:15] ? Cancelled expired booking ID=37, Customer=1, Released 1 seats
[2025-11-12 13:24:15] ? Cancelled expired booking ID=38, Customer=1, Released 1 seats
[2025-11-12 13:24:15] ? Cancelled expired booking ID=39, Customer=1, Released 2 seats
[2025-11-12 13:24:15] ? Cancelled expired booking ID=40, Customer=1, Released 2 seats
[2025-11-12 13:24:15] ? Cancelled expired booking ID=41, Customer=1, Released 2 seats
[2025-11-12 13:24:15] ? Cancelled expired booking ID=42, Customer=1, Released 2 seats
[2025-11-12 13:25:15] ? Found 37 expired bookings to cancel
[2025-11-12 13:25:15] ? Cancelled expired booking ID=6, Customer=1, Released 0 seats
[2025-11-12 13:25:15] ? Cancelled expired booking ID=7, Customer=1, Released 0 seats
[2025-11-12 13:25:15] ? Cancelled expired booking ID=8, Customer=1, Released 0 seats
[2025-11-12 13:25:15] ? Cancelled expired booking ID=9, Customer=1, Released 0 seats
[2025-11-12 13:25:15] ? Cancelled expired booking ID=10, Customer=1, Released 1 seats
[2025-11-12 13:25:15] ? Cancelled expired booking ID=11, Customer=1, Released 0 seats
[2025-11-12 13:25:15] ? Cancelled expired booking ID=12, Customer=1, Released 2 seats
[2025-11-12 13:25:15] ? Cancelled expired booking ID=13, Customer=1, Released 1 seats
[2025-11-12 13:25:15] ? Cancelled expired booking ID=14, Customer=1, Released 2 seats
[2025-11-12 13:25:15] ? Cancelled expired booking ID=15, Customer=1, Released 0 seats
[2025-11-12 13:25:15] ? Cancelled expired booking ID=16, Customer=1, Released 0 seats
[2025-11-12 13:25:15] ? Cancelled expired booking ID=17, Customer=1, Released 1 seats
[2025-11-12 13:25:15] ? Cancelled expired booking ID=18, Customer=1, Released 0 seats
[2025-11-12 13:25:15] ? Cancelled expired booking ID=19, Customer=1, Released 1 seats
[2025-11-12 13:25:15] ? Cancelled expired booking ID=20, Customer=1, Released 0 seats
[2025-11-12 13:25:15] ? Cancelled expired booking ID=21, Customer=1, Released 0 seats
[2025-11-12 13:25:15] ? Cancelled expired booking ID=22, Customer=1, Released 2 seats
[2025-11-12 13:25:15] ? Cancelled expired booking ID=23, Customer=1, Released 0 seats
[2025-11-12 13:25:15] ? Cancelled expired booking ID=24, Customer=1, Released 0 seats
[2025-11-12 13:25:15] ? Cancelled expired booking ID=25, Customer=1, Released 0 seats
[2025-11-12 13:25:15] ? Cancelled expired booking ID=26, Customer=1, Released 2 seats
[2025-11-12 13:25:15] ? Cancelled expired booking ID=27, Customer=1, Released 0 seats
[2025-11-12 13:25:15] ? Cancelled expired booking ID=28, Customer=1, Released 0 seats
[2025-11-12 13:25:15] ? Cancelled expired booking ID=29, Customer=1, Released 0 seats
[2025-11-12 13:25:15] ? Cancelled expired booking ID=30, Customer=1, Released 0 seats
[2025-11-12 13:25:15] ? Cancelled expired booking ID=31, Customer=1, Released 1 seats
[2025-11-12 13:25:15] ? Cancelled expired booking ID=32, Customer=1, Released 2 seats
[2025-11-12 13:25:15] ? Cancelled expired booking ID=33, Customer=1, Released 2 seats
[2025-11-12 13:25:16] ? Cancelled expired booking ID=34, Customer=1, Released 2 seats
[2025-11-12 13:25:16] ? Cancelled expired booking ID=35, Customer=1, Released 0 seats
[2025-11-12 13:25:16] ? Cancelled expired booking ID=36, Customer=1, Released 2 seats
[2025-11-12 13:25:16] ? Cancelled expired booking ID=37, Customer=1, Released 1 seats
[2025-11-12 13:25:16] ? Cancelled expired booking ID=38, Customer=1, Released 1 seats
[2025-11-12 13:25:16] ? Cancelled expired booking ID=39, Customer=1, Released 2 seats
[2025-11-12 13:25:16] ? Cancelled expired booking ID=40, Customer=1, Released 2 seats
[2025-11-12 13:25:16] ? Cancelled expired booking ID=41, Customer=1, Released 2 seats
[2025-11-12 13:25:16] ? Cancelled expired booking ID=42, Customer=1, Released 2 seats
[2025-11-12 13:26:15] ? Found 37 expired bookings to cancel
[2025-11-12 13:26:15] ? Cancelled expired booking ID=6, Customer=1, Released 0 seats
[2025-11-12 13:26:15] ? Cancelled expired booking ID=7, Customer=1, Released 0 seats
[2025-11-12 13:26:15] ? Cancelled expired booking ID=8, Customer=1, Released 0 seats
[2025-11-12 13:26:15] ? Cancelled expired booking ID=9, Customer=1, Released 0 seats
[2025-11-12 13:26:15] ? Cancelled expired booking ID=10, Customer=1, Released 1 seats
[2025-11-12 13:26:15] ? Cancelled expired booking ID=11, Customer=1, Released 0 seats
[2025-11-12 13:26:15] ? Cancelled expired booking ID=12, Customer=1, Released 2 seats
[2025-11-12 13:26:15] ? Cancelled expired booking ID=13, Customer=1, Released 1 seats
[2025-11-12 13:26:15] ? Cancelled expired booking ID=14, Customer=1, Released 2 seats
[2025-11-12 13:26:15] ? Cancelled expired booking ID=15, Customer=1, Released 0 seats
[2025-11-12 13:26:15] ? Cancelled expired booking ID=16, Customer=1, Released 0 seats
[2025-11-12 13:26:15] ? Cancelled expired booking ID=17, Customer=1, Released 1 seats
[2025-11-12 13:26:15] ? Cancelled expired booking ID=18, Customer=1, Released 0 seats
[2025-11-12 13:26:15] ? Cancelled expired booking ID=19, Customer=1, Released 1 seats
[2025-11-12 13:26:15] ? Cancelled expired booking ID=20, Customer=1, Released 0 seats
[2025-11-12 13:26:15] ? Cancelled expired booking ID=21, Customer=1, Released 0 seats
[2025-11-12 13:26:15] ? Cancelled expired booking ID=22, Customer=1, Released 2 seats
[2025-11-12 13:26:15] ? Cancelled expired booking ID=23, Customer=1, Released 0 seats
[2025-11-12 13:26:15] ? Cancelled expired booking ID=24, Customer=1, Released 0 seats
[2025-11-12 13:26:15] ? Cancelled expired booking ID=25, Customer=1, Released 0 seats
[2025-11-12 13:26:15] ? Cancelled expired booking ID=26, Customer=1, Released 2 seats
[2025-11-12 13:26:15] ? Cancelled expired booking ID=27, Customer=1, Released 0 seats
[2025-11-12 13:26:15] ? Cancelled expired booking ID=28, Customer=1, Released 0 seats
[2025-11-12 13:26:15] ? Cancelled expired booking ID=29, Customer=1, Released 0 seats
[2025-11-12 13:26:15] ? Cancelled expired booking ID=30, Customer=1, Released 0 seats
[2025-11-12 13:26:15] ? Cancelled expired booking ID=31, Customer=1, Released 1 seats
[2025-11-12 13:26:15] ? Cancelled expired booking ID=32, Customer=1, Released 2 seats
[2025-11-12 13:26:15] ? Cancelled expired booking ID=33, Customer=1, Released 2 seats
[2025-11-12 13:26:15] ? Cancelled expired booking ID=34, Customer=1, Released 2 seats
[2025-11-12 13:26:15] ? Cancelled expired booking ID=35, Customer=1, Released 0 seats
[2025-11-12 13:26:15] ? Cancelled expired booking ID=36, Customer=1, Released 2 seats
[2025-11-12 13:26:15] ? Cancelled expired booking ID=37, Customer=1, Released 1 seats
[2025-11-12 13:26:15] ? Cancelled expired booking ID=38, Customer=1, Released 1 seats
[2025-11-12 13:26:15] ? Cancelled expired booking ID=39, Customer=1, Released 2 seats
[2025-11-12 13:26:15] ? Cancelled expired booking ID=40, Customer=1, Released 2 seats
[2025-11-12 13:26:15] ? Cancelled expired booking ID=41, Customer=1, Released 2 seats
[2025-11-12 13:26:15] ? Cancelled expired booking ID=42, Customer=1, Released 2 seats
[2025-11-12 13:27:15] ? Found 37 expired bookings to cancel
[2025-11-12 13:27:15] ? Cancelled expired booking ID=6, Customer=1, Released 0 seats
[2025-11-12 13:27:15] ? Cancelled expired booking ID=7, Customer=1, Released 0 seats
[2025-11-12 13:27:15] ? Cancelled expired booking ID=8, Customer=1, Released 0 seats
[2025-11-12 13:27:15] ? Cancelled expired booking ID=9, Customer=1, Released 0 seats
[2025-11-12 13:27:15] ? Cancelled expired booking ID=10, Customer=1, Released 1 seats
[2025-11-12 13:27:15] ? Cancelled expired booking ID=11, Customer=1, Released 0 seats
[2025-11-12 13:27:15] ? Cancelled expired booking ID=12, Customer=1, Released 2 seats
[2025-11-12 13:27:15] ? Cancelled expired booking ID=13, Customer=1, Released 1 seats
[2025-11-12 13:27:15] ? Cancelled expired booking ID=14, Customer=1, Released 2 seats
[2025-11-12 13:27:15] ? Cancelled expired booking ID=15, Customer=1, Released 0 seats
[2025-11-12 13:27:15] ? Cancelled expired booking ID=16, Customer=1, Released 0 seats
[2025-11-12 13:27:15] ? Cancelled expired booking ID=17, Customer=1, Released 1 seats
[2025-11-12 13:27:15] ? Cancelled expired booking ID=18, Customer=1, Released 0 seats
[2025-11-12 13:27:15] ? Cancelled expired booking ID=19, Customer=1, Released 1 seats
[2025-11-12 13:27:15] ? Cancelled expired booking ID=20, Customer=1, Released 0 seats
[2025-11-12 13:27:15] ? Cancelled expired booking ID=21, Customer=1, Released 0 seats
[2025-11-12 13:27:15] ? Cancelled expired booking ID=22, Customer=1, Released 2 seats
[2025-11-12 13:27:15] ? Cancelled expired booking ID=23, Customer=1, Released 0 seats
[2025-11-12 13:27:15] ? Cancelled expired booking ID=24, Customer=1, Released 0 seats
[2025-11-12 13:27:15] ? Cancelled expired booking ID=25, Customer=1, Released 0 seats
[2025-11-12 13:27:15] ? Cancelled expired booking ID=26, Customer=1, Released 2 seats
[2025-11-12 13:27:15] ? Cancelled expired booking ID=27, Customer=1, Released 0 seats
[2025-11-12 13:27:15] ? Cancelled expired booking ID=28, Customer=1, Released 0 seats
[2025-11-12 13:27:15] ? Cancelled expired booking ID=29, Customer=1, Released 0 seats
[2025-11-12 13:27:15] ? Cancelled expired booking ID=30, Customer=1, Released 0 seats
[2025-11-12 13:27:15] ? Cancelled expired booking ID=31, Customer=1, Released 1 seats
[2025-11-12 13:27:15] ? Cancelled expired booking ID=32, Customer=1, Released 2 seats
[2025-11-12 13:27:15] ? Cancelled expired booking ID=33, Customer=1, Released 2 seats
[2025-11-12 13:27:15] ? Cancelled expired booking ID=34, Customer=1, Released 2 seats
[2025-11-12 13:27:15] ? Cancelled expired booking ID=35, Customer=1, Released 0 seats
[2025-11-12 13:27:15] ? Cancelled expired booking ID=36, Customer=1, Released 2 seats
[2025-11-12 13:27:15] ? Cancelled expired booking ID=37, Customer=1, Released 1 seats
[2025-11-12 13:27:15] ? Cancelled expired booking ID=38, Customer=1, Released 1 seats
[2025-11-12 13:27:15] ? Cancelled expired booking ID=39, Customer=1, Released 2 seats
[2025-11-12 13:27:15] ? Cancelled expired booking ID=40, Customer=1, Released 2 seats
[2025-11-12 13:27:15] ? Cancelled expired booking ID=41, Customer=1, Released 2 seats
[2025-11-12 13:27:15] ? Cancelled expired booking ID=42, Customer=1, Released 2 seats
[2025-11-12 13:28:15] ? Found 37 expired bookings to cancel
[2025-11-12 13:28:15] ? Cancelled expired booking ID=6, Customer=1, Released 0 seats
[2025-11-12 13:28:15] ? Cancelled expired booking ID=7, Customer=1, Released 0 seats
[2025-11-12 13:28:15] ? Cancelled expired booking ID=8, Customer=1, Released 0 seats
[2025-11-12 13:28:15] ? Cancelled expired booking ID=9, Customer=1, Released 0 seats
[2025-11-12 13:28:15] ? Cancelled expired booking ID=10, Customer=1, Released 1 seats
[2025-11-12 13:28:15] ? Cancelled expired booking ID=11, Customer=1, Released 0 seats
[2025-11-12 13:28:15] ? Cancelled expired booking ID=12, Customer=1, Released 2 seats
[2025-11-12 13:28:15] ? Cancelled expired booking ID=13, Customer=1, Released 1 seats
[2025-11-12 13:28:15] ? Cancelled expired booking ID=14, Customer=1, Released 2 seats
[2025-11-12 13:28:15] ? Cancelled expired booking ID=15, Customer=1, Released 0 seats
[2025-11-12 13:28:15] ? Cancelled expired booking ID=16, Customer=1, Released 0 seats
[2025-11-12 13:28:15] ? Cancelled expired booking ID=17, Customer=1, Released 1 seats
[2025-11-12 13:28:15] ? Cancelled expired booking ID=18, Customer=1, Released 0 seats
[2025-11-12 13:28:15] ? Cancelled expired booking ID=19, Customer=1, Released 1 seats
[2025-11-12 13:28:15] ? Cancelled expired booking ID=20, Customer=1, Released 0 seats
[2025-11-12 13:28:15] ? Cancelled expired booking ID=21, Customer=1, Released 0 seats
[2025-11-12 13:28:15] ? Cancelled expired booking ID=22, Customer=1, Released 2 seats
[2025-11-12 13:28:15] ? Cancelled expired booking ID=23, Customer=1, Released 0 seats
[2025-11-12 13:28:15] ? Cancelled expired booking ID=24, Customer=1, Released 0 seats
[2025-11-12 13:28:15] ? Cancelled expired booking ID=25, Customer=1, Released 0 seats
[2025-11-12 13:28:15] ? Cancelled expired booking ID=26, Customer=1, Released 2 seats
[2025-11-12 13:28:15] ? Cancelled expired booking ID=27, Customer=1, Released 0 seats
[2025-11-12 13:28:15] ? Cancelled expired booking ID=28, Customer=1, Released 0 seats
[2025-11-12 13:28:15] ? Cancelled expired booking ID=29, Customer=1, Released 0 seats
[2025-11-12 13:28:15] ? Cancelled expired booking ID=30, Customer=1, Released 0 seats
[2025-11-12 13:28:15] ? Cancelled expired booking ID=31, Customer=1, Released 1 seats
[2025-11-12 13:28:15] ? Cancelled expired booking ID=32, Customer=1, Released 2 seats
[2025-11-12 13:28:15] ? Cancelled expired booking ID=33, Customer=1, Released 2 seats
[2025-11-12 13:28:15] ? Cancelled expired booking ID=34, Customer=1, Released 2 seats
[2025-11-12 13:28:15] ? Cancelled expired booking ID=35, Customer=1, Released 0 seats
[2025-11-12 13:28:15] ? Cancelled expired booking ID=36, Customer=1, Released 2 seats
[2025-11-12 13:28:15] ? Cancelled expired booking ID=37, Customer=1, Released 1 seats
[2025-11-12 13:28:15] ? Cancelled expired booking ID=38, Customer=1, Released 1 seats
[2025-11-12 13:28:15] ? Cancelled expired booking ID=39, Customer=1, Released 2 seats
[2025-11-12 13:28:15] ? Cancelled expired booking ID=40, Customer=1, Released 2 seats
[2025-11-12 13:28:15] ? Cancelled expired booking ID=41, Customer=1, Released 2 seats
[2025-11-12 13:28:15] ? Cancelled expired booking ID=42, Customer=1, Released 2 seats
[2025-11-12 13:29:15] ? Found 37 expired bookings to cancel
[2025-11-12 13:29:15] ? Cancelled expired booking ID=6, Customer=1, Released 0 seats
[2025-11-12 13:29:15] ? Cancelled expired booking ID=7, Customer=1, Released 0 seats
[2025-11-12 13:29:15] ? Cancelled expired booking ID=8, Customer=1, Released 0 seats
[2025-11-12 13:29:15] ? Cancelled expired booking ID=9, Customer=1, Released 0 seats
[2025-11-12 13:29:15] ? Cancelled expired booking ID=10, Customer=1, Released 1 seats
[2025-11-12 13:29:15] ? Cancelled expired booking ID=11, Customer=1, Released 0 seats
[2025-11-12 13:29:15] ? Cancelled expired booking ID=12, Customer=1, Released 2 seats
[2025-11-12 13:29:15] ? Cancelled expired booking ID=13, Customer=1, Released 1 seats
[2025-11-12 13:29:15] ? Cancelled expired booking ID=14, Customer=1, Released 2 seats
[2025-11-12 13:29:15] ? Cancelled expired booking ID=15, Customer=1, Released 0 seats
[2025-11-12 13:29:15] ? Cancelled expired booking ID=16, Customer=1, Released 0 seats
[2025-11-12 13:29:15] ? Cancelled expired booking ID=17, Customer=1, Released 1 seats
[2025-11-12 13:29:15] ? Cancelled expired booking ID=18, Customer=1, Released 0 seats
[2025-11-12 13:29:15] ? Cancelled expired booking ID=19, Customer=1, Released 1 seats
[2025-11-12 13:29:15] ? Cancelled expired booking ID=20, Customer=1, Released 0 seats
[2025-11-12 13:29:15] ? Cancelled expired booking ID=21, Customer=1, Released 0 seats
[2025-11-12 13:29:15] ? Cancelled expired booking ID=22, Customer=1, Released 2 seats
[2025-11-12 13:29:15] ? Cancelled expired booking ID=23, Customer=1, Released 0 seats
[2025-11-12 13:29:15] ? Cancelled expired booking ID=24, Customer=1, Released 0 seats
[2025-11-12 13:29:15] ? Cancelled expired booking ID=25, Customer=1, Released 0 seats
[2025-11-12 13:29:15] ? Cancelled expired booking ID=26, Customer=1, Released 2 seats
[2025-11-12 13:29:15] ? Cancelled expired booking ID=27, Customer=1, Released 0 seats
[2025-11-12 13:29:15] ? Cancelled expired booking ID=28, Customer=1, Released 0 seats
[2025-11-12 13:29:15] ? Cancelled expired booking ID=29, Customer=1, Released 0 seats
[2025-11-12 13:29:15] ? Cancelled expired booking ID=30, Customer=1, Released 0 seats
[2025-11-12 13:29:15] ? Cancelled expired booking ID=31, Customer=1, Released 1 seats
[2025-11-12 13:29:15] ? Cancelled expired booking ID=32, Customer=1, Released 2 seats
[2025-11-12 13:29:15] ? Cancelled expired booking ID=33, Customer=1, Released 2 seats
[2025-11-12 13:29:15] ? Cancelled expired booking ID=34, Customer=1, Released 2 seats
[2025-11-12 13:29:15] ? Cancelled expired booking ID=35, Customer=1, Released 0 seats
[2025-11-12 13:29:15] ? Cancelled expired booking ID=36, Customer=1, Released 2 seats
[2025-11-12 13:29:15] ? Cancelled expired booking ID=37, Customer=1, Released 1 seats
[2025-11-12 13:29:15] ? Cancelled expired booking ID=38, Customer=1, Released 1 seats
[2025-11-12 13:29:15] ? Cancelled expired booking ID=39, Customer=1, Released 2 seats
[2025-11-12 13:29:15] ? Cancelled expired booking ID=40, Customer=1, Released 2 seats
[2025-11-12 13:29:15] ? Cancelled expired booking ID=41, Customer=1, Released 2 seats
[2025-11-12 13:29:15] ? Cancelled expired booking ID=42, Customer=1, Released 2 seats
[2025-11-12 13:30:15] ? Found 37 expired bookings to cancel
[2025-11-12 13:30:15] ? Cancelled expired booking ID=6, Customer=1, Released 0 seats
[2025-11-12 13:30:15] ? Cancelled expired booking ID=7, Customer=1, Released 0 seats
[2025-11-12 13:30:15] ? Cancelled expired booking ID=8, Customer=1, Released 0 seats
[2025-11-12 13:30:15] ? Cancelled expired booking ID=9, Customer=1, Released 0 seats
[2025-11-12 13:30:15] ? Cancelled expired booking ID=10, Customer=1, Released 1 seats
[2025-11-12 13:30:15] ? Cancelled expired booking ID=11, Customer=1, Released 0 seats
[2025-11-12 13:30:15] ? Cancelled expired booking ID=12, Customer=1, Released 2 seats
[2025-11-12 13:30:15] ? Cancelled expired booking ID=13, Customer=1, Released 1 seats
[2025-11-12 13:30:15] ? Cancelled expired booking ID=14, Customer=1, Released 2 seats
[2025-11-12 13:30:15] ? Cancelled expired booking ID=15, Customer=1, Released 0 seats
[2025-11-12 13:30:15] ? Cancelled expired booking ID=16, Customer=1, Released 0 seats
[2025-11-12 13:30:15] ? Cancelled expired booking ID=17, Customer=1, Released 1 seats
[2025-11-12 13:30:15] ? Cancelled expired booking ID=18, Customer=1, Released 0 seats
[2025-11-12 13:30:15] ? Cancelled expired booking ID=19, Customer=1, Released 1 seats
[2025-11-12 13:30:15] ? Cancelled expired booking ID=20, Customer=1, Released 0 seats
[2025-11-12 13:30:15] ? Cancelled expired booking ID=21, Customer=1, Released 0 seats
[2025-11-12 13:30:15] ? Cancelled expired booking ID=22, Customer=1, Released 2 seats
[2025-11-12 13:30:15] ? Cancelled expired booking ID=23, Customer=1, Released 0 seats
[2025-11-12 13:30:15] ? Cancelled expired booking ID=24, Customer=1, Released 0 seats
[2025-11-12 13:30:15] ? Cancelled expired booking ID=25, Customer=1, Released 0 seats
[2025-11-12 13:30:15] ? Cancelled expired booking ID=26, Customer=1, Released 2 seats
[2025-11-12 13:30:15] ? Cancelled expired booking ID=27, Customer=1, Released 0 seats
[2025-11-12 13:30:15] ? Cancelled expired booking ID=28, Customer=1, Released 0 seats
[2025-11-12 13:30:15] ? Cancelled expired booking ID=29, Customer=1, Released 0 seats
[2025-11-12 13:30:15] ? Cancelled expired booking ID=30, Customer=1, Released 0 seats
[2025-11-12 13:30:15] ? Cancelled expired booking ID=31, Customer=1, Released 1 seats
[2025-11-12 13:30:15] ? Cancelled expired booking ID=32, Customer=1, Released 2 seats
[2025-11-12 13:30:15] ? Cancelled expired booking ID=33, Customer=1, Released 2 seats
[2025-11-12 13:30:15] ? Cancelled expired booking ID=34, Customer=1, Released 2 seats
[2025-11-12 13:30:15] ? Cancelled expired booking ID=35, Customer=1, Released 0 seats
[2025-11-12 13:30:15] ? Cancelled expired booking ID=36, Customer=1, Released 2 seats
[2025-11-12 13:30:15] ? Cancelled expired booking ID=37, Customer=1, Released 1 seats
[2025-11-12 13:30:15] ? Cancelled expired booking ID=38, Customer=1, Released 1 seats
[2025-11-12 13:30:15] ? Cancelled expired booking ID=39, Customer=1, Released 2 seats
[2025-11-12 13:30:15] ? Cancelled expired booking ID=40, Customer=1, Released 2 seats
[2025-11-12 13:30:15] ? Cancelled expired booking ID=41, Customer=1, Released 2 seats
[2025-11-12 13:30:15] ? Cancelled expired booking ID=42, Customer=1, Released 2 seats
[2025-11-12 13:31:15] ? Found 37 expired bookings to cancel
[2025-11-12 13:31:15] ? Cancelled expired booking ID=6, Customer=1, Released 0 seats
[2025-11-12 13:31:15] ? Cancelled expired booking ID=7, Customer=1, Released 0 seats
[2025-11-12 13:31:15] ? Cancelled expired booking ID=8, Customer=1, Released 0 seats
[2025-11-12 13:31:15] ? Cancelled expired booking ID=9, Customer=1, Released 0 seats
[2025-11-12 13:31:15] ? Cancelled expired booking ID=10, Customer=1, Released 1 seats
[2025-11-12 13:31:15] ? Cancelled expired booking ID=11, Customer=1, Released 0 seats
[2025-11-12 13:31:15] ? Cancelled expired booking ID=12, Customer=1, Released 2 seats
[2025-11-12 13:31:15] ? Cancelled expired booking ID=13, Customer=1, Released 1 seats
[2025-11-12 13:31:15] ? Cancelled expired booking ID=14, Customer=1, Released 2 seats
[2025-11-12 13:31:15] ? Cancelled expired booking ID=15, Customer=1, Released 0 seats
[2025-11-12 13:31:15] ? Cancelled expired booking ID=16, Customer=1, Released 0 seats
[2025-11-12 13:31:15] ? Cancelled expired booking ID=17, Customer=1, Released 1 seats
[2025-11-12 13:31:15] ? Cancelled expired booking ID=18, Customer=1, Released 0 seats
[2025-11-12 13:31:15] ? Cancelled expired booking ID=19, Customer=1, Released 1 seats
[2025-11-12 13:31:15] ? Cancelled expired booking ID=20, Customer=1, Released 0 seats
[2025-11-12 13:31:15] ? Cancelled expired booking ID=21, Customer=1, Released 0 seats
[2025-11-12 13:31:15] ? Cancelled expired booking ID=22, Customer=1, Released 2 seats
[2025-11-12 13:31:15] ? Cancelled expired booking ID=23, Customer=1, Released 0 seats
[2025-11-12 13:31:15] ? Cancelled expired booking ID=24, Customer=1, Released 0 seats
[2025-11-12 13:31:15] ? Cancelled expired booking ID=25, Customer=1, Released 0 seats
[2025-11-12 13:31:15] ? Cancelled expired booking ID=26, Customer=1, Released 2 seats
[2025-11-12 13:31:15] ? Cancelled expired booking ID=27, Customer=1, Released 0 seats
[2025-11-12 13:31:15] ? Cancelled expired booking ID=28, Customer=1, Released 0 seats
[2025-11-12 13:31:15] ? Cancelled expired booking ID=29, Customer=1, Released 0 seats
[2025-11-12 13:31:15] ? Cancelled expired booking ID=30, Customer=1, Released 0 seats
[2025-11-12 13:31:15] ? Cancelled expired booking ID=31, Customer=1, Released 1 seats
[2025-11-12 13:31:15] ? Cancelled expired booking ID=32, Customer=1, Released 2 seats
[2025-11-12 13:31:15] ? Cancelled expired booking ID=33, Customer=1, Released 2 seats
[2025-11-12 13:31:15] ? Cancelled expired booking ID=34, Customer=1, Released 2 seats
[2025-11-12 13:31:15] ? Cancelled expired booking ID=35, Customer=1, Released 0 seats
[2025-11-12 13:31:15] ? Cancelled expired booking ID=36, Customer=1, Released 2 seats
[2025-11-12 13:31:15] ? Cancelled expired booking ID=37, Customer=1, Released 1 seats
[2025-11-12 13:31:15] ? Cancelled expired booking ID=38, Customer=1, Released 1 seats
[2025-11-12 13:31:15] ? Cancelled expired booking ID=39, Customer=1, Released 2 seats
[2025-11-12 13:31:15] ? Cancelled expired booking ID=40, Customer=1, Released 2 seats
[2025-11-12 13:31:15] ? Cancelled expired booking ID=41, Customer=1, Released 2 seats
[2025-11-12 13:31:15] ? Cancelled expired booking ID=42, Customer=1, Released 2 seats
[2025-11-12 13:33:31] ? BookingExpirationService started
[2025-11-12 13:34:31] ? Found 37 expired bookings to cancel
[2025-11-12 13:34:31] ? Cancelled expired booking ID=6, Customer=1, Released 0 seats
[2025-11-12 13:34:31] ? Cancelled expired booking ID=7, Customer=1, Released 0 seats
[2025-11-12 13:34:31] ? Cancelled expired booking ID=8, Customer=1, Released 0 seats
[2025-11-12 13:34:31] ? Cancelled expired booking ID=9, Customer=1, Released 0 seats
[2025-11-12 13:34:31] ? Cancelled expired booking ID=10, Customer=1, Released 1 seats
[2025-11-12 13:34:31] ? Cancelled expired booking ID=11, Customer=1, Released 0 seats
[2025-11-12 13:34:31] ? Cancelled expired booking ID=12, Customer=1, Released 2 seats
[2025-11-12 13:34:31] ? Cancelled expired booking ID=13, Customer=1, Released 1 seats
[2025-11-12 13:34:31] ? Cancelled expired booking ID=14, Customer=1, Released 2 seats
[2025-11-12 13:34:31] ? Cancelled expired booking ID=15, Customer=1, Released 0 seats
[2025-11-12 13:34:31] ? Cancelled expired booking ID=16, Customer=1, Released 0 seats
[2025-11-12 13:34:31] ? Cancelled expired booking ID=17, Customer=1, Released 1 seats
[2025-11-12 13:34:31] ? Cancelled expired booking ID=18, Customer=1, Released 0 seats
[2025-11-12 13:34:31] ? Cancelled expired booking ID=19, Customer=1, Released 1 seats
[2025-11-12 13:34:31] ? Cancelled expired booking ID=20, Customer=1, Released 0 seats
[2025-11-12 13:34:31] ? Cancelled expired booking ID=21, Customer=1, Released 0 seats
[2025-11-12 13:34:31] ? Cancelled expired booking ID=22, Customer=1, Released 2 seats
[2025-11-12 13:34:31] ? Cancelled expired booking ID=23, Customer=1, Released 0 seats
[2025-11-12 13:34:31] ? Cancelled expired booking ID=24, Customer=1, Released 0 seats
[2025-11-12 13:34:31] ? Cancelled expired booking ID=25, Customer=1, Released 0 seats
[2025-11-12 13:34:31] ? Cancelled expired booking ID=26, Customer=1, Released 2 seats
[2025-11-12 13:34:31] ? Cancelled expired booking ID=27, Customer=1, Released 0 seats
[2025-11-12 13:34:31] ? Cancelled expired booking ID=28, Customer=1, Released 0 seats
[2025-11-12 13:34:31] ? Cancelled expired booking ID=29, Customer=1, Released 0 seats
[2025-11-12 13:34:31] ? Cancelled expired booking ID=30, Customer=1, Released 0 seats
[2025-11-12 13:34:31] ? Cancelled expired booking ID=31, Customer=1, Released 1 seats
[2025-11-12 13:34:31] ? Cancelled expired booking ID=32, Customer=1, Released 2 seats
[2025-11-12 13:34:31] ? Cancelled expired booking ID=33, Customer=1, Released 2 seats
[2025-11-12 13:34:31] ? Cancelled expired booking ID=34, Customer=1, Released 2 seats
[2025-11-12 13:34:31] ? Cancelled expired booking ID=35, Customer=1, Released 0 seats
[2025-11-12 13:34:31] ? Cancelled expired booking ID=36, Customer=1, Released 2 seats
[2025-11-12 13:34:31] ? Cancelled expired booking ID=37, Customer=1, Released 1 seats
[2025-11-12 13:34:31] ? Cancelled expired booking ID=38, Customer=1, Released 1 seats
[2025-11-12 13:34:31] ? Cancelled expired booking ID=39, Customer=1, Released 2 seats
[2025-11-12 13:34:31] ? Cancelled expired booking ID=40, Customer=1, Released 2 seats
[2025-11-12 13:34:31] ? Cancelled expired booking ID=41, Customer=1, Released 2 seats
[2025-11-12 13:34:31] ? Cancelled expired booking ID=42, Customer=1, Released 2 seats
[2025-11-12 13:35:31] ? Found 37 expired bookings to cancel
[2025-11-12 13:35:31] ? Cancelled expired booking ID=6, Customer=1, Released 0 seats
[2025-11-12 13:35:31] ? Cancelled expired booking ID=7, Customer=1, Released 0 seats
[2025-11-12 13:35:31] ? Cancelled expired booking ID=8, Customer=1, Released 0 seats
[2025-11-12 13:35:31] ? Cancelled expired booking ID=9, Customer=1, Released 0 seats
[2025-11-12 13:35:31] ? Cancelled expired booking ID=10, Customer=1, Released 1 seats
[2025-11-12 13:35:31] ? Cancelled expired booking ID=11, Customer=1, Released 0 seats
[2025-11-12 13:35:31] ? Cancelled expired booking ID=12, Customer=1, Released 2 seats
[2025-11-12 13:35:31] ? Cancelled expired booking ID=13, Customer=1, Released 1 seats
[2025-11-12 13:35:31] ? Cancelled expired booking ID=14, Customer=1, Released 2 seats
[2025-11-12 13:35:31] ? Cancelled expired booking ID=15, Customer=1, Released 0 seats
[2025-11-12 13:35:31] ? Cancelled expired booking ID=16, Customer=1, Released 0 seats
[2025-11-12 13:35:31] ? Cancelled expired booking ID=17, Customer=1, Released 1 seats
[2025-11-12 13:35:31] ? Cancelled expired booking ID=18, Customer=1, Released 0 seats
[2025-11-12 13:35:31] ? Cancelled expired booking ID=19, Customer=1, Released 1 seats
[2025-11-12 13:35:31] ? Cancelled expired booking ID=20, Customer=1, Released 0 seats
[2025-11-12 13:35:31] ? Cancelled expired booking ID=21, Customer=1, Released 0 seats
[2025-11-12 13:35:31] ? Cancelled expired booking ID=22, Customer=1, Released 2 seats
[2025-11-12 13:35:31] ? Cancelled expired booking ID=23, Customer=1, Released 0 seats
[2025-11-12 13:35:31] ? Cancelled expired booking ID=24, Customer=1, Released 0 seats
[2025-11-12 13:35:31] ? Cancelled expired booking ID=25, Customer=1, Released 0 seats
[2025-11-12 13:35:31] ? Cancelled expired booking ID=26, Customer=1, Released 2 seats
[2025-11-12 13:35:31] ? Cancelled expired booking ID=27, Customer=1, Released 0 seats
[2025-11-12 13:35:31] ? Cancelled expired booking ID=28, Customer=1, Released 0 seats
[2025-11-12 13:35:31] ? Cancelled expired booking ID=29, Customer=1, Released 0 seats
[2025-11-12 13:35:31] ? Cancelled expired booking ID=30, Customer=1, Released 0 seats
[2025-11-12 13:35:31] ? Cancelled expired booking ID=31, Customer=1, Released 1 seats
[2025-11-12 13:35:31] ? Cancelled expired booking ID=32, Customer=1, Released 2 seats
[2025-11-12 13:35:31] ? Cancelled expired booking ID=33, Customer=1, Released 2 seats
[2025-11-12 13:35:31] ? Cancelled expired booking ID=34, Customer=1, Released 2 seats
[2025-11-12 13:35:31] ? Cancelled expired booking ID=35, Customer=1, Released 0 seats
[2025-11-12 13:35:31] ? Cancelled expired booking ID=36, Customer=1, Released 2 seats
[2025-11-12 13:35:31] ? Cancelled expired booking ID=37, Customer=1, Released 1 seats
[2025-11-12 13:35:31] ? Cancelled expired booking ID=38, Customer=1, Released 1 seats
[2025-11-12 13:35:31] ? Cancelled expired booking ID=39, Customer=1, Released 2 seats
[2025-11-12 13:35:32] ? Cancelled expired booking ID=40, Customer=1, Released 2 seats
[2025-11-12 13:35:32] ? Cancelled expired booking ID=41, Customer=1, Released 2 seats
[2025-11-12 13:35:32] ? Cancelled expired booking ID=42, Customer=1, Released 2 seats
[2025-11-12 13:36:31] ? Found 37 expired bookings to cancel
[2025-11-12 13:36:31] ? Cancelled expired booking ID=6, Customer=1, Released 0 seats
[2025-11-12 13:36:31] ? Cancelled expired booking ID=7, Customer=1, Released 0 seats
[2025-11-12 13:36:31] ? Cancelled expired booking ID=8, Customer=1, Released 0 seats
[2025-11-12 13:36:31] ? Cancelled expired booking ID=9, Customer=1, Released 0 seats
[2025-11-12 13:36:31] ? Cancelled expired booking ID=10, Customer=1, Released 1 seats
[2025-11-12 13:36:31] ? Cancelled expired booking ID=11, Customer=1, Released 0 seats
[2025-11-12 13:36:31] ? Cancelled expired booking ID=12, Customer=1, Released 2 seats
[2025-11-12 13:36:31] ? Cancelled expired booking ID=13, Customer=1, Released 1 seats
[2025-11-12 13:36:31] ? Cancelled expired booking ID=14, Customer=1, Released 2 seats
[2025-11-12 13:36:31] ? Cancelled expired booking ID=15, Customer=1, Released 0 seats
[2025-11-12 13:36:31] ? Cancelled expired booking ID=16, Customer=1, Released 0 seats
[2025-11-12 13:36:31] ? Cancelled expired booking ID=17, Customer=1, Released 1 seats
[2025-11-12 13:36:31] ? Cancelled expired booking ID=18, Customer=1, Released 0 seats
[2025-11-12 13:36:31] ? Cancelled expired booking ID=19, Customer=1, Released 1 seats
[2025-11-12 13:36:31] ? Cancelled expired booking ID=20, Customer=1, Released 0 seats
[2025-11-12 13:36:31] ? Cancelled expired booking ID=21, Customer=1, Released 0 seats
[2025-11-12 13:36:31] ? Cancelled expired booking ID=22, Customer=1, Released 2 seats
[2025-11-12 13:36:31] ? Cancelled expired booking ID=23, Customer=1, Released 0 seats
[2025-11-12 13:36:31] ? Cancelled expired booking ID=24, Customer=1, Released 0 seats
[2025-11-12 13:36:31] ? Cancelled expired booking ID=25, Customer=1, Released 0 seats
[2025-11-12 13:36:31] ? Cancelled expired booking ID=26, Customer=1, Released 2 seats
[2025-11-12 13:36:31] ? Cancelled expired booking ID=27, Customer=1, Released 0 seats
[2025-11-12 13:36:31] ? Cancelled expired booking ID=28, Customer=1, Released 0 seats
[2025-11-12 13:36:31] ? Cancelled expired booking ID=29, Customer=1, Released 0 seats
[2025-11-12 13:36:31] ? Cancelled expired booking ID=30, Customer=1, Released 0 seats
[2025-11-12 13:36:31] ? Cancelled expired booking ID=31, Customer=1, Released 1 seats
[2025-11-12 13:36:31] ? Cancelled expired booking ID=32, Customer=1, Released 2 seats
[2025-11-12 13:36:31] ? Cancelled expired booking ID=33, Customer=1, Released 2 seats
[2025-11-12 13:36:31] ? Cancelled expired booking ID=34, Customer=1, Released 2 seats
[2025-11-12 13:36:31] ? Cancelled expired booking ID=35, Customer=1, Released 0 seats
[2025-11-12 13:36:31] ? Cancelled expired booking ID=36, Customer=1, Released 2 seats
[2025-11-12 13:36:31] ? Cancelled expired booking ID=37, Customer=1, Released 1 seats
[2025-11-12 13:36:31] ? Cancelled expired booking ID=38, Customer=1, Released 1 seats
[2025-11-12 13:36:31] ? Cancelled expired booking ID=39, Customer=1, Released 2 seats
[2025-11-12 13:36:31] ? Cancelled expired booking ID=40, Customer=1, Released 2 seats
[2025-11-12 13:36:31] ? Cancelled expired booking ID=41, Customer=1, Released 2 seats
[2025-11-12 13:36:31] ? Cancelled expired booking ID=42, Customer=1, Released 2 seats
[2025-11-12 13:37:31] ? Found 37 expired bookings to cancel
[2025-11-12 13:37:31] ? Cancelled expired booking ID=6, Customer=1, Released 0 seats
[2025-11-12 13:37:31] ? Cancelled expired booking ID=7, Customer=1, Released 0 seats
[2025-11-12 13:37:31] ? Cancelled expired booking ID=8, Customer=1, Released 0 seats
[2025-11-12 13:37:31] ? Cancelled expired booking ID=9, Customer=1, Released 0 seats
[2025-11-12 13:37:31] ? Cancelled expired booking ID=10, Customer=1, Released 1 seats
[2025-11-12 13:37:31] ? Cancelled expired booking ID=11, Customer=1, Released 0 seats
[2025-11-12 13:37:31] ? Cancelled expired booking ID=12, Customer=1, Released 2 seats
[2025-11-12 13:37:31] ? Cancelled expired booking ID=13, Customer=1, Released 1 seats
[2025-11-12 13:37:31] ? Cancelled expired booking ID=14, Customer=1, Released 2 seats
[2025-11-12 13:37:31] ? Cancelled expired booking ID=15, Customer=1, Released 0 seats
[2025-11-12 13:37:31] ? Cancelled expired booking ID=16, Customer=1, Released 0 seats
[2025-11-12 13:37:31] ? Cancelled expired booking ID=17, Customer=1, Released 1 seats
[2025-11-12 13:37:31] ? Cancelled expired booking ID=18, Customer=1, Released 0 seats
[2025-11-12 13:37:31] ? Cancelled expired booking ID=19, Customer=1, Released 1 seats
[2025-11-12 13:37:31] ? Cancelled expired booking ID=20, Customer=1, Released 0 seats
[2025-11-12 13:37:31] ? Cancelled expired booking ID=21, Customer=1, Released 0 seats
[2025-11-12 13:37:31] ? Cancelled expired booking ID=22, Customer=1, Released 2 seats
[2025-11-12 13:37:31] ? Cancelled expired booking ID=23, Customer=1, Released 0 seats
[2025-11-12 13:37:31] ? Cancelled expired booking ID=24, Customer=1, Released 0 seats
[2025-11-12 13:37:31] ? Cancelled expired booking ID=25, Customer=1, Released 0 seats
[2025-11-12 13:37:31] ? Cancelled expired booking ID=26, Customer=1, Released 2 seats
[2025-11-12 13:37:31] ? Cancelled expired booking ID=27, Customer=1, Released 0 seats
[2025-11-12 13:37:31] ? Cancelled expired booking ID=28, Customer=1, Released 0 seats
[2025-11-12 13:37:31] ? Cancelled expired booking ID=29, Customer=1, Released 0 seats
[2025-11-12 13:37:31] ? Cancelled expired booking ID=30, Customer=1, Released 0 seats
[2025-11-12 13:37:31] ? Cancelled expired booking ID=31, Customer=1, Released 1 seats
[2025-11-12 13:37:31] ? Cancelled expired booking ID=32, Customer=1, Released 2 seats
[2025-11-12 13:37:31] ? Cancelled expired booking ID=33, Customer=1, Released 2 seats
[2025-11-12 13:37:31] ? Cancelled expired booking ID=34, Customer=1, Released 2 seats
[2025-11-12 13:37:31] ? Cancelled expired booking ID=35, Customer=1, Released 0 seats
[2025-11-12 13:37:31] ? Cancelled expired booking ID=36, Customer=1, Released 2 seats
[2025-11-12 13:37:31] ? Cancelled expired booking ID=37, Customer=1, Released 1 seats
[2025-11-12 13:37:31] ? Cancelled expired booking ID=38, Customer=1, Released 1 seats
[2025-11-12 13:37:31] ? Cancelled expired booking ID=39, Customer=1, Released 2 seats
[2025-11-12 13:37:31] ? Cancelled expired booking ID=40, Customer=1, Released 2 seats
[2025-11-12 13:37:31] ? Cancelled expired booking ID=41, Customer=1, Released 2 seats
[2025-11-12 13:37:31] ? Cancelled expired booking ID=42, Customer=1, Released 2 seats
[2025-11-12 13:38:31] ? Found 37 expired bookings to cancel
[2025-11-12 13:38:31] ? Cancelled expired booking ID=6, Customer=1, Released 0 seats
[2025-11-12 13:38:31] ? Cancelled expired booking ID=7, Customer=1, Released 0 seats
[2025-11-12 13:38:31] ? Cancelled expired booking ID=8, Customer=1, Released 0 seats
[2025-11-12 13:38:31] ? Cancelled expired booking ID=9, Customer=1, Released 0 seats
[2025-11-12 13:38:31] ? Cancelled expired booking ID=10, Customer=1, Released 1 seats
[2025-11-12 13:38:31] ? Cancelled expired booking ID=11, Customer=1, Released 0 seats
[2025-11-12 13:38:31] ? Cancelled expired booking ID=12, Customer=1, Released 2 seats
[2025-11-12 13:38:31] ? Cancelled expired booking ID=13, Customer=1, Released 1 seats
[2025-11-12 13:38:31] ? Cancelled expired booking ID=14, Customer=1, Released 2 seats
[2025-11-12 13:38:31] ? Cancelled expired booking ID=15, Customer=1, Released 0 seats
[2025-11-12 13:38:31] ? Cancelled expired booking ID=16, Customer=1, Released 0 seats
[2025-11-12 13:38:31] ? Cancelled expired booking ID=17, Customer=1, Released 1 seats
[2025-11-12 13:38:31] ? Cancelled expired booking ID=18, Customer=1, Released 0 seats
[2025-11-12 13:38:31] ? Cancelled expired booking ID=19, Customer=1, Released 1 seats
[2025-11-12 13:38:31] ? Cancelled expired booking ID=20, Customer=1, Released 0 seats
[2025-11-12 13:38:31] ? Cancelled expired booking ID=21, Customer=1, Released 0 seats
[2025-11-12 13:38:31] ? Cancelled expired booking ID=22, Customer=1, Released 2 seats
[2025-11-12 13:38:31] ? Cancelled expired booking ID=23, Customer=1, Released 0 seats
[2025-11-12 13:38:31] ? Cancelled expired booking ID=24, Customer=1, Released 0 seats
[2025-11-12 13:38:31] ? Cancelled expired booking ID=25, Customer=1, Released 0 seats
[2025-11-12 13:38:31] ? Cancelled expired booking ID=26, Customer=1, Released 2 seats
[2025-11-12 13:38:31] ? Cancelled expired booking ID=27, Customer=1, Released 0 seats
[2025-11-12 13:38:31] ? Cancelled expired booking ID=28, Customer=1, Released 0 seats
[2025-11-12 13:38:31] ? Cancelled expired booking ID=29, Customer=1, Released 0 seats
[2025-11-12 13:38:31] ? Cancelled expired booking ID=30, Customer=1, Released 0 seats
[2025-11-12 13:38:31] ? Cancelled expired booking ID=31, Customer=1, Released 1 seats
[2025-11-12 13:38:31] ? Cancelled expired booking ID=32, Customer=1, Released 2 seats
[2025-11-12 13:38:31] ? Cancelled expired booking ID=33, Customer=1, Released 2 seats
[2025-11-12 13:38:31] ? Cancelled expired booking ID=34, Customer=1, Released 2 seats
[2025-11-12 13:38:31] ? Cancelled expired booking ID=35, Customer=1, Released 0 seats
[2025-11-12 13:38:31] ? Cancelled expired booking ID=36, Customer=1, Released 2 seats
[2025-11-12 13:38:31] ? Cancelled expired booking ID=37, Customer=1, Released 1 seats
[2025-11-12 13:38:31] ? Cancelled expired booking ID=38, Customer=1, Released 1 seats
[2025-11-12 13:38:31] ? Cancelled expired booking ID=39, Customer=1, Released 2 seats
[2025-11-12 13:38:31] ? Cancelled expired booking ID=40, Customer=1, Released 2 seats
[2025-11-12 13:38:31] ? Cancelled expired booking ID=41, Customer=1, Released 2 seats
[2025-11-12 13:38:31] ? Cancelled expired booking ID=42, Customer=1, Released 2 seats
[2025-11-12 13:39:31] ? Found 37 expired bookings to cancel
[2025-11-12 13:39:31] ? Cancelled expired booking ID=6, Customer=1, Released 0 seats
[2025-11-12 13:39:31] ? Cancelled expired booking ID=7, Customer=1, Released 0 seats
[2025-11-12 13:39:31] ? Cancelled expired booking ID=8, Customer=1, Released 0 seats
[2025-11-12 13:39:31] ? Cancelled expired booking ID=9, Customer=1, Released 0 seats
[2025-11-12 13:39:31] ? Cancelled expired booking ID=10, Customer=1, Released 1 seats
[2025-11-12 13:39:31] ? Cancelled expired booking ID=11, Customer=1, Released 0 seats
[2025-11-12 13:39:31] ? Cancelled expired booking ID=12, Customer=1, Released 2 seats
[2025-11-12 13:39:31] ? Cancelled expired booking ID=13, Customer=1, Released 1 seats
[2025-11-12 13:39:31] ? Cancelled expired booking ID=14, Customer=1, Released 2 seats
[2025-11-12 13:39:31] ? Cancelled expired booking ID=15, Customer=1, Released 0 seats
[2025-11-12 13:39:31] ? Cancelled expired booking ID=16, Customer=1, Released 0 seats
[2025-11-12 13:39:31] ? Cancelled expired booking ID=17, Customer=1, Released 1 seats
[2025-11-12 13:39:31] ? Cancelled expired booking ID=18, Customer=1, Released 0 seats
[2025-11-12 13:39:31] ? Cancelled expired booking ID=19, Customer=1, Released 1 seats
[2025-11-12 13:39:31] ? Cancelled expired booking ID=20, Customer=1, Released 0 seats
[2025-11-12 13:39:31] ? Cancelled expired booking ID=21, Customer=1, Released 0 seats
[2025-11-12 13:39:31] ? Cancelled expired booking ID=22, Customer=1, Released 2 seats
[2025-11-12 13:39:31] ? Cancelled expired booking ID=23, Customer=1, Released 0 seats
[2025-11-12 13:39:31] ? Cancelled expired booking ID=24, Customer=1, Released 0 seats
[2025-11-12 13:39:31] ? Cancelled expired booking ID=25, Customer=1, Released 0 seats
[2025-11-12 13:39:31] ? Cancelled expired booking ID=26, Customer=1, Released 2 seats
[2025-11-12 13:39:31] ? Cancelled expired booking ID=27, Customer=1, Released 0 seats
[2025-11-12 13:39:31] ? Cancelled expired booking ID=28, Customer=1, Released 0 seats
[2025-11-12 13:39:31] ? Cancelled expired booking ID=29, Customer=1, Released 0 seats
[2025-11-12 13:39:31] ? Cancelled expired booking ID=30, Customer=1, Released 0 seats
[2025-11-12 13:39:31] ? Cancelled expired booking ID=31, Customer=1, Released 1 seats
[2025-11-12 13:39:31] ? Cancelled expired booking ID=32, Customer=1, Released 2 seats
[2025-11-12 13:39:31] ? Cancelled expired booking ID=33, Customer=1, Released 2 seats
[2025-11-12 13:39:31] ? Cancelled expired booking ID=34, Customer=1, Released 2 seats
[2025-11-12 13:39:31] ? Cancelled expired booking ID=35, Customer=1, Released 0 seats
[2025-11-12 13:39:31] ? Cancelled expired booking ID=36, Customer=1, Released 2 seats
[2025-11-12 13:39:31] ? Cancelled expired booking ID=37, Customer=1, Released 1 seats
[2025-11-12 13:39:31] ? Cancelled expired booking ID=38, Customer=1, Released 1 seats
[2025-11-12 13:39:31] ? Cancelled expired booking ID=39, Customer=1, Released 2 seats
[2025-11-12 13:39:31] ? Cancelled expired booking ID=40, Customer=1, Released 2 seats
[2025-11-12 13:39:31] ? Cancelled expired booking ID=41, Customer=1, Released 2 seats
[2025-11-12 13:39:31] ? Cancelled expired booking ID=42, Customer=1, Released 2 seats
[2025-11-12 13:40:31] ? Found 37 expired bookings to cancel
[2025-11-12 13:40:31] ? Cancelled expired booking ID=6, Customer=1, Released 0 seats
[2025-11-12 13:40:31] ? Cancelled expired booking ID=7, Customer=1, Released 0 seats
[2025-11-12 13:40:31] ? Cancelled expired booking ID=8, Customer=1, Released 0 seats
[2025-11-12 13:40:31] ? Cancelled expired booking ID=9, Customer=1, Released 0 seats
[2025-11-12 13:40:31] ? Cancelled expired booking ID=10, Customer=1, Released 1 seats
[2025-11-12 13:40:31] ? Cancelled expired booking ID=11, Customer=1, Released 0 seats
[2025-11-12 13:40:31] ? Cancelled expired booking ID=12, Customer=1, Released 2 seats
[2025-11-12 13:40:31] ? Cancelled expired booking ID=13, Customer=1, Released 1 seats
[2025-11-12 13:40:32] ? Cancelled expired booking ID=14, Customer=1, Released 2 seats
[2025-11-12 13:40:32] ? Cancelled expired booking ID=15, Customer=1, Released 0 seats
[2025-11-12 13:40:32] ? Cancelled expired booking ID=16, Customer=1, Released 0 seats
[2025-11-12 13:40:32] ? Cancelled expired booking ID=17, Customer=1, Released 1 seats
[2025-11-12 13:40:32] ? Cancelled expired booking ID=18, Customer=1, Released 0 seats
[2025-11-12 13:40:32] ? Cancelled expired booking ID=19, Customer=1, Released 1 seats
[2025-11-12 13:40:32] ? Cancelled expired booking ID=20, Customer=1, Released 0 seats
[2025-11-12 13:40:32] ? Cancelled expired booking ID=21, Customer=1, Released 0 seats
[2025-11-12 13:40:32] ? Cancelled expired booking ID=22, Customer=1, Released 2 seats
[2025-11-12 13:40:32] ? Cancelled expired booking ID=23, Customer=1, Released 0 seats
[2025-11-12 13:40:32] ? Cancelled expired booking ID=24, Customer=1, Released 0 seats
[2025-11-12 13:40:32] ? Cancelled expired booking ID=25, Customer=1, Released 0 seats
[2025-11-12 13:40:32] ? Cancelled expired booking ID=26, Customer=1, Released 2 seats
[2025-11-12 13:40:32] ? Cancelled expired booking ID=27, Customer=1, Released 0 seats
[2025-11-12 13:40:32] ? Cancelled expired booking ID=28, Customer=1, Released 0 seats
[2025-11-12 13:40:32] ? Cancelled expired booking ID=29, Customer=1, Released 0 seats
[2025-11-12 13:40:32] ? Cancelled expired booking ID=30, Customer=1, Released 0 seats
[2025-11-12 13:40:32] ? Cancelled expired booking ID=31, Customer=1, Released 1 seats
[2025-11-12 13:40:32] ? Cancelled expired booking ID=32, Customer=1, Released 2 seats
[2025-11-12 13:40:32] ? Cancelled expired booking ID=33, Customer=1, Released 2 seats
[2025-11-12 13:40:32] ? Cancelled expired booking ID=34, Customer=1, Released 2 seats
[2025-11-12 13:40:32] ? Cancelled expired booking ID=35, Customer=1, Released 0 seats
[2025-11-12 13:40:32] ? Cancelled expired booking ID=36, Customer=1, Released 2 seats
[2025-11-12 13:40:32] ? Cancelled expired booking ID=37, Customer=1, Released 1 seats
[2025-11-12 13:40:32] ? Cancelled expired booking ID=38, Customer=1, Released 1 seats
[2025-11-12 13:40:32] ? Cancelled expired booking ID=39, Customer=1, Released 2 seats
[2025-11-12 13:40:32] ? Cancelled expired booking ID=40, Customer=1, Released 2 seats
[2025-11-12 13:40:32] ? Cancelled expired booking ID=41, Customer=1, Released 2 seats
[2025-11-12 13:40:32] ? Cancelled expired booking ID=42, Customer=1, Released 2 seats
[2025-11-12 13:42:05] ? BookingExpirationService started
[2025-11-12 13:43:05] ? Found 37 expired bookings to cancel
[2025-11-12 13:43:06] ? Cancelled expired booking ID=6, Customer=1, Released 0 seats
[2025-11-12 13:43:06] ? Cancelled expired booking ID=7, Customer=1, Released 0 seats
[2025-11-12 13:43:06] ? Cancelled expired booking ID=8, Customer=1, Released 0 seats
[2025-11-12 13:43:06] ? Cancelled expired booking ID=9, Customer=1, Released 0 seats
[2025-11-12 13:43:06] ? Cancelled expired booking ID=10, Customer=1, Released 1 seats
[2025-11-12 13:43:06] ? Cancelled expired booking ID=11, Customer=1, Released 0 seats
[2025-11-12 13:43:06] ? Cancelled expired booking ID=12, Customer=1, Released 2 seats
[2025-11-12 13:43:06] ? Cancelled expired booking ID=13, Customer=1, Released 1 seats
[2025-11-12 13:43:06] ? Cancelled expired booking ID=14, Customer=1, Released 2 seats
[2025-11-12 13:43:06] ? Cancelled expired booking ID=15, Customer=1, Released 0 seats
[2025-11-12 13:43:06] ? Cancelled expired booking ID=16, Customer=1, Released 0 seats
[2025-11-12 13:43:06] ? Cancelled expired booking ID=17, Customer=1, Released 1 seats
[2025-11-12 13:43:06] ? Cancelled expired booking ID=18, Customer=1, Released 0 seats
[2025-11-12 13:43:06] ? Cancelled expired booking ID=19, Customer=1, Released 1 seats
[2025-11-12 13:43:06] ? Cancelled expired booking ID=20, Customer=1, Released 0 seats
[2025-11-12 13:43:06] ? Cancelled expired booking ID=21, Customer=1, Released 0 seats
[2025-11-12 13:43:06] ? Cancelled expired booking ID=22, Customer=1, Released 2 seats
[2025-11-12 13:43:06] ? Cancelled expired booking ID=23, Customer=1, Released 0 seats
[2025-11-12 13:43:06] ? Cancelled expired booking ID=24, Customer=1, Released 0 seats
[2025-11-12 13:43:06] ? Cancelled expired booking ID=25, Customer=1, Released 0 seats
[2025-11-12 13:43:06] ? Cancelled expired booking ID=26, Customer=1, Released 2 seats
[2025-11-12 13:43:06] ? Cancelled expired booking ID=27, Customer=1, Released 0 seats
[2025-11-12 13:43:06] ? Cancelled expired booking ID=28, Customer=1, Released 0 seats
[2025-11-12 13:43:06] ? Cancelled expired booking ID=29, Customer=1, Released 0 seats
[2025-11-12 13:43:06] ? Cancelled expired booking ID=30, Customer=1, Released 0 seats
[2025-11-12 13:43:06] ? Cancelled expired booking ID=31, Customer=1, Released 1 seats
[2025-11-12 13:43:06] ? Cancelled expired booking ID=32, Customer=1, Released 2 seats
[2025-11-12 13:43:06] ? Cancelled expired booking ID=33, Customer=1, Released 2 seats
[2025-11-12 13:43:06] ? Cancelled expired booking ID=34, Customer=1, Released 2 seats
[2025-11-12 13:43:06] ? Cancelled expired booking ID=35, Customer=1, Released 0 seats
[2025-11-12 13:43:06] ? Cancelled expired booking ID=36, Customer=1, Released 2 seats
[2025-11-12 13:43:06] ? Cancelled expired booking ID=37, Customer=1, Released 1 seats
[2025-11-12 13:43:06] ? Cancelled expired booking ID=38, Customer=1, Released 1 seats
[2025-11-12 13:43:06] ? Cancelled expired booking ID=39, Customer=1, Released 2 seats
[2025-11-12 13:43:06] ? Cancelled expired booking ID=40, Customer=1, Released 2 seats
[2025-11-12 13:43:06] ? Cancelled expired booking ID=41, Customer=1, Released 2 seats
[2025-11-12 13:43:06] ? Cancelled expired booking ID=42, Customer=1, Released 2 seats
[2025-11-12 13:44:05] ? Found 37 expired bookings to cancel
[2025-11-12 13:44:06] ? Cancelled expired booking ID=6, Customer=1, Released 0 seats
[2025-11-12 13:44:06] ? Cancelled expired booking ID=7, Customer=1, Released 0 seats
[2025-11-12 13:44:06] ? Cancelled expired booking ID=8, Customer=1, Released 0 seats
[2025-11-12 13:44:06] ? Cancelled expired booking ID=9, Customer=1, Released 0 seats
[2025-11-12 13:44:06] ? Cancelled expired booking ID=10, Customer=1, Released 1 seats
[2025-11-12 13:44:06] ? Cancelled expired booking ID=11, Customer=1, Released 0 seats
[2025-11-12 13:44:06] ? Cancelled expired booking ID=12, Customer=1, Released 2 seats
[2025-11-12 13:44:06] ? Cancelled expired booking ID=13, Customer=1, Released 1 seats
[2025-11-12 13:44:06] ? Cancelled expired booking ID=14, Customer=1, Released 2 seats
[2025-11-12 13:44:06] ? Cancelled expired booking ID=15, Customer=1, Released 0 seats
[2025-11-12 13:44:06] ? Cancelled expired booking ID=16, Customer=1, Released 0 seats
[2025-11-12 13:44:06] ? Cancelled expired booking ID=17, Customer=1, Released 1 seats
[2025-11-12 13:44:06] ? Cancelled expired booking ID=18, Customer=1, Released 0 seats
[2025-11-12 13:44:06] ? Cancelled expired booking ID=19, Customer=1, Released 1 seats
[2025-11-12 13:44:06] ? Cancelled expired booking ID=20, Customer=1, Released 0 seats
[2025-11-12 13:44:06] ? Cancelled expired booking ID=21, Customer=1, Released 0 seats
[2025-11-12 13:44:06] ? Cancelled expired booking ID=22, Customer=1, Released 2 seats
[2025-11-12 13:44:06] ? Cancelled expired booking ID=23, Customer=1, Released 0 seats
[2025-11-12 13:44:06] ? Cancelled expired booking ID=24, Customer=1, Released 0 seats
[2025-11-12 13:44:06] ? Cancelled expired booking ID=25, Customer=1, Released 0 seats
[2025-11-12 13:44:06] ? Cancelled expired booking ID=26, Customer=1, Released 2 seats
[2025-11-12 13:44:06] ? Cancelled expired booking ID=27, Customer=1, Released 0 seats
[2025-11-12 13:44:06] ? Cancelled expired booking ID=28, Customer=1, Released 0 seats
[2025-11-12 13:44:06] ? Cancelled expired booking ID=29, Customer=1, Released 0 seats
[2025-11-12 13:44:06] ? Cancelled expired booking ID=30, Customer=1, Released 0 seats
[2025-11-12 13:44:06] ? Cancelled expired booking ID=31, Customer=1, Released 1 seats
[2025-11-12 13:44:06] ? Cancelled expired booking ID=32, Customer=1, Released 2 seats
[2025-11-12 13:44:06] ? Cancelled expired booking ID=33, Customer=1, Released 2 seats
[2025-11-12 13:44:06] ? Cancelled expired booking ID=34, Customer=1, Released 2 seats
[2025-11-12 13:44:06] ? Cancelled expired booking ID=35, Customer=1, Released 0 seats
[2025-11-12 13:44:06] ? Cancelled expired booking ID=36, Customer=1, Released 2 seats
[2025-11-12 13:44:06] ? Cancelled expired booking ID=37, Customer=1, Released 1 seats
[2025-11-12 13:44:06] ? Cancelled expired booking ID=38, Customer=1, Released 1 seats
[2025-11-12 13:44:06] ? Cancelled expired booking ID=39, Customer=1, Released 2 seats
[2025-11-12 13:44:06] ? Cancelled expired booking ID=40, Customer=1, Released 2 seats
[2025-11-12 13:44:06] ? Cancelled expired booking ID=41, Customer=1, Released 2 seats
[2025-11-12 13:44:06] ? Cancelled expired booking ID=42, Customer=1, Released 2 seats
[2025-11-12 13:45:05] ? Found 37 expired bookings to cancel
[2025-11-12 13:45:06] ? Cancelled expired booking ID=6, Customer=1, Released 0 seats
[2025-11-12 13:45:06] ? Cancelled expired booking ID=7, Customer=1, Released 0 seats
[2025-11-12 13:45:06] ? Cancelled expired booking ID=8, Customer=1, Released 0 seats
[2025-11-12 13:45:06] ? Cancelled expired booking ID=9, Customer=1, Released 0 seats
[2025-11-12 13:45:06] ? Cancelled expired booking ID=10, Customer=1, Released 1 seats
[2025-11-12 13:45:06] ? Cancelled expired booking ID=11, Customer=1, Released 0 seats
[2025-11-12 13:45:06] ? Cancelled expired booking ID=12, Customer=1, Released 2 seats
[2025-11-12 13:45:06] ? Cancelled expired booking ID=13, Customer=1, Released 1 seats
[2025-11-12 13:45:06] ? Cancelled expired booking ID=14, Customer=1, Released 2 seats
[2025-11-12 13:45:06] ? Cancelled expired booking ID=15, Customer=1, Released 0 seats
[2025-11-12 13:45:06] ? Cancelled expired booking ID=16, Customer=1, Released 0 seats
[2025-11-12 13:45:06] ? Cancelled expired booking ID=17, Customer=1, Released 1 seats
[2025-11-12 13:45:06] ? Cancelled expired booking ID=18, Customer=1, Released 0 seats
[2025-11-12 13:45:06] ? Cancelled expired booking ID=19, Customer=1, Released 1 seats
[2025-11-12 13:45:06] ? Cancelled expired booking ID=20, Customer=1, Released 0 seats
[2025-11-12 13:45:06] ? Cancelled expired booking ID=21, Customer=1, Released 0 seats
[2025-11-12 13:45:06] ? Cancelled expired booking ID=22, Customer=1, Released 2 seats
[2025-11-12 13:45:06] ? Cancelled expired booking ID=23, Customer=1, Released 0 seats
[2025-11-12 13:45:06] ? Cancelled expired booking ID=24, Customer=1, Released 0 seats
[2025-11-12 13:45:06] ? Cancelled expired booking ID=25, Customer=1, Released 0 seats
[2025-11-12 13:45:06] ? Cancelled expired booking ID=26, Customer=1, Released 2 seats
[2025-11-12 13:45:06] ? Cancelled expired booking ID=27, Customer=1, Released 0 seats
[2025-11-12 13:45:06] ? Cancelled expired booking ID=28, Customer=1, Released 0 seats
[2025-11-12 13:45:06] ? Cancelled expired booking ID=29, Customer=1, Released 0 seats
[2025-11-12 13:45:06] ? Cancelled expired booking ID=30, Customer=1, Released 0 seats
[2025-11-12 13:45:06] ? Cancelled expired booking ID=31, Customer=1, Released 1 seats
[2025-11-12 13:45:06] ? Cancelled expired booking ID=32, Customer=1, Released 2 seats
[2025-11-12 13:45:06] ? Cancelled expired booking ID=33, Customer=1, Released 2 seats
[2025-11-12 13:45:06] ? Cancelled expired booking ID=34, Customer=1, Released 2 seats
[2025-11-12 13:45:06] ? Cancelled expired booking ID=35, Customer=1, Released 0 seats
[2025-11-12 13:45:06] ? Cancelled expired booking ID=36, Customer=1, Released 2 seats
[2025-11-12 13:45:06] ? Cancelled expired booking ID=37, Customer=1, Released 1 seats
[2025-11-12 13:45:06] ? Cancelled expired booking ID=38, Customer=1, Released 1 seats
[2025-11-12 13:45:06] ? Cancelled expired booking ID=39, Customer=1, Released 2 seats
[2025-11-12 13:45:06] ? Cancelled expired booking ID=40, Customer=1, Released 2 seats
[2025-11-12 13:45:06] ? Cancelled expired booking ID=41, Customer=1, Released 2 seats
[2025-11-12 13:45:06] ? Cancelled expired booking ID=42, Customer=1, Released 2 seats
[2025-11-12 13:46:05] ? Found 37 expired bookings to cancel
[2025-11-12 13:46:06] ? Cancelled expired booking ID=6, Customer=1, Released 0 seats
[2025-11-12 13:46:06] ? Cancelled expired booking ID=7, Customer=1, Released 0 seats
[2025-11-12 13:46:06] ? Cancelled expired booking ID=8, Customer=1, Released 0 seats
[2025-11-12 13:46:06] ? Cancelled expired booking ID=9, Customer=1, Released 0 seats
[2025-11-12 13:46:06] ? Cancelled expired booking ID=10, Customer=1, Released 1 seats
[2025-11-12 13:46:06] ? Cancelled expired booking ID=11, Customer=1, Released 0 seats
[2025-11-12 13:46:06] ? Cancelled expired booking ID=12, Customer=1, Released 2 seats
[2025-11-12 13:46:06] ? Cancelled expired booking ID=13, Customer=1, Released 1 seats
[2025-11-12 13:46:06] ? Cancelled expired booking ID=14, Customer=1, Released 2 seats
[2025-11-12 13:46:06] ? Cancelled expired booking ID=15, Customer=1, Released 0 seats
[2025-11-12 13:46:06] ? Cancelled expired booking ID=16, Customer=1, Released 0 seats
[2025-11-12 13:46:06] ? Cancelled expired booking ID=17, Customer=1, Released 1 seats
[2025-11-12 13:46:06] ? Cancelled expired booking ID=18, Customer=1, Released 0 seats
[2025-11-12 13:46:06] ? Cancelled expired booking ID=19, Customer=1, Released 1 seats
[2025-11-12 13:46:06] ? Cancelled expired booking ID=20, Customer=1, Released 0 seats
[2025-11-12 13:46:06] ? Cancelled expired booking ID=21, Customer=1, Released 0 seats
[2025-11-12 13:46:06] ? Cancelled expired booking ID=22, Customer=1, Released 2 seats
[2025-11-12 13:46:06] ? Cancelled expired booking ID=23, Customer=1, Released 0 seats
[2025-11-12 13:46:06] ? Cancelled expired booking ID=24, Customer=1, Released 0 seats
[2025-11-12 13:46:06] ? Cancelled expired booking ID=25, Customer=1, Released 0 seats
[2025-11-12 13:46:06] ? Cancelled expired booking ID=26, Customer=1, Released 2 seats
[2025-11-12 13:46:06] ? Cancelled expired booking ID=27, Customer=1, Released 0 seats
[2025-11-12 13:46:06] ? Cancelled expired booking ID=28, Customer=1, Released 0 seats
[2025-11-12 13:46:06] ? Cancelled expired booking ID=29, Customer=1, Released 0 seats
[2025-11-12 13:46:06] ? Cancelled expired booking ID=30, Customer=1, Released 0 seats
[2025-11-12 13:46:06] ? Cancelled expired booking ID=31, Customer=1, Released 1 seats
[2025-11-12 13:46:06] ? Cancelled expired booking ID=32, Customer=1, Released 2 seats
[2025-11-12 13:46:06] ? Cancelled expired booking ID=33, Customer=1, Released 2 seats
[2025-11-12 13:46:06] ? Cancelled expired booking ID=34, Customer=1, Released 2 seats
[2025-11-12 13:46:06] ? Cancelled expired booking ID=35, Customer=1, Released 0 seats
[2025-11-12 13:46:06] ? Cancelled expired booking ID=36, Customer=1, Released 2 seats
[2025-11-12 13:46:06] ? Cancelled expired booking ID=37, Customer=1, Released 1 seats
[2025-11-12 13:46:06] ? Cancelled expired booking ID=38, Customer=1, Released 1 seats
[2025-11-12 13:46:06] ? Cancelled expired booking ID=39, Customer=1, Released 2 seats
[2025-11-12 13:46:06] ? Cancelled expired booking ID=40, Customer=1, Released 2 seats
[2025-11-12 13:46:06] ? Cancelled expired booking ID=41, Customer=1, Released 2 seats
[2025-11-12 13:46:06] ? Cancelled expired booking ID=42, Customer=1, Released 2 seats
[2025-11-12 13:47:06] ? Found 37 expired bookings to cancel
[2025-11-12 13:47:06] ? Cancelled expired booking ID=6, Customer=1, Released 0 seats
[2025-11-12 13:47:06] ? Cancelled expired booking ID=7, Customer=1, Released 0 seats
[2025-11-12 13:47:06] ? Cancelled expired booking ID=8, Customer=1, Released 0 seats
[2025-11-12 13:47:06] ? Cancelled expired booking ID=9, Customer=1, Released 0 seats
[2025-11-12 13:47:06] ? Cancelled expired booking ID=10, Customer=1, Released 1 seats
[2025-11-12 13:47:06] ? Cancelled expired booking ID=11, Customer=1, Released 0 seats
[2025-11-12 13:47:06] ? Cancelled expired booking ID=12, Customer=1, Released 2 seats
[2025-11-12 13:47:06] ? Cancelled expired booking ID=13, Customer=1, Released 1 seats
[2025-11-12 13:47:06] ? Cancelled expired booking ID=14, Customer=1, Released 2 seats
[2025-11-12 13:47:06] ? Cancelled expired booking ID=15, Customer=1, Released 0 seats
[2025-11-12 13:47:06] ? Cancelled expired booking ID=16, Customer=1, Released 0 seats
[2025-11-12 13:47:06] ? Cancelled expired booking ID=17, Customer=1, Released 1 seats
[2025-11-12 13:47:06] ? Cancelled expired booking ID=18, Customer=1, Released 0 seats
[2025-11-12 13:47:06] ? Cancelled expired booking ID=19, Customer=1, Released 1 seats
[2025-11-12 13:47:06] ? Cancelled expired booking ID=20, Customer=1, Released 0 seats
[2025-11-12 13:47:06] ? Cancelled expired booking ID=21, Customer=1, Released 0 seats
[2025-11-12 13:47:06] ? Cancelled expired booking ID=22, Customer=1, Released 2 seats
[2025-11-12 13:47:06] ? Cancelled expired booking ID=23, Customer=1, Released 0 seats
[2025-11-12 13:47:06] ? Cancelled expired booking ID=24, Customer=1, Released 0 seats
[2025-11-12 13:47:06] ? Cancelled expired booking ID=25, Customer=1, Released 0 seats
[2025-11-12 13:47:06] ? Cancelled expired booking ID=26, Customer=1, Released 2 seats
[2025-11-12 13:47:06] ? Cancelled expired booking ID=27, Customer=1, Released 0 seats
[2025-11-12 13:47:06] ? Cancelled expired booking ID=28, Customer=1, Released 0 seats
[2025-11-12 13:47:06] ? Cancelled expired booking ID=29, Customer=1, Released 0 seats
[2025-11-12 13:47:06] ? Cancelled expired booking ID=30, Customer=1, Released 0 seats
[2025-11-12 13:47:06] ? Cancelled expired booking ID=31, Customer=1, Released 1 seats
[2025-11-12 13:47:06] ? Cancelled expired booking ID=32, Customer=1, Released 2 seats
[2025-11-12 13:47:06] ? Cancelled expired booking ID=33, Customer=1, Released 2 seats
[2025-11-12 13:47:06] ? Cancelled expired booking ID=34, Customer=1, Released 2 seats
[2025-11-12 13:47:06] ? Cancelled expired booking ID=35, Customer=1, Released 0 seats
[2025-11-12 13:47:06] ? Cancelled expired booking ID=36, Customer=1, Released 2 seats
[2025-11-12 13:47:06] ? Cancelled expired booking ID=37, Customer=1, Released 1 seats
[2025-11-12 13:47:06] ? Cancelled expired booking ID=38, Customer=1, Released 1 seats
[2025-11-12 13:47:06] ? Cancelled expired booking ID=39, Customer=1, Released 2 seats
[2025-11-12 13:47:06] ? Cancelled expired booking ID=40, Customer=1, Released 2 seats
[2025-11-12 13:47:06] ? Cancelled expired booking ID=41, Customer=1, Released 2 seats
[2025-11-12 13:47:06] ? Cancelled expired booking ID=42, Customer=1, Released 2 seats
[2025-11-12 13:48:06] ? Found 37 expired bookings to cancel
[2025-11-12 13:48:06] ? Cancelled expired booking ID=6, Customer=1, Released 0 seats
[2025-11-12 13:48:06] ? Cancelled expired booking ID=7, Customer=1, Released 0 seats
[2025-11-12 13:48:06] ? Cancelled expired booking ID=8, Customer=1, Released 0 seats
[2025-11-12 13:48:06] ? Cancelled expired booking ID=9, Customer=1, Released 0 seats
[2025-11-12 13:48:06] ? Cancelled expired booking ID=10, Customer=1, Released 1 seats
[2025-11-12 13:48:06] ? Cancelled expired booking ID=11, Customer=1, Released 0 seats
[2025-11-12 13:48:06] ? Cancelled expired booking ID=12, Customer=1, Released 2 seats
[2025-11-12 13:48:06] ? Cancelled expired booking ID=13, Customer=1, Released 1 seats
[2025-11-12 13:48:06] ? Cancelled expired booking ID=14, Customer=1, Released 2 seats
[2025-11-12 13:48:06] ? Cancelled expired booking ID=15, Customer=1, Released 0 seats
[2025-11-12 13:48:06] ? Cancelled expired booking ID=16, Customer=1, Released 0 seats
[2025-11-12 13:48:06] ? Cancelled expired booking ID=17, Customer=1, Released 1 seats
[2025-11-12 13:48:06] ? Cancelled expired booking ID=18, Customer=1, Released 0 seats
[2025-11-12 13:48:06] ? Cancelled expired booking ID=19, Customer=1, Released 1 seats
[2025-11-12 13:48:06] ? Cancelled expired booking ID=20, Customer=1, Released 0 seats
[2025-11-12 13:48:06] ? Cancelled expired booking ID=21, Customer=1, Released 0 seats
[2025-11-12 13:48:06] ? Cancelled expired booking ID=22, Customer=1, Released 2 seats
[2025-11-12 13:48:06] ? Cancelled expired booking ID=23, Customer=1, Released 0 seats
[2025-11-12 13:48:06] ? Cancelled expired booking ID=24, Customer=1, Released 0 seats
[2025-11-12 13:48:06] ? Cancelled expired booking ID=25, Customer=1, Released 0 seats
[2025-11-12 13:48:06] ? Cancelled expired booking ID=26, Customer=1, Released 2 seats
[2025-11-12 13:48:06] ? Cancelled expired booking ID=27, Customer=1, Released 0 seats
[2025-11-12 13:48:06] ? Cancelled expired booking ID=28, Customer=1, Released 0 seats
[2025-11-12 13:48:06] ? Cancelled expired booking ID=29, Customer=1, Released 0 seats
[2025-11-12 13:48:06] ? Cancelled expired booking ID=30, Customer=1, Released 0 seats
[2025-11-12 13:48:06] ? Cancelled expired booking ID=31, Customer=1, Released 1 seats
[2025-11-12 13:48:06] ? Cancelled expired booking ID=32, Customer=1, Released 2 seats
[2025-11-12 13:48:06] ? Cancelled expired booking ID=33, Customer=1, Released 2 seats
[2025-11-12 13:48:06] ? Cancelled expired booking ID=34, Customer=1, Released 2 seats
[2025-11-12 13:48:06] ? Cancelled expired booking ID=35, Customer=1, Released 0 seats
[2025-11-12 13:48:06] ? Cancelled expired booking ID=36, Customer=1, Released 2 seats
[2025-11-12 13:48:06] ? Cancelled expired booking ID=37, Customer=1, Released 1 seats
[2025-11-12 13:48:06] ? Cancelled expired booking ID=38, Customer=1, Released 1 seats
[2025-11-12 13:48:06] ? Cancelled expired booking ID=39, Customer=1, Released 2 seats
[2025-11-12 13:48:06] ? Cancelled expired booking ID=40, Customer=1, Released 2 seats
[2025-11-12 13:48:06] ? Cancelled expired booking ID=41, Customer=1, Released 2 seats
[2025-11-12 13:48:06] ? Cancelled expired booking ID=42, Customer=1, Released 2 seats
[2025-11-12 13:57:29] ? BookingExpirationService started
[2025-11-12 13:58:29] ? Found 37 expired bookings to cancel
[2025-11-12 13:58:29] ? Cancelled expired booking ID=6, Customer=1, Released 0 seats
[2025-11-12 13:58:29] ? Cancelled expired booking ID=7, Customer=1, Released 0 seats
[2025-11-12 13:58:29] ? Cancelled expired booking ID=8, Customer=1, Released 0 seats
[2025-11-12 13:58:29] ? Cancelled expired booking ID=9, Customer=1, Released 0 seats
[2025-11-12 13:58:29] ? Cancelled expired booking ID=10, Customer=1, Released 1 seats
[2025-11-12 13:58:29] ? Cancelled expired booking ID=11, Customer=1, Released 0 seats
[2025-11-12 13:58:29] ? Cancelled expired booking ID=12, Customer=1, Released 2 seats
[2025-11-12 13:58:29] ? Cancelled expired booking ID=13, Customer=1, Released 1 seats
[2025-11-12 13:58:29] ? Cancelled expired booking ID=14, Customer=1, Released 2 seats
[2025-11-12 13:58:29] ? Cancelled expired booking ID=15, Customer=1, Released 0 seats
[2025-11-12 13:58:29] ? Cancelled expired booking ID=16, Customer=1, Released 0 seats
[2025-11-12 13:58:29] ? Cancelled expired booking ID=17, Customer=1, Released 1 seats
[2025-11-12 13:58:29] ? Cancelled expired booking ID=18, Customer=1, Released 0 seats
[2025-11-12 13:58:29] ? Cancelled expired booking ID=19, Customer=1, Released 1 seats
[2025-11-12 13:58:29] ? Cancelled expired booking ID=20, Customer=1, Released 0 seats
[2025-11-12 13:58:30] ? Cancelled expired booking ID=21, Customer=1, Released 0 seats
[2025-11-12 13:58:30] ? Cancelled expired booking ID=22, Customer=1, Released 2 seats
[2025-11-12 13:58:30] ? Cancelled expired booking ID=23, Customer=1, Released 0 seats
[2025-11-12 13:58:30] ? Cancelled expired booking ID=24, Customer=1, Released 0 seats
[2025-11-12 13:58:30] ? Cancelled expired booking ID=25, Customer=1, Released 0 seats
[2025-11-12 13:58:30] ? Cancelled expired booking ID=26, Customer=1, Released 2 seats
[2025-11-12 13:58:30] ? Cancelled expired booking ID=27, Customer=1, Released 0 seats
[2025-11-12 13:58:30] ? Cancelled expired booking ID=28, Customer=1, Released 0 seats
[2025-11-12 13:58:30] ? Cancelled expired booking ID=29, Customer=1, Released 0 seats
[2025-11-12 13:58:30] ? Cancelled expired booking ID=30, Customer=1, Released 0 seats
[2025-11-12 13:58:30] ? Cancelled expired booking ID=31, Customer=1, Released 1 seats
[2025-11-12 13:58:30] ? Cancelled expired booking ID=32, Customer=1, Released 2 seats
[2025-11-12 13:58:30] ? Cancelled expired booking ID=33, Customer=1, Released 2 seats
[2025-11-12 13:58:30] ? Cancelled expired booking ID=34, Customer=1, Released 2 seats
[2025-11-12 13:58:30] ? Cancelled expired booking ID=35, Customer=1, Released 0 seats
[2025-11-12 13:58:30] ? Cancelled expired booking ID=36, Customer=1, Released 2 seats
[2025-11-12 13:58:30] ? Cancelled expired booking ID=37, Customer=1, Released 1 seats
[2025-11-12 13:58:30] ? Cancelled expired booking ID=38, Customer=1, Released 1 seats
[2025-11-12 13:58:30] ? Cancelled expired booking ID=39, Customer=1, Released 2 seats
[2025-11-12 13:58:30] ? Cancelled expired booking ID=40, Customer=1, Released 2 seats
[2025-11-12 13:58:30] ? Cancelled expired booking ID=41, Customer=1, Released 2 seats
[2025-11-12 13:58:30] ? Cancelled expired booking ID=42, Customer=1, Released 2 seats
[2025-11-12 13:59:29] ? Found 37 expired bookings to cancel
[2025-11-12 13:59:29] ? Cancelled expired booking ID=6, Customer=1, Released 0 seats
[2025-11-12 13:59:29] ? Cancelled expired booking ID=7, Customer=1, Released 0 seats
[2025-11-12 13:59:29] ? Cancelled expired booking ID=8, Customer=1, Released 0 seats
[2025-11-12 13:59:29] ? Cancelled expired booking ID=9, Customer=1, Released 0 seats
[2025-11-12 13:59:30] ? Cancelled expired booking ID=10, Customer=1, Released 1 seats
[2025-11-12 13:59:30] ? Cancelled expired booking ID=11, Customer=1, Released 0 seats
[2025-11-12 13:59:30] ? Cancelled expired booking ID=12, Customer=1, Released 2 seats
[2025-11-12 13:59:30] ? Cancelled expired booking ID=13, Customer=1, Released 1 seats
[2025-11-12 13:59:30] ? Cancelled expired booking ID=14, Customer=1, Released 2 seats
[2025-11-12 13:59:30] ? Cancelled expired booking ID=15, Customer=1, Released 0 seats
[2025-11-12 13:59:30] ? Cancelled expired booking ID=16, Customer=1, Released 0 seats
[2025-11-12 13:59:30] ? Cancelled expired booking ID=17, Customer=1, Released 1 seats
[2025-11-12 13:59:30] ? Cancelled expired booking ID=18, Customer=1, Released 0 seats
[2025-11-12 13:59:30] ? Cancelled expired booking ID=19, Customer=1, Released 1 seats
[2025-11-12 13:59:30] ? Cancelled expired booking ID=20, Customer=1, Released 0 seats
[2025-11-12 13:59:30] ? Cancelled expired booking ID=21, Customer=1, Released 0 seats
[2025-11-12 13:59:30] ? Cancelled expired booking ID=22, Customer=1, Released 2 seats
[2025-11-12 13:59:30] ? Cancelled expired booking ID=23, Customer=1, Released 0 seats
[2025-11-12 13:59:30] ? Cancelled expired booking ID=24, Customer=1, Released 0 seats
[2025-11-12 13:59:30] ? Cancelled expired booking ID=25, Customer=1, Released 0 seats
[2025-11-12 13:59:30] ? Cancelled expired booking ID=26, Customer=1, Released 2 seats
[2025-11-12 13:59:30] ? Cancelled expired booking ID=27, Customer=1, Released 0 seats
[2025-11-12 13:59:30] ? Cancelled expired booking ID=28, Customer=1, Released 0 seats
[2025-11-12 13:59:30] ? Cancelled expired booking ID=29, Customer=1, Released 0 seats
[2025-11-12 13:59:30] ? Cancelled expired booking ID=30, Customer=1, Released 0 seats
[2025-11-12 13:59:30] ? Cancelled expired booking ID=31, Customer=1, Released 1 seats
[2025-11-12 13:59:30] ? Cancelled expired booking ID=32, Customer=1, Released 2 seats
[2025-11-12 13:59:30] ? Cancelled expired booking ID=33, Customer=1, Released 2 seats
[2025-11-12 13:59:30] ? Cancelled expired booking ID=34, Customer=1, Released 2 seats
[2025-11-12 13:59:30] ? Cancelled expired booking ID=35, Customer=1, Released 0 seats
[2025-11-12 13:59:30] ? Cancelled expired booking ID=36, Customer=1, Released 2 seats
[2025-11-12 13:59:30] ? Cancelled expired booking ID=37, Customer=1, Released 1 seats
[2025-11-12 13:59:30] ? Cancelled expired booking ID=38, Customer=1, Released 1 seats
[2025-11-12 13:59:30] ? Cancelled expired booking ID=39, Customer=1, Released 2 seats
[2025-11-12 13:59:30] ? Cancelled expired booking ID=40, Customer=1, Released 2 seats
[2025-11-12 13:59:30] ? Cancelled expired booking ID=41, Customer=1, Released 2 seats
[2025-11-12 13:59:30] ? Cancelled expired booking ID=42, Customer=1, Released 2 seats
[2025-11-12 14:00:29] ? Found 37 expired bookings to cancel
[2025-11-12 14:00:29] ? Cancelled expired booking ID=6, Customer=1, Released 0 seats
[2025-11-12 14:00:29] ? Cancelled expired booking ID=7, Customer=1, Released 0 seats
[2025-11-12 14:00:29] ? Cancelled expired booking ID=8, Customer=1, Released 0 seats
[2025-11-12 14:00:29] ? Cancelled expired booking ID=9, Customer=1, Released 0 seats
[2025-11-12 14:00:30] ? Cancelled expired booking ID=10, Customer=1, Released 1 seats
[2025-11-12 14:00:30] ? Cancelled expired booking ID=11, Customer=1, Released 0 seats
[2025-11-12 14:00:30] ? Cancelled expired booking ID=12, Customer=1, Released 2 seats
[2025-11-12 14:00:30] ? Cancelled expired booking ID=13, Customer=1, Released 1 seats
[2025-11-12 14:00:30] ? Cancelled expired booking ID=14, Customer=1, Released 2 seats
[2025-11-12 14:00:30] ? Cancelled expired booking ID=15, Customer=1, Released 0 seats
[2025-11-12 14:00:30] ? Cancelled expired booking ID=16, Customer=1, Released 0 seats
[2025-11-12 14:00:30] ? Cancelled expired booking ID=17, Customer=1, Released 1 seats
[2025-11-12 14:00:30] ? Cancelled expired booking ID=18, Customer=1, Released 0 seats
[2025-11-12 14:00:30] ? Cancelled expired booking ID=19, Customer=1, Released 1 seats
[2025-11-12 14:00:30] ? Cancelled expired booking ID=20, Customer=1, Released 0 seats
[2025-11-12 14:00:30] ? Cancelled expired booking ID=21, Customer=1, Released 0 seats
[2025-11-12 14:00:30] ? Cancelled expired booking ID=22, Customer=1, Released 2 seats
[2025-11-12 14:00:30] ? Cancelled expired booking ID=23, Customer=1, Released 0 seats
[2025-11-12 14:00:30] ? Cancelled expired booking ID=24, Customer=1, Released 0 seats
[2025-11-12 14:00:30] ? Cancelled expired booking ID=25, Customer=1, Released 0 seats
[2025-11-12 14:00:30] ? Cancelled expired booking ID=26, Customer=1, Released 2 seats
[2025-11-12 14:00:30] ? Cancelled expired booking ID=27, Customer=1, Released 0 seats
[2025-11-12 14:00:30] ? Cancelled expired booking ID=28, Customer=1, Released 0 seats
[2025-11-12 14:00:30] ? Cancelled expired booking ID=29, Customer=1, Released 0 seats
[2025-11-12 14:00:30] ? Cancelled expired booking ID=30, Customer=1, Released 0 seats
[2025-11-12 14:00:30] ? Cancelled expired booking ID=31, Customer=1, Released 1 seats
[2025-11-12 14:00:30] ? Cancelled expired booking ID=32, Customer=1, Released 2 seats
[2025-11-12 14:00:30] ? Cancelled expired booking ID=33, Customer=1, Released 2 seats
[2025-11-12 14:00:30] ? Cancelled expired booking ID=34, Customer=1, Released 2 seats
[2025-11-12 14:00:30] ? Cancelled expired booking ID=35, Customer=1, Released 0 seats
[2025-11-12 14:00:30] ? Cancelled expired booking ID=36, Customer=1, Released 2 seats
[2025-11-12 14:00:30] ? Cancelled expired booking ID=37, Customer=1, Released 1 seats
[2025-11-12 14:00:30] ? Cancelled expired booking ID=38, Customer=1, Released 1 seats
[2025-11-12 14:00:30] ? Cancelled expired booking ID=39, Customer=1, Released 2 seats
[2025-11-12 14:00:30] ? Cancelled expired booking ID=40, Customer=1, Released 2 seats
[2025-11-12 14:00:30] ? Cancelled expired booking ID=41, Customer=1, Released 2 seats
[2025-11-12 14:00:30] ? Cancelled expired booking ID=42, Customer=1, Released 2 seats
[2025-11-12 14:01:29] ? Found 37 expired bookings to cancel
[2025-11-12 14:01:29] ? Cancelled expired booking ID=6, Customer=1, Released 0 seats
[2025-11-12 14:01:29] ? Cancelled expired booking ID=7, Customer=1, Released 0 seats
[2025-11-12 14:01:29] ? Cancelled expired booking ID=8, Customer=1, Released 0 seats
[2025-11-12 14:01:29] ? Cancelled expired booking ID=9, Customer=1, Released 0 seats
[2025-11-12 14:01:29] ? Cancelled expired booking ID=10, Customer=1, Released 1 seats
[2025-11-12 14:01:29] ? Cancelled expired booking ID=11, Customer=1, Released 0 seats
[2025-11-12 14:01:29] ? Cancelled expired booking ID=12, Customer=1, Released 2 seats
[2025-11-12 14:01:29] ? Cancelled expired booking ID=13, Customer=1, Released 1 seats
[2025-11-12 14:01:29] ? Cancelled expired booking ID=14, Customer=1, Released 2 seats
[2025-11-12 14:01:29] ? Cancelled expired booking ID=15, Customer=1, Released 0 seats
[2025-11-12 14:01:29] ? Cancelled expired booking ID=16, Customer=1, Released 0 seats
[2025-11-12 14:01:29] ? Cancelled expired booking ID=17, Customer=1, Released 1 seats
[2025-11-12 14:01:29] ? Cancelled expired booking ID=18, Customer=1, Released 0 seats
[2025-11-12 14:01:29] ? Cancelled expired booking ID=19, Customer=1, Released 1 seats
[2025-11-12 14:01:29] ? Cancelled expired booking ID=20, Customer=1, Released 0 seats
[2025-11-12 14:01:29] ? Cancelled expired booking ID=21, Customer=1, Released 0 seats
[2025-11-12 14:01:29] ? Cancelled expired booking ID=22, Customer=1, Released 2 seats
[2025-11-12 14:01:29] ? Cancelled expired booking ID=23, Customer=1, Released 0 seats
[2025-11-12 14:01:30] ? Cancelled expired booking ID=24, Customer=1, Released 0 seats
[2025-11-12 14:01:30] ? Cancelled expired booking ID=25, Customer=1, Released 0 seats
[2025-11-12 14:01:30] ? Cancelled expired booking ID=26, Customer=1, Released 2 seats
[2025-11-12 14:01:30] ? Cancelled expired booking ID=27, Customer=1, Released 0 seats
[2025-11-12 14:01:30] ? Cancelled expired booking ID=28, Customer=1, Released 0 seats
[2025-11-12 14:01:30] ? Cancelled expired booking ID=29, Customer=1, Released 0 seats
[2025-11-12 14:01:30] ? Cancelled expired booking ID=30, Customer=1, Released 0 seats
[2025-11-12 14:01:30] ? Cancelled expired booking ID=31, Customer=1, Released 1 seats
[2025-11-12 14:01:30] ? Cancelled expired booking ID=32, Customer=1, Released 2 seats
[2025-11-12 14:01:30] ? Cancelled expired booking ID=33, Customer=1, Released 2 seats
[2025-11-12 14:01:30] ? Cancelled expired booking ID=34, Customer=1, Released 2 seats
[2025-11-12 14:01:30] ? Cancelled expired booking ID=35, Customer=1, Released 0 seats
[2025-11-12 14:01:30] ? Cancelled expired booking ID=36, Customer=1, Released 2 seats
[2025-11-12 14:01:30] ? Cancelled expired booking ID=37, Customer=1, Released 1 seats
[2025-11-12 14:01:30] ? Cancelled expired booking ID=38, Customer=1, Released 1 seats
[2025-11-12 14:01:30] ? Cancelled expired booking ID=39, Customer=1, Released 2 seats
[2025-11-12 14:01:30] ? Cancelled expired booking ID=40, Customer=1, Released 2 seats
[2025-11-12 14:01:30] ? Cancelled expired booking ID=41, Customer=1, Released 2 seats
[2025-11-12 14:01:30] ? Cancelled expired booking ID=42, Customer=1, Released 2 seats
[2025-11-12 14:02:29] ? Found 37 expired bookings to cancel
[2025-11-12 14:02:29] ? Cancelled expired booking ID=6, Customer=1, Released 0 seats
[2025-11-12 14:02:29] ? Cancelled expired booking ID=7, Customer=1, Released 0 seats
[2025-11-12 14:02:29] ? Cancelled expired booking ID=8, Customer=1, Released 0 seats
[2025-11-12 14:02:29] ? Cancelled expired booking ID=9, Customer=1, Released 0 seats
[2025-11-12 14:02:29] ? Cancelled expired booking ID=10, Customer=1, Released 1 seats
[2025-11-12 14:02:29] ? Cancelled expired booking ID=11, Customer=1, Released 0 seats
[2025-11-12 14:02:29] ? Cancelled expired booking ID=12, Customer=1, Released 2 seats
[2025-11-12 14:02:29] ? Cancelled expired booking ID=13, Customer=1, Released 1 seats
[2025-11-12 14:02:29] ? Cancelled expired booking ID=14, Customer=1, Released 2 seats
[2025-11-12 14:02:29] ? Cancelled expired booking ID=15, Customer=1, Released 0 seats
[2025-11-12 14:02:29] ? Cancelled expired booking ID=16, Customer=1, Released 0 seats
[2025-11-12 14:02:29] ? Cancelled expired booking ID=17, Customer=1, Released 1 seats
[2025-11-12 14:02:29] ? Cancelled expired booking ID=18, Customer=1, Released 0 seats
[2025-11-12 14:02:29] ? Cancelled expired booking ID=19, Customer=1, Released 1 seats
[2025-11-12 14:02:29] ? Cancelled expired booking ID=20, Customer=1, Released 0 seats
[2025-11-12 14:02:29] ? Cancelled expired booking ID=21, Customer=1, Released 0 seats
[2025-11-12 14:02:29] ? Cancelled expired booking ID=22, Customer=1, Released 2 seats
[2025-11-12 14:02:30] ? Cancelled expired booking ID=23, Customer=1, Released 0 seats
[2025-11-12 14:02:30] ? Cancelled expired booking ID=24, Customer=1, Released 0 seats
[2025-11-12 14:02:30] ? Cancelled expired booking ID=25, Customer=1, Released 0 seats
[2025-11-12 14:02:30] ? Cancelled expired booking ID=26, Customer=1, Released 2 seats
[2025-11-12 14:02:30] ? Cancelled expired booking ID=27, Customer=1, Released 0 seats
[2025-11-12 14:02:30] ? Cancelled expired booking ID=28, Customer=1, Released 0 seats
[2025-11-12 14:02:30] ? Cancelled expired booking ID=29, Customer=1, Released 0 seats
[2025-11-12 14:02:30] ? Cancelled expired booking ID=30, Customer=1, Released 0 seats
[2025-11-12 14:02:30] ? Cancelled expired booking ID=31, Customer=1, Released 1 seats
[2025-11-12 14:02:30] ? Cancelled expired booking ID=32, Customer=1, Released 2 seats
[2025-11-12 14:02:30] ? Cancelled expired booking ID=33, Customer=1, Released 2 seats
[2025-11-12 14:02:30] ? Cancelled expired booking ID=34, Customer=1, Released 2 seats
[2025-11-12 14:02:30] ? Cancelled expired booking ID=35, Customer=1, Released 0 seats
[2025-11-12 14:02:30] ? Cancelled expired booking ID=36, Customer=1, Released 2 seats
[2025-11-12 14:02:30] ? Cancelled expired booking ID=37, Customer=1, Released 1 seats
[2025-11-12 14:02:30] ? Cancelled expired booking ID=38, Customer=1, Released 1 seats
[2025-11-12 14:02:30] ? Cancelled expired booking ID=39, Customer=1, Released 2 seats
[2025-11-12 14:02:30] ? Cancelled expired booking ID=40, Customer=1, Released 2 seats
[2025-11-12 14:02:30] ? Cancelled expired booking ID=41, Customer=1, Released 2 seats
[2025-11-12 14:02:30] ? Cancelled expired booking ID=42, Customer=1, Released 2 seats
[2025-11-12 14:03:29] ? Found 37 expired bookings to cancel
[2025-11-12 14:03:29] ? Cancelled expired booking ID=6, Customer=1, Released 0 seats
[2025-11-12 14:03:29] ? Cancelled expired booking ID=7, Customer=1, Released 0 seats
[2025-11-12 14:03:29] ? Cancelled expired booking ID=8, Customer=1, Released 0 seats
[2025-11-12 14:03:29] ? Cancelled expired booking ID=9, Customer=1, Released 0 seats
[2025-11-12 14:03:29] ? Cancelled expired booking ID=10, Customer=1, Released 1 seats
[2025-11-12 14:03:29] ? Cancelled expired booking ID=11, Customer=1, Released 0 seats
[2025-11-12 14:03:29] ? Cancelled expired booking ID=12, Customer=1, Released 2 seats
[2025-11-12 14:03:29] ? Cancelled expired booking ID=13, Customer=1, Released 1 seats
[2025-11-12 14:03:29] ? Cancelled expired booking ID=14, Customer=1, Released 2 seats
[2025-11-12 14:03:29] ? Cancelled expired booking ID=15, Customer=1, Released 0 seats
[2025-11-12 14:03:29] ? Cancelled expired booking ID=16, Customer=1, Released 0 seats
[2025-11-12 14:03:29] ? Cancelled expired booking ID=17, Customer=1, Released 1 seats
[2025-11-12 14:03:30] ? Cancelled expired booking ID=18, Customer=1, Released 0 seats
[2025-11-12 14:03:30] ? Cancelled expired booking ID=19, Customer=1, Released 1 seats
[2025-11-12 14:03:30] ? Cancelled expired booking ID=20, Customer=1, Released 0 seats
[2025-11-12 14:03:30] ? Cancelled expired booking ID=21, Customer=1, Released 0 seats
[2025-11-12 14:03:30] ? Cancelled expired booking ID=22, Customer=1, Released 2 seats
[2025-11-12 14:03:30] ? Cancelled expired booking ID=23, Customer=1, Released 0 seats
[2025-11-12 14:03:30] ? Cancelled expired booking ID=24, Customer=1, Released 0 seats
[2025-11-12 14:03:30] ? Cancelled expired booking ID=25, Customer=1, Released 0 seats
[2025-11-12 14:03:30] ? Cancelled expired booking ID=26, Customer=1, Released 2 seats
[2025-11-12 14:03:30] ? Cancelled expired booking ID=27, Customer=1, Released 0 seats
[2025-11-12 14:03:30] ? Cancelled expired booking ID=28, Customer=1, Released 0 seats
[2025-11-12 14:03:30] ? Cancelled expired booking ID=29, Customer=1, Released 0 seats
[2025-11-12 14:03:30] ? Cancelled expired booking ID=30, Customer=1, Released 0 seats
[2025-11-12 14:03:30] ? Cancelled expired booking ID=31, Customer=1, Released 1 seats
[2025-11-12 14:03:30] ? Cancelled expired booking ID=32, Customer=1, Released 2 seats
[2025-11-12 14:03:30] ? Cancelled expired booking ID=33, Customer=1, Released 2 seats
[2025-11-12 14:03:30] ? Cancelled expired booking ID=34, Customer=1, Released 2 seats
[2025-11-12 14:03:30] ? Cancelled expired booking ID=35, Customer=1, Released 0 seats
[2025-11-12 14:03:30] ? Cancelled expired booking ID=36, Customer=1, Released 2 seats
[2025-11-12 14:03:30] ? Cancelled expired booking ID=37, Customer=1, Released 1 seats
[2025-11-12 14:03:30] ? Cancelled expired booking ID=38, Customer=1, Released 1 seats
[2025-11-12 14:03:30] ? Cancelled expired booking ID=39, Customer=1, Released 2 seats
[2025-11-12 14:03:30] ? Cancelled expired booking ID=40, Customer=1, Released 2 seats
[2025-11-12 14:03:30] ? Cancelled expired booking ID=41, Customer=1, Released 2 seats
[2025-11-12 14:03:30] ? Cancelled expired booking ID=42, Customer=1, Released 2 seats
[2025-11-12 14:04:29] ? Found 37 expired bookings to cancel
[2025-11-12 14:04:29] ? Cancelled expired booking ID=6, Customer=1, Released 0 seats
[2025-11-12 14:04:29] ? Cancelled expired booking ID=7, Customer=1, Released 0 seats
[2025-11-12 14:04:29] ? Cancelled expired booking ID=8, Customer=1, Released 0 seats
[2025-11-12 14:04:29] ? Cancelled expired booking ID=9, Customer=1, Released 0 seats
[2025-11-12 14:04:29] ? Cancelled expired booking ID=10, Customer=1, Released 1 seats
[2025-11-12 14:04:29] ? Cancelled expired booking ID=11, Customer=1, Released 0 seats
[2025-11-12 14:04:30] ? Cancelled expired booking ID=12, Customer=1, Released 2 seats
[2025-11-12 14:04:30] ? Cancelled expired booking ID=13, Customer=1, Released 1 seats
[2025-11-12 14:04:30] ? Cancelled expired booking ID=14, Customer=1, Released 2 seats
[2025-11-12 14:04:30] ? Cancelled expired booking ID=15, Customer=1, Released 0 seats
[2025-11-12 14:04:30] ? Cancelled expired booking ID=16, Customer=1, Released 0 seats
[2025-11-12 14:04:30] ? Cancelled expired booking ID=17, Customer=1, Released 1 seats
[2025-11-12 14:04:30] ? Cancelled expired booking ID=18, Customer=1, Released 0 seats
[2025-11-12 14:04:30] ? Cancelled expired booking ID=19, Customer=1, Released 1 seats
[2025-11-12 14:04:30] ? Cancelled expired booking ID=20, Customer=1, Released 0 seats
[2025-11-12 14:04:30] ? Cancelled expired booking ID=21, Customer=1, Released 0 seats
[2025-11-12 14:04:30] ? Cancelled expired booking ID=22, Customer=1, Released 2 seats
[2025-11-12 14:04:30] ? Cancelled expired booking ID=23, Customer=1, Released 0 seats
[2025-11-12 14:04:30] ? Cancelled expired booking ID=24, Customer=1, Released 0 seats
[2025-11-12 14:04:30] ? Cancelled expired booking ID=25, Customer=1, Released 0 seats
[2025-11-12 14:04:30] ? Cancelled expired booking ID=26, Customer=1, Released 2 seats
[2025-11-12 14:04:30] ? Cancelled expired booking ID=27, Customer=1, Released 0 seats
[2025-11-12 14:04:30] ? Cancelled expired booking ID=28, Customer=1, Released 0 seats
[2025-11-12 14:04:30] ? Cancelled expired booking ID=29, Customer=1, Released 0 seats
[2025-11-12 14:04:30] ? Cancelled expired booking ID=30, Customer=1, Released 0 seats
[2025-11-12 14:04:30] ? Cancelled expired booking ID=31, Customer=1, Released 1 seats
[2025-11-12 14:04:30] ? Cancelled expired booking ID=32, Customer=1, Released 2 seats
[2025-11-12 14:04:30] ? Cancelled expired booking ID=33, Customer=1, Released 2 seats
[2025-11-12 14:04:30] ? Cancelled expired booking ID=34, Customer=1, Released 2 seats
[2025-11-12 14:04:30] ? Cancelled expired booking ID=35, Customer=1, Released 0 seats
[2025-11-12 14:04:30] ? Cancelled expired booking ID=36, Customer=1, Released 2 seats
[2025-11-12 14:04:30] ? Cancelled expired booking ID=37, Customer=1, Released 1 seats
[2025-11-12 14:04:30] ? Cancelled expired booking ID=38, Customer=1, Released 1 seats
[2025-11-12 14:04:30] ? Cancelled expired booking ID=39, Customer=1, Released 2 seats
[2025-11-12 14:04:30] ? Cancelled expired booking ID=40, Customer=1, Released 2 seats
[2025-11-12 14:04:30] ? Cancelled expired booking ID=41, Customer=1, Released 2 seats
[2025-11-12 14:04:30] ? Cancelled expired booking ID=42, Customer=1, Released 2 seats
[2025-11-12 14:05:29] ? Found 37 expired bookings to cancel
[2025-11-12 14:05:29] ? Cancelled expired booking ID=6, Customer=1, Released 0 seats
[2025-11-12 14:05:29] ? Cancelled expired booking ID=7, Customer=1, Released 0 seats
[2025-11-12 14:05:29] ? Cancelled expired booking ID=8, Customer=1, Released 0 seats
[2025-11-12 14:05:29] ? Cancelled expired booking ID=9, Customer=1, Released 0 seats
[2025-11-12 14:05:29] ? Cancelled expired booking ID=10, Customer=1, Released 1 seats
[2025-11-12 14:05:29] ? Cancelled expired booking ID=11, Customer=1, Released 0 seats
[2025-11-12 14:05:29] ? Cancelled expired booking ID=12, Customer=1, Released 2 seats
[2025-11-12 14:05:29] ? Cancelled expired booking ID=13, Customer=1, Released 1 seats
[2025-11-12 14:05:29] ? Cancelled expired booking ID=14, Customer=1, Released 2 seats
[2025-11-12 14:05:29] ? Cancelled expired booking ID=15, Customer=1, Released 0 seats
[2025-11-12 14:05:29] ? Cancelled expired booking ID=16, Customer=1, Released 0 seats
[2025-11-12 14:05:30] ? Cancelled expired booking ID=17, Customer=1, Released 1 seats
[2025-11-12 14:05:30] ? Cancelled expired booking ID=18, Customer=1, Released 0 seats
[2025-11-12 14:05:30] ? Cancelled expired booking ID=19, Customer=1, Released 1 seats
[2025-11-12 14:05:30] ? Cancelled expired booking ID=20, Customer=1, Released 0 seats
[2025-11-12 14:05:30] ? Cancelled expired booking ID=21, Customer=1, Released 0 seats
[2025-11-12 14:05:30] ? Cancelled expired booking ID=22, Customer=1, Released 2 seats
[2025-11-12 14:05:30] ? Cancelled expired booking ID=23, Customer=1, Released 0 seats
[2025-11-12 14:05:30] ? Cancelled expired booking ID=24, Customer=1, Released 0 seats
[2025-11-12 14:05:30] ? Cancelled expired booking ID=25, Customer=1, Released 0 seats
[2025-11-12 14:05:30] ? Cancelled expired booking ID=26, Customer=1, Released 2 seats
[2025-11-12 14:05:30] ? Cancelled expired booking ID=27, Customer=1, Released 0 seats
[2025-11-12 14:05:30] ? Cancelled expired booking ID=28, Customer=1, Released 0 seats
[2025-11-12 14:05:30] ? Cancelled expired booking ID=29, Customer=1, Released 0 seats
[2025-11-12 14:05:30] ? Cancelled expired booking ID=30, Customer=1, Released 0 seats
[2025-11-12 14:05:30] ? Cancelled expired booking ID=31, Customer=1, Released 1 seats
[2025-11-12 14:05:30] ? Cancelled expired booking ID=32, Customer=1, Released 2 seats
[2025-11-12 14:05:30] ? Cancelled expired booking ID=33, Customer=1, Released 2 seats
[2025-11-12 14:05:30] ? Cancelled expired booking ID=34, Customer=1, Released 2 seats
[2025-11-12 14:05:30] ? Cancelled expired booking ID=35, Customer=1, Released 0 seats
[2025-11-12 14:05:30] ? Cancelled expired booking ID=36, Customer=1, Released 2 seats
[2025-11-12 14:05:30] ? Cancelled expired booking ID=37, Customer=1, Released 1 seats
[2025-11-12 14:05:30] ? Cancelled expired booking ID=38, Customer=1, Released 1 seats
[2025-11-12 14:05:30] ? Cancelled expired booking ID=39, Customer=1, Released 2 seats
[2025-11-12 14:05:30] ? Cancelled expired booking ID=40, Customer=1, Released 2 seats
[2025-11-12 14:05:30] ? Cancelled expired booking ID=41, Customer=1, Released 2 seats
[2025-11-12 14:05:30] ? Cancelled expired booking ID=42, Customer=1, Released 2 seats
[2025-11-12 14:06:29] ? Found 37 expired bookings to cancel
[2025-11-12 14:06:29] ? Cancelled expired booking ID=6, Customer=1, Released 0 seats
[2025-11-12 14:06:29] ? Cancelled expired booking ID=7, Customer=1, Released 0 seats
[2025-11-12 14:06:29] ? Cancelled expired booking ID=8, Customer=1, Released 0 seats
[2025-11-12 14:06:29] ? Cancelled expired booking ID=9, Customer=1, Released 0 seats
[2025-11-12 14:06:29] ? Cancelled expired booking ID=10, Customer=1, Released 1 seats
[2025-11-12 14:06:29] ? Cancelled expired booking ID=11, Customer=1, Released 0 seats
[2025-11-12 14:06:29] ? Cancelled expired booking ID=12, Customer=1, Released 2 seats
[2025-11-12 14:06:29] ? Cancelled expired booking ID=13, Customer=1, Released 1 seats
[2025-11-12 14:06:29] ? Cancelled expired booking ID=14, Customer=1, Released 2 seats
[2025-11-12 14:06:29] ? Cancelled expired booking ID=15, Customer=1, Released 0 seats
[2025-11-12 14:06:29] ? Cancelled expired booking ID=16, Customer=1, Released 0 seats
[2025-11-12 14:06:30] ? Cancelled expired booking ID=17, Customer=1, Released 1 seats
[2025-11-12 14:06:30] ? Cancelled expired booking ID=18, Customer=1, Released 0 seats
[2025-11-12 14:06:30] ? Cancelled expired booking ID=19, Customer=1, Released 1 seats
[2025-11-12 14:06:30] ? Cancelled expired booking ID=20, Customer=1, Released 0 seats
[2025-11-12 14:06:30] ? Cancelled expired booking ID=21, Customer=1, Released 0 seats
[2025-11-12 14:06:30] ? Cancelled expired booking ID=22, Customer=1, Released 2 seats
[2025-11-12 14:06:30] ? Cancelled expired booking ID=23, Customer=1, Released 0 seats
[2025-11-12 14:06:30] ? Cancelled expired booking ID=24, Customer=1, Released 0 seats
[2025-11-12 14:06:30] ? Cancelled expired booking ID=25, Customer=1, Released 0 seats
[2025-11-12 14:06:30] ? Cancelled expired booking ID=26, Customer=1, Released 2 seats
[2025-11-12 14:06:30] ? Cancelled expired booking ID=27, Customer=1, Released 0 seats
[2025-11-12 14:06:30] ? Cancelled expired booking ID=28, Customer=1, Released 0 seats
[2025-11-12 14:06:30] ? Cancelled expired booking ID=29, Customer=1, Released 0 seats
[2025-11-12 14:06:30] ? Cancelled expired booking ID=30, Customer=1, Released 0 seats
[2025-11-12 14:06:30] ? Cancelled expired booking ID=31, Customer=1, Released 1 seats
[2025-11-12 14:06:30] ? Cancelled expired booking ID=32, Customer=1, Released 2 seats
[2025-11-12 14:06:30] ? Cancelled expired booking ID=33, Customer=1, Released 2 seats
[2025-11-12 14:06:30] ? Cancelled expired booking ID=34, Customer=1, Released 2 seats
[2025-11-12 14:06:30] ? Cancelled expired booking ID=35, Customer=1, Released 0 seats
[2025-11-12 14:06:30] ? Cancelled expired booking ID=36, Customer=1, Released 2 seats
[2025-11-12 14:06:30] ? Cancelled expired booking ID=37, Customer=1, Released 1 seats
[2025-11-12 14:06:30] ? Cancelled expired booking ID=38, Customer=1, Released 1 seats
[2025-11-12 14:06:30] ? Cancelled expired booking ID=39, Customer=1, Released 2 seats
[2025-11-12 14:06:30] ? Cancelled expired booking ID=40, Customer=1, Released 2 seats
[2025-11-12 14:06:30] ? Cancelled expired booking ID=41, Customer=1, Released 2 seats
[2025-11-12 14:06:30] ? Cancelled expired booking ID=42, Customer=1, Released 2 seats
[2025-11-12 14:07:29] ? Found 37 expired bookings to cancel
[2025-11-12 14:07:29] ? Cancelled expired booking ID=6, Customer=1, Released 0 seats
[2025-11-12 14:07:29] ? Cancelled expired booking ID=7, Customer=1, Released 0 seats
[2025-11-12 14:07:29] ? Cancelled expired booking ID=8, Customer=1, Released 0 seats
[2025-11-12 14:07:29] ? Cancelled expired booking ID=9, Customer=1, Released 0 seats
[2025-11-12 14:07:29] ? Cancelled expired booking ID=10, Customer=1, Released 1 seats
[2025-11-12 14:07:29] ? Cancelled expired booking ID=11, Customer=1, Released 0 seats
[2025-11-12 14:07:29] ? Cancelled expired booking ID=12, Customer=1, Released 2 seats
[2025-11-12 14:07:29] ? Cancelled expired booking ID=13, Customer=1, Released 1 seats
[2025-11-12 14:07:29] ? Cancelled expired booking ID=14, Customer=1, Released 2 seats
[2025-11-12 14:07:29] ? Cancelled expired booking ID=15, Customer=1, Released 0 seats
[2025-11-12 14:07:30] ? Cancelled expired booking ID=16, Customer=1, Released 0 seats
[2025-11-12 14:07:30] ? Cancelled expired booking ID=17, Customer=1, Released 1 seats
[2025-11-12 14:07:30] ? Cancelled expired booking ID=18, Customer=1, Released 0 seats
[2025-11-12 14:07:30] ? Cancelled expired booking ID=19, Customer=1, Released 1 seats
[2025-11-12 14:07:30] ? Cancelled expired booking ID=20, Customer=1, Released 0 seats
[2025-11-12 14:07:30] ? Cancelled expired booking ID=21, Customer=1, Released 0 seats
[2025-11-12 14:07:30] ? Cancelled expired booking ID=22, Customer=1, Released 2 seats
[2025-11-12 14:07:30] ? Cancelled expired booking ID=23, Customer=1, Released 0 seats
[2025-11-12 14:07:30] ? Cancelled expired booking ID=24, Customer=1, Released 0 seats
[2025-11-12 14:07:30] ? Cancelled expired booking ID=25, Customer=1, Released 0 seats
[2025-11-12 14:07:30] ? Cancelled expired booking ID=26, Customer=1, Released 2 seats
[2025-11-12 14:07:30] ? Cancelled expired booking ID=27, Customer=1, Released 0 seats
[2025-11-12 14:07:30] ? Cancelled expired booking ID=28, Customer=1, Released 0 seats
[2025-11-12 14:07:30] ? Cancelled expired booking ID=29, Customer=1, Released 0 seats
[2025-11-12 14:07:30] ? Cancelled expired booking ID=30, Customer=1, Released 0 seats
[2025-11-12 14:07:30] ? Cancelled expired booking ID=31, Customer=1, Released 1 seats
[2025-11-12 14:07:30] ? Cancelled expired booking ID=32, Customer=1, Released 2 seats
[2025-11-12 14:07:30] ? Cancelled expired booking ID=33, Customer=1, Released 2 seats
[2025-11-12 14:07:30] ? Cancelled expired booking ID=34, Customer=1, Released 2 seats
[2025-11-12 14:07:30] ? Cancelled expired booking ID=35, Customer=1, Released 0 seats
[2025-11-12 14:07:30] ? Cancelled expired booking ID=36, Customer=1, Released 2 seats
[2025-11-12 14:07:30] ? Cancelled expired booking ID=37, Customer=1, Released 1 seats
[2025-11-12 14:07:30] ? Cancelled expired booking ID=38, Customer=1, Released 1 seats
[2025-11-12 14:07:30] ? Cancelled expired booking ID=39, Customer=1, Released 2 seats
[2025-11-12 14:07:30] ? Cancelled expired booking ID=40, Customer=1, Released 2 seats
[2025-11-12 14:07:30] ? Cancelled expired booking ID=41, Customer=1, Released 2 seats
[2025-11-12 14:07:30] ? Cancelled expired booking ID=42, Customer=1, Released 2 seats
[2025-11-12 14:09:36] ? BookingExpirationService started
[2025-11-12 14:10:36] ? Found 37 expired bookings to cancel
[2025-11-12 14:10:36] ? Cancelled expired booking ID=6, Customer=1, Released 0 seats
[2025-11-12 14:10:36] ? Cancelled expired booking ID=7, Customer=1, Released 0 seats
[2025-11-12 14:10:36] ? Cancelled expired booking ID=8, Customer=1, Released 0 seats
[2025-11-12 14:10:36] ? Cancelled expired booking ID=9, Customer=1, Released 0 seats
[2025-11-12 14:10:36] ? Cancelled expired booking ID=10, Customer=1, Released 1 seats
[2025-11-12 14:10:36] ? Cancelled expired booking ID=11, Customer=1, Released 0 seats
[2025-11-12 14:10:36] ? Cancelled expired booking ID=12, Customer=1, Released 2 seats
[2025-11-12 14:10:36] ? Cancelled expired booking ID=13, Customer=1, Released 1 seats
[2025-11-12 14:10:36] ? Cancelled expired booking ID=14, Customer=1, Released 2 seats
[2025-11-12 14:10:36] ? Cancelled expired booking ID=15, Customer=1, Released 0 seats
[2025-11-12 14:10:36] ? Cancelled expired booking ID=16, Customer=1, Released 0 seats
[2025-11-12 14:10:36] ? Cancelled expired booking ID=17, Customer=1, Released 1 seats
[2025-11-12 14:10:36] ? Cancelled expired booking ID=18, Customer=1, Released 0 seats
[2025-11-12 14:10:36] ? Cancelled expired booking ID=19, Customer=1, Released 1 seats
[2025-11-12 14:10:36] ? Cancelled expired booking ID=20, Customer=1, Released 0 seats
[2025-11-12 14:10:36] ? Cancelled expired booking ID=21, Customer=1, Released 0 seats
[2025-11-12 14:10:36] ? Cancelled expired booking ID=22, Customer=1, Released 2 seats
[2025-11-12 14:10:36] ? Cancelled expired booking ID=23, Customer=1, Released 0 seats
[2025-11-12 14:10:36] ? Cancelled expired booking ID=24, Customer=1, Released 0 seats
[2025-11-12 14:10:36] ? Cancelled expired booking ID=25, Customer=1, Released 0 seats
[2025-11-12 14:10:36] ? Cancelled expired booking ID=26, Customer=1, Released 2 seats
[2025-11-12 14:10:36] ? Cancelled expired booking ID=27, Customer=1, Released 0 seats
[2025-11-12 14:10:36] ? Cancelled expired booking ID=28, Customer=1, Released 0 seats
[2025-11-12 14:10:36] ? Cancelled expired booking ID=29, Customer=1, Released 0 seats
[2025-11-12 14:10:36] ? Cancelled expired booking ID=30, Customer=1, Released 0 seats
[2025-11-12 14:10:36] ? Cancelled expired booking ID=31, Customer=1, Released 1 seats
[2025-11-12 14:10:36] ? Cancelled expired booking ID=32, Customer=1, Released 2 seats
[2025-11-12 14:10:36] ? Cancelled expired booking ID=33, Customer=1, Released 2 seats
[2025-11-12 14:10:36] ? Cancelled expired booking ID=34, Customer=1, Released 2 seats
[2025-11-12 14:10:36] ? Cancelled expired booking ID=35, Customer=1, Released 0 seats
[2025-11-12 14:10:36] ? Cancelled expired booking ID=36, Customer=1, Released 2 seats
[2025-11-12 14:10:36] ? Cancelled expired booking ID=37, Customer=1, Released 1 seats
[2025-11-12 14:10:36] ? Cancelled expired booking ID=38, Customer=1, Released 1 seats
[2025-11-12 14:10:36] ? Cancelled expired booking ID=39, Customer=1, Released 2 seats
[2025-11-12 14:10:36] ? Cancelled expired booking ID=40, Customer=1, Released 2 seats
[2025-11-12 14:10:36] ? Cancelled expired booking ID=41, Customer=1, Released 2 seats
[2025-11-12 14:10:36] ? Cancelled expired booking ID=42, Customer=1, Released 2 seats
[2025-11-12 14:11:36] ? Found 37 expired bookings to cancel
[2025-11-12 14:11:36] ? Cancelled expired booking ID=6, Customer=1, Released 0 seats
[2025-11-12 14:11:36] ? Cancelled expired booking ID=7, Customer=1, Released 0 seats
[2025-11-12 14:11:36] ? Cancelled expired booking ID=8, Customer=1, Released 0 seats
[2025-11-12 14:11:36] ? Cancelled expired booking ID=9, Customer=1, Released 0 seats
[2025-11-12 14:11:36] ? Cancelled expired booking ID=10, Customer=1, Released 1 seats
[2025-11-12 14:11:36] ? Cancelled expired booking ID=11, Customer=1, Released 0 seats
[2025-11-12 14:11:36] ? Cancelled expired booking ID=12, Customer=1, Released 2 seats
[2025-11-12 14:11:36] ? Cancelled expired booking ID=13, Customer=1, Released 1 seats
[2025-11-12 14:11:36] ? Cancelled expired booking ID=14, Customer=1, Released 2 seats
[2025-11-12 14:11:36] ? Cancelled expired booking ID=15, Customer=1, Released 0 seats
[2025-11-12 14:11:36] ? Cancelled expired booking ID=16, Customer=1, Released 0 seats
[2025-11-12 14:11:36] ? Cancelled expired booking ID=17, Customer=1, Released 1 seats
[2025-11-12 14:11:36] ? Cancelled expired booking ID=18, Customer=1, Released 0 seats
[2025-11-12 14:11:36] ? Cancelled expired booking ID=19, Customer=1, Released 1 seats
[2025-11-12 14:11:36] ? Cancelled expired booking ID=20, Customer=1, Released 0 seats
[2025-11-12 14:11:36] ? Cancelled expired booking ID=21, Customer=1, Released 0 seats
[2025-11-12 14:11:36] ? Cancelled expired booking ID=22, Customer=1, Released 2 seats
[2025-11-12 14:11:36] ? Cancelled expired booking ID=23, Customer=1, Released 0 seats
[2025-11-12 14:11:36] ? Cancelled expired booking ID=24, Customer=1, Released 0 seats
[2025-11-12 14:11:36] ? Cancelled expired booking ID=25, Customer=1, Released 0 seats
[2025-11-12 14:11:36] ? Cancelled expired booking ID=26, Customer=1, Released 2 seats
[2025-11-12 14:11:36] ? Cancelled expired booking ID=27, Customer=1, Released 0 seats
[2025-11-12 14:11:36] ? Cancelled expired booking ID=28, Customer=1, Released 0 seats
[2025-11-12 14:11:36] ? Cancelled expired booking ID=29, Customer=1, Released 0 seats
[2025-11-12 14:11:36] ? Cancelled expired booking ID=30, Customer=1, Released 0 seats
[2025-11-12 14:11:36] ? Cancelled expired booking ID=31, Customer=1, Released 1 seats
[2025-11-12 14:11:36] ? Cancelled expired booking ID=32, Customer=1, Released 2 seats
[2025-11-12 14:11:36] ? Cancelled expired booking ID=33, Customer=1, Released 2 seats
[2025-11-12 14:11:36] ? Cancelled expired booking ID=34, Customer=1, Released 2 seats
[2025-11-12 14:11:36] ? Cancelled expired booking ID=35, Customer=1, Released 0 seats
[2025-11-12 14:11:36] ? Cancelled expired booking ID=36, Customer=1, Released 2 seats
[2025-11-12 14:11:36] ? Cancelled expired booking ID=37, Customer=1, Released 1 seats
[2025-11-12 14:11:36] ? Cancelled expired booking ID=38, Customer=1, Released 1 seats
[2025-11-12 14:11:36] ? Cancelled expired booking ID=39, Customer=1, Released 2 seats
[2025-11-12 14:11:36] ? Cancelled expired booking ID=40, Customer=1, Released 2 seats
[2025-11-12 14:11:36] ? Cancelled expired booking ID=41, Customer=1, Released 2 seats
[2025-11-12 14:11:36] ? Cancelled expired booking ID=42, Customer=1, Released 2 seats
[2025-11-12 14:12:36] ? Found 37 expired bookings to cancel
[2025-11-12 14:12:36] ? Cancelled expired booking ID=6, Customer=1, Released 0 seats
[2025-11-12 14:12:36] ? Cancelled expired booking ID=7, Customer=1, Released 0 seats
[2025-11-12 14:12:36] ? Cancelled expired booking ID=8, Customer=1, Released 0 seats
[2025-11-12 14:12:36] ? Cancelled expired booking ID=9, Customer=1, Released 0 seats
[2025-11-12 14:12:36] ? Cancelled expired booking ID=10, Customer=1, Released 1 seats
[2025-11-12 14:12:36] ? Cancelled expired booking ID=11, Customer=1, Released 0 seats
[2025-11-12 14:12:36] ? Cancelled expired booking ID=12, Customer=1, Released 2 seats
[2025-11-12 14:12:36] ? Cancelled expired booking ID=13, Customer=1, Released 1 seats
[2025-11-12 14:12:36] ? Cancelled expired booking ID=14, Customer=1, Released 2 seats
[2025-11-12 14:12:36] ? Cancelled expired booking ID=15, Customer=1, Released 0 seats
[2025-11-12 14:12:36] ? Cancelled expired booking ID=16, Customer=1, Released 0 seats
[2025-11-12 14:12:36] ? Cancelled expired booking ID=17, Customer=1, Released 1 seats
[2025-11-12 14:12:36] ? Cancelled expired booking ID=18, Customer=1, Released 0 seats
[2025-11-12 14:12:36] ? Cancelled expired booking ID=19, Customer=1, Released 1 seats
[2025-11-12 14:12:36] ? Cancelled expired booking ID=20, Customer=1, Released 0 seats
[2025-11-12 14:12:36] ? Cancelled expired booking ID=21, Customer=1, Released 0 seats
[2025-11-12 14:12:36] ? Cancelled expired booking ID=22, Customer=1, Released 2 seats
[2025-11-12 14:12:36] ? Cancelled expired booking ID=23, Customer=1, Released 0 seats
[2025-11-12 14:12:36] ? Cancelled expired booking ID=24, Customer=1, Released 0 seats
[2025-11-12 14:12:36] ? Cancelled expired booking ID=25, Customer=1, Released 0 seats
[2025-11-12 14:12:36] ? Cancelled expired booking ID=26, Customer=1, Released 2 seats
[2025-11-12 14:12:36] ? Cancelled expired booking ID=27, Customer=1, Released 0 seats
[2025-11-12 14:12:36] ? Cancelled expired booking ID=28, Customer=1, Released 0 seats
[2025-11-12 14:12:36] ? Cancelled expired booking ID=29, Customer=1, Released 0 seats
[2025-11-12 14:12:36] ? Cancelled expired booking ID=30, Customer=1, Released 0 seats
[2025-11-12 14:12:36] ? Cancelled expired booking ID=31, Customer=1, Released 1 seats
[2025-11-12 14:12:36] ? Cancelled expired booking ID=32, Customer=1, Released 2 seats
[2025-11-12 14:12:36] ? Cancelled expired booking ID=33, Customer=1, Released 2 seats
[2025-11-12 14:12:36] ? Cancelled expired booking ID=34, Customer=1, Released 2 seats
[2025-11-12 14:12:36] ? Cancelled expired booking ID=35, Customer=1, Released 0 seats
[2025-11-12 14:12:36] ? Cancelled expired booking ID=36, Customer=1, Released 2 seats
[2025-11-12 14:12:37] ? Cancelled expired booking ID=37, Customer=1, Released 1 seats
[2025-11-12 14:12:37] ? Cancelled expired booking ID=38, Customer=1, Released 1 seats
[2025-11-12 14:12:37] ? Cancelled expired booking ID=39, Customer=1, Released 2 seats
[2025-11-12 14:12:37] ? Cancelled expired booking ID=40, Customer=1, Released 2 seats
[2025-11-12 14:12:37] ? Cancelled expired booking ID=41, Customer=1, Released 2 seats
[2025-11-12 14:12:37] ? Cancelled expired booking ID=42, Customer=1, Released 2 seats
[2025-11-12 14:13:36] ? Found 37 expired bookings to cancel
[2025-11-12 14:13:36] ? Cancelled expired booking ID=6, Customer=1, Released 0 seats
[2025-11-12 14:13:36] ? Cancelled expired booking ID=7, Customer=1, Released 0 seats
[2025-11-12 14:13:36] ? Cancelled expired booking ID=8, Customer=1, Released 0 seats
[2025-11-12 14:13:36] ? Cancelled expired booking ID=9, Customer=1, Released 0 seats
[2025-11-12 14:13:36] ? Cancelled expired booking ID=10, Customer=1, Released 1 seats
[2025-11-12 14:13:36] ? Cancelled expired booking ID=11, Customer=1, Released 0 seats
[2025-11-12 14:13:36] ? Cancelled expired booking ID=12, Customer=1, Released 2 seats
[2025-11-12 14:13:36] ? Cancelled expired booking ID=13, Customer=1, Released 1 seats
[2025-11-12 14:13:36] ? Cancelled expired booking ID=14, Customer=1, Released 2 seats
[2025-11-12 14:13:36] ? Cancelled expired booking ID=15, Customer=1, Released 0 seats
[2025-11-12 14:13:36] ? Cancelled expired booking ID=16, Customer=1, Released 0 seats
[2025-11-12 14:13:36] ? Cancelled expired booking ID=17, Customer=1, Released 1 seats
[2025-11-12 14:13:36] ? Cancelled expired booking ID=18, Customer=1, Released 0 seats
[2025-11-12 14:13:36] ? Cancelled expired booking ID=19, Customer=1, Released 1 seats
[2025-11-12 14:13:36] ? Cancelled expired booking ID=20, Customer=1, Released 0 seats
[2025-11-12 14:13:36] ? Cancelled expired booking ID=21, Customer=1, Released 0 seats
[2025-11-12 14:13:36] ? Cancelled expired booking ID=22, Customer=1, Released 0 seats
[2025-11-12 14:13:36] ? Cancelled expired booking ID=23, Customer=1, Released 0 seats
[2025-11-12 14:13:36] ? Cancelled expired booking ID=24, Customer=1, Released 0 seats
[2025-11-12 14:13:36] ? Cancelled expired booking ID=25, Customer=1, Released 0 seats
[2025-11-12 14:13:36] ? Cancelled expired booking ID=26, Customer=1, Released 2 seats
[2025-11-12 14:13:36] ? Cancelled expired booking ID=27, Customer=1, Released 0 seats
[2025-11-12 14:13:36] ? Cancelled expired booking ID=28, Customer=1, Released 0 seats
[2025-11-12 14:13:36] ? Cancelled expired booking ID=29, Customer=1, Released 0 seats
[2025-11-12 14:13:36] ? Cancelled expired booking ID=30, Customer=1, Released 0 seats
[2025-11-12 14:13:36] ? Cancelled expired booking ID=31, Customer=1, Released 1 seats
[2025-11-12 14:13:36] ? Cancelled expired booking ID=32, Customer=1, Released 2 seats
[2025-11-12 14:13:36] ? Cancelled expired booking ID=33, Customer=1, Released 2 seats
[2025-11-12 14:13:36] ? Cancelled expired booking ID=34, Customer=1, Released 2 seats
[2025-11-12 14:13:36] ? Cancelled expired booking ID=35, Customer=1, Released 0 seats
[2025-11-12 14:13:36] ? Cancelled expired booking ID=36, Customer=1, Released 2 seats
[2025-11-12 14:13:36] ? Cancelled expired booking ID=37, Customer=1, Released 1 seats
[2025-11-12 14:13:36] ? Cancelled expired booking ID=38, Customer=1, Released 1 seats
[2025-11-12 14:13:36] ? Cancelled expired booking ID=39, Customer=1, Released 2 seats
[2025-11-12 14:13:36] ? Cancelled expired booking ID=40, Customer=1, Released 2 seats
[2025-11-12 14:13:37] ? Cancelled expired booking ID=41, Customer=1, Released 2 seats
[2025-11-12 14:13:37] ? Cancelled expired booking ID=42, Customer=1, Released 2 seats
[2025-11-12 14:14:36] ? Found 37 expired bookings to cancel
[2025-11-12 14:14:36] ? Cancelled expired booking ID=6, Customer=1, Released 0 seats
[2025-11-12 14:14:36] ? Cancelled expired booking ID=7, Customer=1, Released 0 seats
[2025-11-12 14:14:36] ? Cancelled expired booking ID=8, Customer=1, Released 0 seats
[2025-11-12 14:14:36] ? Cancelled expired booking ID=9, Customer=1, Released 0 seats
[2025-11-12 14:14:36] ? Cancelled expired booking ID=10, Customer=1, Released 1 seats
[2025-11-12 14:14:36] ? Cancelled expired booking ID=11, Customer=1, Released 0 seats
[2025-11-12 14:14:36] ? Cancelled expired booking ID=12, Customer=1, Released 2 seats
[2025-11-12 14:14:36] ? Cancelled expired booking ID=13, Customer=1, Released 1 seats
[2025-11-12 14:14:36] ? Cancelled expired booking ID=14, Customer=1, Released 2 seats
[2025-11-12 14:14:36] ? Cancelled expired booking ID=15, Customer=1, Released 0 seats
[2025-11-12 14:14:36] ? Cancelled expired booking ID=16, Customer=1, Released 0 seats
[2025-11-12 14:14:36] ? Cancelled expired booking ID=17, Customer=1, Released 1 seats
[2025-11-12 14:14:36] ? Cancelled expired booking ID=18, Customer=1, Released 0 seats
[2025-11-12 14:14:36] ? Cancelled expired booking ID=19, Customer=1, Released 1 seats
[2025-11-12 14:14:36] ? Cancelled expired booking ID=20, Customer=1, Released 0 seats
[2025-11-12 14:14:36] ? Cancelled expired booking ID=21, Customer=1, Released 0 seats
[2025-11-12 14:14:36] ? Cancelled expired booking ID=22, Customer=1, Released 0 seats
[2025-11-12 14:14:36] ? Cancelled expired booking ID=23, Customer=1, Released 0 seats
[2025-11-12 14:14:36] ? Cancelled expired booking ID=24, Customer=1, Released 0 seats
[2025-11-12 14:14:36] ? Cancelled expired booking ID=25, Customer=1, Released 0 seats
[2025-11-12 14:14:36] ? Cancelled expired booking ID=26, Customer=1, Released 2 seats
[2025-11-12 14:14:36] ? Cancelled expired booking ID=27, Customer=1, Released 0 seats
[2025-11-12 14:14:36] ? Cancelled expired booking ID=28, Customer=1, Released 0 seats
[2025-11-12 14:14:36] ? Cancelled expired booking ID=29, Customer=1, Released 0 seats
[2025-11-12 14:14:36] ? Cancelled expired booking ID=30, Customer=1, Released 0 seats
[2025-11-12 14:14:36] ? Cancelled expired booking ID=31, Customer=1, Released 1 seats
[2025-11-12 14:14:36] ? Cancelled expired booking ID=32, Customer=1, Released 2 seats
[2025-11-12 14:14:36] ? Cancelled expired booking ID=33, Customer=1, Released 2 seats
[2025-11-12 14:14:36] ? Cancelled expired booking ID=34, Customer=1, Released 2 seats
[2025-11-12 14:14:36] ? Cancelled expired booking ID=35, Customer=1, Released 0 seats
[2025-11-12 14:14:36] ? Cancelled expired booking ID=36, Customer=1, Released 2 seats
[2025-11-12 14:14:36] ? Cancelled expired booking ID=37, Customer=1, Released 1 seats
[2025-11-12 14:14:36] ? Cancelled expired booking ID=38, Customer=1, Released 1 seats
[2025-11-12 14:14:36] ? Cancelled expired booking ID=39, Customer=1, Released 2 seats
[2025-11-12 14:14:36] ? Cancelled expired booking ID=40, Customer=1, Released 2 seats
[2025-11-12 14:14:36] ? Cancelled expired booking ID=41, Customer=1, Released 2 seats
[2025-11-12 14:14:36] ? Cancelled expired booking ID=42, Customer=1, Released 2 seats
[2025-11-12 14:15:36] ? Found 37 expired bookings to cancel
[2025-11-12 14:15:36] ? Cancelled expired booking ID=6, Customer=1, Released 0 seats
[2025-11-12 14:15:36] ? Cancelled expired booking ID=7, Customer=1, Released 0 seats
[2025-11-12 14:15:36] ? Cancelled expired booking ID=8, Customer=1, Released 0 seats
[2025-11-12 14:15:36] ? Cancelled expired booking ID=9, Customer=1, Released 0 seats
[2025-11-12 14:15:36] ? Cancelled expired booking ID=10, Customer=1, Released 1 seats
[2025-11-12 14:15:36] ? Cancelled expired booking ID=11, Customer=1, Released 0 seats
[2025-11-12 14:15:36] ? Cancelled expired booking ID=12, Customer=1, Released 2 seats
[2025-11-12 14:15:36] ? Cancelled expired booking ID=13, Customer=1, Released 1 seats
[2025-11-12 14:15:36] ? Cancelled expired booking ID=14, Customer=1, Released 2 seats
[2025-11-12 14:15:36] ? Cancelled expired booking ID=15, Customer=1, Released 0 seats
[2025-11-12 14:15:36] ? Cancelled expired booking ID=16, Customer=1, Released 0 seats
[2025-11-12 14:15:36] ? Cancelled expired booking ID=17, Customer=1, Released 1 seats
[2025-11-12 14:15:36] ? Cancelled expired booking ID=18, Customer=1, Released 0 seats
[2025-11-12 14:15:36] ? Cancelled expired booking ID=19, Customer=1, Released 1 seats
[2025-11-12 14:15:36] ? Cancelled expired booking ID=20, Customer=1, Released 0 seats
[2025-11-12 14:15:36] ? Cancelled expired booking ID=21, Customer=1, Released 0 seats
[2025-11-12 14:15:36] ? Cancelled expired booking ID=22, Customer=1, Released 0 seats
[2025-11-12 14:15:36] ? Cancelled expired booking ID=23, Customer=1, Released 0 seats
[2025-11-12 14:15:36] ? Cancelled expired booking ID=24, Customer=1, Released 0 seats
[2025-11-12 14:15:36] ? Cancelled expired booking ID=25, Customer=1, Released 0 seats
[2025-11-12 14:15:36] ? Cancelled expired booking ID=26, Customer=1, Released 2 seats
[2025-11-12 14:15:36] ? Cancelled expired booking ID=27, Customer=1, Released 0 seats
[2025-11-12 14:15:36] ? Cancelled expired booking ID=28, Customer=1, Released 0 seats
[2025-11-12 14:15:36] ? Cancelled expired booking ID=29, Customer=1, Released 0 seats
[2025-11-12 14:15:36] ? Cancelled expired booking ID=30, Customer=1, Released 0 seats
[2025-11-12 14:15:36] ? Cancelled expired booking ID=31, Customer=1, Released 1 seats
[2025-11-12 14:15:36] ? Cancelled expired booking ID=32, Customer=1, Released 2 seats
[2025-11-12 14:15:36] ? Cancelled expired booking ID=33, Customer=1, Released 2 seats
[2025-11-12 14:15:36] ? Cancelled expired booking ID=34, Customer=1, Released 2 seats
[2025-11-12 14:15:36] ? Cancelled expired booking ID=35, Customer=1, Released 0 seats
[2025-11-12 14:15:36] ? Cancelled expired booking ID=36, Customer=1, Released 2 seats
[2025-11-12 14:15:36] ? Cancelled expired booking ID=37, Customer=1, Released 1 seats
[2025-11-12 14:15:36] ? Cancelled expired booking ID=38, Customer=1, Released 1 seats
[2025-11-12 14:15:36] ? Cancelled expired booking ID=39, Customer=1, Released 2 seats
[2025-11-12 14:15:36] ? Cancelled expired booking ID=40, Customer=1, Released 2 seats
[2025-11-12 14:15:36] ? Cancelled expired booking ID=41, Customer=1, Released 2 seats
[2025-11-12 14:15:36] ? Cancelled expired booking ID=42, Customer=1, Released 2 seats
[2025-11-12 14:16:36] ? Found 37 expired bookings to cancel
[2025-11-12 14:16:36] ? Cancelled expired booking ID=6, Customer=1, Released 0 seats
[2025-11-12 14:16:36] ? Cancelled expired booking ID=7, Customer=1, Released 0 seats
[2025-11-12 14:16:36] ? Cancelled expired booking ID=8, Customer=1, Released 0 seats
[2025-11-12 14:16:36] ? Cancelled expired booking ID=9, Customer=1, Released 0 seats
[2025-11-12 14:16:36] ? Cancelled expired booking ID=10, Customer=1, Released 1 seats
[2025-11-12 14:16:36] ? Cancelled expired booking ID=11, Customer=1, Released 0 seats
[2025-11-12 14:16:36] ? Cancelled expired booking ID=12, Customer=1, Released 2 seats
[2025-11-12 14:16:36] ? Cancelled expired booking ID=13, Customer=1, Released 1 seats
[2025-11-12 14:16:36] ? Cancelled expired booking ID=14, Customer=1, Released 2 seats
[2025-11-12 14:16:36] ? Cancelled expired booking ID=15, Customer=1, Released 0 seats
[2025-11-12 14:16:36] ? Cancelled expired booking ID=16, Customer=1, Released 0 seats
[2025-11-12 14:16:36] ? Cancelled expired booking ID=17, Customer=1, Released 1 seats
[2025-11-12 14:16:36] ? Cancelled expired booking ID=18, Customer=1, Released 0 seats
[2025-11-12 14:16:36] ? Cancelled expired booking ID=19, Customer=1, Released 1 seats
[2025-11-12 14:16:36] ? Cancelled expired booking ID=20, Customer=1, Released 0 seats
[2025-11-12 14:16:36] ? Cancelled expired booking ID=21, Customer=1, Released 0 seats
[2025-11-12 14:16:36] ? Cancelled expired booking ID=22, Customer=1, Released 0 seats
[2025-11-12 14:16:36] ? Cancelled expired booking ID=23, Customer=1, Released 0 seats
[2025-11-12 14:16:36] ? Cancelled expired booking ID=24, Customer=1, Released 0 seats
[2025-11-12 14:16:36] ? Cancelled expired booking ID=25, Customer=1, Released 0 seats
[2025-11-12 14:16:36] ? Cancelled expired booking ID=26, Customer=1, Released 2 seats
[2025-11-12 14:16:36] ? Cancelled expired booking ID=27, Customer=1, Released 0 seats
[2025-11-12 14:16:36] ? Cancelled expired booking ID=28, Customer=1, Released 0 seats
[2025-11-12 14:16:36] ? Cancelled expired booking ID=29, Customer=1, Released 0 seats
[2025-11-12 14:16:36] ? Cancelled expired booking ID=30, Customer=1, Released 0 seats
[2025-11-12 14:16:36] ? Cancelled expired booking ID=31, Customer=1, Released 1 seats
[2025-11-12 14:16:36] ? Cancelled expired booking ID=32, Customer=1, Released 2 seats
[2025-11-12 14:16:36] ? Cancelled expired booking ID=33, Customer=1, Released 2 seats
[2025-11-12 14:16:36] ? Cancelled expired booking ID=34, Customer=1, Released 2 seats
[2025-11-12 14:16:36] ? Cancelled expired booking ID=35, Customer=1, Released 0 seats
[2025-11-12 14:16:36] ? Cancelled expired booking ID=36, Customer=1, Released 2 seats
[2025-11-12 14:16:36] ? Cancelled expired booking ID=37, Customer=1, Released 1 seats
[2025-11-12 14:16:36] ? Cancelled expired booking ID=38, Customer=1, Released 1 seats
[2025-11-12 14:16:36] ? Cancelled expired booking ID=39, Customer=1, Released 2 seats
[2025-11-12 14:16:36] ? Cancelled expired booking ID=40, Customer=1, Released 2 seats
[2025-11-12 14:16:36] ? Cancelled expired booking ID=41, Customer=1, Released 2 seats
[2025-11-12 14:16:36] ? Cancelled expired booking ID=42, Customer=1, Released 2 seats
[2025-11-12 14:17:36] ? Found 37 expired bookings to cancel
[2025-11-12 14:17:36] ? Cancelled expired booking ID=6, Customer=1, Released 0 seats
[2025-11-12 14:17:36] ? Cancelled expired booking ID=7, Customer=1, Released 0 seats
[2025-11-12 14:17:36] ? Cancelled expired booking ID=8, Customer=1, Released 0 seats
[2025-11-12 14:17:36] ? Cancelled expired booking ID=9, Customer=1, Released 0 seats
[2025-11-12 14:17:36] ? Cancelled expired booking ID=10, Customer=1, Released 1 seats
[2025-11-12 14:17:36] ? Cancelled expired booking ID=11, Customer=1, Released 0 seats
[2025-11-12 14:17:36] ? Cancelled expired booking ID=12, Customer=1, Released 2 seats
[2025-11-12 14:17:36] ? Cancelled expired booking ID=13, Customer=1, Released 1 seats
[2025-11-12 14:17:36] ? Cancelled expired booking ID=14, Customer=1, Released 2 seats
[2025-11-12 14:17:36] ? Cancelled expired booking ID=15, Customer=1, Released 0 seats
[2025-11-12 14:17:36] ? Cancelled expired booking ID=16, Customer=1, Released 0 seats
[2025-11-12 14:17:36] ? Cancelled expired booking ID=17, Customer=1, Released 1 seats
[2025-11-12 14:17:36] ? Cancelled expired booking ID=18, Customer=1, Released 0 seats
[2025-11-12 14:17:36] ? Cancelled expired booking ID=19, Customer=1, Released 1 seats
[2025-11-12 14:17:36] ? Cancelled expired booking ID=20, Customer=1, Released 0 seats
[2025-11-12 14:17:36] ? Cancelled expired booking ID=21, Customer=1, Released 0 seats
[2025-11-12 14:17:36] ? Cancelled expired booking ID=22, Customer=1, Released 0 seats
[2025-11-12 14:17:36] ? Cancelled expired booking ID=23, Customer=1, Released 0 seats
[2025-11-12 14:17:36] ? Cancelled expired booking ID=24, Customer=1, Released 0 seats
[2025-11-12 14:17:36] ? Cancelled expired booking ID=25, Customer=1, Released 0 seats
[2025-11-12 14:17:36] ? Cancelled expired booking ID=26, Customer=1, Released 2 seats
[2025-11-12 14:17:36] ? Cancelled expired booking ID=27, Customer=1, Released 0 seats
[2025-11-12 14:17:36] ? Cancelled expired booking ID=28, Customer=1, Released 0 seats
[2025-11-12 14:17:36] ? Cancelled expired booking ID=29, Customer=1, Released 0 seats
[2025-11-12 14:17:36] ? Cancelled expired booking ID=30, Customer=1, Released 0 seats
[2025-11-12 14:17:36] ? Cancelled expired booking ID=31, Customer=1, Released 1 seats
[2025-11-12 14:17:36] ? Cancelled expired booking ID=32, Customer=1, Released 2 seats
[2025-11-12 14:17:36] ? Cancelled expired booking ID=33, Customer=1, Released 2 seats
[2025-11-12 14:17:36] ? Cancelled expired booking ID=34, Customer=1, Released 2 seats
[2025-11-12 14:17:36] ? Cancelled expired booking ID=35, Customer=1, Released 0 seats
[2025-11-12 14:17:36] ? Cancelled expired booking ID=36, Customer=1, Released 2 seats
[2025-11-12 14:17:36] ? Cancelled expired booking ID=37, Customer=1, Released 1 seats
[2025-11-12 14:17:36] ? Cancelled expired booking ID=38, Customer=1, Released 1 seats
[2025-11-12 14:17:36] ? Cancelled expired booking ID=39, Customer=1, Released 2 seats
[2025-11-12 14:17:36] ? Cancelled expired booking ID=40, Customer=1, Released 2 seats
[2025-11-12 14:17:36] ? Cancelled expired booking ID=41, Customer=1, Released 2 seats
[2025-11-12 14:17:36] ? Cancelled expired booking ID=42, Customer=1, Released 2 seats
[2025-11-12 14:18:36] ? Found 37 expired bookings to cancel
[2025-11-12 14:18:36] ? Cancelled expired booking ID=6, Customer=1, Released 0 seats
[2025-11-12 14:18:36] ? Cancelled expired booking ID=7, Customer=1, Released 0 seats
[2025-11-12 14:18:36] ? Cancelled expired booking ID=8, Customer=1, Released 0 seats
[2025-11-12 14:18:36] ? Cancelled expired booking ID=9, Customer=1, Released 0 seats
[2025-11-12 14:18:36] ? Cancelled expired booking ID=10, Customer=1, Released 1 seats
[2025-11-12 14:18:36] ? Cancelled expired booking ID=11, Customer=1, Released 0 seats
[2025-11-12 14:18:36] ? Cancelled expired booking ID=12, Customer=1, Released 2 seats
[2025-11-12 14:18:36] ? Cancelled expired booking ID=13, Customer=1, Released 1 seats
[2025-11-12 14:18:36] ? Cancelled expired booking ID=14, Customer=1, Released 2 seats
[2025-11-12 14:18:36] ? Cancelled expired booking ID=15, Customer=1, Released 0 seats
[2025-11-12 14:18:36] ? Cancelled expired booking ID=16, Customer=1, Released 0 seats
[2025-11-12 14:18:36] ? Cancelled expired booking ID=17, Customer=1, Released 1 seats
[2025-11-12 14:18:36] ? Cancelled expired booking ID=18, Customer=1, Released 0 seats
[2025-11-12 14:18:36] ? Cancelled expired booking ID=19, Customer=1, Released 1 seats
[2025-11-12 14:18:36] ? Cancelled expired booking ID=20, Customer=1, Released 0 seats
[2025-11-12 14:18:36] ? Cancelled expired booking ID=21, Customer=1, Released 0 seats
[2025-11-12 14:18:36] ? Cancelled expired booking ID=22, Customer=1, Released 0 seats
[2025-11-12 14:18:36] ? Cancelled expired booking ID=23, Customer=1, Released 0 seats
[2025-11-12 14:18:36] ? Cancelled expired booking ID=24, Customer=1, Released 0 seats
[2025-11-12 14:18:36] ? Cancelled expired booking ID=25, Customer=1, Released 0 seats
[2025-11-12 14:18:36] ? Cancelled expired booking ID=26, Customer=1, Released 2 seats
[2025-11-12 14:18:36] ? Cancelled expired booking ID=27, Customer=1, Released 0 seats
[2025-11-12 14:18:36] ? Cancelled expired booking ID=28, Customer=1, Released 0 seats
[2025-11-12 14:18:36] ? Cancelled expired booking ID=29, Customer=1, Released 0 seats
[2025-11-12 14:18:36] ? Cancelled expired booking ID=30, Customer=1, Released 0 seats
[2025-11-12 14:18:36] ? Cancelled expired booking ID=31, Customer=1, Released 1 seats
[2025-11-12 14:18:36] ? Cancelled expired booking ID=32, Customer=1, Released 2 seats
[2025-11-12 14:18:36] ? Cancelled expired booking ID=33, Customer=1, Released 2 seats
[2025-11-12 14:18:36] ? Cancelled expired booking ID=34, Customer=1, Released 2 seats
[2025-11-12 14:18:36] ? Cancelled expired booking ID=35, Customer=1, Released 0 seats
[2025-11-12 14:18:36] ? Cancelled expired booking ID=36, Customer=1, Released 2 seats
[2025-11-12 14:18:36] ? Cancelled expired booking ID=37, Customer=1, Released 1 seats
[2025-11-12 14:18:36] ? Cancelled expired booking ID=38, Customer=1, Released 1 seats
[2025-11-12 14:18:36] ? Cancelled expired booking ID=39, Customer=1, Released 2 seats
[2025-11-12 14:18:36] ? Cancelled expired booking ID=40, Customer=1, Released 2 seats
[2025-11-12 14:18:36] ? Cancelled expired booking ID=41, Customer=1, Released 2 seats
[2025-11-12 14:18:36] ? Cancelled expired booking ID=42, Customer=1, Released 2 seats
[2025-11-12 14:29:55] ? BookingExpirationService started
[2025-11-12 14:30:55] ? Found 37 expired bookings to cancel
[2025-11-12 14:30:55] ? Cancelled expired booking ID=6, Customer=1, Released 0 seats
[2025-11-12 14:30:55] ? Cancelled expired booking ID=7, Customer=1, Released 0 seats
[2025-11-12 14:30:55] ? Cancelled expired booking ID=8, Customer=1, Released 0 seats
[2025-11-12 14:30:55] ? Cancelled expired booking ID=9, Customer=1, Released 0 seats
[2025-11-12 14:30:55] ? Cancelled expired booking ID=10, Customer=1, Released 1 seats
[2025-11-12 14:30:55] ? Cancelled expired booking ID=11, Customer=1, Released 0 seats
[2025-11-12 14:30:55] ? Cancelled expired booking ID=12, Customer=1, Released 2 seats
[2025-11-12 14:30:55] ? Cancelled expired booking ID=13, Customer=1, Released 1 seats
[2025-11-12 14:30:55] ? Cancelled expired booking ID=14, Customer=1, Released 2 seats
[2025-11-12 14:30:55] ? Cancelled expired booking ID=15, Customer=1, Released 0 seats
[2025-11-12 14:30:55] ? Cancelled expired booking ID=16, Customer=1, Released 0 seats
[2025-11-12 14:30:55] ? Cancelled expired booking ID=17, Customer=1, Released 1 seats
[2025-11-12 14:30:55] ? Cancelled expired booking ID=18, Customer=1, Released 0 seats
[2025-11-12 14:30:55] ? Cancelled expired booking ID=19, Customer=1, Released 1 seats
[2025-11-12 14:30:55] ? Cancelled expired booking ID=20, Customer=1, Released 0 seats
[2025-11-12 14:30:55] ? Cancelled expired booking ID=21, Customer=1, Released 0 seats
[2025-11-12 14:30:55] ? Cancelled expired booking ID=22, Customer=1, Released 0 seats
[2025-11-12 14:30:55] ? Cancelled expired booking ID=23, Customer=1, Released 0 seats
[2025-11-12 14:30:56] ? Cancelled expired booking ID=24, Customer=1, Released 0 seats
[2025-11-12 14:30:56] ? Cancelled expired booking ID=25, Customer=1, Released 0 seats
[2025-11-12 14:30:56] ? Cancelled expired booking ID=26, Customer=1, Released 2 seats
[2025-11-12 14:30:56] ? Cancelled expired booking ID=27, Customer=1, Released 0 seats
[2025-11-12 14:30:56] ? Cancelled expired booking ID=28, Customer=1, Released 0 seats
[2025-11-12 14:30:56] ? Cancelled expired booking ID=29, Customer=1, Released 0 seats
[2025-11-12 14:30:56] ? Cancelled expired booking ID=30, Customer=1, Released 0 seats
[2025-11-12 14:30:56] ? Cancelled expired booking ID=31, Customer=1, Released 1 seats
[2025-11-12 14:30:56] ? Cancelled expired booking ID=32, Customer=1, Released 2 seats
[2025-11-12 14:30:56] ? Cancelled expired booking ID=33, Customer=1, Released 2 seats
[2025-11-12 14:30:56] ? Cancelled expired booking ID=34, Customer=1, Released 2 seats
[2025-11-12 14:30:56] ? Cancelled expired booking ID=35, Customer=1, Released 0 seats
[2025-11-12 14:30:56] ? Cancelled expired booking ID=36, Customer=1, Released 2 seats
[2025-11-12 14:30:56] ? Cancelled expired booking ID=37, Customer=1, Released 1 seats
[2025-11-12 14:30:56] ? Cancelled expired booking ID=38, Customer=1, Released 1 seats
[2025-11-12 14:30:56] ? Cancelled expired booking ID=39, Customer=1, Released 2 seats
[2025-11-12 14:30:56] ? Cancelled expired booking ID=40, Customer=1, Released 2 seats
[2025-11-12 14:30:56] ? Cancelled expired booking ID=41, Customer=1, Released 2 seats
[2025-11-12 14:30:56] ? Cancelled expired booking ID=42, Customer=1, Released 2 seats
[2025-11-12 14:31:55] ? Found 37 expired bookings to cancel
[2025-11-12 14:31:55] ? Cancelled expired booking ID=6, Customer=1, Released 0 seats
[2025-11-12 14:31:55] ? Cancelled expired booking ID=7, Customer=1, Released 0 seats
[2025-11-12 14:31:55] ? Cancelled expired booking ID=8, Customer=1, Released 0 seats
[2025-11-12 14:31:55] ? Cancelled expired booking ID=9, Customer=1, Released 0 seats
[2025-11-12 14:31:55] ? Cancelled expired booking ID=10, Customer=1, Released 1 seats
[2025-11-12 14:31:55] ? Cancelled expired booking ID=11, Customer=1, Released 0 seats
[2025-11-12 14:31:55] ? Cancelled expired booking ID=12, Customer=1, Released 2 seats
[2025-11-12 14:31:55] ? Cancelled expired booking ID=13, Customer=1, Released 1 seats
[2025-11-12 14:31:55] ? Cancelled expired booking ID=14, Customer=1, Released 2 seats
[2025-11-12 14:31:55] ? Cancelled expired booking ID=15, Customer=1, Released 0 seats
[2025-11-12 14:31:55] ? Cancelled expired booking ID=16, Customer=1, Released 0 seats
[2025-11-12 14:31:55] ? Cancelled expired booking ID=17, Customer=1, Released 1 seats
[2025-11-12 14:31:55] ? Cancelled expired booking ID=18, Customer=1, Released 0 seats
[2025-11-12 14:31:55] ? Cancelled expired booking ID=19, Customer=1, Released 1 seats
[2025-11-12 14:31:55] ? Cancelled expired booking ID=20, Customer=1, Released 0 seats
[2025-11-12 14:31:55] ? Cancelled expired booking ID=21, Customer=1, Released 0 seats
[2025-11-12 14:31:55] ? Cancelled expired booking ID=22, Customer=1, Released 0 seats
[2025-11-12 14:31:55] ? Cancelled expired booking ID=23, Customer=1, Released 0 seats
[2025-11-12 14:31:55] ? Cancelled expired booking ID=24, Customer=1, Released 0 seats
[2025-11-12 14:31:55] ? Cancelled expired booking ID=25, Customer=1, Released 0 seats
[2025-11-12 14:31:55] ? Cancelled expired booking ID=26, Customer=1, Released 2 seats
[2025-11-12 14:31:55] ? Cancelled expired booking ID=27, Customer=1, Released 0 seats
[2025-11-12 14:31:55] ? Cancelled expired booking ID=28, Customer=1, Released 0 seats
[2025-11-12 14:31:55] ? Cancelled expired booking ID=29, Customer=1, Released 0 seats
[2025-11-12 14:31:55] ? Cancelled expired booking ID=30, Customer=1, Released 0 seats
[2025-11-12 14:31:55] ? Cancelled expired booking ID=31, Customer=1, Released 1 seats
[2025-11-12 14:31:55] ? Cancelled expired booking ID=32, Customer=1, Released 2 seats
[2025-11-12 14:31:55] ? Cancelled expired booking ID=33, Customer=1, Released 2 seats
[2025-11-12 14:31:55] ? Cancelled expired booking ID=34, Customer=1, Released 2 seats
[2025-11-12 14:31:55] ? Cancelled expired booking ID=35, Customer=1, Released 0 seats
[2025-11-12 14:31:55] ? Cancelled expired booking ID=36, Customer=1, Released 2 seats
[2025-11-12 14:31:55] ? Cancelled expired booking ID=37, Customer=1, Released 1 seats
[2025-11-12 14:31:55] ? Cancelled expired booking ID=38, Customer=1, Released 1 seats
[2025-11-12 14:31:55] ? Cancelled expired booking ID=39, Customer=1, Released 2 seats
[2025-11-12 14:31:55] ? Cancelled expired booking ID=40, Customer=1, Released 2 seats
[2025-11-12 14:31:55] ? Cancelled expired booking ID=41, Customer=1, Released 2 seats
[2025-11-12 14:31:55] ? Cancelled expired booking ID=42, Customer=1, Released 2 seats
[2025-11-12 14:32:55] ? Found 37 expired bookings to cancel
[2025-11-12 14:32:55] ? Cancelled expired booking ID=6, Customer=1, Released 0 seats
[2025-11-12 14:32:55] ? Cancelled expired booking ID=7, Customer=1, Released 0 seats
[2025-11-12 14:32:55] ? Cancelled expired booking ID=8, Customer=1, Released 0 seats
[2025-11-12 14:32:55] ? Cancelled expired booking ID=9, Customer=1, Released 0 seats
[2025-11-12 14:32:55] ? Cancelled expired booking ID=10, Customer=1, Released 1 seats
[2025-11-12 14:32:55] ? Cancelled expired booking ID=11, Customer=1, Released 0 seats
[2025-11-12 14:32:55] ? Cancelled expired booking ID=12, Customer=1, Released 2 seats
[2025-11-12 14:32:55] ? Cancelled expired booking ID=13, Customer=1, Released 1 seats
[2025-11-12 14:32:55] ? Cancelled expired booking ID=14, Customer=1, Released 2 seats
[2025-11-12 14:32:55] ? Cancelled expired booking ID=15, Customer=1, Released 0 seats
[2025-11-12 14:32:55] ? Cancelled expired booking ID=16, Customer=1, Released 0 seats
[2025-11-12 14:32:55] ? Cancelled expired booking ID=17, Customer=1, Released 1 seats
[2025-11-12 14:32:55] ? Cancelled expired booking ID=18, Customer=1, Released 0 seats
[2025-11-12 14:32:55] ? Cancelled expired booking ID=19, Customer=1, Released 1 seats
[2025-11-12 14:32:55] ? Cancelled expired booking ID=20, Customer=1, Released 0 seats
[2025-11-12 14:32:55] ? Cancelled expired booking ID=21, Customer=1, Released 0 seats
[2025-11-12 14:32:55] ? Cancelled expired booking ID=22, Customer=1, Released 0 seats
[2025-11-12 14:32:55] ? Cancelled expired booking ID=23, Customer=1, Released 0 seats
[2025-11-12 14:32:55] ? Cancelled expired booking ID=24, Customer=1, Released 0 seats
[2025-11-12 14:32:55] ? Cancelled expired booking ID=25, Customer=1, Released 0 seats
[2025-11-12 14:32:55] ? Cancelled expired booking ID=26, Customer=1, Released 2 seats
[2025-11-12 14:32:55] ? Cancelled expired booking ID=27, Customer=1, Released 0 seats
[2025-11-12 14:32:55] ? Cancelled expired booking ID=28, Customer=1, Released 0 seats
[2025-11-12 14:32:55] ? Cancelled expired booking ID=29, Customer=1, Released 0 seats
[2025-11-12 14:32:55] ? Cancelled expired booking ID=30, Customer=1, Released 0 seats
[2025-11-12 14:32:55] ? Cancelled expired booking ID=31, Customer=1, Released 1 seats
[2025-11-12 14:32:56] ? Cancelled expired booking ID=32, Customer=1, Released 2 seats
[2025-11-12 14:32:56] ? Cancelled expired booking ID=33, Customer=1, Released 2 seats
[2025-11-12 14:32:56] ? Cancelled expired booking ID=34, Customer=1, Released 2 seats
[2025-11-12 14:32:56] ? Cancelled expired booking ID=35, Customer=1, Released 0 seats
[2025-11-12 14:32:56] ? Cancelled expired booking ID=36, Customer=1, Released 2 seats
[2025-11-12 14:32:56] ? Cancelled expired booking ID=37, Customer=1, Released 1 seats
[2025-11-12 14:32:56] ? Cancelled expired booking ID=38, Customer=1, Released 1 seats
[2025-11-12 14:32:56] ? Cancelled expired booking ID=39, Customer=1, Released 2 seats
[2025-11-12 14:32:56] ? Cancelled expired booking ID=40, Customer=1, Released 2 seats
[2025-11-12 14:32:56] ? Cancelled expired booking ID=41, Customer=1, Released 2 seats
[2025-11-12 14:32:56] ? Cancelled expired booking ID=42, Customer=1, Released 2 seats
[2025-11-12 14:33:55] ? Found 37 expired bookings to cancel
[2025-11-12 14:33:55] ? Cancelled expired booking ID=6, Customer=1, Released 0 seats
[2025-11-12 14:33:55] ? Cancelled expired booking ID=7, Customer=1, Released 0 seats
[2025-11-12 14:33:55] ? Cancelled expired booking ID=8, Customer=1, Released 0 seats
[2025-11-12 14:33:55] ? Cancelled expired booking ID=9, Customer=1, Released 0 seats
[2025-11-12 14:33:55] ? Cancelled expired booking ID=10, Customer=1, Released 1 seats
[2025-11-12 14:33:55] ? Cancelled expired booking ID=11, Customer=1, Released 0 seats
[2025-11-12 14:33:55] ? Cancelled expired booking ID=12, Customer=1, Released 2 seats
[2025-11-12 14:33:55] ? Cancelled expired booking ID=13, Customer=1, Released 1 seats
[2025-11-12 14:33:55] ? Cancelled expired booking ID=14, Customer=1, Released 2 seats
[2025-11-12 14:33:55] ? Cancelled expired booking ID=15, Customer=1, Released 0 seats
[2025-11-12 14:33:55] ? Cancelled expired booking ID=16, Customer=1, Released 0 seats
[2025-11-12 14:33:55] ? Cancelled expired booking ID=17, Customer=1, Released 1 seats
[2025-11-12 14:33:55] ? Cancelled expired booking ID=18, Customer=1, Released 0 seats
[2025-11-12 14:33:55] ? Cancelled expired booking ID=19, Customer=1, Released 1 seats
[2025-11-12 14:33:55] ? Cancelled expired booking ID=20, Customer=1, Released 0 seats
[2025-11-12 14:33:55] ? Cancelled expired booking ID=21, Customer=1, Released 0 seats
[2025-11-12 14:33:55] ? Cancelled expired booking ID=22, Customer=1, Released 0 seats
[2025-11-12 14:33:55] ? Cancelled expired booking ID=23, Customer=1, Released 0 seats
[2025-11-12 14:33:55] ? Cancelled expired booking ID=24, Customer=1, Released 0 seats
[2025-11-12 14:33:55] ? Cancelled expired booking ID=25, Customer=1, Released 0 seats
[2025-11-12 14:33:55] ? Cancelled expired booking ID=26, Customer=1, Released 2 seats
[2025-11-12 14:33:55] ? Cancelled expired booking ID=27, Customer=1, Released 0 seats
[2025-11-12 14:33:55] ? Cancelled expired booking ID=28, Customer=1, Released 0 seats
[2025-11-12 14:33:55] ? Cancelled expired booking ID=29, Customer=1, Released 0 seats
[2025-11-12 14:33:55] ? Cancelled expired booking ID=30, Customer=1, Released 0 seats
[2025-11-12 14:33:55] ? Cancelled expired booking ID=31, Customer=1, Released 1 seats
[2025-11-12 14:33:55] ? Cancelled expired booking ID=32, Customer=1, Released 2 seats
[2025-11-12 14:33:55] ? Cancelled expired booking ID=33, Customer=1, Released 2 seats
[2025-11-12 14:33:55] ? Cancelled expired booking ID=34, Customer=1, Released 2 seats
[2025-11-12 14:33:55] ? Cancelled expired booking ID=35, Customer=1, Released 0 seats
[2025-11-12 14:33:55] ? Cancelled expired booking ID=36, Customer=1, Released 2 seats
[2025-11-12 14:33:55] ? Cancelled expired booking ID=37, Customer=1, Released 1 seats
[2025-11-12 14:33:55] ? Cancelled expired booking ID=38, Customer=1, Released 1 seats
[2025-11-12 14:33:55] ? Cancelled expired booking ID=39, Customer=1, Released 2 seats
[2025-11-12 14:33:55] ? Cancelled expired booking ID=40, Customer=1, Released 2 seats
[2025-11-12 14:33:55] ? Cancelled expired booking ID=41, Customer=1, Released 2 seats
[2025-11-12 14:33:55] ? Cancelled expired booking ID=42, Customer=1, Released 2 seats
[2025-11-12 14:34:55] ? Found 37 expired bookings to cancel
[2025-11-12 14:34:55] ? Cancelled expired booking ID=6, Customer=1, Released 0 seats
[2025-11-12 14:34:55] ? Cancelled expired booking ID=7, Customer=1, Released 0 seats
[2025-11-12 14:34:55] ? Cancelled expired booking ID=8, Customer=1, Released 0 seats
[2025-11-12 14:34:55] ? Cancelled expired booking ID=9, Customer=1, Released 0 seats
[2025-11-12 14:34:55] ? Cancelled expired booking ID=10, Customer=1, Released 1 seats
[2025-11-12 14:34:55] ? Cancelled expired booking ID=11, Customer=1, Released 0 seats
[2025-11-12 14:34:55] ? Cancelled expired booking ID=12, Customer=1, Released 2 seats
[2025-11-12 14:34:55] ? Cancelled expired booking ID=13, Customer=1, Released 1 seats
[2025-11-12 14:34:55] ? Cancelled expired booking ID=14, Customer=1, Released 2 seats
[2025-11-12 14:34:55] ? Cancelled expired booking ID=15, Customer=1, Released 0 seats
[2025-11-12 14:34:55] ? Cancelled expired booking ID=16, Customer=1, Released 0 seats
[2025-11-12 14:34:55] ? Cancelled expired booking ID=17, Customer=1, Released 1 seats
[2025-11-12 14:34:55] ? Cancelled expired booking ID=18, Customer=1, Released 0 seats
[2025-11-12 14:34:55] ? Cancelled expired booking ID=19, Customer=1, Released 1 seats
[2025-11-12 14:34:55] ? Cancelled expired booking ID=20, Customer=1, Released 0 seats
[2025-11-12 14:34:55] ? Cancelled expired booking ID=21, Customer=1, Released 0 seats
[2025-11-12 14:34:55] ? Cancelled expired booking ID=22, Customer=1, Released 0 seats
[2025-11-12 14:34:55] ? Cancelled expired booking ID=23, Customer=1, Released 0 seats
[2025-11-12 14:34:55] ? Cancelled expired booking ID=24, Customer=1, Released 0 seats
[2025-11-12 14:34:55] ? Cancelled expired booking ID=25, Customer=1, Released 0 seats
[2025-11-12 14:34:55] ? Cancelled expired booking ID=26, Customer=1, Released 2 seats
[2025-11-12 14:34:55] ? Cancelled expired booking ID=27, Customer=1, Released 0 seats
[2025-11-12 14:34:55] ? Cancelled expired booking ID=28, Customer=1, Released 0 seats
[2025-11-12 14:34:55] ? Cancelled expired booking ID=29, Customer=1, Released 0 seats
[2025-11-12 14:34:55] ? Cancelled expired booking ID=30, Customer=1, Released 0 seats
[2025-11-12 14:34:55] ? Cancelled expired booking ID=31, Customer=1, Released 1 seats
[2025-11-12 14:34:55] ? Cancelled expired booking ID=32, Customer=1, Released 2 seats
[2025-11-12 14:34:55] ? Cancelled expired booking ID=33, Customer=1, Released 2 seats
[2025-11-12 14:34:55] ? Cancelled expired booking ID=34, Customer=1, Released 2 seats
[2025-11-12 14:34:55] ? Cancelled expired booking ID=35, Customer=1, Released 0 seats
[2025-11-12 14:34:55] ? Cancelled expired booking ID=36, Customer=1, Released 2 seats
[2025-11-12 14:34:55] ? Cancelled expired booking ID=37, Customer=1, Released 1 seats
[2025-11-12 14:34:55] ? Cancelled expired booking ID=38, Customer=1, Released 1 seats
[2025-11-12 14:34:55] ? Cancelled expired booking ID=39, Customer=1, Released 2 seats
[2025-11-12 14:34:55] ? Cancelled expired booking ID=40, Customer=1, Released 2 seats
[2025-11-12 14:34:55] ? Cancelled expired booking ID=41, Customer=1, Released 2 seats
[2025-11-12 14:34:55] ? Cancelled expired booking ID=42, Customer=1, Released 2 seats
[2025-11-12 14:35:55] ? Found 37 expired bookings to cancel
[2025-11-12 14:35:55] ? Cancelled expired booking ID=6, Customer=1, Released 0 seats
[2025-11-12 14:35:55] ? Cancelled expired booking ID=7, Customer=1, Released 0 seats
[2025-11-12 14:35:55] ? Cancelled expired booking ID=8, Customer=1, Released 0 seats
[2025-11-12 14:35:55] ? Cancelled expired booking ID=9, Customer=1, Released 0 seats
[2025-11-12 14:35:55] ? Cancelled expired booking ID=10, Customer=1, Released 1 seats
[2025-11-12 14:35:55] ? Cancelled expired booking ID=11, Customer=1, Released 0 seats
[2025-11-12 14:35:55] ? Cancelled expired booking ID=12, Customer=1, Released 2 seats
[2025-11-12 14:35:55] ? Cancelled expired booking ID=13, Customer=1, Released 1 seats
[2025-11-12 14:35:55] ? Cancelled expired booking ID=14, Customer=1, Released 2 seats
[2025-11-12 14:35:55] ? Cancelled expired booking ID=15, Customer=1, Released 0 seats
[2025-11-12 14:35:55] ? Cancelled expired booking ID=16, Customer=1, Released 0 seats
[2025-11-12 14:35:55] ? Cancelled expired booking ID=17, Customer=1, Released 1 seats
[2025-11-12 14:35:55] ? Cancelled expired booking ID=18, Customer=1, Released 0 seats
[2025-11-12 14:35:55] ? Cancelled expired booking ID=19, Customer=1, Released 1 seats
[2025-11-12 14:35:55] ? Cancelled expired booking ID=20, Customer=1, Released 0 seats
[2025-11-12 14:35:55] ? Cancelled expired booking ID=21, Customer=1, Released 0 seats
[2025-11-12 14:35:55] ? Cancelled expired booking ID=22, Customer=1, Released 0 seats
[2025-11-12 14:35:55] ? Cancelled expired booking ID=23, Customer=1, Released 0 seats
[2025-11-12 14:35:55] ? Cancelled expired booking ID=24, Customer=1, Released 0 seats
[2025-11-12 14:35:55] ? Cancelled expired booking ID=25, Customer=1, Released 0 seats
[2025-11-12 14:35:55] ? Cancelled expired booking ID=26, Customer=1, Released 2 seats
[2025-11-12 14:35:55] ? Cancelled expired booking ID=27, Customer=1, Released 0 seats
[2025-11-12 14:35:55] ? Cancelled expired booking ID=28, Customer=1, Released 0 seats
[2025-11-12 14:35:55] ? Cancelled expired booking ID=29, Customer=1, Released 0 seats
[2025-11-12 14:35:55] ? Cancelled expired booking ID=30, Customer=1, Released 0 seats
[2025-11-12 14:35:55] ? Cancelled expired booking ID=31, Customer=1, Released 1 seats
[2025-11-12 14:35:55] ? Cancelled expired booking ID=32, Customer=1, Released 2 seats
[2025-11-12 14:35:55] ? Cancelled expired booking ID=33, Customer=1, Released 2 seats
[2025-11-12 14:35:55] ? Cancelled expired booking ID=34, Customer=1, Released 2 seats
[2025-11-12 14:35:55] ? Cancelled expired booking ID=35, Customer=1, Released 0 seats
[2025-11-12 14:35:55] ? Cancelled expired booking ID=36, Customer=1, Released 2 seats
[2025-11-12 14:35:55] ? Cancelled expired booking ID=37, Customer=1, Released 1 seats
[2025-11-12 14:35:55] ? Cancelled expired booking ID=38, Customer=1, Released 1 seats
[2025-11-12 14:35:55] ? Cancelled expired booking ID=39, Customer=1, Released 2 seats
[2025-11-12 14:35:55] ? Cancelled expired booking ID=40, Customer=1, Released 2 seats
[2025-11-12 14:35:55] ? Cancelled expired booking ID=41, Customer=1, Released 2 seats
[2025-11-12 14:35:55] ? Cancelled expired booking ID=42, Customer=1, Released 2 seats
[2025-11-12 14:37:41] ? BookingExpirationService started
[2025-11-12 14:38:41] ? Found 37 expired bookings to cancel
[2025-11-12 14:38:41] ? Cancelled expired booking ID=6, Customer=1, Released 0 seats
[2025-11-12 14:38:41] ? Cancelled expired booking ID=7, Customer=1, Released 0 seats
[2025-11-12 14:38:41] ? Cancelled expired booking ID=8, Customer=1, Released 0 seats
[2025-11-12 14:38:41] ? Cancelled expired booking ID=9, Customer=1, Released 0 seats
[2025-11-12 14:38:41] ? Cancelled expired booking ID=10, Customer=1, Released 1 seats
[2025-11-12 14:38:41] ? Cancelled expired booking ID=11, Customer=1, Released 0 seats
[2025-11-12 14:38:41] ? Cancelled expired booking ID=12, Customer=1, Released 2 seats
[2025-11-12 14:38:41] ? Cancelled expired booking ID=13, Customer=1, Released 1 seats
[2025-11-12 14:38:41] ? Cancelled expired booking ID=14, Customer=1, Released 2 seats
[2025-11-12 14:38:41] ? Cancelled expired booking ID=15, Customer=1, Released 0 seats
[2025-11-12 14:38:41] ? Cancelled expired booking ID=16, Customer=1, Released 0 seats
[2025-11-12 14:38:41] ? Cancelled expired booking ID=17, Customer=1, Released 1 seats
[2025-11-12 14:38:41] ? Cancelled expired booking ID=18, Customer=1, Released 0 seats
[2025-11-12 14:38:41] ? Cancelled expired booking ID=19, Customer=1, Released 1 seats
[2025-11-12 14:38:41] ? Cancelled expired booking ID=20, Customer=1, Released 0 seats
[2025-11-12 14:38:41] ? Cancelled expired booking ID=21, Customer=1, Released 0 seats
[2025-11-12 14:38:41] ? Cancelled expired booking ID=22, Customer=1, Released 0 seats
[2025-11-12 14:38:41] ? Cancelled expired booking ID=23, Customer=1, Released 0 seats
[2025-11-12 14:38:41] ? Cancelled expired booking ID=24, Customer=1, Released 0 seats
[2025-11-12 14:38:41] ? Cancelled expired booking ID=25, Customer=1, Released 0 seats
[2025-11-12 14:38:41] ? Cancelled expired booking ID=26, Customer=1, Released 2 seats
[2025-11-12 14:38:41] ? Cancelled expired booking ID=27, Customer=1, Released 0 seats
[2025-11-12 14:38:41] ? Cancelled expired booking ID=28, Customer=1, Released 0 seats
[2025-11-12 14:38:41] ? Cancelled expired booking ID=29, Customer=1, Released 0 seats
[2025-11-12 14:38:41] ? Cancelled expired booking ID=30, Customer=1, Released 0 seats
[2025-11-12 14:38:41] ? Cancelled expired booking ID=31, Customer=1, Released 1 seats
[2025-11-12 14:38:41] ? Cancelled expired booking ID=32, Customer=1, Released 2 seats
[2025-11-12 14:38:41] ? Cancelled expired booking ID=33, Customer=1, Released 2 seats
[2025-11-12 14:38:41] ? Cancelled expired booking ID=34, Customer=1, Released 2 seats
[2025-11-12 14:38:41] ? Cancelled expired booking ID=35, Customer=1, Released 0 seats
[2025-11-12 14:38:41] ? Cancelled expired booking ID=36, Customer=1, Released 2 seats
[2025-11-12 14:38:41] ? Cancelled expired booking ID=37, Customer=1, Released 1 seats
[2025-11-12 14:38:41] ? Cancelled expired booking ID=38, Customer=1, Released 1 seats
[2025-11-12 14:38:41] ? Cancelled expired booking ID=39, Customer=1, Released 2 seats
[2025-11-12 14:38:41] ? Cancelled expired booking ID=40, Customer=1, Released 2 seats
[2025-11-12 14:38:41] ? Cancelled expired booking ID=41, Customer=1, Released 2 seats
[2025-11-12 14:38:41] ? Cancelled expired booking ID=42, Customer=1, Released 2 seats
[2025-11-12 14:39:41] ? Found 37 expired bookings to cancel
[2025-11-12 14:39:41] ? Cancelled expired booking ID=6, Customer=1, Released 0 seats
[2025-11-12 14:39:41] ? Cancelled expired booking ID=7, Customer=1, Released 0 seats
[2025-11-12 14:39:41] ? Cancelled expired booking ID=8, Customer=1, Released 0 seats
[2025-11-12 14:39:41] ? Cancelled expired booking ID=9, Customer=1, Released 0 seats
[2025-11-12 14:39:41] ? Cancelled expired booking ID=10, Customer=1, Released 1 seats
[2025-11-12 14:39:41] ? Cancelled expired booking ID=11, Customer=1, Released 0 seats
[2025-11-12 14:39:41] ? Cancelled expired booking ID=12, Customer=1, Released 2 seats
[2025-11-12 14:39:41] ? Cancelled expired booking ID=13, Customer=1, Released 1 seats
[2025-11-12 14:39:41] ? Cancelled expired booking ID=14, Customer=1, Released 2 seats
[2025-11-12 14:39:41] ? Cancelled expired booking ID=15, Customer=1, Released 0 seats
[2025-11-12 14:39:41] ? Cancelled expired booking ID=16, Customer=1, Released 0 seats
[2025-11-12 14:39:41] ? Cancelled expired booking ID=17, Customer=1, Released 1 seats
[2025-11-12 14:39:41] ? Cancelled expired booking ID=18, Customer=1, Released 0 seats
[2025-11-12 14:39:41] ? Cancelled expired booking ID=19, Customer=1, Released 1 seats
[2025-11-12 14:39:41] ? Cancelled expired booking ID=20, Customer=1, Released 0 seats
[2025-11-12 14:39:41] ? Cancelled expired booking ID=21, Customer=1, Released 0 seats
[2025-11-12 14:39:41] ? Cancelled expired booking ID=22, Customer=1, Released 0 seats
[2025-11-12 14:39:41] ? Cancelled expired booking ID=23, Customer=1, Released 0 seats
[2025-11-12 14:39:41] ? Cancelled expired booking ID=24, Customer=1, Released 0 seats
[2025-11-12 14:39:41] ? Cancelled expired booking ID=25, Customer=1, Released 0 seats
[2025-11-12 14:39:41] ? Cancelled expired booking ID=26, Customer=1, Released 2 seats
[2025-11-12 14:39:41] ? Cancelled expired booking ID=27, Customer=1, Released 0 seats
[2025-11-12 14:39:41] ? Cancelled expired booking ID=28, Customer=1, Released 0 seats
[2025-11-12 14:39:41] ? Cancelled expired booking ID=29, Customer=1, Released 0 seats
[2025-11-12 14:39:41] ? Cancelled expired booking ID=30, Customer=1, Released 0 seats
[2025-11-12 14:39:41] ? Cancelled expired booking ID=31, Customer=1, Released 1 seats
[2025-11-12 14:39:41] ? Cancelled expired booking ID=32, Customer=1, Released 2 seats
[2025-11-12 14:39:41] ? Cancelled expired booking ID=33, Customer=1, Released 2 seats
[2025-11-12 14:39:41] ? Cancelled expired booking ID=34, Customer=1, Released 2 seats
[2025-11-12 14:39:41] ? Cancelled expired booking ID=35, Customer=1, Released 0 seats
[2025-11-12 14:39:41] ? Cancelled expired booking ID=36, Customer=1, Released 2 seats
[2025-11-12 14:39:41] ? Cancelled expired booking ID=37, Customer=1, Released 1 seats
[2025-11-12 14:39:41] ? Cancelled expired booking ID=38, Customer=1, Released 1 seats
[2025-11-12 14:39:41] ? Cancelled expired booking ID=39, Customer=1, Released 2 seats
[2025-11-12 14:39:41] ? Cancelled expired booking ID=40, Customer=1, Released 2 seats
[2025-11-12 14:39:41] ? Cancelled expired booking ID=41, Customer=1, Released 2 seats
[2025-11-12 14:39:41] ? Cancelled expired booking ID=42, Customer=1, Released 2 seats
[2025-11-12 14:40:41] ? Found 37 expired bookings to cancel
[2025-11-12 14:40:41] ? Cancelled expired booking ID=6, Customer=1, Released 0 seats
[2025-11-12 14:40:41] ? Cancelled expired booking ID=7, Customer=1, Released 0 seats
[2025-11-12 14:40:41] ? Cancelled expired booking ID=8, Customer=1, Released 0 seats
[2025-11-12 14:40:41] ? Cancelled expired booking ID=9, Customer=1, Released 0 seats
[2025-11-12 14:40:41] ? Cancelled expired booking ID=10, Customer=1, Released 1 seats
[2025-11-12 14:40:41] ? Cancelled expired booking ID=11, Customer=1, Released 0 seats
[2025-11-12 14:40:41] ? Cancelled expired booking ID=12, Customer=1, Released 2 seats
[2025-11-12 14:40:41] ? Cancelled expired booking ID=13, Customer=1, Released 1 seats
[2025-11-12 14:40:41] ? Cancelled expired booking ID=14, Customer=1, Released 2 seats
[2025-11-12 14:40:41] ? Cancelled expired booking ID=15, Customer=1, Released 0 seats
[2025-11-12 14:40:41] ? Cancelled expired booking ID=16, Customer=1, Released 0 seats
[2025-11-12 14:40:41] ? Cancelled expired booking ID=17, Customer=1, Released 1 seats
[2025-11-12 14:40:41] ? Cancelled expired booking ID=18, Customer=1, Released 0 seats
[2025-11-12 14:40:41] ? Cancelled expired booking ID=19, Customer=1, Released 1 seats
[2025-11-12 14:40:41] ? Cancelled expired booking ID=20, Customer=1, Released 0 seats
[2025-11-12 14:40:41] ? Cancelled expired booking ID=21, Customer=1, Released 0 seats
[2025-11-12 14:40:41] ? Cancelled expired booking ID=22, Customer=1, Released 0 seats
[2025-11-12 14:40:41] ? Cancelled expired booking ID=23, Customer=1, Released 0 seats
[2025-11-12 14:40:41] ? Cancelled expired booking ID=24, Customer=1, Released 0 seats
[2025-11-12 14:40:41] ? Cancelled expired booking ID=25, Customer=1, Released 0 seats
[2025-11-12 14:40:41] ? Cancelled expired booking ID=26, Customer=1, Released 2 seats
[2025-11-12 14:40:41] ? Cancelled expired booking ID=27, Customer=1, Released 0 seats
[2025-11-12 14:40:41] ? Cancelled expired booking ID=28, Customer=1, Released 0 seats
[2025-11-12 14:40:41] ? Cancelled expired booking ID=29, Customer=1, Released 0 seats
[2025-11-12 14:40:41] ? Cancelled expired booking ID=30, Customer=1, Released 0 seats
[2025-11-12 14:40:41] ? Cancelled expired booking ID=31, Customer=1, Released 1 seats
[2025-11-12 14:40:41] ? Cancelled expired booking ID=32, Customer=1, Released 2 seats
[2025-11-12 14:40:41] ? Cancelled expired booking ID=33, Customer=1, Released 2 seats
[2025-11-12 14:40:41] ? Cancelled expired booking ID=34, Customer=1, Released 2 seats
[2025-11-12 14:40:41] ? Cancelled expired booking ID=35, Customer=1, Released 0 seats
[2025-11-12 14:40:41] ? Cancelled expired booking ID=36, Customer=1, Released 2 seats
[2025-11-12 14:40:41] ? Cancelled expired booking ID=37, Customer=1, Released 1 seats
[2025-11-12 14:40:41] ? Cancelled expired booking ID=38, Customer=1, Released 1 seats
[2025-11-12 14:40:41] ? Cancelled expired booking ID=39, Customer=1, Released 2 seats
[2025-11-12 14:40:41] ? Cancelled expired booking ID=40, Customer=1, Released 2 seats
[2025-11-12 14:40:41] ? Cancelled expired booking ID=41, Customer=1, Released 2 seats
[2025-11-12 14:40:41] ? Cancelled expired booking ID=42, Customer=1, Released 2 seats
[2025-11-12 14:41:41] ? Found 37 expired bookings to cancel
[2025-11-12 14:41:41] ? Cancelled expired booking ID=6, Customer=1, Released 0 seats
[2025-11-12 14:41:41] ? Cancelled expired booking ID=7, Customer=1, Released 0 seats
[2025-11-12 14:41:41] ? Cancelled expired booking ID=8, Customer=1, Released 0 seats
[2025-11-12 14:41:41] ? Cancelled expired booking ID=9, Customer=1, Released 0 seats
[2025-11-12 14:41:41] ? Cancelled expired booking ID=10, Customer=1, Released 1 seats
[2025-11-12 14:41:41] ? Cancelled expired booking ID=11, Customer=1, Released 0 seats
[2025-11-12 14:41:41] ? Cancelled expired booking ID=12, Customer=1, Released 2 seats
[2025-11-12 14:41:41] ? Cancelled expired booking ID=13, Customer=1, Released 1 seats
[2025-11-12 14:41:41] ? Cancelled expired booking ID=14, Customer=1, Released 2 seats
[2025-11-12 14:41:41] ? Cancelled expired booking ID=15, Customer=1, Released 0 seats
[2025-11-12 14:41:41] ? Cancelled expired booking ID=16, Customer=1, Released 0 seats
[2025-11-12 14:41:41] ? Cancelled expired booking ID=17, Customer=1, Released 1 seats
[2025-11-12 14:41:41] ? Cancelled expired booking ID=18, Customer=1, Released 0 seats
[2025-11-12 14:41:41] ? Cancelled expired booking ID=19, Customer=1, Released 1 seats
[2025-11-12 14:41:41] ? Cancelled expired booking ID=20, Customer=1, Released 0 seats
[2025-11-12 14:41:41] ? Cancelled expired booking ID=21, Customer=1, Released 0 seats
[2025-11-12 14:41:41] ? Cancelled expired booking ID=22, Customer=1, Released 0 seats
[2025-11-12 14:41:41] ? Cancelled expired booking ID=23, Customer=1, Released 0 seats
[2025-11-12 14:41:41] ? Cancelled expired booking ID=24, Customer=1, Released 0 seats
[2025-11-12 14:41:41] ? Cancelled expired booking ID=25, Customer=1, Released 0 seats
[2025-11-12 14:41:41] ? Cancelled expired booking ID=26, Customer=1, Released 2 seats
[2025-11-12 14:41:41] ? Cancelled expired booking ID=27, Customer=1, Released 0 seats
[2025-11-12 14:41:41] ? Cancelled expired booking ID=28, Customer=1, Released 0 seats
[2025-11-12 14:41:41] ? Cancelled expired booking ID=29, Customer=1, Released 0 seats
[2025-11-12 14:41:41] ? Cancelled expired booking ID=30, Customer=1, Released 0 seats
[2025-11-12 14:41:41] ? Cancelled expired booking ID=31, Customer=1, Released 1 seats
[2025-11-12 14:41:41] ? Cancelled expired booking ID=32, Customer=1, Released 2 seats
[2025-11-12 14:41:41] ? Cancelled expired booking ID=33, Customer=1, Released 2 seats
[2025-11-12 14:41:41] ? Cancelled expired booking ID=34, Customer=1, Released 2 seats
[2025-11-12 14:41:41] ? Cancelled expired booking ID=35, Customer=1, Released 0 seats
[2025-11-12 14:41:41] ? Cancelled expired booking ID=36, Customer=1, Released 2 seats
[2025-11-12 14:41:41] ? Cancelled expired booking ID=37, Customer=1, Released 1 seats
[2025-11-12 14:41:41] ? Cancelled expired booking ID=38, Customer=1, Released 1 seats
[2025-11-12 14:41:41] ? Cancelled expired booking ID=39, Customer=1, Released 2 seats
[2025-11-12 14:41:41] ? Cancelled expired booking ID=40, Customer=1, Released 2 seats
[2025-11-12 14:41:41] ? Cancelled expired booking ID=41, Customer=1, Released 2 seats
[2025-11-12 14:41:41] ? Cancelled expired booking ID=42, Customer=1, Released 2 seats
[2025-11-12 14:42:41] ? Found 37 expired bookings to cancel
[2025-11-12 14:42:41] ? Cancelled expired booking ID=6, Customer=1, Released 0 seats
[2025-11-12 14:42:41] ? Cancelled expired booking ID=7, Customer=1, Released 0 seats
[2025-11-12 14:42:41] ? Cancelled expired booking ID=8, Customer=1, Released 0 seats
[2025-11-12 14:42:41] ? Cancelled expired booking ID=9, Customer=1, Released 0 seats
[2025-11-12 14:42:41] ? Cancelled expired booking ID=10, Customer=1, Released 1 seats
[2025-11-12 14:42:41] ? Cancelled expired booking ID=11, Customer=1, Released 0 seats
[2025-11-12 14:42:41] ? Cancelled expired booking ID=12, Customer=1, Released 2 seats
[2025-11-12 14:42:41] ? Cancelled expired booking ID=13, Customer=1, Released 1 seats
[2025-11-12 14:42:41] ? Cancelled expired booking ID=14, Customer=1, Released 2 seats
[2025-11-12 14:42:41] ? Cancelled expired booking ID=15, Customer=1, Released 0 seats
[2025-11-12 14:42:41] ? Cancelled expired booking ID=16, Customer=1, Released 0 seats
[2025-11-12 14:42:41] ? Cancelled expired booking ID=17, Customer=1, Released 1 seats
[2025-11-12 14:42:41] ? Cancelled expired booking ID=18, Customer=1, Released 0 seats
[2025-11-12 14:42:41] ? Cancelled expired booking ID=19, Customer=1, Released 1 seats
[2025-11-12 14:42:41] ? Cancelled expired booking ID=20, Customer=1, Released 0 seats
[2025-11-12 14:42:41] ? Cancelled expired booking ID=21, Customer=1, Released 0 seats
[2025-11-12 14:42:41] ? Cancelled expired booking ID=22, Customer=1, Released 0 seats
[2025-11-12 14:42:41] ? Cancelled expired booking ID=23, Customer=1, Released 0 seats
[2025-11-12 14:42:41] ? Cancelled expired booking ID=24, Customer=1, Released 0 seats
[2025-11-12 14:42:41] ? Cancelled expired booking ID=25, Customer=1, Released 0 seats
[2025-11-12 14:42:41] ? Cancelled expired booking ID=26, Customer=1, Released 2 seats
[2025-11-12 14:42:41] ? Cancelled expired booking ID=27, Customer=1, Released 0 seats
[2025-11-12 14:42:41] ? Cancelled expired booking ID=28, Customer=1, Released 0 seats
[2025-11-12 14:42:41] ? Cancelled expired booking ID=29, Customer=1, Released 0 seats
[2025-11-12 14:42:41] ? Cancelled expired booking ID=30, Customer=1, Released 0 seats
[2025-11-12 14:42:41] ? Cancelled expired booking ID=31, Customer=1, Released 1 seats
[2025-11-12 14:42:41] ? Cancelled expired booking ID=32, Customer=1, Released 2 seats
[2025-11-12 14:42:41] ? Cancelled expired booking ID=33, Customer=1, Released 2 seats
[2025-11-12 14:42:41] ? Cancelled expired booking ID=34, Customer=1, Released 2 seats
[2025-11-12 14:42:41] ? Cancelled expired booking ID=35, Customer=1, Released 0 seats
[2025-11-12 14:42:41] ? Cancelled expired booking ID=36, Customer=1, Released 2 seats
[2025-11-12 14:42:41] ? Cancelled expired booking ID=37, Customer=1, Released 1 seats
[2025-11-12 14:42:41] ? Cancelled expired booking ID=38, Customer=1, Released 1 seats
[2025-11-12 14:42:42] ? Cancelled expired booking ID=39, Customer=1, Released 2 seats
[2025-11-12 14:42:42] ? Cancelled expired booking ID=40, Customer=1, Released 2 seats
[2025-11-12 14:42:42] ? Cancelled expired booking ID=41, Customer=1, Released 2 seats
[2025-11-12 14:42:42] ? Cancelled expired booking ID=42, Customer=1, Released 2 seats
[2025-11-12 14:43:41] ? Found 37 expired bookings to cancel
[2025-11-12 14:43:41] ? Cancelled expired booking ID=6, Customer=1, Released 0 seats
[2025-11-12 14:43:41] ? Cancelled expired booking ID=7, Customer=1, Released 0 seats
[2025-11-12 14:43:41] ? Cancelled expired booking ID=8, Customer=1, Released 0 seats
[2025-11-12 14:43:41] ? Cancelled expired booking ID=9, Customer=1, Released 0 seats
[2025-11-12 14:43:41] ? Cancelled expired booking ID=10, Customer=1, Released 1 seats
[2025-11-12 14:43:41] ? Cancelled expired booking ID=11, Customer=1, Released 0 seats
[2025-11-12 14:43:41] ? Cancelled expired booking ID=12, Customer=1, Released 2 seats
[2025-11-12 14:43:41] ? Cancelled expired booking ID=13, Customer=1, Released 1 seats
[2025-11-12 14:43:41] ? Cancelled expired booking ID=14, Customer=1, Released 2 seats
[2025-11-12 14:43:41] ? Cancelled expired booking ID=15, Customer=1, Released 0 seats
[2025-11-12 14:43:41] ? Cancelled expired booking ID=16, Customer=1, Released 0 seats
[2025-11-12 14:43:41] ? Cancelled expired booking ID=17, Customer=1, Released 1 seats
[2025-11-12 14:43:41] ? Cancelled expired booking ID=18, Customer=1, Released 0 seats
[2025-11-12 14:43:41] ? Cancelled expired booking ID=19, Customer=1, Released 1 seats
[2025-11-12 14:43:41] ? Cancelled expired booking ID=20, Customer=1, Released 0 seats
[2025-11-12 14:43:41] ? Cancelled expired booking ID=21, Customer=1, Released 0 seats
[2025-11-12 14:43:41] ? Cancelled expired booking ID=22, Customer=1, Released 0 seats
[2025-11-12 14:43:41] ? Cancelled expired booking ID=23, Customer=1, Released 0 seats
[2025-11-12 14:43:41] ? Cancelled expired booking ID=24, Customer=1, Released 0 seats
[2025-11-12 14:43:41] ? Cancelled expired booking ID=25, Customer=1, Released 0 seats
[2025-11-12 14:43:41] ? Cancelled expired booking ID=26, Customer=1, Released 2 seats
[2025-11-12 14:43:41] ? Cancelled expired booking ID=27, Customer=1, Released 0 seats
[2025-11-12 14:43:41] ? Cancelled expired booking ID=28, Customer=1, Released 0 seats
[2025-11-12 14:43:41] ? Cancelled expired booking ID=29, Customer=1, Released 0 seats
[2025-11-12 14:43:41] ? Cancelled expired booking ID=30, Customer=1, Released 0 seats
[2025-11-12 14:43:41] ? Cancelled expired booking ID=31, Customer=1, Released 1 seats
[2025-11-12 14:43:41] ? Cancelled expired booking ID=32, Customer=1, Released 2 seats
[2025-11-12 14:43:41] ? Cancelled expired booking ID=33, Customer=1, Released 2 seats
[2025-11-12 14:43:41] ? Cancelled expired booking ID=34, Customer=1, Released 2 seats
[2025-11-12 14:43:41] ? Cancelled expired booking ID=35, Customer=1, Released 0 seats
[2025-11-12 14:43:41] ? Cancelled expired booking ID=36, Customer=1, Released 2 seats
[2025-11-12 14:43:41] ? Cancelled expired booking ID=37, Customer=1, Released 1 seats
[2025-11-12 14:43:41] ? Cancelled expired booking ID=38, Customer=1, Released 1 seats
[2025-11-12 14:43:41] ? Cancelled expired booking ID=39, Customer=1, Released 2 seats
[2025-11-12 14:43:41] ? Cancelled expired booking ID=40, Customer=1, Released 2 seats
[2025-11-12 14:43:41] ? Cancelled expired booking ID=41, Customer=1, Released 2 seats
[2025-11-12 14:43:41] ? Cancelled expired booking ID=42, Customer=1, Released 2 seats
[2025-11-12 14:46:29] ? BookingExpirationService started
[2025-11-12 14:47:29] ? Found 37 expired bookings to cancel
[2025-11-12 14:47:30] ? Cancelled expired booking ID=6, Customer=1, Released 0 seats
[2025-11-12 14:47:30] ? Cancelled expired booking ID=7, Customer=1, Released 0 seats
[2025-11-12 14:47:30] ? Cancelled expired booking ID=8, Customer=1, Released 0 seats
[2025-11-12 14:47:30] ? Cancelled expired booking ID=9, Customer=1, Released 0 seats
[2025-11-12 14:47:30] ? Cancelled expired booking ID=10, Customer=1, Released 1 seats
[2025-11-12 14:47:30] ? Cancelled expired booking ID=11, Customer=1, Released 0 seats
[2025-11-12 14:47:30] ? Cancelled expired booking ID=12, Customer=1, Released 2 seats
[2025-11-12 14:47:30] ? Cancelled expired booking ID=13, Customer=1, Released 1 seats
[2025-11-12 14:47:30] ? Cancelled expired booking ID=14, Customer=1, Released 2 seats
[2025-11-12 14:47:30] ? Cancelled expired booking ID=15, Customer=1, Released 0 seats
[2025-11-12 14:47:30] ? Cancelled expired booking ID=16, Customer=1, Released 0 seats
[2025-11-12 14:47:30] ? Cancelled expired booking ID=17, Customer=1, Released 1 seats
[2025-11-12 14:47:30] ? Cancelled expired booking ID=18, Customer=1, Released 0 seats
[2025-11-12 14:47:30] ? Cancelled expired booking ID=19, Customer=1, Released 1 seats
[2025-11-12 14:47:30] ? Cancelled expired booking ID=20, Customer=1, Released 0 seats
[2025-11-12 14:47:30] ? Cancelled expired booking ID=21, Customer=1, Released 0 seats
[2025-11-12 14:47:30] ? Cancelled expired booking ID=22, Customer=1, Released 0 seats
[2025-11-12 14:47:30] ? Cancelled expired booking ID=23, Customer=1, Released 0 seats
[2025-11-12 14:47:30] ? Cancelled expired booking ID=24, Customer=1, Released 0 seats
[2025-11-12 14:47:30] ? Cancelled expired booking ID=25, Customer=1, Released 0 seats
[2025-11-12 14:47:30] ? Cancelled expired booking ID=26, Customer=1, Released 2 seats
[2025-11-12 14:47:30] ? Cancelled expired booking ID=27, Customer=1, Released 0 seats
[2025-11-12 14:47:30] ? Cancelled expired booking ID=28, Customer=1, Released 0 seats
[2025-11-12 14:47:30] ? Cancelled expired booking ID=29, Customer=1, Released 0 seats
[2025-11-12 14:47:30] ? Cancelled expired booking ID=30, Customer=1, Released 0 seats
[2025-11-12 14:47:30] ? Cancelled expired booking ID=31, Customer=1, Released 1 seats
[2025-11-12 14:47:30] ? Cancelled expired booking ID=32, Customer=1, Released 2 seats
[2025-11-12 14:47:30] ? Cancelled expired booking ID=33, Customer=1, Released 2 seats
[2025-11-12 14:47:30] ? Cancelled expired booking ID=34, Customer=1, Released 2 seats
[2025-11-12 14:47:30] ? Cancelled expired booking ID=35, Customer=1, Released 0 seats
[2025-11-12 14:47:30] ? Cancelled expired booking ID=36, Customer=1, Released 2 seats
[2025-11-12 14:47:30] ? Cancelled expired booking ID=37, Customer=1, Released 1 seats
[2025-11-12 14:47:30] ? Cancelled expired booking ID=38, Customer=1, Released 1 seats
[2025-11-12 14:47:30] ? Cancelled expired booking ID=39, Customer=1, Released 2 seats
[2025-11-12 14:47:30] ? Cancelled expired booking ID=40, Customer=1, Released 2 seats
[2025-11-12 14:47:30] ? Cancelled expired booking ID=41, Customer=1, Released 2 seats
[2025-11-12 14:47:30] ? Cancelled expired booking ID=42, Customer=1, Released 2 seats
[2025-11-12 14:56:37] ? BookingExpirationService started
[2025-11-12 14:57:37] ? Found 37 expired bookings to cancel
[2025-11-12 14:57:37] ? Cancelled expired booking ID=6, Customer=1, Released 0 seats
[2025-11-12 14:57:37] ? Cancelled expired booking ID=7, Customer=1, Released 0 seats
[2025-11-12 14:57:37] ? Cancelled expired booking ID=8, Customer=1, Released 0 seats
[2025-11-12 14:57:37] ? Cancelled expired booking ID=9, Customer=1, Released 0 seats
[2025-11-12 14:57:37] ? Cancelled expired booking ID=10, Customer=1, Released 1 seats
[2025-11-12 14:57:37] ? Cancelled expired booking ID=11, Customer=1, Released 0 seats
[2025-11-12 14:57:37] ? Cancelled expired booking ID=12, Customer=1, Released 2 seats
[2025-11-12 14:57:37] ? Cancelled expired booking ID=13, Customer=1, Released 1 seats
[2025-11-12 14:57:37] ? Cancelled expired booking ID=14, Customer=1, Released 2 seats
[2025-11-12 14:57:37] ? Cancelled expired booking ID=15, Customer=1, Released 0 seats
[2025-11-12 14:57:37] ? Cancelled expired booking ID=16, Customer=1, Released 0 seats
[2025-11-12 14:57:37] ? Cancelled expired booking ID=17, Customer=1, Released 1 seats
[2025-11-12 14:57:37] ? Cancelled expired booking ID=18, Customer=1, Released 0 seats
[2025-11-12 14:57:37] ? Cancelled expired booking ID=19, Customer=1, Released 1 seats
[2025-11-12 14:57:37] ? Cancelled expired booking ID=20, Customer=1, Released 0 seats
[2025-11-12 14:57:37] ? Cancelled expired booking ID=21, Customer=1, Released 0 seats
[2025-11-12 14:57:37] ? Cancelled expired booking ID=22, Customer=1, Released 0 seats
[2025-11-12 14:57:37] ? Cancelled expired booking ID=23, Customer=1, Released 0 seats
[2025-11-12 14:57:37] ? Cancelled expired booking ID=24, Customer=1, Released 0 seats
[2025-11-12 14:57:37] ? Cancelled expired booking ID=25, Customer=1, Released 0 seats
[2025-11-12 14:57:37] ? Cancelled expired booking ID=26, Customer=1, Released 2 seats
[2025-11-12 14:57:37] ? Cancelled expired booking ID=27, Customer=1, Released 0 seats
[2025-11-12 14:57:37] ? Cancelled expired booking ID=28, Customer=1, Released 0 seats
[2025-11-12 14:57:37] ? Cancelled expired booking ID=29, Customer=1, Released 0 seats
[2025-11-12 14:57:37] ? Cancelled expired booking ID=30, Customer=1, Released 0 seats
[2025-11-12 14:57:37] ? Cancelled expired booking ID=31, Customer=1, Released 1 seats
[2025-11-12 14:57:37] ? Cancelled expired booking ID=32, Customer=1, Released 2 seats
[2025-11-12 14:57:37] ? Cancelled expired booking ID=33, Customer=1, Released 2 seats
[2025-11-12 14:57:37] ? Cancelled expired booking ID=34, Customer=1, Released 2 seats
[2025-11-12 14:57:37] ? Cancelled expired booking ID=35, Customer=1, Released 0 seats
[2025-11-12 14:57:37] ? Cancelled expired booking ID=36, Customer=1, Released 2 seats
[2025-11-12 14:57:37] ? Cancelled expired booking ID=37, Customer=1, Released 1 seats
[2025-11-12 14:57:37] ? Cancelled expired booking ID=38, Customer=1, Released 1 seats
[2025-11-12 14:57:37] ? Cancelled expired booking ID=39, Customer=1, Released 2 seats
[2025-11-12 14:57:37] ? Cancelled expired booking ID=40, Customer=1, Released 2 seats
[2025-11-12 14:57:37] ? Cancelled expired booking ID=41, Customer=1, Released 2 seats
[2025-11-12 14:57:37] ? Cancelled expired booking ID=42, Customer=1, Released 2 seats
[2025-11-12 14:57:48] ✅ Admin ViewInvoice: Booking ID 53
[2025-11-12 14:58:37] ? Found 37 expired bookings to cancel
[2025-11-12 14:58:37] ? Cancelled expired booking ID=6, Customer=1, Released 0 seats
[2025-11-12 14:58:37] ? Cancelled expired booking ID=7, Customer=1, Released 0 seats
[2025-11-12 14:58:37] ? Cancelled expired booking ID=8, Customer=1, Released 0 seats
[2025-11-12 14:58:37] ? Cancelled expired booking ID=9, Customer=1, Released 0 seats
[2025-11-12 14:58:37] ? Cancelled expired booking ID=10, Customer=1, Released 1 seats
[2025-11-12 14:58:37] ? Cancelled expired booking ID=11, Customer=1, Released 0 seats
[2025-11-12 14:58:37] ? Cancelled expired booking ID=12, Customer=1, Released 2 seats
[2025-11-12 14:58:37] ? Cancelled expired booking ID=13, Customer=1, Released 1 seats
[2025-11-12 14:58:37] ? Cancelled expired booking ID=14, Customer=1, Released 2 seats
[2025-11-12 14:58:37] ? Cancelled expired booking ID=15, Customer=1, Released 0 seats
[2025-11-12 14:58:37] ? Cancelled expired booking ID=16, Customer=1, Released 0 seats
[2025-11-12 14:58:37] ? Cancelled expired booking ID=17, Customer=1, Released 1 seats
[2025-11-12 14:58:37] ? Cancelled expired booking ID=18, Customer=1, Released 0 seats
[2025-11-12 14:58:37] ? Cancelled expired booking ID=19, Customer=1, Released 1 seats
[2025-11-12 14:58:37] ? Cancelled expired booking ID=20, Customer=1, Released 0 seats
[2025-11-12 14:58:37] ? Cancelled expired booking ID=21, Customer=1, Released 0 seats
[2025-11-12 14:58:37] ? Cancelled expired booking ID=22, Customer=1, Released 0 seats
[2025-11-12 14:58:37] ? Cancelled expired booking ID=23, Customer=1, Released 0 seats
[2025-11-12 14:58:37] ? Cancelled expired booking ID=24, Customer=1, Released 0 seats
[2025-11-12 14:58:37] ? Cancelled expired booking ID=25, Customer=1, Released 0 seats
[2025-11-12 14:58:37] ? Cancelled expired booking ID=26, Customer=1, Released 2 seats
[2025-11-12 14:58:37] ? Cancelled expired booking ID=27, Customer=1, Released 0 seats
[2025-11-12 14:58:37] ? Cancelled expired booking ID=28, Customer=1, Released 0 seats
[2025-11-12 14:58:37] ? Cancelled expired booking ID=29, Customer=1, Released 0 seats
[2025-11-12 14:58:37] ? Cancelled expired booking ID=30, Customer=1, Released 0 seats
[2025-11-12 14:58:37] ? Cancelled expired booking ID=31, Customer=1, Released 1 seats
[2025-11-12 14:58:37] ? Cancelled expired booking ID=32, Customer=1, Released 2 seats
[2025-11-12 14:58:37] ? Cancelled expired booking ID=33, Customer=1, Released 2 seats
[2025-11-12 14:58:37] ? Cancelled expired booking ID=34, Customer=1, Released 2 seats
[2025-11-12 14:58:37] ? Cancelled expired booking ID=35, Customer=1, Released 0 seats
[2025-11-12 14:58:37] ? Cancelled expired booking ID=36, Customer=1, Released 2 seats
[2025-11-12 14:58:37] ? Cancelled expired booking ID=37, Customer=1, Released 1 seats
[2025-11-12 14:58:37] ? Cancelled expired booking ID=38, Customer=1, Released 0 seats
[2025-11-12 14:58:37] ? Cancelled expired booking ID=39, Customer=1, Released 2 seats
[2025-11-12 14:58:37] ? Cancelled expired booking ID=40, Customer=1, Released 2 seats
[2025-11-12 14:58:37] ? Cancelled expired booking ID=41, Customer=1, Released 2 seats
[2025-11-12 14:58:37] ? Cancelled expired booking ID=42, Customer=1, Released 2 seats
[2025-11-12 15:01:30] ? BookingExpirationService started
[2025-11-12 15:02:30] ? Found 37 expired bookings to cancel
[2025-11-12 15:02:30] ? Cancelled expired booking ID=6, Customer=1, Released 0 seats
[2025-11-12 15:02:30] ? Cancelled expired booking ID=7, Customer=1, Released 0 seats
[2025-11-12 15:02:30] ? Cancelled expired booking ID=8, Customer=1, Released 0 seats
[2025-11-12 15:02:30] ? Cancelled expired booking ID=9, Customer=1, Released 0 seats
[2025-11-12 15:02:30] ? Cancelled expired booking ID=10, Customer=1, Released 1 seats
[2025-11-12 15:02:30] ? Cancelled expired booking ID=11, Customer=1, Released 0 seats
[2025-11-12 15:02:30] ? Cancelled expired booking ID=12, Customer=1, Released 2 seats
[2025-11-12 15:02:30] ? Cancelled expired booking ID=13, Customer=1, Released 1 seats
[2025-11-12 15:02:30] ? Cancelled expired booking ID=14, Customer=1, Released 2 seats
[2025-11-12 15:02:30] ? Cancelled expired booking ID=15, Customer=1, Released 0 seats
[2025-11-12 15:02:30] ? Cancelled expired booking ID=16, Customer=1, Released 0 seats
[2025-11-12 15:02:30] ? Cancelled expired booking ID=17, Customer=1, Released 1 seats
[2025-11-12 15:02:30] ? Cancelled expired booking ID=18, Customer=1, Released 0 seats
[2025-11-12 15:02:30] ? Cancelled expired booking ID=19, Customer=1, Released 1 seats
[2025-11-12 15:02:30] ? Cancelled expired booking ID=20, Customer=1, Released 0 seats
[2025-11-12 15:02:30] ? Cancelled expired booking ID=21, Customer=1, Released 0 seats
[2025-11-12 15:02:30] ? Cancelled expired booking ID=22, Customer=1, Released 0 seats
[2025-11-12 15:02:30] ? Cancelled expired booking ID=23, Customer=1, Released 0 seats
[2025-11-12 15:02:30] ? Cancelled expired booking ID=24, Customer=1, Released 0 seats
[2025-11-12 15:02:30] ? Cancelled expired booking ID=25, Customer=1, Released 0 seats
[2025-11-12 15:02:30] ? Cancelled expired booking ID=26, Customer=1, Released 2 seats
[2025-11-12 15:02:30] ? Cancelled expired booking ID=27, Customer=1, Released 0 seats
[2025-11-12 15:02:30] ? Cancelled expired booking ID=28, Customer=1, Released 0 seats
[2025-11-12 15:02:30] ? Cancelled expired booking ID=29, Customer=1, Released 0 seats
[2025-11-12 15:02:30] ? Cancelled expired booking ID=30, Customer=1, Released 0 seats
[2025-11-12 15:02:30] ? Cancelled expired booking ID=31, Customer=1, Released 1 seats
[2025-11-12 15:02:30] ? Cancelled expired booking ID=32, Customer=1, Released 2 seats
[2025-11-12 15:02:30] ? Cancelled expired booking ID=33, Customer=1, Released 2 seats
[2025-11-12 15:02:30] ? Cancelled expired booking ID=34, Customer=1, Released 2 seats
[2025-11-12 15:02:30] ? Cancelled expired booking ID=35, Customer=1, Released 0 seats
[2025-11-12 15:02:30] ? Cancelled expired booking ID=36, Customer=1, Released 2 seats
[2025-11-12 15:02:30] ? Cancelled expired booking ID=37, Customer=1, Released 1 seats
[2025-11-12 15:02:30] ? Cancelled expired booking ID=38, Customer=1, Released 0 seats
[2025-11-12 15:02:30] ? Cancelled expired booking ID=39, Customer=1, Released 2 seats
[2025-11-12 15:02:30] ? Cancelled expired booking ID=40, Customer=1, Released 2 seats
[2025-11-12 15:02:30] ? Cancelled expired booking ID=41, Customer=1, Released 2 seats
[2025-11-12 15:02:30] ? Cancelled expired booking ID=42, Customer=1, Released 2 seats
[2025-11-12 15:02:47] ✅ Admin ViewInvoice: Booking ID 54
[2025-11-12 15:03:30] ? Found 37 expired bookings to cancel
[2025-11-12 15:03:30] ? Cancelled expired booking ID=6, Customer=1, Released 0 seats
[2025-11-12 15:03:30] ? Cancelled expired booking ID=7, Customer=1, Released 0 seats
[2025-11-12 15:03:30] ? Cancelled expired booking ID=8, Customer=1, Released 0 seats
[2025-11-12 15:03:30] ? Cancelled expired booking ID=9, Customer=1, Released 0 seats
[2025-11-12 15:03:30] ? Cancelled expired booking ID=10, Customer=1, Released 1 seats
[2025-11-12 15:03:30] ? Cancelled expired booking ID=11, Customer=1, Released 0 seats
[2025-11-12 15:03:30] ? Cancelled expired booking ID=12, Customer=1, Released 2 seats
[2025-11-12 15:03:30] ? Cancelled expired booking ID=13, Customer=1, Released 1 seats
[2025-11-12 15:03:30] ? Cancelled expired booking ID=14, Customer=1, Released 2 seats
[2025-11-12 15:03:30] ? Cancelled expired booking ID=15, Customer=1, Released 0 seats
[2025-11-12 15:03:30] ? Cancelled expired booking ID=16, Customer=1, Released 0 seats
[2025-11-12 15:03:30] ? Cancelled expired booking ID=17, Customer=1, Released 0 seats
[2025-11-12 15:03:30] ? Cancelled expired booking ID=18, Customer=1, Released 0 seats
[2025-11-12 15:03:30] ? Cancelled expired booking ID=19, Customer=1, Released 1 seats
[2025-11-12 15:03:30] ? Cancelled expired booking ID=20, Customer=1, Released 0 seats
[2025-11-12 15:03:30] ? Cancelled expired booking ID=21, Customer=1, Released 0 seats
[2025-11-12 15:03:30] ? Cancelled expired booking ID=22, Customer=1, Released 0 seats
[2025-11-12 15:03:30] ? Cancelled expired booking ID=23, Customer=1, Released 0 seats
[2025-11-12 15:03:30] ? Cancelled expired booking ID=24, Customer=1, Released 0 seats
[2025-11-12 15:03:30] ? Cancelled expired booking ID=25, Customer=1, Released 0 seats
[2025-11-12 15:03:30] ? Cancelled expired booking ID=26, Customer=1, Released 2 seats
[2025-11-12 15:03:30] ? Cancelled expired booking ID=27, Customer=1, Released 0 seats
[2025-11-12 15:03:30] ? Cancelled expired booking ID=28, Customer=1, Released 0 seats
[2025-11-12 15:03:30] ? Cancelled expired booking ID=29, Customer=1, Released 0 seats
[2025-11-12 15:03:30] ? Cancelled expired booking ID=30, Customer=1, Released 0 seats
[2025-11-12 15:03:30] ? Cancelled expired booking ID=31, Customer=1, Released 1 seats
[2025-11-12 15:03:30] ? Cancelled expired booking ID=32, Customer=1, Released 2 seats
[2025-11-12 15:03:30] ? Cancelled expired booking ID=33, Customer=1, Released 2 seats
[2025-11-12 15:03:30] ? Cancelled expired booking ID=34, Customer=1, Released 2 seats
[2025-11-12 15:03:30] ? Cancelled expired booking ID=35, Customer=1, Released 0 seats
[2025-11-12 15:03:30] ? Cancelled expired booking ID=36, Customer=1, Released 2 seats
[2025-11-12 15:03:30] ? Cancelled expired booking ID=37, Customer=1, Released 1 seats
[2025-11-12 15:03:30] ? Cancelled expired booking ID=38, Customer=1, Released 0 seats
[2025-11-12 15:03:30] ? Cancelled expired booking ID=39, Customer=1, Released 2 seats
[2025-11-12 15:03:30] ? Cancelled expired booking ID=40, Customer=1, Released 2 seats
[2025-11-12 15:03:30] ? Cancelled expired booking ID=41, Customer=1, Released 1 seats
[2025-11-12 15:03:30] ? Cancelled expired booking ID=42, Customer=1, Released 2 seats
[2025-11-12 15:04:30] ? Found 37 expired bookings to cancel
[2025-11-12 15:04:30] ? Cancelled expired booking ID=6, Customer=1, Released 0 seats
[2025-11-12 15:04:30] ? Cancelled expired booking ID=7, Customer=1, Released 0 seats
[2025-11-12 15:04:30] ? Cancelled expired booking ID=8, Customer=1, Released 0 seats
[2025-11-12 15:04:30] ? Cancelled expired booking ID=9, Customer=1, Released 0 seats
[2025-11-12 15:04:30] ? Cancelled expired booking ID=10, Customer=1, Released 1 seats
[2025-11-12 15:04:30] ? Cancelled expired booking ID=11, Customer=1, Released 0 seats
[2025-11-12 15:04:30] ? Cancelled expired booking ID=12, Customer=1, Released 2 seats
[2025-11-12 15:04:30] ? Cancelled expired booking ID=13, Customer=1, Released 1 seats
[2025-11-12 15:04:30] ? Cancelled expired booking ID=14, Customer=1, Released 2 seats
[2025-11-12 15:04:30] ? Cancelled expired booking ID=15, Customer=1, Released 0 seats
[2025-11-12 15:04:30] ? Cancelled expired booking ID=16, Customer=1, Released 0 seats
[2025-11-12 15:04:30] ? Cancelled expired booking ID=17, Customer=1, Released 0 seats
[2025-11-12 15:04:30] ? Cancelled expired booking ID=18, Customer=1, Released 0 seats
[2025-11-12 15:04:30] ? Cancelled expired booking ID=19, Customer=1, Released 1 seats
[2025-11-12 15:04:30] ? Cancelled expired booking ID=20, Customer=1, Released 0 seats
[2025-11-12 15:04:30] ? Cancelled expired booking ID=21, Customer=1, Released 0 seats
[2025-11-12 15:04:30] ? Cancelled expired booking ID=22, Customer=1, Released 0 seats
[2025-11-12 15:04:30] ? Cancelled expired booking ID=23, Customer=1, Released 0 seats
[2025-11-12 15:04:30] ? Cancelled expired booking ID=24, Customer=1, Released 0 seats
[2025-11-12 15:04:30] ? Cancelled expired booking ID=25, Customer=1, Released 0 seats
[2025-11-12 15:04:30] ? Cancelled expired booking ID=26, Customer=1, Released 2 seats
[2025-11-12 15:04:30] ? Cancelled expired booking ID=27, Customer=1, Released 0 seats
[2025-11-12 15:04:30] ? Cancelled expired booking ID=28, Customer=1, Released 0 seats
[2025-11-12 15:04:30] ? Cancelled expired booking ID=29, Customer=1, Released 0 seats
[2025-11-12 15:04:30] ? Cancelled expired booking ID=30, Customer=1, Released 0 seats
[2025-11-12 15:04:30] ? Cancelled expired booking ID=31, Customer=1, Released 1 seats
[2025-11-12 15:04:30] ? Cancelled expired booking ID=32, Customer=1, Released 2 seats
[2025-11-12 15:04:30] ? Cancelled expired booking ID=33, Customer=1, Released 2 seats
[2025-11-12 15:04:30] ? Cancelled expired booking ID=34, Customer=1, Released 2 seats
[2025-11-12 15:04:30] ? Cancelled expired booking ID=35, Customer=1, Released 0 seats
[2025-11-12 15:04:30] ? Cancelled expired booking ID=36, Customer=1, Released 2 seats
[2025-11-12 15:04:30] ? Cancelled expired booking ID=37, Customer=1, Released 1 seats
[2025-11-12 15:04:30] ? Cancelled expired booking ID=38, Customer=1, Released 0 seats
[2025-11-12 15:04:30] ? Cancelled expired booking ID=39, Customer=1, Released 2 seats
[2025-11-12 15:04:30] ? Cancelled expired booking ID=40, Customer=1, Released 2 seats
[2025-11-12 15:04:30] ? Cancelled expired booking ID=41, Customer=1, Released 1 seats
[2025-11-12 15:04:30] ? Cancelled expired booking ID=42, Customer=1, Released 2 seats
[2025-11-12 15:05:30] ? Found 37 expired bookings to cancel
[2025-11-12 15:05:30] ? Cancelled expired booking ID=6, Customer=1, Released 0 seats
[2025-11-12 15:05:30] ? Cancelled expired booking ID=7, Customer=1, Released 0 seats
[2025-11-12 15:05:30] ? Cancelled expired booking ID=8, Customer=1, Released 0 seats
[2025-11-12 15:05:30] ? Cancelled expired booking ID=9, Customer=1, Released 0 seats
[2025-11-12 15:05:30] ? Cancelled expired booking ID=10, Customer=1, Released 1 seats
[2025-11-12 15:05:30] ? Cancelled expired booking ID=11, Customer=1, Released 0 seats
[2025-11-12 15:05:30] ? Cancelled expired booking ID=12, Customer=1, Released 2 seats
[2025-11-12 15:05:30] ? Cancelled expired booking ID=13, Customer=1, Released 1 seats
[2025-11-12 15:05:30] ? Cancelled expired booking ID=14, Customer=1, Released 2 seats
[2025-11-12 15:05:30] ? Cancelled expired booking ID=15, Customer=1, Released 0 seats
[2025-11-12 15:05:30] ? Cancelled expired booking ID=16, Customer=1, Released 0 seats
[2025-11-12 15:05:30] ? Cancelled expired booking ID=17, Customer=1, Released 0 seats
[2025-11-12 15:05:30] ? Cancelled expired booking ID=18, Customer=1, Released 0 seats
[2025-11-12 15:05:30] ? Cancelled expired booking ID=19, Customer=1, Released 1 seats
[2025-11-12 15:05:30] ? Cancelled expired booking ID=20, Customer=1, Released 0 seats
[2025-11-12 15:05:30] ? Cancelled expired booking ID=21, Customer=1, Released 0 seats
[2025-11-12 15:05:30] ? Cancelled expired booking ID=22, Customer=1, Released 0 seats
[2025-11-12 15:05:30] ? Cancelled expired booking ID=23, Customer=1, Released 0 seats
[2025-11-12 15:05:30] ? Cancelled expired booking ID=24, Customer=1, Released 0 seats
[2025-11-12 15:05:30] ? Cancelled expired booking ID=25, Customer=1, Released 0 seats
[2025-11-12 15:05:30] ? Cancelled expired booking ID=26, Customer=1, Released 2 seats
[2025-11-12 15:05:30] ? Cancelled expired booking ID=27, Customer=1, Released 0 seats
[2025-11-12 15:05:30] ? Cancelled expired booking ID=28, Customer=1, Released 0 seats
[2025-11-12 15:05:30] ? Cancelled expired booking ID=29, Customer=1, Released 0 seats
[2025-11-12 15:05:30] ? Cancelled expired booking ID=30, Customer=1, Released 0 seats
[2025-11-12 15:05:30] ? Cancelled expired booking ID=31, Customer=1, Released 1 seats
[2025-11-12 15:05:30] ? Cancelled expired booking ID=32, Customer=1, Released 2 seats
[2025-11-12 15:05:30] ? Cancelled expired booking ID=33, Customer=1, Released 2 seats
[2025-11-12 15:05:30] ? Cancelled expired booking ID=34, Customer=1, Released 2 seats
[2025-11-12 15:05:30] ? Cancelled expired booking ID=35, Customer=1, Released 0 seats
[2025-11-12 15:05:30] ? Cancelled expired booking ID=36, Customer=1, Released 2 seats
[2025-11-12 15:05:30] ? Cancelled expired booking ID=37, Customer=1, Released 1 seats
[2025-11-12 15:05:30] ? Cancelled expired booking ID=38, Customer=1, Released 0 seats
[2025-11-12 15:05:30] ? Cancelled expired booking ID=39, Customer=1, Released 2 seats
[2025-11-12 15:05:30] ? Cancelled expired booking ID=40, Customer=1, Released 2 seats
[2025-11-12 15:05:30] ? Cancelled expired booking ID=41, Customer=1, Released 1 seats
[2025-11-12 15:05:30] ? Cancelled expired booking ID=42, Customer=1, Released 2 seats
[2025-11-12 15:06:30] ? Found 37 expired bookings to cancel
[2025-11-12 15:06:30] ? Cancelled expired booking ID=6, Customer=1, Released 0 seats
[2025-11-12 15:06:30] ? Cancelled expired booking ID=7, Customer=1, Released 0 seats
[2025-11-12 15:06:30] ? Cancelled expired booking ID=8, Customer=1, Released 0 seats
[2025-11-12 15:06:30] ? Cancelled expired booking ID=9, Customer=1, Released 0 seats
[2025-11-12 15:06:30] ? Cancelled expired booking ID=10, Customer=1, Released 1 seats
[2025-11-12 15:06:30] ? Cancelled expired booking ID=11, Customer=1, Released 0 seats
[2025-11-12 15:06:30] ? Cancelled expired booking ID=12, Customer=1, Released 2 seats
[2025-11-12 15:06:30] ? Cancelled expired booking ID=13, Customer=1, Released 1 seats
[2025-11-12 15:06:30] ? Cancelled expired booking ID=14, Customer=1, Released 2 seats
[2025-11-12 15:06:30] ? Cancelled expired booking ID=15, Customer=1, Released 0 seats
[2025-11-12 15:06:30] ? Cancelled expired booking ID=16, Customer=1, Released 0 seats
[2025-11-12 15:06:30] ? Cancelled expired booking ID=17, Customer=1, Released 0 seats
[2025-11-12 15:06:30] ? Cancelled expired booking ID=18, Customer=1, Released 0 seats
[2025-11-12 15:06:30] ? Cancelled expired booking ID=19, Customer=1, Released 1 seats
[2025-11-12 15:06:30] ? Cancelled expired booking ID=20, Customer=1, Released 0 seats
[2025-11-12 15:06:30] ? Cancelled expired booking ID=21, Customer=1, Released 0 seats
[2025-11-12 15:06:30] ? Cancelled expired booking ID=22, Customer=1, Released 0 seats
[2025-11-12 15:06:30] ? Cancelled expired booking ID=23, Customer=1, Released 0 seats
[2025-11-12 15:06:30] ? Cancelled expired booking ID=24, Customer=1, Released 0 seats
[2025-11-12 15:06:30] ? Cancelled expired booking ID=25, Customer=1, Released 0 seats
[2025-11-12 15:06:30] ? Cancelled expired booking ID=26, Customer=1, Released 2 seats
[2025-11-12 15:06:30] ? Cancelled expired booking ID=27, Customer=1, Released 0 seats
[2025-11-12 15:06:30] ? Cancelled expired booking ID=28, Customer=1, Released 0 seats
[2025-11-12 15:06:30] ? Cancelled expired booking ID=29, Customer=1, Released 0 seats
[2025-11-12 15:06:30] ? Cancelled expired booking ID=30, Customer=1, Released 0 seats
[2025-11-12 15:06:30] ? Cancelled expired booking ID=31, Customer=1, Released 1 seats
[2025-11-12 15:06:30] ? Cancelled expired booking ID=32, Customer=1, Released 2 seats
[2025-11-12 15:06:30] ? Cancelled expired booking ID=33, Customer=1, Released 2 seats
[2025-11-12 15:06:30] ? Cancelled expired booking ID=34, Customer=1, Released 2 seats
[2025-11-12 15:06:30] ? Cancelled expired booking ID=35, Customer=1, Released 0 seats
[2025-11-12 15:06:30] ? Cancelled expired booking ID=36, Customer=1, Released 2 seats
[2025-11-12 15:06:30] ? Cancelled expired booking ID=37, Customer=1, Released 1 seats
[2025-11-12 15:06:30] ? Cancelled expired booking ID=38, Customer=1, Released 0 seats
[2025-11-12 15:06:30] ? Cancelled expired booking ID=39, Customer=1, Released 2 seats
[2025-11-12 15:06:30] ? Cancelled expired booking ID=40, Customer=1, Released 2 seats
[2025-11-12 15:06:30] ? Cancelled expired booking ID=41, Customer=1, Released 1 seats
[2025-11-12 15:06:30] ? Cancelled expired booking ID=42, Customer=1, Released 2 seats
[2025-11-12 15:07:30] ? Found 37 expired bookings to cancel
[2025-11-12 15:07:30] ? Cancelled expired booking ID=6, Customer=1, Released 0 seats
[2025-11-12 15:07:30] ? Cancelled expired booking ID=7, Customer=1, Released 0 seats
[2025-11-12 15:07:30] ? Cancelled expired booking ID=8, Customer=1, Released 0 seats
[2025-11-12 15:07:30] ? Cancelled expired booking ID=9, Customer=1, Released 0 seats
[2025-11-12 15:07:30] ? Cancelled expired booking ID=10, Customer=1, Released 1 seats
[2025-11-12 15:07:30] ? Cancelled expired booking ID=11, Customer=1, Released 0 seats
[2025-11-12 15:07:30] ? Cancelled expired booking ID=12, Customer=1, Released 2 seats
[2025-11-12 15:07:30] ? Cancelled expired booking ID=13, Customer=1, Released 1 seats
[2025-11-12 15:07:30] ? Cancelled expired booking ID=14, Customer=1, Released 2 seats
[2025-11-12 15:07:30] ? Cancelled expired booking ID=15, Customer=1, Released 0 seats
[2025-11-12 15:07:30] ? Cancelled expired booking ID=16, Customer=1, Released 0 seats
[2025-11-12 15:07:30] ? Cancelled expired booking ID=17, Customer=1, Released 0 seats
[2025-11-12 15:07:30] ? Cancelled expired booking ID=18, Customer=1, Released 0 seats
[2025-11-12 15:07:30] ? Cancelled expired booking ID=19, Customer=1, Released 1 seats
[2025-11-12 15:07:30] ? Cancelled expired booking ID=20, Customer=1, Released 0 seats
[2025-11-12 15:07:30] ? Cancelled expired booking ID=21, Customer=1, Released 0 seats
[2025-11-12 15:07:30] ? Cancelled expired booking ID=22, Customer=1, Released 0 seats
[2025-11-12 15:07:30] ? Cancelled expired booking ID=23, Customer=1, Released 0 seats
[2025-11-12 15:07:30] ? Cancelled expired booking ID=24, Customer=1, Released 0 seats
[2025-11-12 15:07:30] ? Cancelled expired booking ID=25, Customer=1, Released 0 seats
[2025-11-12 15:07:30] ? Cancelled expired booking ID=26, Customer=1, Released 2 seats
[2025-11-12 15:07:30] ? Cancelled expired booking ID=27, Customer=1, Released 0 seats
[2025-11-12 15:07:30] ? Cancelled expired booking ID=28, Customer=1, Released 0 seats
[2025-11-12 15:07:30] ? Cancelled expired booking ID=29, Customer=1, Released 0 seats
[2025-11-12 15:07:30] ? Cancelled expired booking ID=30, Customer=1, Released 0 seats
[2025-11-12 15:07:30] ? Cancelled expired booking ID=31, Customer=1, Released 1 seats
[2025-11-12 15:07:30] ? Cancelled expired booking ID=32, Customer=1, Released 2 seats
[2025-11-12 15:07:30] ? Cancelled expired booking ID=33, Customer=1, Released 2 seats
[2025-11-12 15:07:30] ? Cancelled expired booking ID=34, Customer=1, Released 2 seats
[2025-11-12 15:07:30] ? Cancelled expired booking ID=35, Customer=1, Released 0 seats
[2025-11-12 15:07:30] ? Cancelled expired booking ID=36, Customer=1, Released 2 seats
[2025-11-12 15:07:30] ? Cancelled expired booking ID=37, Customer=1, Released 1 seats
[2025-11-12 15:07:30] ? Cancelled expired booking ID=38, Customer=1, Released 0 seats
[2025-11-12 15:07:30] ? Cancelled expired booking ID=39, Customer=1, Released 2 seats
[2025-11-12 15:07:30] ? Cancelled expired booking ID=40, Customer=1, Released 2 seats
[2025-11-12 15:07:30] ? Cancelled expired booking ID=41, Customer=1, Released 1 seats
[2025-11-12 15:07:30] ? Cancelled expired booking ID=42, Customer=1, Released 2 seats
[2025-11-12 15:08:30] ? Found 37 expired bookings to cancel
[2025-11-12 15:08:30] ? Cancelled expired booking ID=6, Customer=1, Released 0 seats
[2025-11-12 15:08:30] ? Cancelled expired booking ID=7, Customer=1, Released 0 seats
[2025-11-12 15:08:30] ? Cancelled expired booking ID=8, Customer=1, Released 0 seats
[2025-11-12 15:08:30] ? Cancelled expired booking ID=9, Customer=1, Released 0 seats
[2025-11-12 15:08:30] ? Cancelled expired booking ID=10, Customer=1, Released 1 seats
[2025-11-12 15:08:30] ? Cancelled expired booking ID=11, Customer=1, Released 0 seats
[2025-11-12 15:08:30] ? Cancelled expired booking ID=12, Customer=1, Released 2 seats
[2025-11-12 15:08:30] ? Cancelled expired booking ID=13, Customer=1, Released 1 seats
[2025-11-12 15:08:30] ? Cancelled expired booking ID=14, Customer=1, Released 2 seats
[2025-11-12 15:08:30] ? Cancelled expired booking ID=15, Customer=1, Released 0 seats
[2025-11-12 15:08:30] ? Cancelled expired booking ID=16, Customer=1, Released 0 seats
[2025-11-12 15:08:30] ? Cancelled expired booking ID=17, Customer=1, Released 0 seats
[2025-11-12 15:08:30] ? Cancelled expired booking ID=18, Customer=1, Released 0 seats
[2025-11-12 15:08:30] ? Cancelled expired booking ID=19, Customer=1, Released 1 seats
[2025-11-12 15:08:30] ? Cancelled expired booking ID=20, Customer=1, Released 0 seats
[2025-11-12 15:08:30] ? Cancelled expired booking ID=21, Customer=1, Released 0 seats
[2025-11-12 15:08:30] ? Cancelled expired booking ID=22, Customer=1, Released 0 seats
[2025-11-12 15:08:30] ? Cancelled expired booking ID=23, Customer=1, Released 0 seats
[2025-11-12 15:08:30] ? Cancelled expired booking ID=24, Customer=1, Released 0 seats
[2025-11-12 15:08:30] ? Cancelled expired booking ID=25, Customer=1, Released 0 seats
[2025-11-12 15:08:30] ? Cancelled expired booking ID=26, Customer=1, Released 2 seats
[2025-11-12 15:08:30] ? Cancelled expired booking ID=27, Customer=1, Released 0 seats
[2025-11-12 15:08:30] ? Cancelled expired booking ID=28, Customer=1, Released 0 seats
[2025-11-12 15:08:30] ? Cancelled expired booking ID=29, Customer=1, Released 0 seats
[2025-11-12 15:08:30] ? Cancelled expired booking ID=30, Customer=1, Released 0 seats
[2025-11-12 15:08:30] ? Cancelled expired booking ID=31, Customer=1, Released 1 seats
[2025-11-12 15:08:30] ? Cancelled expired booking ID=32, Customer=1, Released 2 seats
[2025-11-12 15:08:30] ? Cancelled expired booking ID=33, Customer=1, Released 2 seats
[2025-11-12 15:08:30] ? Cancelled expired booking ID=34, Customer=1, Released 2 seats
[2025-11-12 15:08:30] ? Cancelled expired booking ID=35, Customer=1, Released 0 seats
[2025-11-12 15:08:30] ? Cancelled expired booking ID=36, Customer=1, Released 2 seats
[2025-11-12 15:08:30] ? Cancelled expired booking ID=37, Customer=1, Released 1 seats
[2025-11-12 15:08:30] ? Cancelled expired booking ID=38, Customer=1, Released 0 seats
[2025-11-12 15:08:30] ? Cancelled expired booking ID=39, Customer=1, Released 2 seats
[2025-11-12 15:08:30] ? Cancelled expired booking ID=40, Customer=1, Released 2 seats
[2025-11-12 15:08:30] ? Cancelled expired booking ID=41, Customer=1, Released 1 seats
[2025-11-12 15:08:30] ? Cancelled expired booking ID=42, Customer=1, Released 2 seats
[2025-11-12 15:15:17] ? BookingExpirationService started
[2025-11-12 15:16:17] ? Found 37 expired bookings to cancel
[2025-11-12 15:16:17] ? Cancelled expired booking ID=6, Customer=1, Released 0 seats
[2025-11-12 15:16:17] ? Cancelled expired booking ID=7, Customer=1, Released 0 seats
[2025-11-12 15:16:17] ? Cancelled expired booking ID=8, Customer=1, Released 0 seats
[2025-11-12 15:16:17] ? Cancelled expired booking ID=9, Customer=1, Released 0 seats
[2025-11-12 15:16:17] ? Cancelled expired booking ID=10, Customer=1, Released 1 seats
[2025-11-12 15:16:17] ? Cancelled expired booking ID=11, Customer=1, Released 0 seats
[2025-11-12 15:16:17] ? Cancelled expired booking ID=12, Customer=1, Released 2 seats
[2025-11-12 15:16:17] ? Cancelled expired booking ID=13, Customer=1, Released 1 seats
[2025-11-12 15:16:17] ? Cancelled expired booking ID=14, Customer=1, Released 2 seats
[2025-11-12 15:16:17] ? Cancelled expired booking ID=15, Customer=1, Released 0 seats
[2025-11-12 15:16:17] ? Cancelled expired booking ID=16, Customer=1, Released 0 seats
[2025-11-12 15:16:17] ? Cancelled expired booking ID=17, Customer=1, Released 0 seats
[2025-11-12 15:16:17] ? Cancelled expired booking ID=18, Customer=1, Released 0 seats
[2025-11-12 15:16:17] ? Cancelled expired booking ID=19, Customer=1, Released 1 seats
[2025-11-12 15:16:17] ? Cancelled expired booking ID=20, Customer=1, Released 0 seats
[2025-11-12 15:16:17] ? Cancelled expired booking ID=21, Customer=1, Released 0 seats
[2025-11-12 15:16:17] ? Cancelled expired booking ID=22, Customer=1, Released 0 seats
[2025-11-12 15:16:17] ? Cancelled expired booking ID=23, Customer=1, Released 0 seats
[2025-11-12 15:16:17] ? Cancelled expired booking ID=24, Customer=1, Released 0 seats
[2025-11-12 15:16:17] ? Cancelled expired booking ID=25, Customer=1, Released 0 seats
[2025-11-12 15:16:17] ? Cancelled expired booking ID=26, Customer=1, Released 2 seats
[2025-11-12 15:16:17] ? Cancelled expired booking ID=27, Customer=1, Released 0 seats
[2025-11-12 15:16:17] ? Cancelled expired booking ID=28, Customer=1, Released 0 seats
[2025-11-12 15:16:17] ? Cancelled expired booking ID=29, Customer=1, Released 0 seats
[2025-11-12 15:16:17] ? Cancelled expired booking ID=30, Customer=1, Released 0 seats
[2025-11-12 15:16:17] ? Cancelled expired booking ID=31, Customer=1, Released 1 seats
[2025-11-12 15:16:17] ? Cancelled expired booking ID=32, Customer=1, Released 2 seats
[2025-11-12 15:16:17] ? Cancelled expired booking ID=33, Customer=1, Released 2 seats
[2025-11-12 15:16:17] ? Cancelled expired booking ID=34, Customer=1, Released 2 seats
[2025-11-12 15:16:17] ? Cancelled expired booking ID=35, Customer=1, Released 0 seats
[2025-11-12 15:16:17] ? Cancelled expired booking ID=36, Customer=1, Released 2 seats
[2025-11-12 15:16:17] ? Cancelled expired booking ID=37, Customer=1, Released 1 seats
[2025-11-12 15:16:17] ? Cancelled expired booking ID=38, Customer=1, Released 0 seats
[2025-11-12 15:16:17] ? Cancelled expired booking ID=39, Customer=1, Released 2 seats
[2025-11-12 15:16:17] ? Cancelled expired booking ID=40, Customer=1, Released 2 seats
[2025-11-12 15:16:17] ? Cancelled expired booking ID=41, Customer=1, Released 1 seats
[2025-11-12 15:16:17] ? Cancelled expired booking ID=42, Customer=1, Released 2 seats
[2025-11-12 15:42:07] ? BookingExpirationService started
[2025-11-12 15:43:07] ? Found 37 expired bookings to cancel
[2025-11-12 15:43:07] ? Cancelled expired booking ID=6, Customer=1, Released 0 seats
[2025-11-12 15:43:07] ? Cancelled expired booking ID=7, Customer=1, Released 0 seats
[2025-11-12 15:43:07] ? Cancelled expired booking ID=8, Customer=1, Released 0 seats
[2025-11-12 15:43:07] ? Cancelled expired booking ID=9, Customer=1, Released 0 seats
[2025-11-12 15:43:07] ? Cancelled expired booking ID=10, Customer=1, Released 1 seats
[2025-11-12 15:43:07] ? Cancelled expired booking ID=11, Customer=1, Released 0 seats
[2025-11-12 15:43:07] ? Cancelled expired booking ID=12, Customer=1, Released 2 seats
[2025-11-12 15:43:07] ? Cancelled expired booking ID=13, Customer=1, Released 1 seats
[2025-11-12 15:43:07] ? Cancelled expired booking ID=14, Customer=1, Released 2 seats
[2025-11-12 15:43:07] ? Cancelled expired booking ID=15, Customer=1, Released 0 seats
[2025-11-12 15:43:07] ? Cancelled expired booking ID=16, Customer=1, Released 0 seats
[2025-11-12 15:43:07] ? Cancelled expired booking ID=17, Customer=1, Released 0 seats
[2025-11-12 15:43:07] ? Cancelled expired booking ID=18, Customer=1, Released 0 seats
[2025-11-12 15:43:07] ? Cancelled expired booking ID=19, Customer=1, Released 1 seats
[2025-11-12 15:43:07] ? Cancelled expired booking ID=20, Customer=1, Released 0 seats
[2025-11-12 15:43:07] ? Cancelled expired booking ID=21, Customer=1, Released 0 seats
[2025-11-12 15:43:07] ? Cancelled expired booking ID=22, Customer=1, Released 0 seats
[2025-11-12 15:43:07] ? Cancelled expired booking ID=23, Customer=1, Released 0 seats
[2025-11-12 15:43:07] ? Cancelled expired booking ID=24, Customer=1, Released 0 seats
[2025-11-12 15:43:07] ? Cancelled expired booking ID=25, Customer=1, Released 0 seats
[2025-11-12 15:43:07] ? Cancelled expired booking ID=26, Customer=1, Released 2 seats
[2025-11-12 15:43:07] ? Cancelled expired booking ID=27, Customer=1, Released 0 seats
[2025-11-12 15:43:07] ? Cancelled expired booking ID=28, Customer=1, Released 0 seats
[2025-11-12 15:43:08] ? Cancelled expired booking ID=29, Customer=1, Released 0 seats
[2025-11-12 15:43:08] ? Cancelled expired booking ID=30, Customer=1, Released 0 seats
[2025-11-12 15:43:08] ? Cancelled expired booking ID=31, Customer=1, Released 1 seats
[2025-11-12 15:43:08] ? Cancelled expired booking ID=32, Customer=1, Released 2 seats
[2025-11-12 15:43:08] ? Cancelled expired booking ID=33, Customer=1, Released 2 seats
[2025-11-12 15:43:08] ? Cancelled expired booking ID=34, Customer=1, Released 2 seats
[2025-11-12 15:43:08] ? Cancelled expired booking ID=35, Customer=1, Released 0 seats
[2025-11-12 15:43:08] ? Cancelled expired booking ID=36, Customer=1, Released 2 seats
[2025-11-12 15:43:08] ? Cancelled expired booking ID=37, Customer=1, Released 1 seats
[2025-11-12 15:43:08] ? Cancelled expired booking ID=38, Customer=1, Released 0 seats
[2025-11-12 15:43:08] ? Cancelled expired booking ID=39, Customer=1, Released 2 seats
[2025-11-12 15:43:08] ? Cancelled expired booking ID=40, Customer=1, Released 2 seats
[2025-11-12 15:43:08] ? Cancelled expired booking ID=41, Customer=1, Released 1 seats
[2025-11-12 15:43:08] ? Cancelled expired booking ID=42, Customer=1, Released 2 seats
[2025-11-12 15:44:07] ? Found 37 expired bookings to cancel
[2025-11-12 15:44:07] ? Cancelled expired booking ID=6, Customer=1, Released 0 seats
[2025-11-12 15:44:07] ? Cancelled expired booking ID=7, Customer=1, Released 0 seats
[2025-11-12 15:44:07] ? Cancelled expired booking ID=8, Customer=1, Released 0 seats
[2025-11-12 15:44:07] ? Cancelled expired booking ID=9, Customer=1, Released 0 seats
[2025-11-12 15:44:07] ? Cancelled expired booking ID=10, Customer=1, Released 1 seats
[2025-11-12 15:44:07] ? Cancelled expired booking ID=11, Customer=1, Released 0 seats
[2025-11-12 15:44:07] ? Cancelled expired booking ID=12, Customer=1, Released 2 seats
[2025-11-12 15:44:07] ? Cancelled expired booking ID=13, Customer=1, Released 1 seats
[2025-11-12 15:44:07] ? Cancelled expired booking ID=14, Customer=1, Released 2 seats
[2025-11-12 15:44:07] ? Cancelled expired booking ID=15, Customer=1, Released 0 seats
[2025-11-12 15:44:07] ? Cancelled expired booking ID=16, Customer=1, Released 0 seats
[2025-11-12 15:44:07] ? Cancelled expired booking ID=17, Customer=1, Released 0 seats
[2025-11-12 15:44:07] ? Cancelled expired booking ID=18, Customer=1, Released 0 seats
[2025-11-12 15:44:07] ? Cancelled expired booking ID=19, Customer=1, Released 1 seats
[2025-11-12 15:44:07] ? Cancelled expired booking ID=20, Customer=1, Released 0 seats
[2025-11-12 15:44:07] ? Cancelled expired booking ID=21, Customer=1, Released 0 seats
[2025-11-12 15:44:07] ? Cancelled expired booking ID=22, Customer=1, Released 0 seats
[2025-11-12 15:44:07] ? Cancelled expired booking ID=23, Customer=1, Released 0 seats
[2025-11-12 15:44:07] ? Cancelled expired booking ID=24, Customer=1, Released 0 seats
[2025-11-12 15:44:07] ? Cancelled expired booking ID=25, Customer=1, Released 0 seats
[2025-11-12 15:44:07] ? Cancelled expired booking ID=26, Customer=1, Released 2 seats
[2025-11-12 15:44:07] ? Cancelled expired booking ID=27, Customer=1, Released 0 seats
[2025-11-12 15:44:07] ? Cancelled expired booking ID=28, Customer=1, Released 0 seats
[2025-11-12 15:44:07] ? Cancelled expired booking ID=29, Customer=1, Released 0 seats
[2025-11-12 15:44:07] ? Cancelled expired booking ID=30, Customer=1, Released 0 seats
[2025-11-12 15:44:07] ? Cancelled expired booking ID=31, Customer=1, Released 1 seats
[2025-11-12 15:44:07] ? Cancelled expired booking ID=32, Customer=1, Released 2 seats
[2025-11-12 15:44:07] ? Cancelled expired booking ID=33, Customer=1, Released 2 seats
[2025-11-12 15:44:07] ? Cancelled expired booking ID=34, Customer=1, Released 2 seats
[2025-11-12 15:44:07] ? Cancelled expired booking ID=35, Customer=1, Released 0 seats
[2025-11-12 15:44:07] ? Cancelled expired booking ID=36, Customer=1, Released 2 seats
[2025-11-12 15:44:07] ? Cancelled expired booking ID=37, Customer=1, Released 1 seats
[2025-11-12 15:44:07] ? Cancelled expired booking ID=38, Customer=1, Released 0 seats
[2025-11-12 15:44:07] ? Cancelled expired booking ID=39, Customer=1, Released 2 seats
[2025-11-12 15:44:07] ? Cancelled expired booking ID=40, Customer=1, Released 2 seats
[2025-11-12 15:44:07] ? Cancelled expired booking ID=41, Customer=1, Released 1 seats
[2025-11-12 15:44:07] ? Cancelled expired booking ID=42, Customer=1, Released 2 seats
[2025-11-12 15:45:07] ? Found 37 expired bookings to cancel
[2025-11-12 15:45:07] ? Cancelled expired booking ID=6, Customer=1, Released 0 seats
[2025-11-12 15:45:07] ? Cancelled expired booking ID=7, Customer=1, Released 0 seats
[2025-11-12 15:45:07] ? Cancelled expired booking ID=8, Customer=1, Released 0 seats
[2025-11-12 15:45:07] ? Cancelled expired booking ID=9, Customer=1, Released 0 seats
[2025-11-12 15:45:07] ? Cancelled expired booking ID=10, Customer=1, Released 1 seats
[2025-11-12 15:45:07] ? Cancelled expired booking ID=11, Customer=1, Released 0 seats
[2025-11-12 15:45:07] ? Cancelled expired booking ID=12, Customer=1, Released 2 seats
[2025-11-12 15:45:07] ? Cancelled expired booking ID=13, Customer=1, Released 1 seats
[2025-11-12 15:45:07] ? Cancelled expired booking ID=14, Customer=1, Released 2 seats
[2025-11-12 15:45:07] ? Cancelled expired booking ID=15, Customer=1, Released 0 seats
[2025-11-12 15:45:07] ? Cancelled expired booking ID=16, Customer=1, Released 0 seats
[2025-11-12 15:45:07] ? Cancelled expired booking ID=17, Customer=1, Released 0 seats
[2025-11-12 15:45:07] ? Cancelled expired booking ID=18, Customer=1, Released 0 seats
[2025-11-12 15:45:07] ? Cancelled expired booking ID=19, Customer=1, Released 1 seats
[2025-11-12 15:45:07] ? Cancelled expired booking ID=20, Customer=1, Released 0 seats
[2025-11-12 15:45:07] ? Cancelled expired booking ID=21, Customer=1, Released 0 seats
[2025-11-12 15:45:07] ? Cancelled expired booking ID=22, Customer=1, Released 0 seats
[2025-11-12 15:45:07] ? Cancelled expired booking ID=23, Customer=1, Released 0 seats
[2025-11-12 15:45:07] ? Cancelled expired booking ID=24, Customer=1, Released 0 seats
[2025-11-12 15:45:07] ? Cancelled expired booking ID=25, Customer=1, Released 0 seats
[2025-11-12 15:45:07] ? Cancelled expired booking ID=26, Customer=1, Released 2 seats
[2025-11-12 15:45:07] ? Cancelled expired booking ID=27, Customer=1, Released 0 seats
[2025-11-12 15:45:07] ? Cancelled expired booking ID=28, Customer=1, Released 0 seats
[2025-11-12 15:45:07] ? Cancelled expired booking ID=29, Customer=1, Released 0 seats
[2025-11-12 15:45:07] ? Cancelled expired booking ID=30, Customer=1, Released 0 seats
[2025-11-12 15:45:07] ? Cancelled expired booking ID=31, Customer=1, Released 1 seats
[2025-11-12 15:45:07] ? Cancelled expired booking ID=32, Customer=1, Released 2 seats
[2025-11-12 15:45:08] ? Cancelled expired booking ID=33, Customer=1, Released 2 seats
[2025-11-12 15:45:08] ? Cancelled expired booking ID=34, Customer=1, Released 2 seats
[2025-11-12 15:45:08] ? Cancelled expired booking ID=35, Customer=1, Released 0 seats
[2025-11-12 15:45:08] ? Cancelled expired booking ID=36, Customer=1, Released 2 seats
[2025-11-12 15:45:08] ? Cancelled expired booking ID=37, Customer=1, Released 1 seats
[2025-11-12 15:45:08] ? Cancelled expired booking ID=38, Customer=1, Released 0 seats
[2025-11-12 15:45:08] ? Cancelled expired booking ID=39, Customer=1, Released 2 seats
[2025-11-12 15:45:08] ? Cancelled expired booking ID=40, Customer=1, Released 2 seats
[2025-11-12 15:45:08] ? Cancelled expired booking ID=41, Customer=1, Released 1 seats
[2025-11-12 15:45:08] ? Cancelled expired booking ID=42, Customer=1, Released 2 seats
[2025-11-12 15:46:07] ? Found 37 expired bookings to cancel
[2025-11-12 15:46:07] ? Cancelled expired booking ID=6, Customer=1, Released 0 seats
[2025-11-12 15:46:07] ? Cancelled expired booking ID=7, Customer=1, Released 0 seats
[2025-11-12 15:46:07] ? Cancelled expired booking ID=8, Customer=1, Released 0 seats
[2025-11-12 15:46:07] ? Cancelled expired booking ID=9, Customer=1, Released 0 seats
[2025-11-12 15:46:07] ? Cancelled expired booking ID=10, Customer=1, Released 1 seats
[2025-11-12 15:46:07] ? Cancelled expired booking ID=11, Customer=1, Released 0 seats
[2025-11-12 15:46:07] ? Cancelled expired booking ID=12, Customer=1, Released 2 seats
[2025-11-12 15:46:07] ? Cancelled expired booking ID=13, Customer=1, Released 1 seats
[2025-11-12 15:46:07] ? Cancelled expired booking ID=14, Customer=1, Released 2 seats
[2025-11-12 15:46:07] ? Cancelled expired booking ID=15, Customer=1, Released 0 seats
[2025-11-12 15:46:07] ? Cancelled expired booking ID=16, Customer=1, Released 0 seats
[2025-11-12 15:46:07] ? Cancelled expired booking ID=17, Customer=1, Released 0 seats
[2025-11-12 15:46:07] ? Cancelled expired booking ID=18, Customer=1, Released 0 seats
[2025-11-12 15:46:07] ? Cancelled expired booking ID=19, Customer=1, Released 1 seats
[2025-11-12 15:46:07] ? Cancelled expired booking ID=20, Customer=1, Released 0 seats
[2025-11-12 15:46:07] ? Cancelled expired booking ID=21, Customer=1, Released 0 seats
[2025-11-12 15:46:07] ? Cancelled expired booking ID=22, Customer=1, Released 0 seats
[2025-11-12 15:46:07] ? Cancelled expired booking ID=23, Customer=1, Released 0 seats
[2025-11-12 15:46:07] ? Cancelled expired booking ID=24, Customer=1, Released 0 seats
[2025-11-12 15:46:07] ? Cancelled expired booking ID=25, Customer=1, Released 0 seats
[2025-11-12 15:46:07] ? Cancelled expired booking ID=26, Customer=1, Released 2 seats
[2025-11-12 15:46:07] ? Cancelled expired booking ID=27, Customer=1, Released 0 seats
[2025-11-12 15:46:07] ? Cancelled expired booking ID=28, Customer=1, Released 0 seats
[2025-11-12 15:46:07] ? Cancelled expired booking ID=29, Customer=1, Released 0 seats
[2025-11-12 15:46:07] ? Cancelled expired booking ID=30, Customer=1, Released 0 seats
[2025-11-12 15:46:07] ? Cancelled expired booking ID=31, Customer=1, Released 1 seats
[2025-11-12 15:46:07] ? Cancelled expired booking ID=32, Customer=1, Released 2 seats
[2025-11-12 15:46:07] ? Cancelled expired booking ID=33, Customer=1, Released 2 seats
[2025-11-12 15:46:07] ? Cancelled expired booking ID=34, Customer=1, Released 2 seats
[2025-11-12 15:46:07] ? Cancelled expired booking ID=35, Customer=1, Released 0 seats
[2025-11-12 15:46:07] ? Cancelled expired booking ID=36, Customer=1, Released 2 seats
[2025-11-12 15:46:07] ? Cancelled expired booking ID=37, Customer=1, Released 1 seats
[2025-11-12 15:46:07] ? Cancelled expired booking ID=38, Customer=1, Released 0 seats
[2025-11-12 15:46:07] ? Cancelled expired booking ID=39, Customer=1, Released 2 seats
[2025-11-12 15:46:07] ? Cancelled expired booking ID=40, Customer=1, Released 2 seats
[2025-11-12 15:46:07] ? Cancelled expired booking ID=41, Customer=1, Released 1 seats
[2025-11-12 15:46:07] ? Cancelled expired booking ID=42, Customer=1, Released 2 seats
[2025-11-12 15:47:07] ? Found 37 expired bookings to cancel
[2025-11-12 15:47:07] ? Cancelled expired booking ID=6, Customer=1, Released 0 seats
[2025-11-12 15:47:07] ? Cancelled expired booking ID=7, Customer=1, Released 0 seats
[2025-11-12 15:47:07] ? Cancelled expired booking ID=8, Customer=1, Released 0 seats
[2025-11-12 15:47:07] ? Cancelled expired booking ID=9, Customer=1, Released 0 seats
[2025-11-12 15:47:07] ? Cancelled expired booking ID=10, Customer=1, Released 1 seats
[2025-11-12 15:47:07] ? Cancelled expired booking ID=11, Customer=1, Released 0 seats
[2025-11-12 15:47:07] ? Cancelled expired booking ID=12, Customer=1, Released 2 seats
[2025-11-12 15:47:07] ? Cancelled expired booking ID=13, Customer=1, Released 1 seats
[2025-11-12 15:47:07] ? Cancelled expired booking ID=14, Customer=1, Released 2 seats
[2025-11-12 15:47:07] ? Cancelled expired booking ID=15, Customer=1, Released 0 seats
[2025-11-12 15:47:07] ? Cancelled expired booking ID=16, Customer=1, Released 0 seats
[2025-11-12 15:47:07] ? Cancelled expired booking ID=17, Customer=1, Released 0 seats
[2025-11-12 15:47:07] ? Cancelled expired booking ID=18, Customer=1, Released 0 seats
[2025-11-12 15:47:07] ? Cancelled expired booking ID=19, Customer=1, Released 1 seats
[2025-11-12 15:47:07] ? Cancelled expired booking ID=20, Customer=1, Released 0 seats
[2025-11-12 15:47:07] ? Cancelled expired booking ID=21, Customer=1, Released 0 seats
[2025-11-12 15:47:07] ? Cancelled expired booking ID=22, Customer=1, Released 0 seats
[2025-11-12 15:47:07] ? Cancelled expired booking ID=23, Customer=1, Released 0 seats
[2025-11-12 15:47:07] ? Cancelled expired booking ID=24, Customer=1, Released 0 seats
[2025-11-12 15:47:07] ? Cancelled expired booking ID=25, Customer=1, Released 0 seats
[2025-11-12 15:47:07] ? Cancelled expired booking ID=26, Customer=1, Released 2 seats
[2025-11-12 15:47:07] ? Cancelled expired booking ID=27, Customer=1, Released 0 seats
[2025-11-12 15:47:07] ? Cancelled expired booking ID=28, Customer=1, Released 0 seats
[2025-11-12 15:47:07] ? Cancelled expired booking ID=29, Customer=1, Released 0 seats
[2025-11-12 15:47:07] ? Cancelled expired booking ID=30, Customer=1, Released 0 seats
[2025-11-12 15:47:07] ? Cancelled expired booking ID=31, Customer=1, Released 1 seats
[2025-11-12 15:47:07] ? Cancelled expired booking ID=32, Customer=1, Released 2 seats
[2025-11-12 15:47:07] ? Cancelled expired booking ID=33, Customer=1, Released 2 seats
[2025-11-12 15:47:07] ? Cancelled expired booking ID=34, Customer=1, Released 2 seats
[2025-11-12 15:47:07] ? Cancelled expired booking ID=35, Customer=1, Released 0 seats
[2025-11-12 15:47:07] ? Cancelled expired booking ID=36, Customer=1, Released 2 seats
[2025-11-12 15:47:07] ? Cancelled expired booking ID=37, Customer=1, Released 1 seats
[2025-11-12 15:47:07] ? Cancelled expired booking ID=38, Customer=1, Released 0 seats
[2025-11-12 15:47:07] ? Cancelled expired booking ID=39, Customer=1, Released 2 seats
[2025-11-12 15:47:07] ? Cancelled expired booking ID=40, Customer=1, Released 2 seats
[2025-11-12 15:47:07] ? Cancelled expired booking ID=41, Customer=1, Released 1 seats
[2025-11-12 15:47:07] ? Cancelled expired booking ID=42, Customer=1, Released 2 seats
[2025-11-12 15:48:07] ? Found 37 expired bookings to cancel
[2025-11-12 15:48:07] ? Cancelled expired booking ID=6, Customer=1, Released 0 seats
[2025-11-12 15:48:07] ? Cancelled expired booking ID=7, Customer=1, Released 0 seats
[2025-11-12 15:48:07] ? Cancelled expired booking ID=8, Customer=1, Released 0 seats
[2025-11-12 15:48:07] ? Cancelled expired booking ID=9, Customer=1, Released 0 seats
[2025-11-12 15:48:07] ? Cancelled expired booking ID=10, Customer=1, Released 1 seats
[2025-11-12 15:48:07] ? Cancelled expired booking ID=11, Customer=1, Released 0 seats
[2025-11-12 15:48:07] ? Cancelled expired booking ID=12, Customer=1, Released 2 seats
[2025-11-12 15:48:07] ? Cancelled expired booking ID=13, Customer=1, Released 1 seats
[2025-11-12 15:48:07] ? Cancelled expired booking ID=14, Customer=1, Released 2 seats
[2025-11-12 15:48:07] ? Cancelled expired booking ID=15, Customer=1, Released 0 seats
[2025-11-12 15:48:07] ? Cancelled expired booking ID=16, Customer=1, Released 0 seats
[2025-11-12 15:48:07] ? Cancelled expired booking ID=17, Customer=1, Released 0 seats
[2025-11-12 15:48:07] ? Cancelled expired booking ID=18, Customer=1, Released 0 seats
[2025-11-12 15:48:07] ? Cancelled expired booking ID=19, Customer=1, Released 1 seats
[2025-11-12 15:48:07] ? Cancelled expired booking ID=20, Customer=1, Released 0 seats
[2025-11-12 15:48:07] ? Cancelled expired booking ID=21, Customer=1, Released 0 seats
[2025-11-12 15:48:07] ? Cancelled expired booking ID=22, Customer=1, Released 0 seats
[2025-11-12 15:48:07] ? Cancelled expired booking ID=23, Customer=1, Released 0 seats
[2025-11-12 15:48:07] ? Cancelled expired booking ID=24, Customer=1, Released 0 seats
[2025-11-12 15:48:07] ? Cancelled expired booking ID=25, Customer=1, Released 0 seats
[2025-11-12 15:48:07] ? Cancelled expired booking ID=26, Customer=1, Released 2 seats
[2025-11-12 15:48:07] ? Cancelled expired booking ID=27, Customer=1, Released 0 seats
[2025-11-12 15:48:07] ? Cancelled expired booking ID=28, Customer=1, Released 0 seats
[2025-11-12 15:48:07] ? Cancelled expired booking ID=29, Customer=1, Released 0 seats
[2025-11-12 15:48:07] ? Cancelled expired booking ID=30, Customer=1, Released 0 seats
[2025-11-12 15:48:07] ? Cancelled expired booking ID=31, Customer=1, Released 1 seats
[2025-11-12 15:48:07] ? Cancelled expired booking ID=32, Customer=1, Released 2 seats
[2025-11-12 15:48:07] ? Cancelled expired booking ID=33, Customer=1, Released 2 seats
[2025-11-12 15:48:07] ? Cancelled expired booking ID=34, Customer=1, Released 2 seats
[2025-11-12 15:48:07] ? Cancelled expired booking ID=35, Customer=1, Released 0 seats
[2025-11-12 15:48:07] ? Cancelled expired booking ID=36, Customer=1, Released 2 seats
[2025-11-12 15:48:07] ? Cancelled expired booking ID=37, Customer=1, Released 1 seats
[2025-11-12 15:48:07] ? Cancelled expired booking ID=38, Customer=1, Released 0 seats
[2025-11-12 15:48:07] ? Cancelled expired booking ID=39, Customer=1, Released 2 seats
[2025-11-12 15:48:07] ? Cancelled expired booking ID=40, Customer=1, Released 2 seats
[2025-11-12 15:48:07] ? Cancelled expired booking ID=41, Customer=1, Released 1 seats
[2025-11-12 15:48:07] ? Cancelled expired booking ID=42, Customer=1, Released 2 seats
[2025-11-12 15:49:07] ? Found 37 expired bookings to cancel
[2025-11-12 15:49:07] ? Cancelled expired booking ID=6, Customer=1, Released 0 seats
[2025-11-12 15:49:07] ? Cancelled expired booking ID=7, Customer=1, Released 0 seats
[2025-11-12 15:49:07] ? Cancelled expired booking ID=8, Customer=1, Released 0 seats
[2025-11-12 15:49:07] ? Cancelled expired booking ID=9, Customer=1, Released 0 seats
[2025-11-12 15:49:07] ? Cancelled expired booking ID=10, Customer=1, Released 1 seats
[2025-11-12 15:49:07] ? Cancelled expired booking ID=11, Customer=1, Released 0 seats
[2025-11-12 15:49:07] ? Cancelled expired booking ID=12, Customer=1, Released 2 seats
[2025-11-12 15:49:07] ? Cancelled expired booking ID=13, Customer=1, Released 1 seats
[2025-11-12 15:49:07] ? Cancelled expired booking ID=14, Customer=1, Released 2 seats
[2025-11-12 15:49:07] ? Cancelled expired booking ID=15, Customer=1, Released 0 seats
[2025-11-12 15:49:07] ? Cancelled expired booking ID=16, Customer=1, Released 0 seats
[2025-11-12 15:49:07] ? Cancelled expired booking ID=17, Customer=1, Released 0 seats
[2025-11-12 15:49:07] ? Cancelled expired booking ID=18, Customer=1, Released 0 seats
[2025-11-12 15:49:07] ? Cancelled expired booking ID=19, Customer=1, Released 1 seats
[2025-11-12 15:49:07] ? Cancelled expired booking ID=20, Customer=1, Released 0 seats
[2025-11-12 15:49:07] ? Cancelled expired booking ID=21, Customer=1, Released 0 seats
[2025-11-12 15:49:07] ? Cancelled expired booking ID=22, Customer=1, Released 0 seats
[2025-11-12 15:49:07] ? Cancelled expired booking ID=23, Customer=1, Released 0 seats
[2025-11-12 15:49:07] ? Cancelled expired booking ID=24, Customer=1, Released 0 seats
[2025-11-12 15:49:07] ? Cancelled expired booking ID=25, Customer=1, Released 0 seats
[2025-11-12 15:49:07] ? Cancelled expired booking ID=26, Customer=1, Released 2 seats
[2025-11-12 15:49:07] ? Cancelled expired booking ID=27, Customer=1, Released 0 seats
[2025-11-12 15:49:07] ? Cancelled expired booking ID=28, Customer=1, Released 0 seats
[2025-11-12 15:49:07] ? Cancelled expired booking ID=29, Customer=1, Released 0 seats
[2025-11-12 15:49:07] ? Cancelled expired booking ID=30, Customer=1, Released 0 seats
[2025-11-12 15:49:07] ? Cancelled expired booking ID=31, Customer=1, Released 1 seats
[2025-11-12 15:49:07] ? Cancelled expired booking ID=32, Customer=1, Released 2 seats
[2025-11-12 15:49:07] ? Cancelled expired booking ID=33, Customer=1, Released 2 seats
[2025-11-12 15:49:07] ? Cancelled expired booking ID=34, Customer=1, Released 2 seats
[2025-11-12 15:49:07] ? Cancelled expired booking ID=35, Customer=1, Released 0 seats
[2025-11-12 15:49:07] ? Cancelled expired booking ID=36, Customer=1, Released 2 seats
[2025-11-12 15:49:07] ? Cancelled expired booking ID=37, Customer=1, Released 1 seats
[2025-11-12 15:49:07] ? Cancelled expired booking ID=38, Customer=1, Released 0 seats
[2025-11-12 15:49:07] ? Cancelled expired booking ID=39, Customer=1, Released 2 seats
[2025-11-12 15:49:07] ? Cancelled expired booking ID=40, Customer=1, Released 2 seats
[2025-11-12 15:49:07] ? Cancelled expired booking ID=41, Customer=1, Released 1 seats
[2025-11-12 15:49:07] ? Cancelled expired booking ID=42, Customer=1, Released 2 seats
[2025-11-12 15:50:07] ? Found 37 expired bookings to cancel
[2025-11-12 15:50:07] ? Cancelled expired booking ID=6, Customer=1, Released 0 seats
[2025-11-12 15:50:07] ? Cancelled expired booking ID=7, Customer=1, Released 0 seats
[2025-11-12 15:50:07] ? Cancelled expired booking ID=8, Customer=1, Released 0 seats
[2025-11-12 15:50:07] ? Cancelled expired booking ID=9, Customer=1, Released 0 seats
[2025-11-12 15:50:07] ? Cancelled expired booking ID=10, Customer=1, Released 1 seats
[2025-11-12 15:50:07] ? Cancelled expired booking ID=11, Customer=1, Released 0 seats
[2025-11-12 15:50:07] ? Cancelled expired booking ID=12, Customer=1, Released 2 seats
[2025-11-12 15:50:07] ? Cancelled expired booking ID=13, Customer=1, Released 1 seats
[2025-11-12 15:50:07] ? Cancelled expired booking ID=14, Customer=1, Released 2 seats
[2025-11-12 15:50:07] ? Cancelled expired booking ID=15, Customer=1, Released 0 seats
[2025-11-12 15:50:07] ? Cancelled expired booking ID=16, Customer=1, Released 0 seats
[2025-11-12 15:50:07] ? Cancelled expired booking ID=17, Customer=1, Released 0 seats
[2025-11-12 15:50:07] ? Cancelled expired booking ID=18, Customer=1, Released 0 seats
[2025-11-12 15:50:07] ? Cancelled expired booking ID=19, Customer=1, Released 1 seats
[2025-11-12 15:50:07] ? Cancelled expired booking ID=20, Customer=1, Released 0 seats
[2025-11-12 15:50:07] ? Cancelled expired booking ID=21, Customer=1, Released 0 seats
[2025-11-12 15:50:07] ? Cancelled expired booking ID=22, Customer=1, Released 0 seats
[2025-11-12 15:50:07] ? Cancelled expired booking ID=23, Customer=1, Released 0 seats
[2025-11-12 15:50:07] ? Cancelled expired booking ID=24, Customer=1, Released 0 seats
[2025-11-12 15:50:07] ? Cancelled expired booking ID=25, Customer=1, Released 0 seats
[2025-11-12 15:50:07] ? Cancelled expired booking ID=26, Customer=1, Released 2 seats
[2025-11-12 15:50:07] ? Cancelled expired booking ID=27, Customer=1, Released 0 seats
[2025-11-12 15:50:07] ? Cancelled expired booking ID=28, Customer=1, Released 0 seats
[2025-11-12 15:50:07] ? Cancelled expired booking ID=29, Customer=1, Released 0 seats
[2025-11-12 15:50:07] ? Cancelled expired booking ID=30, Customer=1, Released 0 seats
[2025-11-12 15:50:07] ? Cancelled expired booking ID=31, Customer=1, Released 1 seats
[2025-11-12 15:50:07] ? Cancelled expired booking ID=32, Customer=1, Released 2 seats
[2025-11-12 15:50:07] ? Cancelled expired booking ID=33, Customer=1, Released 2 seats
[2025-11-12 15:50:07] ? Cancelled expired booking ID=34, Customer=1, Released 2 seats
[2025-11-12 15:50:07] ? Cancelled expired booking ID=35, Customer=1, Released 0 seats
[2025-11-12 15:50:07] ? Cancelled expired booking ID=36, Customer=1, Released 2 seats
[2025-11-12 15:50:07] ? Cancelled expired booking ID=37, Customer=1, Released 1 seats
[2025-11-12 15:50:07] ? Cancelled expired booking ID=38, Customer=1, Released 0 seats
[2025-11-12 15:50:07] ? Cancelled expired booking ID=39, Customer=1, Released 2 seats
[2025-11-12 15:50:07] ? Cancelled expired booking ID=40, Customer=1, Released 2 seats
[2025-11-12 15:50:07] ? Cancelled expired booking ID=41, Customer=1, Released 1 seats
[2025-11-12 15:50:07] ? Cancelled expired booking ID=42, Customer=1, Released 2 seats
[2025-11-12 15:51:07] ? Found 37 expired bookings to cancel
[2025-11-12 15:51:07] ? Cancelled expired booking ID=6, Customer=1, Released 0 seats
[2025-11-12 15:51:07] ? Cancelled expired booking ID=7, Customer=1, Released 0 seats
[2025-11-12 15:51:07] ? Cancelled expired booking ID=8, Customer=1, Released 0 seats
[2025-11-12 15:51:07] ? Cancelled expired booking ID=9, Customer=1, Released 0 seats
[2025-11-12 15:51:07] ? Cancelled expired booking ID=10, Customer=1, Released 1 seats
[2025-11-12 15:51:07] ? Cancelled expired booking ID=11, Customer=1, Released 0 seats
[2025-11-12 15:51:07] ? Cancelled expired booking ID=12, Customer=1, Released 2 seats
[2025-11-12 15:51:07] ? Cancelled expired booking ID=13, Customer=1, Released 1 seats
[2025-11-12 15:51:07] ? Cancelled expired booking ID=14, Customer=1, Released 2 seats
[2025-11-12 15:51:07] ? Cancelled expired booking ID=15, Customer=1, Released 0 seats
[2025-11-12 15:51:07] ? Cancelled expired booking ID=16, Customer=1, Released 0 seats
[2025-11-12 15:51:07] ? Cancelled expired booking ID=17, Customer=1, Released 0 seats
[2025-11-12 15:51:07] ? Cancelled expired booking ID=18, Customer=1, Released 0 seats
[2025-11-12 15:51:07] ? Cancelled expired booking ID=19, Customer=1, Released 1 seats
[2025-11-12 15:51:07] ? Cancelled expired booking ID=20, Customer=1, Released 0 seats
[2025-11-12 15:51:07] ? Cancelled expired booking ID=21, Customer=1, Released 0 seats
[2025-11-12 15:51:07] ? Cancelled expired booking ID=22, Customer=1, Released 0 seats
[2025-11-12 15:51:07] ? Cancelled expired booking ID=23, Customer=1, Released 0 seats
[2025-11-12 15:51:07] ? Cancelled expired booking ID=24, Customer=1, Released 0 seats
[2025-11-12 15:51:07] ? Cancelled expired booking ID=25, Customer=1, Released 0 seats
[2025-11-12 15:51:07] ? Cancelled expired booking ID=26, Customer=1, Released 2 seats
[2025-11-12 15:51:07] ? Cancelled expired booking ID=27, Customer=1, Released 0 seats
[2025-11-12 15:51:07] ? Cancelled expired booking ID=28, Customer=1, Released 0 seats
[2025-11-12 15:51:07] ? Cancelled expired booking ID=29, Customer=1, Released 0 seats
[2025-11-12 15:51:07] ? Cancelled expired booking ID=30, Customer=1, Released 0 seats
[2025-11-12 15:51:07] ? Cancelled expired booking ID=31, Customer=1, Released 1 seats
[2025-11-12 15:51:07] ? Cancelled expired booking ID=32, Customer=1, Released 2 seats
[2025-11-12 15:51:07] ? Cancelled expired booking ID=33, Customer=1, Released 2 seats
[2025-11-12 15:51:07] ? Cancelled expired booking ID=34, Customer=1, Released 2 seats
[2025-11-12 15:51:07] ? Cancelled expired booking ID=35, Customer=1, Released 0 seats
[2025-11-12 15:51:07] ? Cancelled expired booking ID=36, Customer=1, Released 2 seats
[2025-11-12 15:51:07] ? Cancelled expired booking ID=37, Customer=1, Released 1 seats
[2025-11-12 15:51:07] ? Cancelled expired booking ID=38, Customer=1, Released 0 seats
[2025-11-12 15:51:07] ? Cancelled expired booking ID=39, Customer=1, Released 2 seats
[2025-11-12 15:51:07] ? Cancelled expired booking ID=40, Customer=1, Released 2 seats
[2025-11-12 15:51:07] ? Cancelled expired booking ID=41, Customer=1, Released 1 seats
[2025-11-12 15:51:07] ? Cancelled expired booking ID=42, Customer=1, Released 2 seats
[2025-11-12 15:53:22] ? BookingExpirationService started
[2025-11-12 15:54:22] ? Found 37 expired bookings to cancel
[2025-11-12 15:54:22] ? Cancelled expired booking ID=6, Customer=1, Released 0 seats
[2025-11-12 15:54:22] ? Cancelled expired booking ID=7, Customer=1, Released 0 seats
[2025-11-12 15:54:22] ? Cancelled expired booking ID=8, Customer=1, Released 0 seats
[2025-11-12 15:54:22] ? Cancelled expired booking ID=9, Customer=1, Released 0 seats
[2025-11-12 15:54:23] ? Cancelled expired booking ID=10, Customer=1, Released 1 seats
[2025-11-12 15:54:23] ? Cancelled expired booking ID=11, Customer=1, Released 0 seats
[2025-11-12 15:54:23] ? Cancelled expired booking ID=12, Customer=1, Released 2 seats
[2025-11-12 15:54:23] ? Cancelled expired booking ID=13, Customer=1, Released 1 seats
[2025-11-12 15:54:23] ? Cancelled expired booking ID=14, Customer=1, Released 2 seats
[2025-11-12 15:54:23] ? Cancelled expired booking ID=15, Customer=1, Released 0 seats
[2025-11-12 15:54:23] ? Cancelled expired booking ID=16, Customer=1, Released 0 seats
[2025-11-12 15:54:23] ? Cancelled expired booking ID=17, Customer=1, Released 0 seats
[2025-11-12 15:54:23] ? Cancelled expired booking ID=18, Customer=1, Released 0 seats
[2025-11-12 15:54:23] ? Cancelled expired booking ID=19, Customer=1, Released 1 seats
[2025-11-12 15:54:23] ? Cancelled expired booking ID=20, Customer=1, Released 0 seats
[2025-11-12 15:54:23] ? Cancelled expired booking ID=21, Customer=1, Released 0 seats
[2025-11-12 15:54:23] ? Cancelled expired booking ID=22, Customer=1, Released 0 seats
[2025-11-12 15:54:23] ? Cancelled expired booking ID=23, Customer=1, Released 0 seats
[2025-11-12 15:54:23] ? Cancelled expired booking ID=24, Customer=1, Released 0 seats
[2025-11-12 15:54:23] ? Cancelled expired booking ID=25, Customer=1, Released 0 seats
[2025-11-12 15:54:23] ? Cancelled expired booking ID=26, Customer=1, Released 2 seats
[2025-11-12 15:54:23] ? Cancelled expired booking ID=27, Customer=1, Released 0 seats
[2025-11-12 15:54:23] ? Cancelled expired booking ID=28, Customer=1, Released 0 seats
[2025-11-12 15:54:23] ? Cancelled expired booking ID=29, Customer=1, Released 0 seats
[2025-11-12 15:54:23] ? Cancelled expired booking ID=30, Customer=1, Released 0 seats
[2025-11-12 15:54:23] ? Cancelled expired booking ID=31, Customer=1, Released 1 seats
[2025-11-12 15:54:23] ? Cancelled expired booking ID=32, Customer=1, Released 2 seats
[2025-11-12 15:54:23] ? Cancelled expired booking ID=33, Customer=1, Released 2 seats
[2025-11-12 15:54:23] ? Cancelled expired booking ID=34, Customer=1, Released 2 seats
[2025-11-12 15:54:23] ? Cancelled expired booking ID=35, Customer=1, Released 0 seats
[2025-11-12 15:54:23] ? Cancelled expired booking ID=36, Customer=1, Released 2 seats
[2025-11-12 15:54:23] ? Cancelled expired booking ID=37, Customer=1, Released 1 seats
[2025-11-12 15:54:23] ? Cancelled expired booking ID=38, Customer=1, Released 0 seats
[2025-11-12 15:54:23] ? Cancelled expired booking ID=39, Customer=1, Released 2 seats
[2025-11-12 15:54:23] ? Cancelled expired booking ID=40, Customer=1, Released 2 seats
[2025-11-12 15:54:23] ? Cancelled expired booking ID=41, Customer=1, Released 1 seats
[2025-11-12 15:54:23] ? Cancelled expired booking ID=42, Customer=1, Released 2 seats
[2025-11-12 15:55:22] ? Found 37 expired bookings to cancel
[2025-11-12 15:55:22] ? Cancelled expired booking ID=6, Customer=1, Released 0 seats
[2025-11-12 15:55:23] ? Cancelled expired booking ID=7, Customer=1, Released 0 seats
[2025-11-12 15:55:23] ? Cancelled expired booking ID=8, Customer=1, Released 0 seats
[2025-11-12 15:55:23] ? Cancelled expired booking ID=9, Customer=1, Released 0 seats
[2025-11-12 15:55:23] ? Cancelled expired booking ID=10, Customer=1, Released 1 seats
[2025-11-12 15:55:23] ? Cancelled expired booking ID=11, Customer=1, Released 0 seats
[2025-11-12 15:55:23] ? Cancelled expired booking ID=12, Customer=1, Released 2 seats
[2025-11-12 15:55:23] ? Cancelled expired booking ID=13, Customer=1, Released 1 seats
[2025-11-12 15:55:23] ? Cancelled expired booking ID=14, Customer=1, Released 2 seats
[2025-11-12 15:55:23] ? Cancelled expired booking ID=15, Customer=1, Released 0 seats
[2025-11-12 15:55:23] ? Cancelled expired booking ID=16, Customer=1, Released 0 seats
[2025-11-12 15:55:23] ? Cancelled expired booking ID=17, Customer=1, Released 0 seats
[2025-11-12 15:55:23] ? Cancelled expired booking ID=18, Customer=1, Released 0 seats
[2025-11-12 15:55:23] ? Cancelled expired booking ID=19, Customer=1, Released 1 seats
[2025-11-12 15:55:23] ? Cancelled expired booking ID=20, Customer=1, Released 0 seats
[2025-11-12 15:55:23] ? Cancelled expired booking ID=21, Customer=1, Released 0 seats
[2025-11-12 15:55:23] ? Cancelled expired booking ID=22, Customer=1, Released 0 seats
[2025-11-12 15:55:23] ? Cancelled expired booking ID=23, Customer=1, Released 0 seats
[2025-11-12 15:55:23] ? Cancelled expired booking ID=24, Customer=1, Released 0 seats
[2025-11-12 15:55:23] ? Cancelled expired booking ID=25, Customer=1, Released 0 seats
[2025-11-12 15:55:23] ? Cancelled expired booking ID=26, Customer=1, Released 2 seats
[2025-11-12 15:55:23] ? Cancelled expired booking ID=27, Customer=1, Released 0 seats
[2025-11-12 15:55:23] ? Cancelled expired booking ID=28, Customer=1, Released 0 seats
[2025-11-12 15:55:23] ? Cancelled expired booking ID=29, Customer=1, Released 0 seats
[2025-11-12 15:55:23] ? Cancelled expired booking ID=30, Customer=1, Released 0 seats
[2025-11-12 15:55:23] ? Cancelled expired booking ID=31, Customer=1, Released 1 seats
[2025-11-12 15:55:23] ? Cancelled expired booking ID=32, Customer=1, Released 2 seats
[2025-11-12 15:55:23] ? Cancelled expired booking ID=33, Customer=1, Released 2 seats
[2025-11-12 15:55:23] ? Cancelled expired booking ID=34, Customer=1, Released 2 seats
[2025-11-12 15:55:23] ? Cancelled expired booking ID=35, Customer=1, Released 0 seats
[2025-11-12 15:55:23] ? Cancelled expired booking ID=36, Customer=1, Released 2 seats
[2025-11-12 15:55:23] ? Cancelled expired booking ID=37, Customer=1, Released 1 seats
[2025-11-12 15:55:23] ? Cancelled expired booking ID=38, Customer=1, Released 0 seats
[2025-11-12 15:55:23] ? Cancelled expired booking ID=39, Customer=1, Released 2 seats
[2025-11-12 15:55:23] ? Cancelled expired booking ID=40, Customer=1, Released 2 seats
[2025-11-12 15:55:23] ? Cancelled expired booking ID=41, Customer=1, Released 1 seats
[2025-11-12 15:55:23] ? Cancelled expired booking ID=42, Customer=1, Released 2 seats
[2025-11-12 15:55:56] ✅ Admin ViewInvoice: Booking ID 55
[2025-11-12 15:56:22] ? Found 37 expired bookings to cancel
[2025-11-12 15:56:23] ? Cancelled expired booking ID=6, Customer=1, Released 0 seats
[2025-11-12 15:56:23] ? Cancelled expired booking ID=7, Customer=1, Released 0 seats
[2025-11-12 15:56:23] ? Cancelled expired booking ID=8, Customer=1, Released 0 seats
[2025-11-12 15:56:23] ? Cancelled expired booking ID=9, Customer=1, Released 0 seats
[2025-11-12 15:56:23] ? Cancelled expired booking ID=10, Customer=1, Released 1 seats
[2025-11-12 15:56:23] ? Cancelled expired booking ID=11, Customer=1, Released 0 seats
[2025-11-12 15:56:23] ? Cancelled expired booking ID=12, Customer=1, Released 2 seats
[2025-11-12 15:56:23] ? Cancelled expired booking ID=13, Customer=1, Released 1 seats
[2025-11-12 15:56:23] ? Cancelled expired booking ID=14, Customer=1, Released 2 seats
[2025-11-12 15:56:23] ? Cancelled expired booking ID=15, Customer=1, Released 0 seats
[2025-11-12 15:56:23] ? Cancelled expired booking ID=16, Customer=1, Released 0 seats
[2025-11-12 15:56:23] ? Cancelled expired booking ID=17, Customer=1, Released 0 seats
[2025-11-12 15:56:23] ? Cancelled expired booking ID=18, Customer=1, Released 0 seats
[2025-11-12 15:56:23] ? Cancelled expired booking ID=19, Customer=1, Released 1 seats
[2025-11-12 15:56:23] ? Cancelled expired booking ID=20, Customer=1, Released 0 seats
[2025-11-12 15:56:23] ? Cancelled expired booking ID=21, Customer=1, Released 0 seats
[2025-11-12 15:56:23] ? Cancelled expired booking ID=22, Customer=1, Released 0 seats
[2025-11-12 15:56:23] ? Cancelled expired booking ID=23, Customer=1, Released 0 seats
[2025-11-12 15:56:23] ? Cancelled expired booking ID=24, Customer=1, Released 0 seats
[2025-11-12 15:56:23] ? Cancelled expired booking ID=25, Customer=1, Released 0 seats
[2025-11-12 15:56:23] ? Cancelled expired booking ID=26, Customer=1, Released 2 seats
[2025-11-12 15:56:23] ? Cancelled expired booking ID=27, Customer=1, Released 0 seats
[2025-11-12 15:56:23] ? Cancelled expired booking ID=28, Customer=1, Released 0 seats
[2025-11-12 15:56:23] ? Cancelled expired booking ID=29, Customer=1, Released 0 seats
[2025-11-12 15:56:23] ? Cancelled expired booking ID=30, Customer=1, Released 0 seats
[2025-11-12 15:56:23] ? Cancelled expired booking ID=31, Customer=1, Released 1 seats
[2025-11-12 15:56:23] ? Cancelled expired booking ID=32, Customer=1, Released 2 seats
[2025-11-12 15:56:23] ? Cancelled expired booking ID=33, Customer=1, Released 2 seats
[2025-11-12 15:56:23] ? Cancelled expired booking ID=34, Customer=1, Released 2 seats
[2025-11-12 15:56:23] ? Cancelled expired booking ID=35, Customer=1, Released 0 seats
[2025-11-12 15:56:23] ? Cancelled expired booking ID=36, Customer=1, Released 2 seats
[2025-11-12 15:56:23] ? Cancelled expired booking ID=37, Customer=1, Released 1 seats
[2025-11-12 15:56:23] ? Cancelled expired booking ID=38, Customer=1, Released 0 seats
[2025-11-12 15:56:23] ? Cancelled expired booking ID=39, Customer=1, Released 2 seats
[2025-11-12 15:56:23] ? Cancelled expired booking ID=40, Customer=1, Released 2 seats
[2025-11-12 15:56:23] ? Cancelled expired booking ID=41, Customer=1, Released 1 seats
[2025-11-12 15:56:23] ? Cancelled expired booking ID=42, Customer=1, Released 2 seats
[2025-11-12 16:06:28] ? BookingExpirationService started
[2025-11-12 16:07:28] ? Found 37 expired bookings to cancel
[2025-11-12 16:07:28] ? Cancelled expired booking ID=6, Customer=1, Released 0 seats
[2025-11-12 16:07:28] ? Cancelled expired booking ID=7, Customer=1, Released 0 seats
[2025-11-12 16:07:28] ? Cancelled expired booking ID=8, Customer=1, Released 0 seats
[2025-11-12 16:07:28] ? Cancelled expired booking ID=9, Customer=1, Released 0 seats
[2025-11-12 16:07:28] ? Cancelled expired booking ID=10, Customer=1, Released 1 seats
[2025-11-12 16:07:28] ? Cancelled expired booking ID=11, Customer=1, Released 0 seats
[2025-11-12 16:07:28] ? Cancelled expired booking ID=12, Customer=1, Released 2 seats
[2025-11-12 16:07:28] ? Cancelled expired booking ID=13, Customer=1, Released 1 seats
[2025-11-12 16:07:28] ? Cancelled expired booking ID=14, Customer=1, Released 2 seats
[2025-11-12 16:07:28] ? Cancelled expired booking ID=15, Customer=1, Released 0 seats
[2025-11-12 16:07:28] ? Cancelled expired booking ID=16, Customer=1, Released 0 seats
[2025-11-12 16:07:28] ? Cancelled expired booking ID=17, Customer=1, Released 0 seats
[2025-11-12 16:07:28] ? Cancelled expired booking ID=18, Customer=1, Released 0 seats
[2025-11-12 16:07:28] ? Cancelled expired booking ID=19, Customer=1, Released 1 seats
[2025-11-12 16:07:28] ? Cancelled expired booking ID=20, Customer=1, Released 0 seats
[2025-11-12 16:07:28] ? Cancelled expired booking ID=21, Customer=1, Released 0 seats
[2025-11-12 16:07:28] ? Cancelled expired booking ID=22, Customer=1, Released 0 seats
[2025-11-12 16:07:28] ? Cancelled expired booking ID=23, Customer=1, Released 0 seats
[2025-11-12 16:07:28] ? Cancelled expired booking ID=24, Customer=1, Released 0 seats
[2025-11-12 16:07:28] ? Cancelled expired booking ID=25, Customer=1, Released 0 seats
[2025-11-12 16:07:28] ? Cancelled expired booking ID=26, Customer=1, Released 2 seats
[2025-11-12 16:07:28] ? Cancelled expired booking ID=27, Customer=1, Released 0 seats
[2025-11-12 16:07:28] ? Cancelled expired booking ID=28, Customer=1, Released 0 seats
[2025-11-12 16:07:28] ? Cancelled expired booking ID=29, Customer=1, Released 0 seats
[2025-11-12 16:07:28] ? Cancelled expired booking ID=30, Customer=1, Released 0 seats
[2025-11-12 16:07:28] ? Cancelled expired booking ID=31, Customer=1, Released 1 seats
[2025-11-12 16:07:28] ? Cancelled expired booking ID=32, Customer=1, Released 2 seats
[2025-11-12 16:07:28] ? Cancelled expired booking ID=33, Customer=1, Released 2 seats
[2025-11-12 16:07:28] ? Cancelled expired booking ID=34, Customer=1, Released 2 seats
[2025-11-12 16:07:28] ? Cancelled expired booking ID=35, Customer=1, Released 0 seats
[2025-11-12 16:07:28] ? Cancelled expired booking ID=36, Customer=1, Released 2 seats
[2025-11-12 16:07:28] ? Cancelled expired booking ID=37, Customer=1, Released 1 seats
[2025-11-12 16:07:28] ? Cancelled expired booking ID=38, Customer=1, Released 0 seats
[2025-11-12 16:07:28] ? Cancelled expired booking ID=39, Customer=1, Released 2 seats
[2025-11-12 16:07:28] ? Cancelled expired booking ID=40, Customer=1, Released 2 seats
[2025-11-12 16:07:28] ? Cancelled expired booking ID=41, Customer=1, Released 1 seats
[2025-11-12 16:07:28] ? Cancelled expired booking ID=42, Customer=1, Released 2 seats
[2025-11-12 16:08:28] ? Found 37 expired bookings to cancel
[2025-11-12 16:08:28] ? Cancelled expired booking ID=6, Customer=1, Released 0 seats
[2025-11-12 16:08:28] ? Cancelled expired booking ID=7, Customer=1, Released 0 seats
[2025-11-12 16:08:28] ? Cancelled expired booking ID=8, Customer=1, Released 0 seats
[2025-11-12 16:08:28] ? Cancelled expired booking ID=9, Customer=1, Released 0 seats
[2025-11-12 16:08:28] ? Cancelled expired booking ID=10, Customer=1, Released 1 seats
[2025-11-12 16:08:28] ? Cancelled expired booking ID=11, Customer=1, Released 0 seats
[2025-11-12 16:08:28] ? Cancelled expired booking ID=12, Customer=1, Released 2 seats
[2025-11-12 16:08:28] ? Cancelled expired booking ID=13, Customer=1, Released 1 seats
[2025-11-12 16:08:28] ? Cancelled expired booking ID=14, Customer=1, Released 2 seats
[2025-11-12 16:08:28] ? Cancelled expired booking ID=15, Customer=1, Released 0 seats
[2025-11-12 16:08:28] ? Cancelled expired booking ID=16, Customer=1, Released 0 seats
[2025-11-12 16:08:28] ? Cancelled expired booking ID=17, Customer=1, Released 0 seats
[2025-11-12 16:08:28] ? Cancelled expired booking ID=18, Customer=1, Released 0 seats
[2025-11-12 16:08:28] ? Cancelled expired booking ID=19, Customer=1, Released 1 seats
[2025-11-12 16:08:28] ? Cancelled expired booking ID=20, Customer=1, Released 0 seats
[2025-11-12 16:08:28] ? Cancelled expired booking ID=21, Customer=1, Released 0 seats
[2025-11-12 16:08:28] ? Cancelled expired booking ID=22, Customer=1, Released 0 seats
[2025-11-12 16:08:28] ? Cancelled expired booking ID=23, Customer=1, Released 0 seats
[2025-11-12 16:08:28] ? Cancelled expired booking ID=24, Customer=1, Released 0 seats
[2025-11-12 16:08:28] ? Cancelled expired booking ID=25, Customer=1, Released 0 seats
[2025-11-12 16:08:28] ? Cancelled expired booking ID=26, Customer=1, Released 2 seats
[2025-11-12 16:08:28] ? Cancelled expired booking ID=27, Customer=1, Released 0 seats
[2025-11-12 16:08:28] ? Cancelled expired booking ID=28, Customer=1, Released 0 seats
[2025-11-12 16:08:28] ? Cancelled expired booking ID=29, Customer=1, Released 0 seats
[2025-11-12 16:08:28] ? Cancelled expired booking ID=30, Customer=1, Released 0 seats
[2025-11-12 16:08:28] ? Cancelled expired booking ID=31, Customer=1, Released 1 seats
[2025-11-12 16:08:28] ? Cancelled expired booking ID=32, Customer=1, Released 2 seats
[2025-11-12 16:08:28] ? Cancelled expired booking ID=33, Customer=1, Released 2 seats
[2025-11-12 16:08:28] ? Cancelled expired booking ID=34, Customer=1, Released 2 seats
[2025-11-12 16:08:28] ? Cancelled expired booking ID=35, Customer=1, Released 0 seats
[2025-11-12 16:08:28] ? Cancelled expired booking ID=36, Customer=1, Released 2 seats
[2025-11-12 16:08:28] ? Cancelled expired booking ID=37, Customer=1, Released 1 seats
[2025-11-12 16:08:28] ? Cancelled expired booking ID=38, Customer=1, Released 0 seats
[2025-11-12 16:08:28] ? Cancelled expired booking ID=39, Customer=1, Released 2 seats
[2025-11-12 16:08:28] ? Cancelled expired booking ID=40, Customer=1, Released 2 seats
[2025-11-12 16:08:28] ? Cancelled expired booking ID=41, Customer=1, Released 1 seats
[2025-11-12 16:08:28] ? Cancelled expired booking ID=42, Customer=1, Released 2 seats
[2025-11-12 16:09:28] ? Found 37 expired bookings to cancel
[2025-11-12 16:09:28] ? Cancelled expired booking ID=6, Customer=1, Released 0 seats
[2025-11-12 16:09:28] ? Cancelled expired booking ID=7, Customer=1, Released 0 seats
[2025-11-12 16:09:28] ? Cancelled expired booking ID=8, Customer=1, Released 0 seats
[2025-11-12 16:09:28] ? Cancelled expired booking ID=9, Customer=1, Released 0 seats
[2025-11-12 16:09:28] ? Cancelled expired booking ID=10, Customer=1, Released 1 seats
[2025-11-12 16:09:28] ? Cancelled expired booking ID=11, Customer=1, Released 0 seats
[2025-11-12 16:09:28] ? Cancelled expired booking ID=12, Customer=1, Released 2 seats
[2025-11-12 16:09:28] ? Cancelled expired booking ID=13, Customer=1, Released 1 seats
[2025-11-12 16:09:28] ? Cancelled expired booking ID=14, Customer=1, Released 2 seats
[2025-11-12 16:09:28] ? Cancelled expired booking ID=15, Customer=1, Released 0 seats
[2025-11-12 16:09:28] ? Cancelled expired booking ID=16, Customer=1, Released 0 seats
[2025-11-12 16:09:28] ? Cancelled expired booking ID=17, Customer=1, Released 0 seats
[2025-11-12 16:09:28] ? Cancelled expired booking ID=18, Customer=1, Released 0 seats
[2025-11-12 16:09:28] ? Cancelled expired booking ID=19, Customer=1, Released 1 seats
[2025-11-12 16:09:28] ? Cancelled expired booking ID=20, Customer=1, Released 0 seats
[2025-11-12 16:09:28] ? Cancelled expired booking ID=21, Customer=1, Released 0 seats
[2025-11-12 16:09:28] ? Cancelled expired booking ID=22, Customer=1, Released 0 seats
[2025-11-12 16:09:28] ? Cancelled expired booking ID=23, Customer=1, Released 0 seats
[2025-11-12 16:09:28] ? Cancelled expired booking ID=24, Customer=1, Released 0 seats
[2025-11-12 16:09:28] ? Cancelled expired booking ID=25, Customer=1, Released 0 seats
[2025-11-12 16:09:28] ? Cancelled expired booking ID=26, Customer=1, Released 2 seats
[2025-11-12 16:09:28] ? Cancelled expired booking ID=27, Customer=1, Released 0 seats
[2025-11-12 16:09:28] ? Cancelled expired booking ID=28, Customer=1, Released 0 seats
[2025-11-12 16:09:28] ? Cancelled expired booking ID=29, Customer=1, Released 0 seats
[2025-11-12 16:09:28] ? Cancelled expired booking ID=30, Customer=1, Released 0 seats
[2025-11-12 16:09:28] ? Cancelled expired booking ID=31, Customer=1, Released 1 seats
[2025-11-12 16:09:28] ? Cancelled expired booking ID=32, Customer=1, Released 2 seats
[2025-11-12 16:09:28] ? Cancelled expired booking ID=33, Customer=1, Released 2 seats
[2025-11-12 16:09:28] ? Cancelled expired booking ID=34, Customer=1, Released 2 seats
[2025-11-12 16:09:28] ? Cancelled expired booking ID=35, Customer=1, Released 0 seats
[2025-11-12 16:09:28] ? Cancelled expired booking ID=36, Customer=1, Released 2 seats
[2025-11-12 16:09:28] ? Cancelled expired booking ID=37, Customer=1, Released 1 seats
[2025-11-12 16:09:28] ? Cancelled expired booking ID=38, Customer=1, Released 0 seats
[2025-11-12 16:09:28] ? Cancelled expired booking ID=39, Customer=1, Released 2 seats
[2025-11-12 16:09:28] ? Cancelled expired booking ID=40, Customer=1, Released 2 seats
[2025-11-12 16:09:28] ? Cancelled expired booking ID=41, Customer=1, Released 1 seats
[2025-11-12 16:09:28] ? Cancelled expired booking ID=42, Customer=1, Released 2 seats
[2025-11-12 16:10:28] ? Found 37 expired bookings to cancel
[2025-11-12 16:10:28] ? Cancelled expired booking ID=6, Customer=1, Released 0 seats
[2025-11-12 16:10:28] ? Cancelled expired booking ID=7, Customer=1, Released 0 seats
[2025-11-12 16:10:28] ? Cancelled expired booking ID=8, Customer=1, Released 0 seats
[2025-11-12 16:10:28] ? Cancelled expired booking ID=9, Customer=1, Released 0 seats
[2025-11-12 16:10:28] ? Cancelled expired booking ID=10, Customer=1, Released 1 seats
[2025-11-12 16:10:28] ? Cancelled expired booking ID=11, Customer=1, Released 0 seats
[2025-11-12 16:10:28] ? Cancelled expired booking ID=12, Customer=1, Released 2 seats
[2025-11-12 16:10:28] ? Cancelled expired booking ID=13, Customer=1, Released 1 seats
[2025-11-12 16:10:28] ? Cancelled expired booking ID=14, Customer=1, Released 2 seats
[2025-11-12 16:10:28] ? Cancelled expired booking ID=15, Customer=1, Released 0 seats
[2025-11-12 16:10:28] ? Cancelled expired booking ID=16, Customer=1, Released 0 seats
[2025-11-12 16:10:28] ? Cancelled expired booking ID=17, Customer=1, Released 0 seats
[2025-11-12 16:10:28] ? Cancelled expired booking ID=18, Customer=1, Released 0 seats
[2025-11-12 16:10:28] ? Cancelled expired booking ID=19, Customer=1, Released 1 seats
[2025-11-12 16:10:28] ? Cancelled expired booking ID=20, Customer=1, Released 0 seats
[2025-11-12 16:10:28] ? Cancelled expired booking ID=21, Customer=1, Released 0 seats
[2025-11-12 16:10:28] ? Cancelled expired booking ID=22, Customer=1, Released 0 seats
[2025-11-12 16:10:28] ? Cancelled expired booking ID=23, Customer=1, Released 0 seats
[2025-11-12 16:10:28] ? Cancelled expired booking ID=24, Customer=1, Released 0 seats
[2025-11-12 16:10:28] ? Cancelled expired booking ID=25, Customer=1, Released 0 seats
[2025-11-12 16:10:28] ? Cancelled expired booking ID=26, Customer=1, Released 2 seats
[2025-11-12 16:10:28] ? Cancelled expired booking ID=27, Customer=1, Released 0 seats
[2025-11-12 16:10:28] ? Cancelled expired booking ID=28, Customer=1, Released 0 seats
[2025-11-12 16:10:28] ? Cancelled expired booking ID=29, Customer=1, Released 0 seats
[2025-11-12 16:10:28] ? Cancelled expired booking ID=30, Customer=1, Released 0 seats
[2025-11-12 16:10:28] ? Cancelled expired booking ID=31, Customer=1, Released 1 seats
[2025-11-12 16:10:29] ? Cancelled expired booking ID=32, Customer=1, Released 2 seats
[2025-11-12 16:10:29] ? Cancelled expired booking ID=33, Customer=1, Released 2 seats
[2025-11-12 16:10:29] ? Cancelled expired booking ID=34, Customer=1, Released 2 seats
[2025-11-12 16:10:29] ? Cancelled expired booking ID=35, Customer=1, Released 0 seats
[2025-11-12 16:10:29] ? Cancelled expired booking ID=36, Customer=1, Released 2 seats
[2025-11-12 16:10:29] ? Cancelled expired booking ID=37, Customer=1, Released 1 seats
[2025-11-12 16:10:29] ? Cancelled expired booking ID=38, Customer=1, Released 0 seats
[2025-11-12 16:10:29] ? Cancelled expired booking ID=39, Customer=1, Released 2 seats
[2025-11-12 16:10:29] ? Cancelled expired booking ID=40, Customer=1, Released 2 seats
[2025-11-12 16:10:29] ? Cancelled expired booking ID=41, Customer=1, Released 1 seats
[2025-11-12 16:10:29] ? Cancelled expired booking ID=42, Customer=1, Released 2 seats
[2025-11-12 16:11:28] ? Found 37 expired bookings to cancel
[2025-11-12 16:11:28] ? Cancelled expired booking ID=6, Customer=1, Released 0 seats
[2025-11-12 16:11:28] ? Cancelled expired booking ID=7, Customer=1, Released 0 seats
[2025-11-12 16:11:28] ? Cancelled expired booking ID=8, Customer=1, Released 0 seats
[2025-11-12 16:11:28] ? Cancelled expired booking ID=9, Customer=1, Released 0 seats
[2025-11-12 16:11:28] ? Cancelled expired booking ID=10, Customer=1, Released 1 seats
[2025-11-12 16:11:28] ? Cancelled expired booking ID=11, Customer=1, Released 0 seats
[2025-11-12 16:11:28] ? Cancelled expired booking ID=12, Customer=1, Released 2 seats
[2025-11-12 16:11:28] ? Cancelled expired booking ID=13, Customer=1, Released 1 seats
[2025-11-12 16:11:28] ? Cancelled expired booking ID=14, Customer=1, Released 2 seats
[2025-11-12 16:11:28] ? Cancelled expired booking ID=15, Customer=1, Released 0 seats
[2025-11-12 16:11:28] ? Cancelled expired booking ID=16, Customer=1, Released 0 seats
[2025-11-12 16:11:28] ? Cancelled expired booking ID=17, Customer=1, Released 0 seats
[2025-11-12 16:11:28] ? Cancelled expired booking ID=18, Customer=1, Released 0 seats
[2025-11-12 16:11:28] ? Cancelled expired booking ID=19, Customer=1, Released 1 seats
[2025-11-12 16:11:28] ? Cancelled expired booking ID=20, Customer=1, Released 0 seats
[2025-11-12 16:11:28] ? Cancelled expired booking ID=21, Customer=1, Released 0 seats
[2025-11-12 16:11:28] ? Cancelled expired booking ID=22, Customer=1, Released 0 seats
[2025-11-12 16:11:28] ? Cancelled expired booking ID=23, Customer=1, Released 0 seats
[2025-11-12 16:11:28] ? Cancelled expired booking ID=24, Customer=1, Released 0 seats
[2025-11-12 16:11:28] ? Cancelled expired booking ID=25, Customer=1, Released 0 seats
[2025-11-12 16:11:28] ? Cancelled expired booking ID=26, Customer=1, Released 2 seats
[2025-11-12 16:11:28] ? Cancelled expired booking ID=27, Customer=1, Released 0 seats
[2025-11-12 16:11:28] ? Cancelled expired booking ID=28, Customer=1, Released 0 seats
[2025-11-12 16:11:28] ? Cancelled expired booking ID=29, Customer=1, Released 0 seats
[2025-11-12 16:11:28] ? Cancelled expired booking ID=30, Customer=1, Released 0 seats
[2025-11-12 16:11:28] ? Cancelled expired booking ID=31, Customer=1, Released 1 seats
[2025-11-12 16:11:28] ? Cancelled expired booking ID=32, Customer=1, Released 2 seats
[2025-11-12 16:11:28] ? Cancelled expired booking ID=33, Customer=1, Released 2 seats
[2025-11-12 16:11:28] ? Cancelled expired booking ID=34, Customer=1, Released 2 seats
[2025-11-12 16:11:28] ? Cancelled expired booking ID=35, Customer=1, Released 0 seats
[2025-11-12 16:11:28] ? Cancelled expired booking ID=36, Customer=1, Released 2 seats
[2025-11-12 16:11:28] ? Cancelled expired booking ID=37, Customer=1, Released 1 seats
[2025-11-12 16:11:28] ? Cancelled expired booking ID=38, Customer=1, Released 0 seats
[2025-11-12 16:11:29] ? Cancelled expired booking ID=39, Customer=1, Released 2 seats
[2025-11-12 16:11:29] ? Cancelled expired booking ID=40, Customer=1, Released 2 seats
[2025-11-12 16:11:29] ? Cancelled expired booking ID=41, Customer=1, Released 1 seats
[2025-11-12 16:11:29] ? Cancelled expired booking ID=42, Customer=1, Released 2 seats
[2025-11-12 16:12:28] ? Found 37 expired bookings to cancel
[2025-11-12 16:12:28] ? Cancelled expired booking ID=6, Customer=1, Released 0 seats
[2025-11-12 16:12:28] ? Cancelled expired booking ID=7, Customer=1, Released 0 seats
[2025-11-12 16:12:28] ? Cancelled expired booking ID=8, Customer=1, Released 0 seats
[2025-11-12 16:12:28] ? Cancelled expired booking ID=9, Customer=1, Released 0 seats
[2025-11-12 16:12:28] ? Cancelled expired booking ID=10, Customer=1, Released 1 seats
[2025-11-12 16:12:28] ? Cancelled expired booking ID=11, Customer=1, Released 0 seats
[2025-11-12 16:12:28] ? Cancelled expired booking ID=12, Customer=1, Released 2 seats
[2025-11-12 16:12:28] ? Cancelled expired booking ID=13, Customer=1, Released 1 seats
[2025-11-12 16:12:28] ? Cancelled expired booking ID=14, Customer=1, Released 2 seats
[2025-11-12 16:12:29] ? Cancelled expired booking ID=15, Customer=1, Released 0 seats
[2025-11-12 16:12:29] ? Cancelled expired booking ID=16, Customer=1, Released 0 seats
[2025-11-12 16:12:29] ? Cancelled expired booking ID=17, Customer=1, Released 0 seats
[2025-11-12 16:12:29] ? Cancelled expired booking ID=18, Customer=1, Released 0 seats
[2025-11-12 16:12:29] ? Cancelled expired booking ID=19, Customer=1, Released 1 seats
[2025-11-12 16:12:29] ? Cancelled expired booking ID=20, Customer=1, Released 0 seats
[2025-11-12 16:12:29] ? Cancelled expired booking ID=21, Customer=1, Released 0 seats
[2025-11-12 16:12:29] ? Cancelled expired booking ID=22, Customer=1, Released 0 seats
[2025-11-12 16:12:29] ? Cancelled expired booking ID=23, Customer=1, Released 0 seats
[2025-11-12 16:12:29] ? Cancelled expired booking ID=24, Customer=1, Released 0 seats
[2025-11-12 16:12:29] ? Cancelled expired booking ID=25, Customer=1, Released 0 seats
[2025-11-12 16:12:29] ? Cancelled expired booking ID=26, Customer=1, Released 2 seats
[2025-11-12 16:12:29] ? Cancelled expired booking ID=27, Customer=1, Released 0 seats
[2025-11-12 16:12:29] ? Cancelled expired booking ID=28, Customer=1, Released 0 seats
[2025-11-12 16:12:29] ? Cancelled expired booking ID=29, Customer=1, Released 0 seats
[2025-11-12 16:12:29] ? Cancelled expired booking ID=30, Customer=1, Released 0 seats
[2025-11-12 16:12:29] ? Cancelled expired booking ID=31, Customer=1, Released 1 seats
[2025-11-12 16:12:29] ? Cancelled expired booking ID=32, Customer=1, Released 2 seats
[2025-11-12 16:12:29] ? Cancelled expired booking ID=33, Customer=1, Released 2 seats
[2025-11-12 16:12:29] ? Cancelled expired booking ID=34, Customer=1, Released 2 seats
[2025-11-12 16:12:29] ? Cancelled expired booking ID=35, Customer=1, Released 0 seats
[2025-11-12 16:12:29] ? Cancelled expired booking ID=36, Customer=1, Released 2 seats
[2025-11-12 16:12:29] ? Cancelled expired booking ID=37, Customer=1, Released 1 seats
[2025-11-12 16:12:29] ? Cancelled expired booking ID=38, Customer=1, Released 0 seats
[2025-11-12 16:12:29] ? Cancelled expired booking ID=39, Customer=1, Released 2 seats
[2025-11-12 16:12:29] ? Cancelled expired booking ID=40, Customer=1, Released 2 seats
[2025-11-12 16:12:29] ? Cancelled expired booking ID=41, Customer=1, Released 1 seats
[2025-11-12 16:12:29] ? Cancelled expired booking ID=42, Customer=1, Released 2 seats
[2025-11-12 16:13:28] ? Found 37 expired bookings to cancel
[2025-11-12 16:13:28] ? Cancelled expired booking ID=6, Customer=1, Released 0 seats
[2025-11-12 16:13:28] ? Cancelled expired booking ID=7, Customer=1, Released 0 seats
[2025-11-12 16:13:28] ? Cancelled expired booking ID=8, Customer=1, Released 0 seats
[2025-11-12 16:13:28] ? Cancelled expired booking ID=9, Customer=1, Released 0 seats
[2025-11-12 16:13:28] ? Cancelled expired booking ID=10, Customer=1, Released 1 seats
[2025-11-12 16:13:28] ? Cancelled expired booking ID=11, Customer=1, Released 0 seats
[2025-11-12 16:13:28] ? Cancelled expired booking ID=12, Customer=1, Released 2 seats
[2025-11-12 16:13:28] ? Cancelled expired booking ID=13, Customer=1, Released 1 seats
[2025-11-12 16:13:28] ? Cancelled expired booking ID=14, Customer=1, Released 2 seats
[2025-11-12 16:13:28] ? Cancelled expired booking ID=15, Customer=1, Released 0 seats
[2025-11-12 16:13:28] ? Cancelled expired booking ID=16, Customer=1, Released 0 seats
[2025-11-12 16:13:28] ? Cancelled expired booking ID=17, Customer=1, Released 0 seats
[2025-11-12 16:13:28] ? Cancelled expired booking ID=18, Customer=1, Released 0 seats
[2025-11-12 16:13:28] ? Cancelled expired booking ID=19, Customer=1, Released 1 seats
[2025-11-12 16:13:28] ? Cancelled expired booking ID=20, Customer=1, Released 0 seats
[2025-11-12 16:13:28] ? Cancelled expired booking ID=21, Customer=1, Released 0 seats
[2025-11-12 16:13:28] ? Cancelled expired booking ID=22, Customer=1, Released 0 seats
[2025-11-12 16:13:28] ? Cancelled expired booking ID=23, Customer=1, Released 0 seats
[2025-11-12 16:13:28] ? Cancelled expired booking ID=24, Customer=1, Released 0 seats
[2025-11-12 16:13:28] ? Cancelled expired booking ID=25, Customer=1, Released 0 seats
[2025-11-12 16:13:28] ? Cancelled expired booking ID=26, Customer=1, Released 2 seats
[2025-11-12 16:13:28] ? Cancelled expired booking ID=27, Customer=1, Released 0 seats
[2025-11-12 16:13:28] ? Cancelled expired booking ID=28, Customer=1, Released 0 seats
[2025-11-12 16:13:28] ? Cancelled expired booking ID=29, Customer=1, Released 0 seats
[2025-11-12 16:13:28] ? Cancelled expired booking ID=30, Customer=1, Released 0 seats
[2025-11-12 16:13:28] ? Cancelled expired booking ID=31, Customer=1, Released 1 seats
[2025-11-12 16:13:28] ? Cancelled expired booking ID=32, Customer=1, Released 2 seats
[2025-11-12 16:13:28] ? Cancelled expired booking ID=33, Customer=1, Released 2 seats
[2025-11-12 16:13:28] ? Cancelled expired booking ID=34, Customer=1, Released 2 seats
[2025-11-12 16:13:28] ? Cancelled expired booking ID=35, Customer=1, Released 0 seats
[2025-11-12 16:13:28] ? Cancelled expired booking ID=36, Customer=1, Released 2 seats
[2025-11-12 16:13:28] ? Cancelled expired booking ID=37, Customer=1, Released 1 seats
[2025-11-12 16:13:28] ? Cancelled expired booking ID=38, Customer=1, Released 0 seats
[2025-11-12 16:13:28] ? Cancelled expired booking ID=39, Customer=1, Released 2 seats
[2025-11-12 16:13:28] ? Cancelled expired booking ID=40, Customer=1, Released 2 seats
[2025-11-12 16:13:28] ? Cancelled expired booking ID=41, Customer=1, Released 1 seats
[2025-11-12 16:13:28] ? Cancelled expired booking ID=42, Customer=1, Released 2 seats
[2025-11-12 16:14:28] ? Found 37 expired bookings to cancel
[2025-11-12 16:14:28] ? Cancelled expired booking ID=6, Customer=1, Released 0 seats
[2025-11-12 16:14:28] ? Cancelled expired booking ID=7, Customer=1, Released 0 seats
[2025-11-12 16:14:28] ? Cancelled expired booking ID=8, Customer=1, Released 0 seats
[2025-11-12 16:14:28] ? Cancelled expired booking ID=9, Customer=1, Released 0 seats
[2025-11-12 16:14:28] ? Cancelled expired booking ID=10, Customer=1, Released 1 seats
[2025-11-12 16:14:28] ? Cancelled expired booking ID=11, Customer=1, Released 0 seats
[2025-11-12 16:14:28] ? Cancelled expired booking ID=12, Customer=1, Released 2 seats
[2025-11-12 16:14:28] ? Cancelled expired booking ID=13, Customer=1, Released 1 seats
[2025-11-12 16:14:28] ? Cancelled expired booking ID=14, Customer=1, Released 2 seats
[2025-11-12 16:14:28] ? Cancelled expired booking ID=15, Customer=1, Released 0 seats
[2025-11-12 16:14:28] ? Cancelled expired booking ID=16, Customer=1, Released 0 seats
[2025-11-12 16:14:28] ? Cancelled expired booking ID=17, Customer=1, Released 0 seats
[2025-11-12 16:14:28] ? Cancelled expired booking ID=18, Customer=1, Released 0 seats
[2025-11-12 16:14:28] ? Cancelled expired booking ID=19, Customer=1, Released 1 seats
[2025-11-12 16:14:28] ? Cancelled expired booking ID=20, Customer=1, Released 0 seats
[2025-11-12 16:14:28] ? Cancelled expired booking ID=21, Customer=1, Released 0 seats
[2025-11-12 16:14:28] ? Cancelled expired booking ID=22, Customer=1, Released 0 seats
[2025-11-12 16:14:28] ? Cancelled expired booking ID=23, Customer=1, Released 0 seats
[2025-11-12 16:14:28] ? Cancelled expired booking ID=24, Customer=1, Released 0 seats
[2025-11-12 16:14:28] ? Cancelled expired booking ID=25, Customer=1, Released 0 seats
[2025-11-12 16:14:28] ? Cancelled expired booking ID=26, Customer=1, Released 2 seats
[2025-11-12 16:14:28] ? Cancelled expired booking ID=27, Customer=1, Released 0 seats
[2025-11-12 16:14:28] ? Cancelled expired booking ID=28, Customer=1, Released 0 seats
[2025-11-12 16:14:28] ? Cancelled expired booking ID=29, Customer=1, Released 0 seats
[2025-11-12 16:14:28] ? Cancelled expired booking ID=30, Customer=1, Released 0 seats
[2025-11-12 16:14:28] ? Cancelled expired booking ID=31, Customer=1, Released 1 seats
[2025-11-12 16:14:28] ? Cancelled expired booking ID=32, Customer=1, Released 2 seats
[2025-11-12 16:14:28] ? Cancelled expired booking ID=33, Customer=1, Released 2 seats
[2025-11-12 16:14:28] ? Cancelled expired booking ID=34, Customer=1, Released 2 seats
[2025-11-12 16:14:28] ? Cancelled expired booking ID=35, Customer=1, Released 0 seats
[2025-11-12 16:14:28] ? Cancelled expired booking ID=36, Customer=1, Released 2 seats
[2025-11-12 16:14:28] ? Cancelled expired booking ID=37, Customer=1, Released 1 seats
[2025-11-12 16:14:28] ? Cancelled expired booking ID=38, Customer=1, Released 0 seats
[2025-11-12 16:14:28] ? Cancelled expired booking ID=39, Customer=1, Released 2 seats
[2025-11-12 16:14:28] ? Cancelled expired booking ID=40, Customer=1, Released 2 seats
[2025-11-12 16:14:28] ? Cancelled expired booking ID=41, Customer=1, Released 1 seats
[2025-11-12 16:14:28] ? Cancelled expired booking ID=42, Customer=1, Released 2 seats
[2025-11-12 16:15:21] ? BookingExpirationService started
[2025-11-12 16:16:21] ? Found 37 expired bookings to cancel
[2025-11-12 16:16:21] ? Cancelled expired booking ID=6, Customer=1, Released 0 seats
[2025-11-12 16:16:21] ? Cancelled expired booking ID=7, Customer=1, Released 0 seats
[2025-11-12 16:16:21] ? Cancelled expired booking ID=8, Customer=1, Released 0 seats
[2025-11-12 16:16:21] ? Cancelled expired booking ID=9, Customer=1, Released 0 seats
[2025-11-12 16:16:21] ? Cancelled expired booking ID=10, Customer=1, Released 1 seats
[2025-11-12 16:16:21] ? Cancelled expired booking ID=11, Customer=1, Released 0 seats
[2025-11-12 16:16:21] ? Cancelled expired booking ID=12, Customer=1, Released 2 seats
[2025-11-12 16:16:21] ? Cancelled expired booking ID=13, Customer=1, Released 1 seats
[2025-11-12 16:16:21] ? Cancelled expired booking ID=14, Customer=1, Released 2 seats
[2025-11-12 16:16:21] ? Cancelled expired booking ID=15, Customer=1, Released 0 seats
[2025-11-12 16:16:21] ? Cancelled expired booking ID=16, Customer=1, Released 0 seats
[2025-11-12 16:16:21] ? Cancelled expired booking ID=17, Customer=1, Released 0 seats
[2025-11-12 16:16:21] ? Cancelled expired booking ID=18, Customer=1, Released 0 seats
[2025-11-12 16:16:21] ? Cancelled expired booking ID=19, Customer=1, Released 1 seats
[2025-11-12 16:16:21] ? Cancelled expired booking ID=20, Customer=1, Released 0 seats
[2025-11-12 16:16:21] ? Cancelled expired booking ID=21, Customer=1, Released 0 seats
[2025-11-12 16:16:21] ? Cancelled expired booking ID=22, Customer=1, Released 0 seats
[2025-11-12 16:16:21] ? Cancelled expired booking ID=23, Customer=1, Released 0 seats
[2025-11-12 16:16:21] ? Cancelled expired booking ID=24, Customer=1, Released 0 seats
[2025-11-12 16:16:21] ? Cancelled expired booking ID=25, Customer=1, Released 0 seats
[2025-11-12 16:16:21] ? Cancelled expired booking ID=26, Customer=1, Released 2 seats
[2025-11-12 16:16:21] ? Cancelled expired booking ID=27, Customer=1, Released 0 seats
[2025-11-12 16:16:21] ? Cancelled expired booking ID=28, Customer=1, Released 0 seats
[2025-11-12 16:16:21] ? Cancelled expired booking ID=29, Customer=1, Released 0 seats
[2025-11-12 16:16:21] ? Cancelled expired booking ID=30, Customer=1, Released 0 seats
[2025-11-12 16:16:21] ? Cancelled expired booking ID=31, Customer=1, Released 1 seats
[2025-11-12 16:16:21] ? Cancelled expired booking ID=32, Customer=1, Released 2 seats
[2025-11-12 16:16:21] ? Cancelled expired booking ID=33, Customer=1, Released 2 seats
[2025-11-12 16:16:21] ? Cancelled expired booking ID=34, Customer=1, Released 2 seats
[2025-11-12 16:16:21] ? Cancelled expired booking ID=35, Customer=1, Released 0 seats
[2025-11-12 16:16:21] ? Cancelled expired booking ID=36, Customer=1, Released 2 seats
[2025-11-12 16:16:21] ? Cancelled expired booking ID=37, Customer=1, Released 1 seats
[2025-11-12 16:16:21] ? Cancelled expired booking ID=38, Customer=1, Released 0 seats
[2025-11-12 16:16:21] ? Cancelled expired booking ID=39, Customer=1, Released 2 seats
[2025-11-12 16:16:22] ? Cancelled expired booking ID=40, Customer=1, Released 2 seats
[2025-11-12 16:16:22] ? Cancelled expired booking ID=41, Customer=1, Released 1 seats
[2025-11-12 16:16:22] ? Cancelled expired booking ID=42, Customer=1, Released 2 seats
[2025-11-12 16:17:21] ? Found 37 expired bookings to cancel
[2025-11-12 16:17:21] ? Cancelled expired booking ID=6, Customer=1, Released 0 seats
[2025-11-12 16:17:21] ? Cancelled expired booking ID=7, Customer=1, Released 0 seats
[2025-11-12 16:17:21] ? Cancelled expired booking ID=8, Customer=1, Released 0 seats
[2025-11-12 16:17:21] ? Cancelled expired booking ID=9, Customer=1, Released 0 seats
[2025-11-12 16:17:21] ? Cancelled expired booking ID=10, Customer=1, Released 1 seats
[2025-11-12 16:17:21] ? Cancelled expired booking ID=11, Customer=1, Released 0 seats
[2025-11-12 16:17:21] ? Cancelled expired booking ID=12, Customer=1, Released 2 seats
[2025-11-12 16:17:21] ? Cancelled expired booking ID=13, Customer=1, Released 1 seats
[2025-11-12 16:17:21] ? Cancelled expired booking ID=14, Customer=1, Released 2 seats
[2025-11-12 16:17:21] ? Cancelled expired booking ID=15, Customer=1, Released 0 seats
[2025-11-12 16:17:21] ? Cancelled expired booking ID=16, Customer=1, Released 0 seats
[2025-11-12 16:17:21] ? Cancelled expired booking ID=17, Customer=1, Released 0 seats
[2025-11-12 16:17:21] ? Cancelled expired booking ID=18, Customer=1, Released 0 seats
[2025-11-12 16:17:21] ? Cancelled expired booking ID=19, Customer=1, Released 1 seats
[2025-11-12 16:17:21] ? Cancelled expired booking ID=20, Customer=1, Released 0 seats
[2025-11-12 16:17:21] ? Cancelled expired booking ID=21, Customer=1, Released 0 seats
[2025-11-12 16:17:21] ? Cancelled expired booking ID=22, Customer=1, Released 0 seats
[2025-11-12 16:17:21] ? Cancelled expired booking ID=23, Customer=1, Released 0 seats
[2025-11-12 16:17:21] ? Cancelled expired booking ID=24, Customer=1, Released 0 seats
[2025-11-12 16:17:21] ? Cancelled expired booking ID=25, Customer=1, Released 0 seats
[2025-11-12 16:17:21] ? Cancelled expired booking ID=26, Customer=1, Released 2 seats
[2025-11-12 16:17:21] ? Cancelled expired booking ID=27, Customer=1, Released 0 seats
[2025-11-12 16:17:21] ? Cancelled expired booking ID=28, Customer=1, Released 0 seats
[2025-11-12 16:17:21] ? Cancelled expired booking ID=29, Customer=1, Released 0 seats
[2025-11-12 16:17:21] ? Cancelled expired booking ID=30, Customer=1, Released 0 seats
[2025-11-12 16:17:21] ? Cancelled expired booking ID=31, Customer=1, Released 1 seats
[2025-11-12 16:17:21] ? Cancelled expired booking ID=32, Customer=1, Released 2 seats
[2025-11-12 16:17:21] ? Cancelled expired booking ID=33, Customer=1, Released 2 seats
[2025-11-12 16:17:21] ? Cancelled expired booking ID=34, Customer=1, Released 2 seats
[2025-11-12 16:17:21] ? Cancelled expired booking ID=35, Customer=1, Released 0 seats
[2025-11-12 16:17:21] ? Cancelled expired booking ID=36, Customer=1, Released 2 seats
[2025-11-12 16:17:21] ? Cancelled expired booking ID=37, Customer=1, Released 1 seats
[2025-11-12 16:17:21] ? Cancelled expired booking ID=38, Customer=1, Released 0 seats
[2025-11-12 16:17:21] ? Cancelled expired booking ID=39, Customer=1, Released 2 seats
[2025-11-12 16:17:21] ? Cancelled expired booking ID=40, Customer=1, Released 2 seats
[2025-11-12 16:17:22] ? Cancelled expired booking ID=41, Customer=1, Released 1 seats
[2025-11-12 16:17:22] ? Cancelled expired booking ID=42, Customer=1, Released 2 seats
[2025-11-12 16:18:21] ? Found 37 expired bookings to cancel
[2025-11-12 16:18:21] ? Cancelled expired booking ID=6, Customer=1, Released 0 seats
[2025-11-12 16:18:21] ? Cancelled expired booking ID=7, Customer=1, Released 0 seats
[2025-11-12 16:18:21] ? Cancelled expired booking ID=8, Customer=1, Released 0 seats
[2025-11-12 16:18:22] ? Cancelled expired booking ID=9, Customer=1, Released 0 seats
[2025-11-12 16:18:22] ? Cancelled expired booking ID=10, Customer=1, Released 1 seats
[2025-11-12 16:18:22] ? Cancelled expired booking ID=11, Customer=1, Released 0 seats
[2025-11-12 16:18:22] ? Cancelled expired booking ID=12, Customer=1, Released 2 seats
[2025-11-12 16:18:22] ? Cancelled expired booking ID=13, Customer=1, Released 1 seats
[2025-11-12 16:18:22] ? Cancelled expired booking ID=14, Customer=1, Released 2 seats
[2025-11-12 16:18:22] ? Cancelled expired booking ID=15, Customer=1, Released 0 seats
[2025-11-12 16:18:22] ? Cancelled expired booking ID=16, Customer=1, Released 0 seats
[2025-11-12 16:18:22] ? Cancelled expired booking ID=17, Customer=1, Released 0 seats
[2025-11-12 16:18:22] ? Cancelled expired booking ID=18, Customer=1, Released 0 seats
[2025-11-12 16:18:22] ? Cancelled expired booking ID=19, Customer=1, Released 1 seats
[2025-11-12 16:18:22] ? Cancelled expired booking ID=20, Customer=1, Released 0 seats
[2025-11-12 16:18:22] ? Cancelled expired booking ID=21, Customer=1, Released 0 seats
[2025-11-12 16:18:22] ? Cancelled expired booking ID=22, Customer=1, Released 0 seats
[2025-11-12 16:18:22] ? Cancelled expired booking ID=23, Customer=1, Released 0 seats
[2025-11-12 16:18:22] ? Cancelled expired booking ID=24, Customer=1, Released 0 seats
[2025-11-12 16:18:22] ? Cancelled expired booking ID=25, Customer=1, Released 0 seats
[2025-11-12 16:18:22] ? Cancelled expired booking ID=26, Customer=1, Released 2 seats
[2025-11-12 16:18:22] ? Cancelled expired booking ID=27, Customer=1, Released 0 seats
[2025-11-12 16:18:22] ? Cancelled expired booking ID=28, Customer=1, Released 0 seats
[2025-11-12 16:18:22] ? Cancelled expired booking ID=29, Customer=1, Released 0 seats
[2025-11-12 16:18:22] ? Cancelled expired booking ID=30, Customer=1, Released 0 seats
[2025-11-12 16:18:22] ? Cancelled expired booking ID=31, Customer=1, Released 1 seats
[2025-11-12 16:18:22] ? Cancelled expired booking ID=32, Customer=1, Released 2 seats
[2025-11-12 16:18:22] ? Cancelled expired booking ID=33, Customer=1, Released 2 seats
[2025-11-12 16:18:22] ? Cancelled expired booking ID=34, Customer=1, Released 2 seats
[2025-11-12 16:18:22] ? Cancelled expired booking ID=35, Customer=1, Released 0 seats
[2025-11-12 16:18:22] ? Cancelled expired booking ID=36, Customer=1, Released 2 seats
[2025-11-12 16:18:22] ? Cancelled expired booking ID=37, Customer=1, Released 1 seats
[2025-11-12 16:18:22] ? Cancelled expired booking ID=38, Customer=1, Released 0 seats
[2025-11-12 16:18:22] ? Cancelled expired booking ID=39, Customer=1, Released 2 seats
[2025-11-12 16:18:22] ? Cancelled expired booking ID=40, Customer=1, Released 2 seats
[2025-11-12 16:18:22] ? Cancelled expired booking ID=41, Customer=1, Released 1 seats
[2025-11-12 16:18:22] ? Cancelled expired booking ID=42, Customer=1, Released 2 seats
[2025-11-12 16:18:40] === CREATE PURCHASE ORDER - SESSION DEBUG ===
[2025-11-12 16:18:40] EmployeeId: 1
[2025-11-12 16:18:40] EmployeeName: Nguyễn Văn Quản Trị
[2025-11-12 16:18:40] UserRole: Admin
[2025-11-12 16:18:40] StaffId: 
[2025-11-12 16:18:40] Session[EmployeeId] = 1
[2025-11-12 16:18:40] Session[EmployeeName] = Nguyễn Văn Quản Trị
[2025-11-12 16:18:40] Session[EmployeeEmail] = admin@galaxy.example
[2025-11-12 16:18:40] Session[UserRole] = Admin
[2025-11-12 16:19:21] ? Found 37 expired bookings to cancel
[2025-11-12 16:19:21] ? Cancelled expired booking ID=6, Customer=1, Released 0 seats
[2025-11-12 16:19:21] ? Cancelled expired booking ID=7, Customer=1, Released 0 seats
[2025-11-12 16:19:21] ? Cancelled expired booking ID=8, Customer=1, Released 0 seats
[2025-11-12 16:19:21] ? Cancelled expired booking ID=9, Customer=1, Released 0 seats
[2025-11-12 16:19:21] ? Cancelled expired booking ID=10, Customer=1, Released 1 seats
[2025-11-12 16:19:21] ? Cancelled expired booking ID=11, Customer=1, Released 0 seats
[2025-11-12 16:19:21] ? Cancelled expired booking ID=12, Customer=1, Released 2 seats
[2025-11-12 16:19:21] ? Cancelled expired booking ID=13, Customer=1, Released 1 seats
[2025-11-12 16:19:21] ? Cancelled expired booking ID=14, Customer=1, Released 2 seats
[2025-11-12 16:19:21] ? Cancelled expired booking ID=15, Customer=1, Released 0 seats
[2025-11-12 16:19:21] ? Cancelled expired booking ID=16, Customer=1, Released 0 seats
[2025-11-12 16:19:21] ? Cancelled expired booking ID=17, Customer=1, Released 0 seats
[2025-11-12 16:19:21] ? Cancelled expired booking ID=18, Customer=1, Released 0 seats
[2025-11-12 16:19:21] ? Cancelled expired booking ID=19, Customer=1, Released 1 seats
[2025-11-12 16:19:21] ? Cancelled expired booking ID=20, Customer=1, Released 0 seats
[2025-11-12 16:19:21] ? Cancelled expired booking ID=21, Customer=1, Released 0 seats
[2025-11-12 16:19:21] ? Cancelled expired booking ID=22, Customer=1, Released 0 seats
[2025-11-12 16:19:21] ? Cancelled expired booking ID=23, Customer=1, Released 0 seats
[2025-11-12 16:19:21] ? Cancelled expired booking ID=24, Customer=1, Released 0 seats
[2025-11-12 16:19:21] ? Cancelled expired booking ID=25, Customer=1, Released 0 seats
[2025-11-12 16:19:21] ? Cancelled expired booking ID=26, Customer=1, Released 2 seats
[2025-11-12 16:19:21] ? Cancelled expired booking ID=27, Customer=1, Released 0 seats
[2025-11-12 16:19:21] ? Cancelled expired booking ID=28, Customer=1, Released 0 seats
[2025-11-12 16:19:21] ? Cancelled expired booking ID=29, Customer=1, Released 0 seats
[2025-11-12 16:19:21] ? Cancelled expired booking ID=30, Customer=1, Released 0 seats
[2025-11-12 16:19:21] ? Cancelled expired booking ID=31, Customer=1, Released 1 seats
[2025-11-12 16:19:21] ? Cancelled expired booking ID=32, Customer=1, Released 2 seats
[2025-11-12 16:19:21] ? Cancelled expired booking ID=33, Customer=1, Released 2 seats
[2025-11-12 16:19:21] ? Cancelled expired booking ID=34, Customer=1, Released 2 seats
[2025-11-12 16:19:21] ? Cancelled expired booking ID=35, Customer=1, Released 0 seats
[2025-11-12 16:19:21] ? Cancelled expired booking ID=36, Customer=1, Released 2 seats
[2025-11-12 16:19:21] ? Cancelled expired booking ID=37, Customer=1, Released 1 seats
[2025-11-12 16:19:21] ? Cancelled expired booking ID=38, Customer=1, Released 0 seats
[2025-11-12 16:19:21] ? Cancelled expired booking ID=39, Customer=1, Released 2 seats
[2025-11-12 16:19:21] ? Cancelled expired booking ID=40, Customer=1, Released 2 seats
[2025-11-12 16:19:21] ? Cancelled expired booking ID=41, Customer=1, Released 1 seats
[2025-11-12 16:19:21] ? Cancelled expired booking ID=42, Customer=1, Released 2 seats
[2025-11-12 16:20:21] ? Found 37 expired bookings to cancel
[2025-11-12 16:20:21] ? Cancelled expired booking ID=6, Customer=1, Released 0 seats
[2025-11-12 16:20:21] ? Cancelled expired booking ID=7, Customer=1, Released 0 seats
[2025-11-12 16:20:21] ? Cancelled expired booking ID=8, Customer=1, Released 0 seats
[2025-11-12 16:20:21] ? Cancelled expired booking ID=9, Customer=1, Released 0 seats
[2025-11-12 16:20:21] ? Cancelled expired booking ID=10, Customer=1, Released 1 seats
[2025-11-12 16:20:21] ? Cancelled expired booking ID=11, Customer=1, Released 0 seats
[2025-11-12 16:20:21] ? Cancelled expired booking ID=12, Customer=1, Released 2 seats
[2025-11-12 16:20:21] ? Cancelled expired booking ID=13, Customer=1, Released 1 seats
[2025-11-12 16:20:21] ? Cancelled expired booking ID=14, Customer=1, Released 2 seats
[2025-11-12 16:20:21] ? Cancelled expired booking ID=15, Customer=1, Released 0 seats
[2025-11-12 16:20:21] ? Cancelled expired booking ID=16, Customer=1, Released 0 seats
[2025-11-12 16:20:21] ? Cancelled expired booking ID=17, Customer=1, Released 0 seats
[2025-11-12 16:20:21] ? Cancelled expired booking ID=18, Customer=1, Released 0 seats
[2025-11-12 16:20:21] ? Cancelled expired booking ID=19, Customer=1, Released 1 seats
[2025-11-12 16:20:21] ? Cancelled expired booking ID=20, Customer=1, Released 0 seats
[2025-11-12 16:20:21] ? Cancelled expired booking ID=21, Customer=1, Released 0 seats
[2025-11-12 16:20:21] ? Cancelled expired booking ID=22, Customer=1, Released 0 seats
[2025-11-12 16:20:21] ? Cancelled expired booking ID=23, Customer=1, Released 0 seats
[2025-11-12 16:20:21] ? Cancelled expired booking ID=24, Customer=1, Released 0 seats
[2025-11-12 16:20:21] ? Cancelled expired booking ID=25, Customer=1, Released 0 seats
[2025-11-12 16:20:21] ? Cancelled expired booking ID=26, Customer=1, Released 2 seats
[2025-11-12 16:20:21] ? Cancelled expired booking ID=27, Customer=1, Released 0 seats
[2025-11-12 16:20:21] ? Cancelled expired booking ID=28, Customer=1, Released 0 seats
[2025-11-12 16:20:21] ? Cancelled expired booking ID=29, Customer=1, Released 0 seats
[2025-11-12 16:20:21] ? Cancelled expired booking ID=30, Customer=1, Released 0 seats
[2025-11-12 16:20:21] ? Cancelled expired booking ID=31, Customer=1, Released 1 seats
[2025-11-12 16:20:21] ? Cancelled expired booking ID=32, Customer=1, Released 2 seats
[2025-11-12 16:20:21] ? Cancelled expired booking ID=33, Customer=1, Released 2 seats
[2025-11-12 16:20:21] ? Cancelled expired booking ID=34, Customer=1, Released 2 seats
[2025-11-12 16:20:21] ? Cancelled expired booking ID=35, Customer=1, Released 0 seats
[2025-11-12 16:20:21] ? Cancelled expired booking ID=36, Customer=1, Released 2 seats
[2025-11-12 16:20:21] ? Cancelled expired booking ID=37, Customer=1, Released 1 seats
[2025-11-12 16:20:21] ? Cancelled expired booking ID=38, Customer=1, Released 0 seats
[2025-11-12 16:20:21] ? Cancelled expired booking ID=39, Customer=1, Released 2 seats
[2025-11-12 16:20:21] ? Cancelled expired booking ID=40, Customer=1, Released 2 seats
[2025-11-12 16:20:21] ? Cancelled expired booking ID=41, Customer=1, Released 1 seats
[2025-11-12 16:20:21] ? Cancelled expired booking ID=42, Customer=1, Released 2 seats
[2025-11-12 16:21:21] ? Found 37 expired bookings to cancel
[2025-11-12 16:21:21] ? Cancelled expired booking ID=6, Customer=1, Released 0 seats
[2025-11-12 16:21:21] ? Cancelled expired booking ID=7, Customer=1, Released 0 seats
[2025-11-12 16:21:21] ? Cancelled expired booking ID=8, Customer=1, Released 0 seats
[2025-11-12 16:21:21] ? Cancelled expired booking ID=9, Customer=1, Released 0 seats
[2025-11-12 16:21:21] ? Cancelled expired booking ID=10, Customer=1, Released 1 seats
[2025-11-12 16:21:21] ? Cancelled expired booking ID=11, Customer=1, Released 0 seats
[2025-11-12 16:21:21] ? Cancelled expired booking ID=12, Customer=1, Released 2 seats
[2025-11-12 16:21:21] ? Cancelled expired booking ID=13, Customer=1, Released 1 seats
[2025-11-12 16:21:21] ? Cancelled expired booking ID=14, Customer=1, Released 2 seats
[2025-11-12 16:21:21] ? Cancelled expired booking ID=15, Customer=1, Released 0 seats
[2025-11-12 16:21:21] ? Cancelled expired booking ID=16, Customer=1, Released 0 seats
[2025-11-12 16:21:21] ? Cancelled expired booking ID=17, Customer=1, Released 0 seats
[2025-11-12 16:21:21] ? Cancelled expired booking ID=18, Customer=1, Released 0 seats
[2025-11-12 16:21:21] ? Cancelled expired booking ID=19, Customer=1, Released 1 seats
[2025-11-12 16:21:21] ? Cancelled expired booking ID=20, Customer=1, Released 0 seats
[2025-11-12 16:21:21] ? Cancelled expired booking ID=21, Customer=1, Released 0 seats
[2025-11-12 16:21:21] ? Cancelled expired booking ID=22, Customer=1, Released 0 seats
[2025-11-12 16:21:21] ? Cancelled expired booking ID=23, Customer=1, Released 0 seats
[2025-11-12 16:21:21] ? Cancelled expired booking ID=24, Customer=1, Released 0 seats
[2025-11-12 16:21:21] ? Cancelled expired booking ID=25, Customer=1, Released 0 seats
[2025-11-12 16:21:21] ? Cancelled expired booking ID=26, Customer=1, Released 2 seats
[2025-11-12 16:21:21] ? Cancelled expired booking ID=27, Customer=1, Released 0 seats
[2025-11-12 16:21:21] ? Cancelled expired booking ID=28, Customer=1, Released 0 seats
[2025-11-12 16:21:21] ? Cancelled expired booking ID=29, Customer=1, Released 0 seats
[2025-11-12 16:21:21] ? Cancelled expired booking ID=30, Customer=1, Released 0 seats
[2025-11-12 16:21:21] ? Cancelled expired booking ID=31, Customer=1, Released 1 seats
[2025-11-12 16:21:21] ? Cancelled expired booking ID=32, Customer=1, Released 2 seats
[2025-11-12 16:21:21] ? Cancelled expired booking ID=33, Customer=1, Released 2 seats
[2025-11-12 16:21:21] ? Cancelled expired booking ID=34, Customer=1, Released 2 seats
[2025-11-12 16:21:21] ? Cancelled expired booking ID=35, Customer=1, Released 0 seats
[2025-11-12 16:21:21] ? Cancelled expired booking ID=36, Customer=1, Released 2 seats
[2025-11-12 16:21:21] ? Cancelled expired booking ID=37, Customer=1, Released 1 seats
[2025-11-12 16:21:21] ? Cancelled expired booking ID=38, Customer=1, Released 0 seats
[2025-11-12 16:21:21] ? Cancelled expired booking ID=39, Customer=1, Released 2 seats
[2025-11-12 16:21:21] ? Cancelled expired booking ID=40, Customer=1, Released 2 seats
[2025-11-12 16:21:21] ? Cancelled expired booking ID=41, Customer=1, Released 1 seats
[2025-11-12 16:21:21] ? Cancelled expired booking ID=42, Customer=1, Released 2 seats
[2025-11-12 16:22:21] ? Found 37 expired bookings to cancel
[2025-11-12 16:22:21] ? Cancelled expired booking ID=6, Customer=1, Released 0 seats
[2025-11-12 16:22:21] ? Cancelled expired booking ID=7, Customer=1, Released 0 seats
[2025-11-12 16:22:21] ? Cancelled expired booking ID=8, Customer=1, Released 0 seats
[2025-11-12 16:22:21] ? Cancelled expired booking ID=9, Customer=1, Released 0 seats
[2025-11-12 16:22:21] ? Cancelled expired booking ID=10, Customer=1, Released 1 seats
[2025-11-12 16:22:21] ? Cancelled expired booking ID=11, Customer=1, Released 0 seats
[2025-11-12 16:22:21] ? Cancelled expired booking ID=12, Customer=1, Released 2 seats
[2025-11-12 16:22:21] ? Cancelled expired booking ID=13, Customer=1, Released 1 seats
[2025-11-12 16:22:21] ? Cancelled expired booking ID=14, Customer=1, Released 2 seats
[2025-11-12 16:22:21] ? Cancelled expired booking ID=15, Customer=1, Released 0 seats
[2025-11-12 16:22:21] ? Cancelled expired booking ID=16, Customer=1, Released 0 seats
[2025-11-12 16:22:21] ? Cancelled expired booking ID=17, Customer=1, Released 0 seats
[2025-11-12 16:22:21] ? Cancelled expired booking ID=18, Customer=1, Released 0 seats
[2025-11-12 16:22:21] ? Cancelled expired booking ID=19, Customer=1, Released 1 seats
[2025-11-12 16:22:21] ? Cancelled expired booking ID=20, Customer=1, Released 0 seats
[2025-11-12 16:22:21] ? Cancelled expired booking ID=21, Customer=1, Released 0 seats
[2025-11-12 16:22:21] ? Cancelled expired booking ID=22, Customer=1, Released 0 seats
[2025-11-12 16:22:21] ? Cancelled expired booking ID=23, Customer=1, Released 0 seats
[2025-11-12 16:22:21] ? Cancelled expired booking ID=24, Customer=1, Released 0 seats
[2025-11-12 16:22:21] ? Cancelled expired booking ID=25, Customer=1, Released 0 seats
[2025-11-12 16:22:21] ? Cancelled expired booking ID=26, Customer=1, Released 2 seats
[2025-11-12 16:22:21] ? Cancelled expired booking ID=27, Customer=1, Released 0 seats
[2025-11-12 16:22:21] ? Cancelled expired booking ID=28, Customer=1, Released 0 seats
[2025-11-12 16:22:21] ? Cancelled expired booking ID=29, Customer=1, Released 0 seats
[2025-11-12 16:22:21] ? Cancelled expired booking ID=30, Customer=1, Released 0 seats
[2025-11-12 16:22:21] ? Cancelled expired booking ID=31, Customer=1, Released 1 seats
[2025-11-12 16:22:21] ? Cancelled expired booking ID=32, Customer=1, Released 2 seats
[2025-11-12 16:22:21] ? Cancelled expired booking ID=33, Customer=1, Released 2 seats
[2025-11-12 16:22:21] ? Cancelled expired booking ID=34, Customer=1, Released 2 seats
[2025-11-12 16:22:21] ? Cancelled expired booking ID=35, Customer=1, Released 0 seats
[2025-11-12 16:22:21] ? Cancelled expired booking ID=36, Customer=1, Released 2 seats
[2025-11-12 16:22:21] ? Cancelled expired booking ID=37, Customer=1, Released 1 seats
[2025-11-12 16:22:21] ? Cancelled expired booking ID=38, Customer=1, Released 0 seats
[2025-11-12 16:22:21] ? Cancelled expired booking ID=39, Customer=1, Released 2 seats
[2025-11-12 16:22:21] ? Cancelled expired booking ID=40, Customer=1, Released 2 seats
[2025-11-12 16:22:22] ? Cancelled expired booking ID=41, Customer=1, Released 1 seats
[2025-11-12 16:22:22] ? Cancelled expired booking ID=42, Customer=1, Released 2 seats
[2025-11-12 16:23:21] ? Found 37 expired bookings to cancel
[2025-11-12 16:23:21] ? Cancelled expired booking ID=6, Customer=1, Released 0 seats
[2025-11-12 16:23:21] ? Cancelled expired booking ID=7, Customer=1, Released 0 seats
[2025-11-12 16:23:21] ? Cancelled expired booking ID=8, Customer=1, Released 0 seats
[2025-11-12 16:23:21] ? Cancelled expired booking ID=9, Customer=1, Released 0 seats
[2025-11-12 16:23:21] ? Cancelled expired booking ID=10, Customer=1, Released 1 seats
[2025-11-12 16:23:21] ? Cancelled expired booking ID=11, Customer=1, Released 0 seats
[2025-11-12 16:23:21] ? Cancelled expired booking ID=12, Customer=1, Released 2 seats
[2025-11-12 16:23:21] ? Cancelled expired booking ID=13, Customer=1, Released 1 seats
[2025-11-12 16:23:21] ? Cancelled expired booking ID=14, Customer=1, Released 2 seats
[2025-11-12 16:23:21] ? Cancelled expired booking ID=15, Customer=1, Released 0 seats
[2025-11-12 16:23:21] ? Cancelled expired booking ID=16, Customer=1, Released 0 seats
[2025-11-12 16:23:21] ? Cancelled expired booking ID=17, Customer=1, Released 0 seats
[2025-11-12 16:23:21] ? Cancelled expired booking ID=18, Customer=1, Released 0 seats
[2025-11-12 16:23:21] ? Cancelled expired booking ID=19, Customer=1, Released 1 seats
[2025-11-12 16:23:21] ? Cancelled expired booking ID=20, Customer=1, Released 0 seats
[2025-11-12 16:23:21] ? Cancelled expired booking ID=21, Customer=1, Released 0 seats
[2025-11-12 16:23:21] ? Cancelled expired booking ID=22, Customer=1, Released 0 seats
[2025-11-12 16:23:21] ? Cancelled expired booking ID=23, Customer=1, Released 0 seats
[2025-11-12 16:23:21] ? Cancelled expired booking ID=24, Customer=1, Released 0 seats
[2025-11-12 16:23:21] ? Cancelled expired booking ID=25, Customer=1, Released 0 seats
[2025-11-12 16:23:21] ? Cancelled expired booking ID=26, Customer=1, Released 2 seats
[2025-11-12 16:23:22] ? Cancelled expired booking ID=27, Customer=1, Released 0 seats
[2025-11-12 16:23:22] ? Cancelled expired booking ID=28, Customer=1, Released 0 seats
[2025-11-12 16:23:22] ? Cancelled expired booking ID=29, Customer=1, Released 0 seats
[2025-11-12 16:23:22] ? Cancelled expired booking ID=30, Customer=1, Released 0 seats
[2025-11-12 16:23:22] ? Cancelled expired booking ID=31, Customer=1, Released 1 seats
[2025-11-12 16:23:22] ? Cancelled expired booking ID=32, Customer=1, Released 2 seats
[2025-11-12 16:23:22] ? Cancelled expired booking ID=33, Customer=1, Released 2 seats
[2025-11-12 16:23:22] ? Cancelled expired booking ID=34, Customer=1, Released 2 seats
[2025-11-12 16:23:22] ? Cancelled expired booking ID=35, Customer=1, Released 0 seats
[2025-11-12 16:23:22] ? Cancelled expired booking ID=36, Customer=1, Released 2 seats
[2025-11-12 16:23:22] ? Cancelled expired booking ID=37, Customer=1, Released 1 seats
[2025-11-12 16:23:22] ? Cancelled expired booking ID=38, Customer=1, Released 0 seats
[2025-11-12 16:23:22] ? Cancelled expired booking ID=39, Customer=1, Released 2 seats
[2025-11-12 16:23:22] ? Cancelled expired booking ID=40, Customer=1, Released 2 seats
[2025-11-12 16:23:22] ? Cancelled expired booking ID=41, Customer=1, Released 1 seats
[2025-11-12 16:23:22] ? Cancelled expired booking ID=42, Customer=1, Released 2 seats
[2025-11-12 16:24:21] ? Found 37 expired bookings to cancel
[2025-11-12 16:24:21] ? Cancelled expired booking ID=6, Customer=1, Released 0 seats
[2025-11-12 16:24:21] ? Cancelled expired booking ID=7, Customer=1, Released 0 seats
[2025-11-12 16:24:21] ? Cancelled expired booking ID=8, Customer=1, Released 0 seats
[2025-11-12 16:24:21] ? Cancelled expired booking ID=9, Customer=1, Released 0 seats
[2025-11-12 16:24:21] ? Cancelled expired booking ID=10, Customer=1, Released 1 seats
[2025-11-12 16:24:21] ? Cancelled expired booking ID=11, Customer=1, Released 0 seats
[2025-11-12 16:24:21] ? Cancelled expired booking ID=12, Customer=1, Released 2 seats
[2025-11-12 16:24:21] ? Cancelled expired booking ID=13, Customer=1, Released 1 seats
[2025-11-12 16:24:22] ? Cancelled expired booking ID=14, Customer=1, Released 2 seats
[2025-11-12 16:24:22] ? Cancelled expired booking ID=15, Customer=1, Released 0 seats
[2025-11-12 16:24:22] ? Cancelled expired booking ID=16, Customer=1, Released 0 seats
[2025-11-12 16:24:22] ? Cancelled expired booking ID=17, Customer=1, Released 0 seats
[2025-11-12 16:24:22] ? Cancelled expired booking ID=18, Customer=1, Released 0 seats
[2025-11-12 16:24:22] ? Cancelled expired booking ID=19, Customer=1, Released 1 seats
[2025-11-12 16:24:22] ? Cancelled expired booking ID=20, Customer=1, Released 0 seats
[2025-11-12 16:24:22] ? Cancelled expired booking ID=21, Customer=1, Released 0 seats
[2025-11-12 16:24:22] ? Cancelled expired booking ID=22, Customer=1, Released 0 seats
[2025-11-12 16:24:22] ? Cancelled expired booking ID=23, Customer=1, Released 0 seats
[2025-11-12 16:24:22] ? Cancelled expired booking ID=24, Customer=1, Released 0 seats
[2025-11-12 16:24:22] ? Cancelled expired booking ID=25, Customer=1, Released 0 seats
[2025-11-12 16:24:22] ? Cancelled expired booking ID=26, Customer=1, Released 2 seats
[2025-11-12 16:24:22] ? Cancelled expired booking ID=27, Customer=1, Released 0 seats
[2025-11-12 16:24:22] ? Cancelled expired booking ID=28, Customer=1, Released 0 seats
[2025-11-12 16:24:22] ? Cancelled expired booking ID=29, Customer=1, Released 0 seats
[2025-11-12 16:24:22] ? Cancelled expired booking ID=30, Customer=1, Released 0 seats
[2025-11-12 16:24:22] ? Cancelled expired booking ID=31, Customer=1, Released 1 seats
[2025-11-12 16:24:22] ? Cancelled expired booking ID=32, Customer=1, Released 2 seats
[2025-11-12 16:24:22] ? Cancelled expired booking ID=33, Customer=1, Released 2 seats
[2025-11-12 16:24:22] ? Cancelled expired booking ID=34, Customer=1, Released 2 seats
[2025-11-12 16:24:22] ? Cancelled expired booking ID=35, Customer=1, Released 0 seats
[2025-11-12 16:24:22] ? Cancelled expired booking ID=36, Customer=1, Released 2 seats
[2025-11-12 16:24:22] ? Cancelled expired booking ID=37, Customer=1, Released 1 seats
[2025-11-12 16:24:22] ? Cancelled expired booking ID=38, Customer=1, Released 0 seats
[2025-11-12 16:24:22] ? Cancelled expired booking ID=39, Customer=1, Released 2 seats
[2025-11-12 16:24:22] ? Cancelled expired booking ID=40, Customer=1, Released 2 seats
[2025-11-12 16:24:22] ? Cancelled expired booking ID=41, Customer=1, Released 1 seats
[2025-11-12 16:24:22] ? Cancelled expired booking ID=42, Customer=1, Released 2 seats
[2025-11-12 16:25:21] ? Found 37 expired bookings to cancel
[2025-11-12 16:25:21] ? Cancelled expired booking ID=6, Customer=1, Released 0 seats
[2025-11-12 16:25:21] ? Cancelled expired booking ID=7, Customer=1, Released 0 seats
[2025-11-12 16:25:22] ? Cancelled expired booking ID=8, Customer=1, Released 0 seats
[2025-11-12 16:25:22] ? Cancelled expired booking ID=9, Customer=1, Released 0 seats
[2025-11-12 16:25:22] ? Cancelled expired booking ID=10, Customer=1, Released 1 seats
[2025-11-12 16:25:22] ? Cancelled expired booking ID=11, Customer=1, Released 0 seats
[2025-11-12 16:25:22] ? Cancelled expired booking ID=12, Customer=1, Released 2 seats
[2025-11-12 16:25:22] ? Cancelled expired booking ID=13, Customer=1, Released 1 seats
[2025-11-12 16:25:22] ? Cancelled expired booking ID=14, Customer=1, Released 2 seats
[2025-11-12 16:25:22] ? Cancelled expired booking ID=15, Customer=1, Released 0 seats
[2025-11-12 16:25:22] ? Cancelled expired booking ID=16, Customer=1, Released 0 seats
[2025-11-12 16:25:22] ? Cancelled expired booking ID=17, Customer=1, Released 0 seats
[2025-11-12 16:25:22] ? Cancelled expired booking ID=18, Customer=1, Released 0 seats
[2025-11-12 16:25:22] ? Cancelled expired booking ID=19, Customer=1, Released 1 seats
[2025-11-12 16:25:22] ? Cancelled expired booking ID=20, Customer=1, Released 0 seats
[2025-11-12 16:25:22] ? Cancelled expired booking ID=21, Customer=1, Released 0 seats
[2025-11-12 16:25:22] ? Cancelled expired booking ID=22, Customer=1, Released 0 seats
[2025-11-12 16:25:22] ? Cancelled expired booking ID=23, Customer=1, Released 0 seats
[2025-11-12 16:25:22] ? Cancelled expired booking ID=24, Customer=1, Released 0 seats
[2025-11-12 16:25:22] ? Cancelled expired booking ID=25, Customer=1, Released 0 seats
[2025-11-12 16:25:22] ? Cancelled expired booking ID=26, Customer=1, Released 2 seats
[2025-11-12 16:25:22] ? Cancelled expired booking ID=27, Customer=1, Released 0 seats
[2025-11-12 16:25:22] ? Cancelled expired booking ID=28, Customer=1, Released 0 seats
[2025-11-12 16:25:22] ? Cancelled expired booking ID=29, Customer=1, Released 0 seats
[2025-11-12 16:25:22] ? Cancelled expired booking ID=30, Customer=1, Released 0 seats
[2025-11-12 16:25:22] ? Cancelled expired booking ID=31, Customer=1, Released 1 seats
[2025-11-12 16:25:22] ? Cancelled expired booking ID=32, Customer=1, Released 2 seats
[2025-11-12 16:25:22] ? Cancelled expired booking ID=33, Customer=1, Released 2 seats
[2025-11-12 16:25:22] ? Cancelled expired booking ID=34, Customer=1, Released 2 seats
[2025-11-12 16:25:22] ? Cancelled expired booking ID=35, Customer=1, Released 0 seats
[2025-11-12 16:25:22] ? Cancelled expired booking ID=36, Customer=1, Released 2 seats
[2025-11-12 16:25:22] ? Cancelled expired booking ID=37, Customer=1, Released 1 seats
[2025-11-12 16:25:22] ? Cancelled expired booking ID=38, Customer=1, Released 0 seats
[2025-11-12 16:25:22] ? Cancelled expired booking ID=39, Customer=1, Released 2 seats
[2025-11-12 16:25:22] ? Cancelled expired booking ID=40, Customer=1, Released 2 seats
[2025-11-12 16:25:22] ? Cancelled expired booking ID=41, Customer=1, Released 1 seats
[2025-11-12 16:25:22] ? Cancelled expired booking ID=42, Customer=1, Released 2 seats
[2025-11-12 16:26:21] ? Found 37 expired bookings to cancel
[2025-11-12 16:26:21] ? Cancelled expired booking ID=6, Customer=1, Released 0 seats
[2025-11-12 16:26:21] ? Cancelled expired booking ID=7, Customer=1, Released 0 seats
[2025-11-12 16:26:21] ? Cancelled expired booking ID=8, Customer=1, Released 0 seats
[2025-11-12 16:26:21] ? Cancelled expired booking ID=9, Customer=1, Released 0 seats
[2025-11-12 16:26:21] ? Cancelled expired booking ID=10, Customer=1, Released 1 seats
[2025-11-12 16:26:21] ? Cancelled expired booking ID=11, Customer=1, Released 0 seats
[2025-11-12 16:26:21] ? Cancelled expired booking ID=12, Customer=1, Released 2 seats
[2025-11-12 16:26:21] ? Cancelled expired booking ID=13, Customer=1, Released 1 seats
[2025-11-12 16:26:21] ? Cancelled expired booking ID=14, Customer=1, Released 2 seats
[2025-11-12 16:26:21] ? Cancelled expired booking ID=15, Customer=1, Released 0 seats
[2025-11-12 16:26:21] ? Cancelled expired booking ID=16, Customer=1, Released 0 seats
[2025-11-12 16:26:22] ? Cancelled expired booking ID=17, Customer=1, Released 0 seats
[2025-11-12 16:26:22] ? Cancelled expired booking ID=18, Customer=1, Released 0 seats
[2025-11-12 16:26:22] ? Cancelled expired booking ID=19, Customer=1, Released 1 seats
[2025-11-12 16:26:22] ? Cancelled expired booking ID=20, Customer=1, Released 0 seats
[2025-11-12 16:26:22] ? Cancelled expired booking ID=21, Customer=1, Released 0 seats
[2025-11-12 16:26:22] ? Cancelled expired booking ID=22, Customer=1, Released 0 seats
[2025-11-12 16:26:22] ? Cancelled expired booking ID=23, Customer=1, Released 0 seats
[2025-11-12 16:26:22] ? Cancelled expired booking ID=24, Customer=1, Released 0 seats
[2025-11-12 16:26:22] ? Cancelled expired booking ID=25, Customer=1, Released 0 seats
[2025-11-12 16:26:22] ? Cancelled expired booking ID=26, Customer=1, Released 2 seats
[2025-11-12 16:26:22] ? Cancelled expired booking ID=27, Customer=1, Released 0 seats
[2025-11-12 16:26:22] ? Cancelled expired booking ID=28, Customer=1, Released 0 seats
[2025-11-12 16:26:22] ? Cancelled expired booking ID=29, Customer=1, Released 0 seats
[2025-11-12 16:26:22] ? Cancelled expired booking ID=30, Customer=1, Released 0 seats
[2025-11-12 16:26:22] ? Cancelled expired booking ID=31, Customer=1, Released 1 seats
[2025-11-12 16:26:22] ? Cancelled expired booking ID=32, Customer=1, Released 2 seats
[2025-11-12 16:26:22] ? Cancelled expired booking ID=33, Customer=1, Released 2 seats
[2025-11-12 16:26:22] ? Cancelled expired booking ID=34, Customer=1, Released 2 seats
[2025-11-12 16:26:22] ? Cancelled expired booking ID=35, Customer=1, Released 0 seats
[2025-11-12 16:26:22] ? Cancelled expired booking ID=36, Customer=1, Released 2 seats
[2025-11-12 16:26:22] ? Cancelled expired booking ID=37, Customer=1, Released 1 seats
[2025-11-12 16:26:22] ? Cancelled expired booking ID=38, Customer=1, Released 0 seats
[2025-11-12 16:26:22] ? Cancelled expired booking ID=39, Customer=1, Released 2 seats
[2025-11-12 16:26:22] ? Cancelled expired booking ID=40, Customer=1, Released 2 seats
[2025-11-12 16:26:22] ? Cancelled expired booking ID=41, Customer=1, Released 1 seats
[2025-11-12 16:26:22] ? Cancelled expired booking ID=42, Customer=1, Released 2 seats
[2025-11-12 16:27:32] ? BookingExpirationService started
[2025-11-12 16:28:32] ? Found 37 expired bookings to cancel
[2025-11-12 16:28:32] ? Cancelled expired booking ID=6, Customer=1, Released 0 seats
[2025-11-12 16:28:32] ? Cancelled expired booking ID=7, Customer=1, Released 0 seats
[2025-11-12 16:28:32] ? Cancelled expired booking ID=8, Customer=1, Released 0 seats
[2025-11-12 16:28:32] ? Cancelled expired booking ID=9, Customer=1, Released 0 seats
[2025-11-12 16:28:32] ? Cancelled expired booking ID=10, Customer=1, Released 1 seats
[2025-11-12 16:28:32] ? Cancelled expired booking ID=11, Customer=1, Released 0 seats
[2025-11-12 16:28:32] ? Cancelled expired booking ID=12, Customer=1, Released 2 seats
[2025-11-12 16:28:32] ? Cancelled expired booking ID=13, Customer=1, Released 1 seats
[2025-11-12 16:28:32] ? Cancelled expired booking ID=14, Customer=1, Released 2 seats
[2025-11-12 16:28:32] ? Cancelled expired booking ID=15, Customer=1, Released 0 seats
[2025-11-12 16:28:32] ? Cancelled expired booking ID=16, Customer=1, Released 0 seats
[2025-11-12 16:28:32] ? Cancelled expired booking ID=17, Customer=1, Released 0 seats
[2025-11-12 16:28:32] ? Cancelled expired booking ID=18, Customer=1, Released 0 seats
[2025-11-12 16:28:32] ? Cancelled expired booking ID=19, Customer=1, Released 1 seats
[2025-11-12 16:28:32] ? Cancelled expired booking ID=20, Customer=1, Released 0 seats
[2025-11-12 16:28:32] ? Cancelled expired booking ID=21, Customer=1, Released 0 seats
[2025-11-12 16:28:32] ? Cancelled expired booking ID=22, Customer=1, Released 0 seats
[2025-11-12 16:28:32] ? Cancelled expired booking ID=23, Customer=1, Released 0 seats
[2025-11-12 16:28:32] ? Cancelled expired booking ID=24, Customer=1, Released 0 seats
[2025-11-12 16:28:32] ? Cancelled expired booking ID=25, Customer=1, Released 0 seats
[2025-11-12 16:28:32] ? Cancelled expired booking ID=26, Customer=1, Released 2 seats
[2025-11-12 16:28:32] ? Cancelled expired booking ID=27, Customer=1, Released 0 seats
[2025-11-12 16:28:32] ? Cancelled expired booking ID=28, Customer=1, Released 0 seats
[2025-11-12 16:28:32] ? Cancelled expired booking ID=29, Customer=1, Released 0 seats
[2025-11-12 16:28:32] ? Cancelled expired booking ID=30, Customer=1, Released 0 seats
[2025-11-12 16:28:32] ? Cancelled expired booking ID=31, Customer=1, Released 1 seats
[2025-11-12 16:28:32] ? Cancelled expired booking ID=32, Customer=1, Released 2 seats
[2025-11-12 16:28:32] ? Cancelled expired booking ID=33, Customer=1, Released 2 seats
[2025-11-12 16:28:32] ? Cancelled expired booking ID=34, Customer=1, Released 2 seats
[2025-11-12 16:28:32] ? Cancelled expired booking ID=35, Customer=1, Released 0 seats
[2025-11-12 16:28:32] ? Cancelled expired booking ID=36, Customer=1, Released 2 seats
[2025-11-12 16:28:32] ? Cancelled expired booking ID=37, Customer=1, Released 1 seats
[2025-11-12 16:28:32] ? Cancelled expired booking ID=38, Customer=1, Released 0 seats
[2025-11-12 16:28:32] ? Cancelled expired booking ID=39, Customer=1, Released 2 seats
[2025-11-12 16:28:32] ? Cancelled expired booking ID=40, Customer=1, Released 2 seats
[2025-11-12 16:28:32] ? Cancelled expired booking ID=41, Customer=1, Released 1 seats
[2025-11-12 16:28:32] ? Cancelled expired booking ID=42, Customer=1, Released 2 seats
[2025-11-12 16:28:46] === CREATE PURCHASE ORDER - SESSION DEBUG ===
[2025-11-12 16:28:46] EmployeeId: 5
[2025-11-12 16:28:46] EmployeeName: Phạm Long Vũ
[2025-11-12 16:28:46] UserRole: Staff
[2025-11-12 16:28:46] StaffId: 
[2025-11-12 16:28:46] Session[EmployeeId] = 5
[2025-11-12 16:28:46] Session[EmployeeName] = Phạm Long Vũ
[2025-11-12 16:28:46] Session[EmployeeEmail] = vu@gmail.com
[2025-11-12 16:28:46] Session[UserRole] = Staff
[2025-11-12 16:29:32] ? Found 37 expired bookings to cancel
[2025-11-12 16:29:32] ? Cancelled expired booking ID=6, Customer=1, Released 0 seats
[2025-11-12 16:29:32] ? Cancelled expired booking ID=7, Customer=1, Released 0 seats
[2025-11-12 16:29:32] ? Cancelled expired booking ID=8, Customer=1, Released 0 seats
[2025-11-12 16:29:32] ? Cancelled expired booking ID=9, Customer=1, Released 0 seats
[2025-11-12 16:29:32] ? Cancelled expired booking ID=10, Customer=1, Released 1 seats
[2025-11-12 16:29:32] ? Cancelled expired booking ID=11, Customer=1, Released 0 seats
[2025-11-12 16:29:32] ? Cancelled expired booking ID=12, Customer=1, Released 2 seats
[2025-11-12 16:29:32] ? Cancelled expired booking ID=13, Customer=1, Released 1 seats
[2025-11-12 16:29:32] ? Cancelled expired booking ID=14, Customer=1, Released 2 seats
[2025-11-12 16:29:32] ? Cancelled expired booking ID=15, Customer=1, Released 0 seats
[2025-11-12 16:29:32] ? Cancelled expired booking ID=16, Customer=1, Released 0 seats
[2025-11-12 16:29:32] ? Cancelled expired booking ID=17, Customer=1, Released 0 seats
[2025-11-12 16:29:32] ? Cancelled expired booking ID=18, Customer=1, Released 0 seats
[2025-11-12 16:29:32] ? Cancelled expired booking ID=19, Customer=1, Released 1 seats
[2025-11-12 16:29:32] ? Cancelled expired booking ID=20, Customer=1, Released 0 seats
[2025-11-12 16:29:32] ? Cancelled expired booking ID=21, Customer=1, Released 0 seats
[2025-11-12 16:29:32] ? Cancelled expired booking ID=22, Customer=1, Released 0 seats
[2025-11-12 16:29:32] ? Cancelled expired booking ID=23, Customer=1, Released 0 seats
[2025-11-12 16:29:32] ? Cancelled expired booking ID=24, Customer=1, Released 0 seats
[2025-11-12 16:29:32] ? Cancelled expired booking ID=25, Customer=1, Released 0 seats
[2025-11-12 16:29:32] ? Cancelled expired booking ID=26, Customer=1, Released 2 seats
[2025-11-12 16:29:32] ? Cancelled expired booking ID=27, Customer=1, Released 0 seats
[2025-11-12 16:29:32] ? Cancelled expired booking ID=28, Customer=1, Released 0 seats
[2025-11-12 16:29:32] ? Cancelled expired booking ID=29, Customer=1, Released 0 seats
[2025-11-12 16:29:32] ? Cancelled expired booking ID=30, Customer=1, Released 0 seats
[2025-11-12 16:29:32] ? Cancelled expired booking ID=31, Customer=1, Released 1 seats
[2025-11-12 16:29:32] ? Cancelled expired booking ID=32, Customer=1, Released 2 seats
[2025-11-12 16:29:32] ? Cancelled expired booking ID=33, Customer=1, Released 2 seats
[2025-11-12 16:29:32] ? Cancelled expired booking ID=34, Customer=1, Released 2 seats
[2025-11-12 16:29:32] ? Cancelled expired booking ID=35, Customer=1, Released 0 seats
[2025-11-12 16:29:32] ? Cancelled expired booking ID=36, Customer=1, Released 2 seats
[2025-11-12 16:29:32] ? Cancelled expired booking ID=37, Customer=1, Released 1 seats
[2025-11-12 16:29:32] ? Cancelled expired booking ID=38, Customer=1, Released 0 seats
[2025-11-12 16:29:32] ? Cancelled expired booking ID=39, Customer=1, Released 2 seats
[2025-11-12 16:29:32] ? Cancelled expired booking ID=40, Customer=1, Released 2 seats
[2025-11-12 16:29:32] ? Cancelled expired booking ID=41, Customer=1, Released 1 seats
[2025-11-12 16:29:32] ? Cancelled expired booking ID=42, Customer=1, Released 2 seats
[2025-11-12 16:30:32] ? Found 37 expired bookings to cancel
[2025-11-12 16:30:32] ? Cancelled expired booking ID=6, Customer=1, Released 0 seats
[2025-11-12 16:30:32] ? Cancelled expired booking ID=7, Customer=1, Released 0 seats
[2025-11-12 16:30:32] ? Cancelled expired booking ID=8, Customer=1, Released 0 seats
[2025-11-12 16:30:32] ? Cancelled expired booking ID=9, Customer=1, Released 0 seats
[2025-11-12 16:30:32] ? Cancelled expired booking ID=10, Customer=1, Released 1 seats
[2025-11-12 16:30:32] ? Cancelled expired booking ID=11, Customer=1, Released 0 seats
[2025-11-12 16:30:32] ? Cancelled expired booking ID=12, Customer=1, Released 2 seats
[2025-11-12 16:30:32] ? Cancelled expired booking ID=13, Customer=1, Released 1 seats
[2025-11-12 16:30:32] ? Cancelled expired booking ID=14, Customer=1, Released 2 seats
[2025-11-12 16:30:32] ? Cancelled expired booking ID=15, Customer=1, Released 0 seats
[2025-11-12 16:30:32] ? Cancelled expired booking ID=16, Customer=1, Released 0 seats
[2025-11-12 16:30:32] ? Cancelled expired booking ID=17, Customer=1, Released 0 seats
[2025-11-12 16:30:32] ? Cancelled expired booking ID=18, Customer=1, Released 0 seats
[2025-11-12 16:30:32] ? Cancelled expired booking ID=19, Customer=1, Released 1 seats
[2025-11-12 16:30:32] ? Cancelled expired booking ID=20, Customer=1, Released 0 seats
[2025-11-12 16:30:32] ? Cancelled expired booking ID=21, Customer=1, Released 0 seats
[2025-11-12 16:30:32] ? Cancelled expired booking ID=22, Customer=1, Released 0 seats
[2025-11-12 16:30:32] ? Cancelled expired booking ID=23, Customer=1, Released 0 seats
[2025-11-12 16:30:32] ? Cancelled expired booking ID=24, Customer=1, Released 0 seats
[2025-11-12 16:30:32] ? Cancelled expired booking ID=25, Customer=1, Released 0 seats
[2025-11-12 16:30:32] ? Cancelled expired booking ID=26, Customer=1, Released 2 seats
[2025-11-12 16:30:32] ? Cancelled expired booking ID=27, Customer=1, Released 0 seats
[2025-11-12 16:30:32] ? Cancelled expired booking ID=28, Customer=1, Released 0 seats
[2025-11-12 16:30:32] ? Cancelled expired booking ID=29, Customer=1, Released 0 seats
[2025-11-12 16:30:32] ? Cancelled expired booking ID=30, Customer=1, Released 0 seats
[2025-11-12 16:30:32] ? Cancelled expired booking ID=31, Customer=1, Released 1 seats
[2025-11-12 16:30:32] ? Cancelled expired booking ID=32, Customer=1, Released 2 seats
[2025-11-12 16:30:32] ? Cancelled expired booking ID=33, Customer=1, Released 2 seats
[2025-11-12 16:30:32] ? Cancelled expired booking ID=34, Customer=1, Released 2 seats
[2025-11-12 16:30:32] ? Cancelled expired booking ID=35, Customer=1, Released 0 seats
[2025-11-12 16:30:32] ? Cancelled expired booking ID=36, Customer=1, Released 2 seats
[2025-11-12 16:30:32] ? Cancelled expired booking ID=37, Customer=1, Released 1 seats
[2025-11-12 16:30:32] ? Cancelled expired booking ID=38, Customer=1, Released 0 seats
[2025-11-12 16:30:32] ? Cancelled expired booking ID=39, Customer=1, Released 2 seats
[2025-11-12 16:30:32] ? Cancelled expired booking ID=40, Customer=1, Released 2 seats
[2025-11-12 16:30:32] ? Cancelled expired booking ID=41, Customer=1, Released 1 seats
[2025-11-12 16:30:32] ? Cancelled expired booking ID=42, Customer=1, Released 2 seats
[2025-11-12 16:36:25] ? BookingExpirationService started
[2025-11-12 16:37:25] ? Found 37 expired bookings to cancel
[2025-11-12 16:37:25] ? Cancelled expired booking ID=6, Customer=1, Released 0 seats
[2025-11-12 16:37:25] ? Cancelled expired booking ID=7, Customer=1, Released 0 seats
[2025-11-12 16:37:25] ? Cancelled expired booking ID=8, Customer=1, Released 0 seats
[2025-11-12 16:37:25] ? Cancelled expired booking ID=9, Customer=1, Released 0 seats
[2025-11-12 16:37:25] ? Cancelled expired booking ID=10, Customer=1, Released 1 seats
[2025-11-12 16:37:25] ? Cancelled expired booking ID=11, Customer=1, Released 0 seats
[2025-11-12 16:37:25] ? Cancelled expired booking ID=12, Customer=1, Released 2 seats
[2025-11-12 16:37:25] ? Cancelled expired booking ID=13, Customer=1, Released 1 seats
[2025-11-12 16:37:25] ? Cancelled expired booking ID=14, Customer=1, Released 2 seats
[2025-11-12 16:37:25] ? Cancelled expired booking ID=15, Customer=1, Released 0 seats
[2025-11-12 16:37:25] ? Cancelled expired booking ID=16, Customer=1, Released 0 seats
[2025-11-12 16:37:25] ? Cancelled expired booking ID=17, Customer=1, Released 0 seats
[2025-11-12 16:37:25] ? Cancelled expired booking ID=18, Customer=1, Released 0 seats
[2025-11-12 16:37:25] ? Cancelled expired booking ID=19, Customer=1, Released 1 seats
[2025-11-12 16:37:25] ? Cancelled expired booking ID=20, Customer=1, Released 0 seats
[2025-11-12 16:37:25] ? Cancelled expired booking ID=21, Customer=1, Released 0 seats
[2025-11-12 16:37:25] ? Cancelled expired booking ID=22, Customer=1, Released 0 seats
[2025-11-12 16:37:25] ? Cancelled expired booking ID=23, Customer=1, Released 0 seats
[2025-11-12 16:37:25] ? Cancelled expired booking ID=24, Customer=1, Released 0 seats
[2025-11-12 16:37:25] ? Cancelled expired booking ID=25, Customer=1, Released 0 seats
[2025-11-12 16:37:25] ? Cancelled expired booking ID=26, Customer=1, Released 2 seats
[2025-11-12 16:37:25] ? Cancelled expired booking ID=27, Customer=1, Released 0 seats
[2025-11-12 16:37:25] ? Cancelled expired booking ID=28, Customer=1, Released 0 seats
[2025-11-12 16:37:25] ? Cancelled expired booking ID=29, Customer=1, Released 0 seats
[2025-11-12 16:37:25] ? Cancelled expired booking ID=30, Customer=1, Released 0 seats
[2025-11-12 16:37:25] ? Cancelled expired booking ID=31, Customer=1, Released 1 seats
[2025-11-12 16:37:25] ? Cancelled expired booking ID=32, Customer=1, Released 2 seats
[2025-11-12 16:37:25] ? Cancelled expired booking ID=33, Customer=1, Released 2 seats
[2025-11-12 16:37:25] ? Cancelled expired booking ID=34, Customer=1, Released 2 seats
[2025-11-12 16:37:25] ? Cancelled expired booking ID=35, Customer=1, Released 0 seats
[2025-11-12 16:37:25] ? Cancelled expired booking ID=36, Customer=1, Released 2 seats
[2025-11-12 16:37:25] ? Cancelled expired booking ID=37, Customer=1, Released 1 seats
[2025-11-12 16:37:25] ? Cancelled expired booking ID=38, Customer=1, Released 0 seats
[2025-11-12 16:37:25] ? Cancelled expired booking ID=39, Customer=1, Released 2 seats
[2025-11-12 16:37:25] ? Cancelled expired booking ID=40, Customer=1, Released 2 seats
[2025-11-12 16:37:25] ? Cancelled expired booking ID=41, Customer=1, Released 1 seats
[2025-11-12 16:37:25] ? Cancelled expired booking ID=42, Customer=1, Released 2 seats
[2025-11-12 16:38:25] ? Found 37 expired bookings to cancel
[2025-11-12 16:38:25] ? Cancelled expired booking ID=6, Customer=1, Released 0 seats
[2025-11-12 16:38:25] ? Cancelled expired booking ID=7, Customer=1, Released 0 seats
[2025-11-12 16:38:25] ? Cancelled expired booking ID=8, Customer=1, Released 0 seats
[2025-11-12 16:38:25] ? Cancelled expired booking ID=9, Customer=1, Released 0 seats
[2025-11-12 16:38:25] ? Cancelled expired booking ID=10, Customer=1, Released 1 seats
[2025-11-12 16:38:25] ? Cancelled expired booking ID=11, Customer=1, Released 0 seats
[2025-11-12 16:38:25] ? Cancelled expired booking ID=12, Customer=1, Released 2 seats
[2025-11-12 16:38:25] ? Cancelled expired booking ID=13, Customer=1, Released 1 seats
[2025-11-12 16:38:25] ? Cancelled expired booking ID=14, Customer=1, Released 2 seats
[2025-11-12 16:38:25] ? Cancelled expired booking ID=15, Customer=1, Released 0 seats
[2025-11-12 16:38:25] ? Cancelled expired booking ID=16, Customer=1, Released 0 seats
[2025-11-12 16:38:25] ? Cancelled expired booking ID=17, Customer=1, Released 0 seats
[2025-11-12 16:38:25] ? Cancelled expired booking ID=18, Customer=1, Released 0 seats
[2025-11-12 16:38:25] ? Cancelled expired booking ID=19, Customer=1, Released 1 seats
[2025-11-12 16:38:25] ? Cancelled expired booking ID=20, Customer=1, Released 0 seats
[2025-11-12 16:38:25] ? Cancelled expired booking ID=21, Customer=1, Released 0 seats
[2025-11-12 16:38:25] ? Cancelled expired booking ID=22, Customer=1, Released 0 seats
[2025-11-12 16:38:25] ? Cancelled expired booking ID=23, Customer=1, Released 0 seats
[2025-11-12 16:38:25] ? Cancelled expired booking ID=24, Customer=1, Released 0 seats
[2025-11-12 16:38:25] ? Cancelled expired booking ID=25, Customer=1, Released 0 seats
[2025-11-12 16:38:25] ? Cancelled expired booking ID=26, Customer=1, Released 2 seats
[2025-11-12 16:38:25] ? Cancelled expired booking ID=27, Customer=1, Released 0 seats
[2025-11-12 16:38:25] ? Cancelled expired booking ID=28, Customer=1, Released 0 seats
[2025-11-12 16:38:25] ? Cancelled expired booking ID=29, Customer=1, Released 0 seats
[2025-11-12 16:38:25] ? Cancelled expired booking ID=30, Customer=1, Released 0 seats
[2025-11-12 16:38:25] ? Cancelled expired booking ID=31, Customer=1, Released 1 seats
[2025-11-12 16:38:25] ? Cancelled expired booking ID=32, Customer=1, Released 2 seats
[2025-11-12 16:38:25] ? Cancelled expired booking ID=33, Customer=1, Released 2 seats
[2025-11-12 16:38:25] ? Cancelled expired booking ID=34, Customer=1, Released 2 seats
[2025-11-12 16:38:25] ? Cancelled expired booking ID=35, Customer=1, Released 0 seats
[2025-11-12 16:38:25] ? Cancelled expired booking ID=36, Customer=1, Released 2 seats
[2025-11-12 16:38:25] ? Cancelled expired booking ID=37, Customer=1, Released 1 seats
[2025-11-12 16:38:25] ? Cancelled expired booking ID=38, Customer=1, Released 0 seats
[2025-11-12 16:38:25] ? Cancelled expired booking ID=39, Customer=1, Released 2 seats
[2025-11-12 16:38:25] ? Cancelled expired booking ID=40, Customer=1, Released 2 seats
[2025-11-12 16:38:25] ? Cancelled expired booking ID=41, Customer=1, Released 1 seats
[2025-11-12 16:38:25] ? Cancelled expired booking ID=42, Customer=1, Released 2 seats
[2025-11-12 16:39:25] ? Found 37 expired bookings to cancel
[2025-11-12 16:39:25] ? Cancelled expired booking ID=6, Customer=1, Released 0 seats
[2025-11-12 16:39:25] ? Cancelled expired booking ID=7, Customer=1, Released 0 seats
[2025-11-12 16:39:25] ? Cancelled expired booking ID=8, Customer=1, Released 0 seats
[2025-11-12 16:39:25] ? Cancelled expired booking ID=9, Customer=1, Released 0 seats
[2025-11-12 16:39:25] ? Cancelled expired booking ID=10, Customer=1, Released 1 seats
[2025-11-12 16:39:25] ? Cancelled expired booking ID=11, Customer=1, Released 0 seats
[2025-11-12 16:39:25] ? Cancelled expired booking ID=12, Customer=1, Released 2 seats
[2025-11-12 16:39:25] ? Cancelled expired booking ID=13, Customer=1, Released 1 seats
[2025-11-12 16:39:25] ? Cancelled expired booking ID=14, Customer=1, Released 2 seats
[2025-11-12 16:39:25] ? Cancelled expired booking ID=15, Customer=1, Released 0 seats
[2025-11-12 16:39:25] ? Cancelled expired booking ID=16, Customer=1, Released 0 seats
[2025-11-12 16:39:25] ? Cancelled expired booking ID=17, Customer=1, Released 0 seats
[2025-11-12 16:39:25] ? Cancelled expired booking ID=18, Customer=1, Released 0 seats
[2025-11-12 16:39:25] ? Cancelled expired booking ID=19, Customer=1, Released 1 seats
[2025-11-12 16:39:25] ? Cancelled expired booking ID=20, Customer=1, Released 0 seats
[2025-11-12 16:39:25] ? Cancelled expired booking ID=21, Customer=1, Released 0 seats
[2025-11-12 16:39:25] ? Cancelled expired booking ID=22, Customer=1, Released 0 seats
[2025-11-12 16:39:25] ? Cancelled expired booking ID=23, Customer=1, Released 0 seats
[2025-11-12 16:39:25] ? Cancelled expired booking ID=24, Customer=1, Released 0 seats
[2025-11-12 16:39:25] ? Cancelled expired booking ID=25, Customer=1, Released 0 seats
[2025-11-12 16:39:25] ? Cancelled expired booking ID=26, Customer=1, Released 2 seats
[2025-11-12 16:39:25] ? Cancelled expired booking ID=27, Customer=1, Released 0 seats
[2025-11-12 16:39:25] ? Cancelled expired booking ID=28, Customer=1, Released 0 seats
[2025-11-12 16:39:25] ? Cancelled expired booking ID=29, Customer=1, Released 0 seats
[2025-11-12 16:39:25] ? Cancelled expired booking ID=30, Customer=1, Released 0 seats
[2025-11-12 16:39:25] ? Cancelled expired booking ID=31, Customer=1, Released 1 seats
[2025-11-12 16:39:25] ? Cancelled expired booking ID=32, Customer=1, Released 2 seats
[2025-11-12 16:39:25] ? Cancelled expired booking ID=33, Customer=1, Released 2 seats
[2025-11-12 16:39:25] ? Cancelled expired booking ID=34, Customer=1, Released 2 seats
[2025-11-12 16:39:25] ? Cancelled expired booking ID=35, Customer=1, Released 0 seats
[2025-11-12 16:39:25] ? Cancelled expired booking ID=36, Customer=1, Released 2 seats
[2025-11-12 16:39:25] ? Cancelled expired booking ID=37, Customer=1, Released 1 seats
[2025-11-12 16:39:25] ? Cancelled expired booking ID=38, Customer=1, Released 0 seats
[2025-11-12 16:39:25] ? Cancelled expired booking ID=39, Customer=1, Released 2 seats
[2025-11-12 16:39:25] ? Cancelled expired booking ID=40, Customer=1, Released 2 seats
[2025-11-12 16:39:25] ? Cancelled expired booking ID=41, Customer=1, Released 1 seats
[2025-11-12 16:39:25] ? Cancelled expired booking ID=42, Customer=1, Released 2 seats
[2025-11-12 16:40:25] ? Found 37 expired bookings to cancel
[2025-11-12 16:40:25] ? Cancelled expired booking ID=6, Customer=1, Released 0 seats
[2025-11-12 16:40:25] ? Cancelled expired booking ID=7, Customer=1, Released 0 seats
[2025-11-12 16:40:25] ? Cancelled expired booking ID=8, Customer=1, Released 0 seats
[2025-11-12 16:40:25] ? Cancelled expired booking ID=9, Customer=1, Released 0 seats
[2025-11-12 16:40:25] ? Cancelled expired booking ID=10, Customer=1, Released 1 seats
[2025-11-12 16:40:25] ? Cancelled expired booking ID=11, Customer=1, Released 0 seats
[2025-11-12 16:40:25] ? Cancelled expired booking ID=12, Customer=1, Released 2 seats
[2025-11-12 16:40:25] ? Cancelled expired booking ID=13, Customer=1, Released 1 seats
[2025-11-12 16:40:25] ? Cancelled expired booking ID=14, Customer=1, Released 2 seats
[2025-11-12 16:40:25] ? Cancelled expired booking ID=15, Customer=1, Released 0 seats
[2025-11-12 16:40:25] ? Cancelled expired booking ID=16, Customer=1, Released 0 seats
[2025-11-12 16:40:25] ? Cancelled expired booking ID=17, Customer=1, Released 0 seats
[2025-11-12 16:40:25] ? Cancelled expired booking ID=18, Customer=1, Released 0 seats
[2025-11-12 16:40:25] ? Cancelled expired booking ID=19, Customer=1, Released 1 seats
[2025-11-12 16:40:25] ? Cancelled expired booking ID=20, Customer=1, Released 0 seats
[2025-11-12 16:40:25] ? Cancelled expired booking ID=21, Customer=1, Released 0 seats
[2025-11-12 16:40:25] ? Cancelled expired booking ID=22, Customer=1, Released 0 seats
[2025-11-12 16:40:25] ? Cancelled expired booking ID=23, Customer=1, Released 0 seats
[2025-11-12 16:40:25] ? Cancelled expired booking ID=24, Customer=1, Released 0 seats
[2025-11-12 16:40:25] ? Cancelled expired booking ID=25, Customer=1, Released 0 seats
[2025-11-12 16:40:25] ? Cancelled expired booking ID=26, Customer=1, Released 2 seats
[2025-11-12 16:40:25] ? Cancelled expired booking ID=27, Customer=1, Released 0 seats
[2025-11-12 16:40:25] ? Cancelled expired booking ID=28, Customer=1, Released 0 seats
[2025-11-12 16:40:25] ? Cancelled expired booking ID=29, Customer=1, Released 0 seats
[2025-11-12 16:40:25] ? Cancelled expired booking ID=30, Customer=1, Released 0 seats
[2025-11-12 16:40:25] ? Cancelled expired booking ID=31, Customer=1, Released 1 seats
[2025-11-12 16:40:25] ? Cancelled expired booking ID=32, Customer=1, Released 2 seats
[2025-11-12 16:40:25] ? Cancelled expired booking ID=33, Customer=1, Released 2 seats
[2025-11-12 16:40:25] ? Cancelled expired booking ID=34, Customer=1, Released 2 seats
[2025-11-12 16:40:25] ? Cancelled expired booking ID=35, Customer=1, Released 0 seats
[2025-11-12 16:40:25] ? Cancelled expired booking ID=36, Customer=1, Released 2 seats
[2025-11-12 16:40:25] ? Cancelled expired booking ID=37, Customer=1, Released 1 seats
[2025-11-12 16:40:25] ? Cancelled expired booking ID=38, Customer=1, Released 0 seats
[2025-11-12 16:40:25] ? Cancelled expired booking ID=39, Customer=1, Released 2 seats
[2025-11-12 16:40:25] ? Cancelled expired booking ID=40, Customer=1, Released 2 seats
[2025-11-12 16:40:25] ? Cancelled expired booking ID=41, Customer=1, Released 1 seats
[2025-11-12 16:40:25] ? Cancelled expired booking ID=42, Customer=1, Released 2 seats
[2025-11-12 16:41:25] ? Found 37 expired bookings to cancel
[2025-11-12 16:41:25] ? Cancelled expired booking ID=6, Customer=1, Released 0 seats
[2025-11-12 16:41:25] ? Cancelled expired booking ID=7, Customer=1, Released 0 seats
[2025-11-12 16:41:25] ? Cancelled expired booking ID=8, Customer=1, Released 0 seats
[2025-11-12 16:41:25] ? Cancelled expired booking ID=9, Customer=1, Released 0 seats
[2025-11-12 16:41:25] ? Cancelled expired booking ID=10, Customer=1, Released 1 seats
[2025-11-12 16:41:25] ? Cancelled expired booking ID=11, Customer=1, Released 0 seats
[2025-11-12 16:41:25] ? Cancelled expired booking ID=12, Customer=1, Released 2 seats
[2025-11-12 16:41:25] ? Cancelled expired booking ID=13, Customer=1, Released 1 seats
[2025-11-12 16:41:25] ? Cancelled expired booking ID=14, Customer=1, Released 2 seats
[2025-11-12 16:41:25] ? Cancelled expired booking ID=15, Customer=1, Released 0 seats
[2025-11-12 16:41:25] ? Cancelled expired booking ID=16, Customer=1, Released 0 seats
[2025-11-12 16:41:25] ? Cancelled expired booking ID=17, Customer=1, Released 0 seats
[2025-11-12 16:41:25] ? Cancelled expired booking ID=18, Customer=1, Released 0 seats
[2025-11-12 16:41:25] ? Cancelled expired booking ID=19, Customer=1, Released 1 seats
[2025-11-12 16:41:25] ? Cancelled expired booking ID=20, Customer=1, Released 0 seats
[2025-11-12 16:41:25] ? Cancelled expired booking ID=21, Customer=1, Released 0 seats
[2025-11-12 16:41:25] ? Cancelled expired booking ID=22, Customer=1, Released 0 seats
[2025-11-12 16:41:25] ? Cancelled expired booking ID=23, Customer=1, Released 0 seats
[2025-11-12 16:41:25] ? Cancelled expired booking ID=24, Customer=1, Released 0 seats
[2025-11-12 16:41:25] ? Cancelled expired booking ID=25, Customer=1, Released 0 seats
[2025-11-12 16:41:25] ? Cancelled expired booking ID=26, Customer=1, Released 2 seats
[2025-11-12 16:41:25] ? Cancelled expired booking ID=27, Customer=1, Released 0 seats
[2025-11-12 16:41:25] ? Cancelled expired booking ID=28, Customer=1, Released 0 seats
[2025-11-12 16:41:25] ? Cancelled expired booking ID=29, Customer=1, Released 0 seats
[2025-11-12 16:41:25] ? Cancelled expired booking ID=30, Customer=1, Released 0 seats
[2025-11-12 16:41:25] ? Cancelled expired booking ID=31, Customer=1, Released 1 seats
[2025-11-12 16:41:25] ? Cancelled expired booking ID=32, Customer=1, Released 2 seats
[2025-11-12 16:41:25] ? Cancelled expired booking ID=33, Customer=1, Released 2 seats
[2025-11-12 16:41:25] ? Cancelled expired booking ID=34, Customer=1, Released 2 seats
[2025-11-12 16:41:25] ? Cancelled expired booking ID=35, Customer=1, Released 0 seats
[2025-11-12 16:41:25] ? Cancelled expired booking ID=36, Customer=1, Released 2 seats
[2025-11-12 16:41:25] ? Cancelled expired booking ID=37, Customer=1, Released 1 seats
[2025-11-12 16:41:25] ? Cancelled expired booking ID=38, Customer=1, Released 0 seats
[2025-11-12 16:41:25] ? Cancelled expired booking ID=39, Customer=1, Released 2 seats
[2025-11-12 16:41:25] ? Cancelled expired booking ID=40, Customer=1, Released 2 seats
[2025-11-12 16:41:25] ? Cancelled expired booking ID=41, Customer=1, Released 1 seats
[2025-11-12 16:41:25] ? Cancelled expired booking ID=42, Customer=1, Released 2 seats
[2025-11-12 16:42:25] ? Found 37 expired bookings to cancel
[2025-11-12 16:42:25] ? Cancelled expired booking ID=6, Customer=1, Released 0 seats
[2025-11-12 16:42:25] ? Cancelled expired booking ID=7, Customer=1, Released 0 seats
[2025-11-12 16:42:25] ? Cancelled expired booking ID=8, Customer=1, Released 0 seats
[2025-11-12 16:42:25] ? Cancelled expired booking ID=9, Customer=1, Released 0 seats
[2025-11-12 16:42:25] ? Cancelled expired booking ID=10, Customer=1, Released 1 seats
[2025-11-12 16:42:25] ? Cancelled expired booking ID=11, Customer=1, Released 0 seats
[2025-11-12 16:42:25] ? Cancelled expired booking ID=12, Customer=1, Released 2 seats
[2025-11-12 16:42:25] ? Cancelled expired booking ID=13, Customer=1, Released 1 seats
[2025-11-12 16:42:25] ? Cancelled expired booking ID=14, Customer=1, Released 2 seats
[2025-11-12 16:42:25] ? Cancelled expired booking ID=15, Customer=1, Released 0 seats
[2025-11-12 16:42:25] ? Cancelled expired booking ID=16, Customer=1, Released 0 seats
[2025-11-12 16:42:25] ? Cancelled expired booking ID=17, Customer=1, Released 0 seats
[2025-11-12 16:42:25] ? Cancelled expired booking ID=18, Customer=1, Released 0 seats
[2025-11-12 16:42:25] ? Cancelled expired booking ID=19, Customer=1, Released 1 seats
[2025-11-12 16:42:25] ? Cancelled expired booking ID=20, Customer=1, Released 0 seats
[2025-11-12 16:42:25] ? Cancelled expired booking ID=21, Customer=1, Released 0 seats
[2025-11-12 16:42:25] ? Cancelled expired booking ID=22, Customer=1, Released 0 seats
[2025-11-12 16:42:25] ? Cancelled expired booking ID=23, Customer=1, Released 0 seats
[2025-11-12 16:42:25] ? Cancelled expired booking ID=24, Customer=1, Released 0 seats
[2025-11-12 16:42:25] ? Cancelled expired booking ID=25, Customer=1, Released 0 seats
[2025-11-12 16:42:25] ? Cancelled expired booking ID=26, Customer=1, Released 2 seats
[2025-11-12 16:42:25] ? Cancelled expired booking ID=27, Customer=1, Released 0 seats
[2025-11-12 16:42:25] ? Cancelled expired booking ID=28, Customer=1, Released 0 seats
[2025-11-12 16:42:25] ? Cancelled expired booking ID=29, Customer=1, Released 0 seats
[2025-11-12 16:42:25] ? Cancelled expired booking ID=30, Customer=1, Released 0 seats
[2025-11-12 16:42:25] ? Cancelled expired booking ID=31, Customer=1, Released 1 seats
[2025-11-12 16:42:25] ? Cancelled expired booking ID=32, Customer=1, Released 2 seats
[2025-11-12 16:42:25] ? Cancelled expired booking ID=33, Customer=1, Released 2 seats
[2025-11-12 16:42:25] ? Cancelled expired booking ID=34, Customer=1, Released 2 seats
[2025-11-12 16:42:25] ? Cancelled expired booking ID=35, Customer=1, Released 0 seats
[2025-11-12 16:42:25] ? Cancelled expired booking ID=36, Customer=1, Released 2 seats
[2025-11-12 16:42:25] ? Cancelled expired booking ID=37, Customer=1, Released 1 seats
[2025-11-12 16:42:25] ? Cancelled expired booking ID=38, Customer=1, Released 0 seats
[2025-11-12 16:42:25] ? Cancelled expired booking ID=39, Customer=1, Released 2 seats
[2025-11-12 16:42:25] ? Cancelled expired booking ID=40, Customer=1, Released 2 seats
[2025-11-12 16:42:25] ? Cancelled expired booking ID=41, Customer=1, Released 1 seats
[2025-11-12 16:42:25] ? Cancelled expired booking ID=42, Customer=1, Released 2 seats
[2025-11-12 16:42:40] === CREATE PURCHASE ORDER - SESSION DEBUG ===
[2025-11-12 16:42:40] EmployeeId: 1
[2025-11-12 16:42:40] EmployeeName: Nguyễn Văn Quản Trị
[2025-11-12 16:42:40] UserRole: Admin
[2025-11-12 16:42:40] StaffId: 
[2025-11-12 16:42:40] Session[EmployeeId] = 1
[2025-11-12 16:42:40] Session[EmployeeName] = Nguyễn Văn Quản Trị
[2025-11-12 16:42:40] Session[EmployeeEmail] = admin@galaxy.example
[2025-11-12 16:42:40] Session[UserRole] = Admin
[2025-11-12 16:43:25] ? Found 37 expired bookings to cancel
[2025-11-12 16:43:25] ? Cancelled expired booking ID=6, Customer=1, Released 0 seats
[2025-11-12 16:43:25] ? Cancelled expired booking ID=7, Customer=1, Released 0 seats
[2025-11-12 16:43:25] ? Cancelled expired booking ID=8, Customer=1, Released 0 seats
[2025-11-12 16:43:25] ? Cancelled expired booking ID=9, Customer=1, Released 0 seats
[2025-11-12 16:43:25] ? Cancelled expired booking ID=10, Customer=1, Released 1 seats
[2025-11-12 16:43:25] ? Cancelled expired booking ID=11, Customer=1, Released 0 seats
[2025-11-12 16:43:25] ? Cancelled expired booking ID=12, Customer=1, Released 2 seats
[2025-11-12 16:43:25] ? Cancelled expired booking ID=13, Customer=1, Released 1 seats
[2025-11-12 16:43:25] ? Cancelled expired booking ID=14, Customer=1, Released 2 seats
[2025-11-12 16:43:25] ? Cancelled expired booking ID=15, Customer=1, Released 0 seats
[2025-11-12 16:43:25] ? Cancelled expired booking ID=16, Customer=1, Released 0 seats
[2025-11-12 16:43:25] ? Cancelled expired booking ID=17, Customer=1, Released 0 seats
[2025-11-12 16:43:25] ? Cancelled expired booking ID=18, Customer=1, Released 0 seats
[2025-11-12 16:43:25] ? Cancelled expired booking ID=19, Customer=1, Released 1 seats
[2025-11-12 16:43:25] ? Cancelled expired booking ID=20, Customer=1, Released 0 seats
[2025-11-12 16:43:25] ? Cancelled expired booking ID=21, Customer=1, Released 0 seats
[2025-11-12 16:43:25] ? Cancelled expired booking ID=22, Customer=1, Released 0 seats
[2025-11-12 16:43:25] ? Cancelled expired booking ID=23, Customer=1, Released 0 seats
[2025-11-12 16:43:25] ? Cancelled expired booking ID=24, Customer=1, Released 0 seats
[2025-11-12 16:43:25] ? Cancelled expired booking ID=25, Customer=1, Released 0 seats
[2025-11-12 16:43:25] ? Cancelled expired booking ID=26, Customer=1, Released 2 seats
[2025-11-12 16:43:25] ? Cancelled expired booking ID=27, Customer=1, Released 0 seats
[2025-11-12 16:43:25] ? Cancelled expired booking ID=28, Customer=1, Released 0 seats
[2025-11-12 16:43:25] ? Cancelled expired booking ID=29, Customer=1, Released 0 seats
[2025-11-12 16:43:25] ? Cancelled expired booking ID=30, Customer=1, Released 0 seats
[2025-11-12 16:43:25] ? Cancelled expired booking ID=31, Customer=1, Released 1 seats
[2025-11-12 16:43:25] ? Cancelled expired booking ID=32, Customer=1, Released 2 seats
[2025-11-12 16:43:25] ? Cancelled expired booking ID=33, Customer=1, Released 2 seats
[2025-11-12 16:43:25] ? Cancelled expired booking ID=34, Customer=1, Released 2 seats
[2025-11-12 16:43:25] ? Cancelled expired booking ID=35, Customer=1, Released 0 seats
[2025-11-12 16:43:25] ? Cancelled expired booking ID=36, Customer=1, Released 2 seats
[2025-11-12 16:43:25] ? Cancelled expired booking ID=37, Customer=1, Released 1 seats
[2025-11-12 16:43:25] ? Cancelled expired booking ID=38, Customer=1, Released 0 seats
[2025-11-12 16:43:25] ? Cancelled expired booking ID=39, Customer=1, Released 2 seats
[2025-11-12 16:43:25] ? Cancelled expired booking ID=40, Customer=1, Released 2 seats
[2025-11-12 16:43:25] ? Cancelled expired booking ID=41, Customer=1, Released 1 seats
[2025-11-12 16:43:25] ? Cancelled expired booking ID=42, Customer=1, Released 2 seats
[2025-11-12 16:44:25] ? Found 37 expired bookings to cancel
[2025-11-12 16:44:25] ? Cancelled expired booking ID=6, Customer=1, Released 0 seats
[2025-11-12 16:44:25] ? Cancelled expired booking ID=7, Customer=1, Released 0 seats
[2025-11-12 16:44:25] ? Cancelled expired booking ID=8, Customer=1, Released 0 seats
[2025-11-12 16:44:25] ? Cancelled expired booking ID=9, Customer=1, Released 0 seats
[2025-11-12 16:44:25] ? Cancelled expired booking ID=10, Customer=1, Released 1 seats
[2025-11-12 16:44:25] ? Cancelled expired booking ID=11, Customer=1, Released 0 seats
[2025-11-12 16:44:25] ? Cancelled expired booking ID=12, Customer=1, Released 2 seats
[2025-11-12 16:44:25] ? Cancelled expired booking ID=13, Customer=1, Released 1 seats
[2025-11-12 16:44:25] ? Cancelled expired booking ID=14, Customer=1, Released 2 seats
[2025-11-12 16:44:25] ? Cancelled expired booking ID=15, Customer=1, Released 0 seats
[2025-11-12 16:44:25] ? Cancelled expired booking ID=16, Customer=1, Released 0 seats
[2025-11-12 16:44:25] ? Cancelled expired booking ID=17, Customer=1, Released 0 seats
[2025-11-12 16:44:25] ? Cancelled expired booking ID=18, Customer=1, Released 0 seats
[2025-11-12 16:44:25] ? Cancelled expired booking ID=19, Customer=1, Released 1 seats
[2025-11-12 16:44:25] ? Cancelled expired booking ID=20, Customer=1, Released 0 seats
[2025-11-12 16:44:25] ? Cancelled expired booking ID=21, Customer=1, Released 0 seats
[2025-11-12 16:44:25] ? Cancelled expired booking ID=22, Customer=1, Released 0 seats
[2025-11-12 16:44:25] ? Cancelled expired booking ID=23, Customer=1, Released 0 seats
[2025-11-12 16:44:25] ? Cancelled expired booking ID=24, Customer=1, Released 0 seats
[2025-11-12 16:44:25] ? Cancelled expired booking ID=25, Customer=1, Released 0 seats
[2025-11-12 16:44:25] ? Cancelled expired booking ID=26, Customer=1, Released 2 seats
[2025-11-12 16:44:25] ? Cancelled expired booking ID=27, Customer=1, Released 0 seats
[2025-11-12 16:44:25] ? Cancelled expired booking ID=28, Customer=1, Released 0 seats
[2025-11-12 16:44:25] ? Cancelled expired booking ID=29, Customer=1, Released 0 seats
[2025-11-12 16:44:25] ? Cancelled expired booking ID=30, Customer=1, Released 0 seats
[2025-11-12 16:44:25] ? Cancelled expired booking ID=31, Customer=1, Released 1 seats
[2025-11-12 16:44:25] ? Cancelled expired booking ID=32, Customer=1, Released 2 seats
[2025-11-12 16:44:25] ? Cancelled expired booking ID=33, Customer=1, Released 2 seats
[2025-11-12 16:44:25] ? Cancelled expired booking ID=34, Customer=1, Released 2 seats
[2025-11-12 16:44:25] ? Cancelled expired booking ID=35, Customer=1, Released 0 seats
[2025-11-12 16:44:25] ? Cancelled expired booking ID=36, Customer=1, Released 2 seats
[2025-11-12 16:44:25] ? Cancelled expired booking ID=37, Customer=1, Released 1 seats
[2025-11-12 16:44:25] ? Cancelled expired booking ID=38, Customer=1, Released 0 seats
[2025-11-12 16:44:25] ? Cancelled expired booking ID=39, Customer=1, Released 2 seats
[2025-11-12 16:44:25] ? Cancelled expired booking ID=40, Customer=1, Released 2 seats
[2025-11-12 16:44:25] ? Cancelled expired booking ID=41, Customer=1, Released 1 seats
[2025-11-12 16:44:25] ? Cancelled expired booking ID=42, Customer=1, Released 2 seats
[2025-11-12 16:45:17] === CREATE PURCHASE ORDER - SESSION DEBUG ===
[2025-11-12 16:45:17] EmployeeId: 1
[2025-11-12 16:45:17] EmployeeName: Nguyễn Văn Quản Trị
[2025-11-12 16:45:17] UserRole: Admin
[2025-11-12 16:45:17] StaffId: 
[2025-11-12 16:45:17] Session[EmployeeId] = 1
[2025-11-12 16:45:17] Session[EmployeeName] = Nguyễn Văn Quản Trị
[2025-11-12 16:45:17] Session[EmployeeEmail] = admin@galaxy.example
[2025-11-12 16:45:17] Session[UserRole] = Admin
[2025-11-12 16:45:25] ? Found 37 expired bookings to cancel
[2025-11-12 16:45:25] ? Cancelled expired booking ID=6, Customer=1, Released 0 seats
[2025-11-12 16:45:25] ? Cancelled expired booking ID=7, Customer=1, Released 0 seats
[2025-11-12 16:45:25] ? Cancelled expired booking ID=8, Customer=1, Released 0 seats
[2025-11-12 16:45:25] ? Cancelled expired booking ID=9, Customer=1, Released 0 seats
[2025-11-12 16:45:25] ? Cancelled expired booking ID=10, Customer=1, Released 1 seats
[2025-11-12 16:45:25] ? Cancelled expired booking ID=11, Customer=1, Released 0 seats
[2025-11-12 16:45:25] ? Cancelled expired booking ID=12, Customer=1, Released 2 seats
[2025-11-12 16:45:25] ? Cancelled expired booking ID=13, Customer=1, Released 1 seats
[2025-11-12 16:45:25] ? Cancelled expired booking ID=14, Customer=1, Released 2 seats
[2025-11-12 16:45:25] ? Cancelled expired booking ID=15, Customer=1, Released 0 seats
[2025-11-12 16:45:25] ? Cancelled expired booking ID=16, Customer=1, Released 0 seats
[2025-11-12 16:45:25] ? Cancelled expired booking ID=17, Customer=1, Released 0 seats
[2025-11-12 16:45:25] ? Cancelled expired booking ID=18, Customer=1, Released 0 seats
[2025-11-12 16:45:25] ? Cancelled expired booking ID=19, Customer=1, Released 1 seats
[2025-11-12 16:45:25] ? Cancelled expired booking ID=20, Customer=1, Released 0 seats
[2025-11-12 16:45:25] ? Cancelled expired booking ID=21, Customer=1, Released 0 seats
[2025-11-12 16:45:25] ? Cancelled expired booking ID=22, Customer=1, Released 0 seats
[2025-11-12 16:45:25] ? Cancelled expired booking ID=23, Customer=1, Released 0 seats
[2025-11-12 16:45:25] ? Cancelled expired booking ID=24, Customer=1, Released 0 seats
[2025-11-12 16:45:25] ? Cancelled expired booking ID=25, Customer=1, Released 0 seats
[2025-11-12 16:45:25] ? Cancelled expired booking ID=26, Customer=1, Released 2 seats
[2025-11-12 16:45:25] ? Cancelled expired booking ID=27, Customer=1, Released 0 seats
[2025-11-12 16:45:25] ? Cancelled expired booking ID=28, Customer=1, Released 0 seats
[2025-11-12 16:45:25] ? Cancelled expired booking ID=29, Customer=1, Released 0 seats
[2025-11-12 16:45:25] ? Cancelled expired booking ID=30, Customer=1, Released 0 seats
[2025-11-12 16:45:25] ? Cancelled expired booking ID=31, Customer=1, Released 1 seats
[2025-11-12 16:45:25] ? Cancelled expired booking ID=32, Customer=1, Released 2 seats
[2025-11-12 16:45:25] ? Cancelled expired booking ID=33, Customer=1, Released 2 seats
[2025-11-12 16:45:25] ? Cancelled expired booking ID=34, Customer=1, Released 2 seats
[2025-11-12 16:45:25] ? Cancelled expired booking ID=35, Customer=1, Released 0 seats
[2025-11-12 16:45:25] ? Cancelled expired booking ID=36, Customer=1, Released 2 seats
[2025-11-12 16:45:25] ? Cancelled expired booking ID=37, Customer=1, Released 1 seats
[2025-11-12 16:45:25] ? Cancelled expired booking ID=38, Customer=1, Released 0 seats
[2025-11-12 16:45:25] ? Cancelled expired booking ID=39, Customer=1, Released 2 seats
[2025-11-12 16:45:25] ? Cancelled expired booking ID=40, Customer=1, Released 2 seats
[2025-11-12 16:45:25] ? Cancelled expired booking ID=41, Customer=1, Released 1 seats
[2025-11-12 16:45:25] ? Cancelled expired booking ID=42, Customer=1, Released 2 seats
[2025-11-12 16:45:39] === CREATE PURCHASE ORDER - SESSION DEBUG ===
[2025-11-12 16:45:39] EmployeeId: 1
[2025-11-12 16:45:39] EmployeeName: Nguyễn Văn Quản Trị
[2025-11-12 16:45:39] UserRole: Admin
[2025-11-12 16:45:39] StaffId: 
[2025-11-12 16:45:39] Session[EmployeeId] = 1
[2025-11-12 16:45:39] Session[EmployeeName] = Nguyễn Văn Quản Trị
[2025-11-12 16:45:39] Session[EmployeeEmail] = admin@galaxy.example
[2025-11-12 16:45:39] Session[UserRole] = Admin
[2025-11-12 16:46:25] ? Found 37 expired bookings to cancel
[2025-11-12 16:46:25] ? Cancelled expired booking ID=6, Customer=1, Released 0 seats
[2025-11-12 16:46:25] ? Cancelled expired booking ID=7, Customer=1, Released 0 seats
[2025-11-12 16:46:25] ? Cancelled expired booking ID=8, Customer=1, Released 0 seats
[2025-11-12 16:46:25] ? Cancelled expired booking ID=9, Customer=1, Released 0 seats
[2025-11-12 16:46:25] ? Cancelled expired booking ID=10, Customer=1, Released 1 seats
[2025-11-12 16:46:25] ? Cancelled expired booking ID=11, Customer=1, Released 0 seats
[2025-11-12 16:46:25] ? Cancelled expired booking ID=12, Customer=1, Released 2 seats
[2025-11-12 16:46:25] ? Cancelled expired booking ID=13, Customer=1, Released 1 seats
[2025-11-12 16:46:25] ? Cancelled expired booking ID=14, Customer=1, Released 2 seats
[2025-11-12 16:46:25] ? Cancelled expired booking ID=15, Customer=1, Released 0 seats
[2025-11-12 16:46:25] ? Cancelled expired booking ID=16, Customer=1, Released 0 seats
[2025-11-12 16:46:25] ? Cancelled expired booking ID=17, Customer=1, Released 0 seats
[2025-11-12 16:46:25] ? Cancelled expired booking ID=18, Customer=1, Released 0 seats
[2025-11-12 16:46:25] ? Cancelled expired booking ID=19, Customer=1, Released 1 seats
[2025-11-12 16:46:25] ? Cancelled expired booking ID=20, Customer=1, Released 0 seats
[2025-11-12 16:46:25] ? Cancelled expired booking ID=21, Customer=1, Released 0 seats
[2025-11-12 16:46:25] ? Cancelled expired booking ID=22, Customer=1, Released 0 seats
[2025-11-12 16:46:25] ? Cancelled expired booking ID=23, Customer=1, Released 0 seats
[2025-11-12 16:46:25] ? Cancelled expired booking ID=24, Customer=1, Released 0 seats
[2025-11-12 16:46:25] ? Cancelled expired booking ID=25, Customer=1, Released 0 seats
[2025-11-12 16:46:25] ? Cancelled expired booking ID=26, Customer=1, Released 2 seats
[2025-11-12 16:46:25] ? Cancelled expired booking ID=27, Customer=1, Released 0 seats
[2025-11-12 16:46:25] ? Cancelled expired booking ID=28, Customer=1, Released 0 seats
[2025-11-12 16:46:25] ? Cancelled expired booking ID=29, Customer=1, Released 0 seats
[2025-11-12 16:46:25] ? Cancelled expired booking ID=30, Customer=1, Released 0 seats
[2025-11-12 16:46:25] ? Cancelled expired booking ID=31, Customer=1, Released 1 seats
[2025-11-12 16:46:25] ? Cancelled expired booking ID=32, Customer=1, Released 2 seats
[2025-11-12 16:46:25] ? Cancelled expired booking ID=33, Customer=1, Released 2 seats
[2025-11-12 16:46:25] ? Cancelled expired booking ID=34, Customer=1, Released 2 seats
[2025-11-12 16:46:25] ? Cancelled expired booking ID=35, Customer=1, Released 0 seats
[2025-11-12 16:46:25] ? Cancelled expired booking ID=36, Customer=1, Released 2 seats
[2025-11-12 16:46:25] ? Cancelled expired booking ID=37, Customer=1, Released 1 seats
[2025-11-12 16:46:25] ? Cancelled expired booking ID=38, Customer=1, Released 0 seats
[2025-11-12 16:46:25] ? Cancelled expired booking ID=39, Customer=1, Released 2 seats
[2025-11-12 16:46:25] ? Cancelled expired booking ID=40, Customer=1, Released 2 seats
[2025-11-12 16:46:25] ? Cancelled expired booking ID=41, Customer=1, Released 1 seats
[2025-11-12 16:46:25] ? Cancelled expired booking ID=42, Customer=1, Released 2 seats
[2025-11-12 16:47:25] ? Found 37 expired bookings to cancel
[2025-11-12 16:47:25] ? Cancelled expired booking ID=6, Customer=1, Released 0 seats
[2025-11-12 16:47:25] ? Cancelled expired booking ID=7, Customer=1, Released 0 seats
[2025-11-12 16:47:25] ? Cancelled expired booking ID=8, Customer=1, Released 0 seats
[2025-11-12 16:47:25] ? Cancelled expired booking ID=9, Customer=1, Released 0 seats
[2025-11-12 16:47:25] ? Cancelled expired booking ID=10, Customer=1, Released 1 seats
[2025-11-12 16:47:25] ? Cancelled expired booking ID=11, Customer=1, Released 0 seats
[2025-11-12 16:47:25] ? Cancelled expired booking ID=12, Customer=1, Released 2 seats
[2025-11-12 16:47:25] ? Cancelled expired booking ID=13, Customer=1, Released 1 seats
[2025-11-12 16:47:25] ? Cancelled expired booking ID=14, Customer=1, Released 2 seats
[2025-11-12 16:47:25] ? Cancelled expired booking ID=15, Customer=1, Released 0 seats
[2025-11-12 16:47:25] ? Cancelled expired booking ID=16, Customer=1, Released 0 seats
[2025-11-12 16:47:25] ? Cancelled expired booking ID=17, Customer=1, Released 0 seats
[2025-11-12 16:47:25] ? Cancelled expired booking ID=18, Customer=1, Released 0 seats
[2025-11-12 16:47:25] ? Cancelled expired booking ID=19, Customer=1, Released 1 seats
[2025-11-12 16:47:25] ? Cancelled expired booking ID=20, Customer=1, Released 0 seats
[2025-11-12 16:47:25] ? Cancelled expired booking ID=21, Customer=1, Released 0 seats
[2025-11-12 16:47:25] ? Cancelled expired booking ID=22, Customer=1, Released 0 seats
[2025-11-12 16:47:25] ? Cancelled expired booking ID=23, Customer=1, Released 0 seats
[2025-11-12 16:47:25] ? Cancelled expired booking ID=24, Customer=1, Released 0 seats
[2025-11-12 16:47:25] ? Cancelled expired booking ID=25, Customer=1, Released 0 seats
[2025-11-12 16:47:25] ? Cancelled expired booking ID=26, Customer=1, Released 2 seats
[2025-11-12 16:47:25] ? Cancelled expired booking ID=27, Customer=1, Released 0 seats
[2025-11-12 16:47:25] ? Cancelled expired booking ID=28, Customer=1, Released 0 seats
[2025-11-12 16:47:25] ? Cancelled expired booking ID=29, Customer=1, Released 0 seats
[2025-11-12 16:47:25] ? Cancelled expired booking ID=30, Customer=1, Released 0 seats
[2025-11-12 16:47:25] ? Cancelled expired booking ID=31, Customer=1, Released 1 seats
[2025-11-12 16:47:25] ? Cancelled expired booking ID=32, Customer=1, Released 2 seats
[2025-11-12 16:47:25] ? Cancelled expired booking ID=33, Customer=1, Released 2 seats
[2025-11-12 16:47:25] ? Cancelled expired booking ID=34, Customer=1, Released 2 seats
[2025-11-12 16:47:25] ? Cancelled expired booking ID=35, Customer=1, Released 0 seats
[2025-11-12 16:47:25] ? Cancelled expired booking ID=36, Customer=1, Released 2 seats
[2025-11-12 16:47:25] ? Cancelled expired booking ID=37, Customer=1, Released 1 seats
[2025-11-12 16:47:25] ? Cancelled expired booking ID=38, Customer=1, Released 0 seats
[2025-11-12 16:47:25] ? Cancelled expired booking ID=39, Customer=1, Released 2 seats
[2025-11-12 16:47:25] ? Cancelled expired booking ID=40, Customer=1, Released 2 seats
[2025-11-12 16:47:25] ? Cancelled expired booking ID=41, Customer=1, Released 1 seats
[2025-11-12 16:47:25] ? Cancelled expired booking ID=42, Customer=1, Released 2 seats
[2025-11-12 16:48:25] ? Found 37 expired bookings to cancel
[2025-11-12 16:48:25] ? Cancelled expired booking ID=6, Customer=1, Released 0 seats
[2025-11-12 16:48:25] ? Cancelled expired booking ID=7, Customer=1, Released 0 seats
[2025-11-12 16:48:25] ? Cancelled expired booking ID=8, Customer=1, Released 0 seats
[2025-11-12 16:48:25] ? Cancelled expired booking ID=9, Customer=1, Released 0 seats
[2025-11-12 16:48:25] ? Cancelled expired booking ID=10, Customer=1, Released 1 seats
[2025-11-12 16:48:25] ? Cancelled expired booking ID=11, Customer=1, Released 0 seats
[2025-11-12 16:48:25] ? Cancelled expired booking ID=12, Customer=1, Released 2 seats
[2025-11-12 16:48:25] ? Cancelled expired booking ID=13, Customer=1, Released 1 seats
[2025-11-12 16:48:25] ? Cancelled expired booking ID=14, Customer=1, Released 2 seats
[2025-11-12 16:48:25] ? Cancelled expired booking ID=15, Customer=1, Released 0 seats
[2025-11-12 16:48:25] ? Cancelled expired booking ID=16, Customer=1, Released 0 seats
[2025-11-12 16:48:25] ? Cancelled expired booking ID=17, Customer=1, Released 0 seats
[2025-11-12 16:48:25] ? Cancelled expired booking ID=18, Customer=1, Released 0 seats
[2025-11-12 16:48:25] ? Cancelled expired booking ID=19, Customer=1, Released 1 seats
[2025-11-12 16:48:25] ? Cancelled expired booking ID=20, Customer=1, Released 0 seats
[2025-11-12 16:48:25] ? Cancelled expired booking ID=21, Customer=1, Released 0 seats
[2025-11-12 16:48:25] ? Cancelled expired booking ID=22, Customer=1, Released 0 seats
[2025-11-12 16:48:25] ? Cancelled expired booking ID=23, Customer=1, Released 0 seats
[2025-11-12 16:48:25] ? Cancelled expired booking ID=24, Customer=1, Released 0 seats
[2025-11-12 16:48:25] ? Cancelled expired booking ID=25, Customer=1, Released 0 seats
[2025-11-12 16:48:25] ? Cancelled expired booking ID=26, Customer=1, Released 2 seats
[2025-11-12 16:48:25] ? Cancelled expired booking ID=27, Customer=1, Released 0 seats
[2025-11-12 16:48:25] ? Cancelled expired booking ID=28, Customer=1, Released 0 seats
[2025-11-12 16:48:25] ? Cancelled expired booking ID=29, Customer=1, Released 0 seats
[2025-11-12 16:48:25] ? Cancelled expired booking ID=30, Customer=1, Released 0 seats
[2025-11-12 16:48:25] ? Cancelled expired booking ID=31, Customer=1, Released 1 seats
[2025-11-12 16:48:25] ? Cancelled expired booking ID=32, Customer=1, Released 2 seats
[2025-11-12 16:48:25] ? Cancelled expired booking ID=33, Customer=1, Released 2 seats
[2025-11-12 16:48:25] ? Cancelled expired booking ID=34, Customer=1, Released 2 seats
[2025-11-12 16:48:25] ? Cancelled expired booking ID=35, Customer=1, Released 0 seats
[2025-11-12 16:48:25] ? Cancelled expired booking ID=36, Customer=1, Released 2 seats
[2025-11-12 16:48:25] ? Cancelled expired booking ID=37, Customer=1, Released 1 seats
[2025-11-12 16:48:25] ? Cancelled expired booking ID=38, Customer=1, Released 0 seats
[2025-11-12 16:48:25] ? Cancelled expired booking ID=39, Customer=1, Released 2 seats
[2025-11-12 16:48:25] ? Cancelled expired booking ID=40, Customer=1, Released 2 seats
[2025-11-12 16:48:25] ? Cancelled expired booking ID=41, Customer=1, Released 1 seats
[2025-11-12 16:48:25] ? Cancelled expired booking ID=42, Customer=1, Released 2 seats
[2025-11-12 16:55:06] ? BookingExpirationService started
[2025-11-12 16:56:06] ? Found 37 expired bookings to cancel
[2025-11-12 16:56:06] ? Cancelled expired booking ID=6, Customer=1, Released 0 seats
[2025-11-12 16:56:06] ? Cancelled expired booking ID=7, Customer=1, Released 0 seats
[2025-11-12 16:56:06] ? Cancelled expired booking ID=8, Customer=1, Released 0 seats
[2025-11-12 16:56:06] ? Cancelled expired booking ID=9, Customer=1, Released 0 seats
[2025-11-12 16:56:06] ? Cancelled expired booking ID=10, Customer=1, Released 1 seats
[2025-11-12 16:56:06] ? Cancelled expired booking ID=11, Customer=1, Released 0 seats
[2025-11-12 16:56:06] ? Cancelled expired booking ID=12, Customer=1, Released 2 seats
[2025-11-12 16:56:06] ? Cancelled expired booking ID=13, Customer=1, Released 1 seats
[2025-11-12 16:56:06] ? Cancelled expired booking ID=14, Customer=1, Released 2 seats
[2025-11-12 16:56:06] ? Cancelled expired booking ID=15, Customer=1, Released 0 seats
[2025-11-12 16:56:06] ? Cancelled expired booking ID=16, Customer=1, Released 0 seats
[2025-11-12 16:56:06] ? Cancelled expired booking ID=17, Customer=1, Released 0 seats
[2025-11-12 16:56:06] ? Cancelled expired booking ID=18, Customer=1, Released 0 seats
[2025-11-12 16:56:06] ? Cancelled expired booking ID=19, Customer=1, Released 1 seats
[2025-11-12 16:56:06] ? Cancelled expired booking ID=20, Customer=1, Released 0 seats
[2025-11-12 16:56:06] ? Cancelled expired booking ID=21, Customer=1, Released 0 seats
[2025-11-12 16:56:06] ? Cancelled expired booking ID=22, Customer=1, Released 0 seats
[2025-11-12 16:56:06] ? Cancelled expired booking ID=23, Customer=1, Released 0 seats
[2025-11-12 16:56:06] ? Cancelled expired booking ID=24, Customer=1, Released 0 seats
[2025-11-12 16:56:06] ? Cancelled expired booking ID=25, Customer=1, Released 0 seats
[2025-11-12 16:56:06] ? Cancelled expired booking ID=26, Customer=1, Released 2 seats
[2025-11-12 16:56:06] ? Cancelled expired booking ID=27, Customer=1, Released 0 seats
[2025-11-12 16:56:06] ? Cancelled expired booking ID=28, Customer=1, Released 0 seats
[2025-11-12 16:56:06] ? Cancelled expired booking ID=29, Customer=1, Released 0 seats
[2025-11-12 16:56:06] ? Cancelled expired booking ID=30, Customer=1, Released 0 seats
[2025-11-12 16:56:06] ? Cancelled expired booking ID=31, Customer=1, Released 1 seats
[2025-11-12 16:56:06] ? Cancelled expired booking ID=32, Customer=1, Released 2 seats
[2025-11-12 16:56:06] ? Cancelled expired booking ID=33, Customer=1, Released 2 seats
[2025-11-12 16:56:06] ? Cancelled expired booking ID=34, Customer=1, Released 2 seats
[2025-11-12 16:56:06] ? Cancelled expired booking ID=35, Customer=1, Released 0 seats
[2025-11-12 16:56:06] ? Cancelled expired booking ID=36, Customer=1, Released 2 seats
[2025-11-12 16:56:06] ? Cancelled expired booking ID=37, Customer=1, Released 1 seats
[2025-11-12 16:56:06] ? Cancelled expired booking ID=38, Customer=1, Released 0 seats
[2025-11-12 16:56:06] ? Cancelled expired booking ID=39, Customer=1, Released 2 seats
[2025-11-12 16:56:06] ? Cancelled expired booking ID=40, Customer=1, Released 2 seats
[2025-11-12 16:56:06] ? Cancelled expired booking ID=41, Customer=1, Released 1 seats
[2025-11-12 16:56:06] ? Cancelled expired booking ID=42, Customer=1, Released 2 seats
[2025-11-12 16:57:06] ? Found 37 expired bookings to cancel
[2025-11-12 16:57:06] ? Cancelled expired booking ID=6, Customer=1, Released 0 seats
[2025-11-12 16:57:06] ? Cancelled expired booking ID=7, Customer=1, Released 0 seats
[2025-11-12 16:57:06] ? Cancelled expired booking ID=8, Customer=1, Released 0 seats
[2025-11-12 16:57:06] ? Cancelled expired booking ID=9, Customer=1, Released 0 seats
[2025-11-12 16:57:06] ? Cancelled expired booking ID=10, Customer=1, Released 1 seats
[2025-11-12 16:57:06] ? Cancelled expired booking ID=11, Customer=1, Released 0 seats
[2025-11-12 16:57:06] ? Cancelled expired booking ID=12, Customer=1, Released 2 seats
[2025-11-12 16:57:06] ? Cancelled expired booking ID=13, Customer=1, Released 1 seats
[2025-11-12 16:57:06] ? Cancelled expired booking ID=14, Customer=1, Released 2 seats
[2025-11-12 16:57:06] ? Cancelled expired booking ID=15, Customer=1, Released 0 seats
[2025-11-12 16:57:06] ? Cancelled expired booking ID=16, Customer=1, Released 0 seats
[2025-11-12 16:57:06] ? Cancelled expired booking ID=17, Customer=1, Released 0 seats
[2025-11-12 16:57:06] ? Cancelled expired booking ID=18, Customer=1, Released 0 seats
[2025-11-12 16:57:06] ? Cancelled expired booking ID=19, Customer=1, Released 1 seats
[2025-11-12 16:57:06] ? Cancelled expired booking ID=20, Customer=1, Released 0 seats
[2025-11-12 16:57:06] ? Cancelled expired booking ID=21, Customer=1, Released 0 seats
[2025-11-12 16:57:06] ? Cancelled expired booking ID=22, Customer=1, Released 0 seats
[2025-11-12 16:57:06] ? Cancelled expired booking ID=23, Customer=1, Released 0 seats
[2025-11-12 16:57:06] ? Cancelled expired booking ID=24, Customer=1, Released 0 seats
[2025-11-12 16:57:06] ? Cancelled expired booking ID=25, Customer=1, Released 0 seats
[2025-11-12 16:57:06] ? Cancelled expired booking ID=26, Customer=1, Released 2 seats
[2025-11-12 16:57:06] ? Cancelled expired booking ID=27, Customer=1, Released 0 seats
[2025-11-12 16:57:06] ? Cancelled expired booking ID=28, Customer=1, Released 0 seats
[2025-11-12 16:57:06] ? Cancelled expired booking ID=29, Customer=1, Released 0 seats
[2025-11-12 16:57:06] ? Cancelled expired booking ID=30, Customer=1, Released 0 seats
[2025-11-12 16:57:06] ? Cancelled expired booking ID=31, Customer=1, Released 1 seats
[2025-11-12 16:57:06] ? Cancelled expired booking ID=32, Customer=1, Released 2 seats
[2025-11-12 16:57:06] ? Cancelled expired booking ID=33, Customer=1, Released 2 seats
[2025-11-12 16:57:06] ? Cancelled expired booking ID=34, Customer=1, Released 2 seats
[2025-11-12 16:57:06] ? Cancelled expired booking ID=35, Customer=1, Released 0 seats
[2025-11-12 16:57:06] ? Cancelled expired booking ID=36, Customer=1, Released 2 seats
[2025-11-12 16:57:06] ? Cancelled expired booking ID=37, Customer=1, Released 1 seats
[2025-11-12 16:57:06] ? Cancelled expired booking ID=38, Customer=1, Released 0 seats
[2025-11-12 16:57:06] ? Cancelled expired booking ID=39, Customer=1, Released 2 seats
[2025-11-12 16:57:07] ? Cancelled expired booking ID=40, Customer=1, Released 2 seats
[2025-11-12 16:57:07] ? Cancelled expired booking ID=41, Customer=1, Released 1 seats
[2025-11-12 16:57:07] ? Cancelled expired booking ID=42, Customer=1, Released 2 seats
[2025-11-12 16:58:06] ? Found 37 expired bookings to cancel
[2025-11-12 16:58:06] ? Cancelled expired booking ID=6, Customer=1, Released 0 seats
[2025-11-12 16:58:06] ? Cancelled expired booking ID=7, Customer=1, Released 0 seats
[2025-11-12 16:58:06] ? Cancelled expired booking ID=8, Customer=1, Released 0 seats
[2025-11-12 16:58:06] ? Cancelled expired booking ID=9, Customer=1, Released 0 seats
[2025-11-12 16:58:06] ? Cancelled expired booking ID=10, Customer=1, Released 1 seats
[2025-11-12 16:58:06] ? Cancelled expired booking ID=11, Customer=1, Released 0 seats
[2025-11-12 16:58:06] ? Cancelled expired booking ID=12, Customer=1, Released 2 seats
[2025-11-12 16:58:06] ? Cancelled expired booking ID=13, Customer=1, Released 1 seats
[2025-11-12 16:58:06] ? Cancelled expired booking ID=14, Customer=1, Released 2 seats
[2025-11-12 16:58:06] ? Cancelled expired booking ID=15, Customer=1, Released 0 seats
[2025-11-12 16:58:06] ? Cancelled expired booking ID=16, Customer=1, Released 0 seats
[2025-11-12 16:58:06] ? Cancelled expired booking ID=17, Customer=1, Released 0 seats
[2025-11-12 16:58:06] ? Cancelled expired booking ID=18, Customer=1, Released 0 seats
[2025-11-12 16:58:06] ? Cancelled expired booking ID=19, Customer=1, Released 1 seats
[2025-11-12 16:58:06] ? Cancelled expired booking ID=20, Customer=1, Released 0 seats
[2025-11-12 16:58:06] ? Cancelled expired booking ID=21, Customer=1, Released 0 seats
[2025-11-12 16:58:06] ? Cancelled expired booking ID=22, Customer=1, Released 0 seats
[2025-11-12 16:58:06] ? Cancelled expired booking ID=23, Customer=1, Released 0 seats
[2025-11-12 16:58:06] ? Cancelled expired booking ID=24, Customer=1, Released 0 seats
[2025-11-12 16:58:06] ? Cancelled expired booking ID=25, Customer=1, Released 0 seats
[2025-11-12 16:58:06] ? Cancelled expired booking ID=26, Customer=1, Released 2 seats
[2025-11-12 16:58:06] ? Cancelled expired booking ID=27, Customer=1, Released 0 seats
[2025-11-12 16:58:06] ? Cancelled expired booking ID=28, Customer=1, Released 0 seats
[2025-11-12 16:58:06] ? Cancelled expired booking ID=29, Customer=1, Released 0 seats
[2025-11-12 16:58:06] ? Cancelled expired booking ID=30, Customer=1, Released 0 seats
[2025-11-12 16:58:06] ? Cancelled expired booking ID=31, Customer=1, Released 1 seats
[2025-11-12 16:58:06] ? Cancelled expired booking ID=32, Customer=1, Released 2 seats
[2025-11-12 16:58:06] ? Cancelled expired booking ID=33, Customer=1, Released 2 seats
[2025-11-12 16:58:06] ? Cancelled expired booking ID=34, Customer=1, Released 2 seats
[2025-11-12 16:58:06] ? Cancelled expired booking ID=35, Customer=1, Released 0 seats
[2025-11-12 16:58:07] ? Cancelled expired booking ID=36, Customer=1, Released 2 seats
[2025-11-12 16:58:07] ? Cancelled expired booking ID=37, Customer=1, Released 1 seats
[2025-11-12 16:58:07] ? Cancelled expired booking ID=38, Customer=1, Released 0 seats
[2025-11-12 16:58:07] ? Cancelled expired booking ID=39, Customer=1, Released 2 seats
[2025-11-12 16:58:07] ? Cancelled expired booking ID=40, Customer=1, Released 2 seats
[2025-11-12 16:58:07] ? Cancelled expired booking ID=41, Customer=1, Released 1 seats
[2025-11-12 16:58:07] ? Cancelled expired booking ID=42, Customer=1, Released 2 seats
[2025-11-12 16:59:06] ? Found 37 expired bookings to cancel
[2025-11-12 16:59:06] ? Cancelled expired booking ID=6, Customer=1, Released 0 seats
[2025-11-12 16:59:06] ? Cancelled expired booking ID=7, Customer=1, Released 0 seats
[2025-11-12 16:59:06] ? Cancelled expired booking ID=8, Customer=1, Released 0 seats
[2025-11-12 16:59:06] ? Cancelled expired booking ID=9, Customer=1, Released 0 seats
[2025-11-12 16:59:06] ? Cancelled expired booking ID=10, Customer=1, Released 1 seats
[2025-11-12 16:59:06] ? Cancelled expired booking ID=11, Customer=1, Released 0 seats
[2025-11-12 16:59:06] ? Cancelled expired booking ID=12, Customer=1, Released 2 seats
[2025-11-12 16:59:06] ? Cancelled expired booking ID=13, Customer=1, Released 1 seats
[2025-11-12 16:59:06] ? Cancelled expired booking ID=14, Customer=1, Released 2 seats
[2025-11-12 16:59:06] ? Cancelled expired booking ID=15, Customer=1, Released 0 seats
[2025-11-12 16:59:06] ? Cancelled expired booking ID=16, Customer=1, Released 0 seats
[2025-11-12 16:59:06] ? Cancelled expired booking ID=17, Customer=1, Released 0 seats
[2025-11-12 16:59:06] ? Cancelled expired booking ID=18, Customer=1, Released 0 seats
[2025-11-12 16:59:06] ? Cancelled expired booking ID=19, Customer=1, Released 1 seats
[2025-11-12 16:59:06] ? Cancelled expired booking ID=20, Customer=1, Released 0 seats
[2025-11-12 16:59:06] ? Cancelled expired booking ID=21, Customer=1, Released 0 seats
[2025-11-12 16:59:06] ? Cancelled expired booking ID=22, Customer=1, Released 0 seats
[2025-11-12 16:59:06] ? Cancelled expired booking ID=23, Customer=1, Released 0 seats
[2025-11-12 16:59:06] ? Cancelled expired booking ID=24, Customer=1, Released 0 seats
[2025-11-12 16:59:06] ? Cancelled expired booking ID=25, Customer=1, Released 0 seats
[2025-11-12 16:59:06] ? Cancelled expired booking ID=26, Customer=1, Released 2 seats
[2025-11-12 16:59:06] ? Cancelled expired booking ID=27, Customer=1, Released 0 seats
[2025-11-12 16:59:06] ? Cancelled expired booking ID=28, Customer=1, Released 0 seats
[2025-11-12 16:59:06] ? Cancelled expired booking ID=29, Customer=1, Released 0 seats
[2025-11-12 16:59:06] ? Cancelled expired booking ID=30, Customer=1, Released 0 seats
[2025-11-12 16:59:06] ? Cancelled expired booking ID=31, Customer=1, Released 1 seats
[2025-11-12 16:59:06] ? Cancelled expired booking ID=32, Customer=1, Released 2 seats
[2025-11-12 16:59:06] ? Cancelled expired booking ID=33, Customer=1, Released 2 seats
[2025-11-12 16:59:06] ? Cancelled expired booking ID=34, Customer=1, Released 2 seats
[2025-11-12 16:59:06] ? Cancelled expired booking ID=35, Customer=1, Released 0 seats
[2025-11-12 16:59:06] ? Cancelled expired booking ID=36, Customer=1, Released 2 seats
[2025-11-12 16:59:06] ? Cancelled expired booking ID=37, Customer=1, Released 1 seats
[2025-11-12 16:59:06] ? Cancelled expired booking ID=38, Customer=1, Released 0 seats
[2025-11-12 16:59:06] ? Cancelled expired booking ID=39, Customer=1, Released 2 seats
[2025-11-12 16:59:07] ? Cancelled expired booking ID=40, Customer=1, Released 2 seats
[2025-11-12 16:59:07] ? Cancelled expired booking ID=41, Customer=1, Released 1 seats
[2025-11-12 16:59:07] ? Cancelled expired booking ID=42, Customer=1, Released 2 seats
[2025-11-12 17:00:06] ? Found 37 expired bookings to cancel
[2025-11-12 17:00:06] ? Cancelled expired booking ID=6, Customer=1, Released 0 seats
[2025-11-12 17:00:06] ? Cancelled expired booking ID=7, Customer=1, Released 0 seats
[2025-11-12 17:00:06] ? Cancelled expired booking ID=8, Customer=1, Released 0 seats
[2025-11-12 17:00:06] ? Cancelled expired booking ID=9, Customer=1, Released 0 seats
[2025-11-12 17:00:07] ? Cancelled expired booking ID=10, Customer=1, Released 1 seats
[2025-11-12 17:00:07] ? Cancelled expired booking ID=11, Customer=1, Released 0 seats
[2025-11-12 17:00:07] ? Cancelled expired booking ID=12, Customer=1, Released 2 seats
[2025-11-12 17:00:07] ? Cancelled expired booking ID=13, Customer=1, Released 1 seats
[2025-11-12 17:00:07] ? Cancelled expired booking ID=14, Customer=1, Released 2 seats
[2025-11-12 17:00:07] ? Cancelled expired booking ID=15, Customer=1, Released 0 seats
[2025-11-12 17:00:07] ? Cancelled expired booking ID=16, Customer=1, Released 0 seats
[2025-11-12 17:00:07] ? Cancelled expired booking ID=17, Customer=1, Released 0 seats
[2025-11-12 17:00:07] ? Cancelled expired booking ID=18, Customer=1, Released 0 seats
[2025-11-12 17:00:07] ? Cancelled expired booking ID=19, Customer=1, Released 1 seats
[2025-11-12 17:00:07] ? Cancelled expired booking ID=20, Customer=1, Released 0 seats
[2025-11-12 17:00:07] ? Cancelled expired booking ID=21, Customer=1, Released 0 seats
[2025-11-12 17:00:07] ? Cancelled expired booking ID=22, Customer=1, Released 0 seats
[2025-11-12 17:00:07] ? Cancelled expired booking ID=23, Customer=1, Released 0 seats
[2025-11-12 17:00:07] ? Cancelled expired booking ID=24, Customer=1, Released 0 seats
[2025-11-12 17:00:07] ? Cancelled expired booking ID=25, Customer=1, Released 0 seats
[2025-11-12 17:00:07] ? Cancelled expired booking ID=26, Customer=1, Released 2 seats
[2025-11-12 17:00:07] ? Cancelled expired booking ID=27, Customer=1, Released 0 seats
[2025-11-12 17:00:07] ? Cancelled expired booking ID=28, Customer=1, Released 0 seats
[2025-11-12 17:00:07] ? Cancelled expired booking ID=29, Customer=1, Released 0 seats
[2025-11-12 17:00:07] ? Cancelled expired booking ID=30, Customer=1, Released 0 seats
[2025-11-12 17:00:07] ? Cancelled expired booking ID=31, Customer=1, Released 1 seats
[2025-11-12 17:00:07] ? Cancelled expired booking ID=32, Customer=1, Released 2 seats
[2025-11-12 17:00:07] ? Cancelled expired booking ID=33, Customer=1, Released 2 seats
[2025-11-12 17:00:07] ? Cancelled expired booking ID=34, Customer=1, Released 2 seats
[2025-11-12 17:00:07] ? Cancelled expired booking ID=35, Customer=1, Released 0 seats
[2025-11-12 17:00:07] ? Cancelled expired booking ID=36, Customer=1, Released 2 seats
[2025-11-12 17:00:07] ? Cancelled expired booking ID=37, Customer=1, Released 1 seats
[2025-11-12 17:00:07] ? Cancelled expired booking ID=38, Customer=1, Released 0 seats
[2025-11-12 17:00:07] ? Cancelled expired booking ID=39, Customer=1, Released 2 seats
[2025-11-12 17:00:07] ? Cancelled expired booking ID=40, Customer=1, Released 2 seats
[2025-11-12 17:00:07] ? Cancelled expired booking ID=41, Customer=1, Released 1 seats
[2025-11-12 17:00:07] ? Cancelled expired booking ID=42, Customer=1, Released 2 seats
[2025-11-12 17:01:06] ? Found 37 expired bookings to cancel
[2025-11-12 17:01:06] ? Cancelled expired booking ID=6, Customer=1, Released 0 seats
[2025-11-12 17:01:06] ? Cancelled expired booking ID=7, Customer=1, Released 0 seats
[2025-11-12 17:01:06] ? Cancelled expired booking ID=8, Customer=1, Released 0 seats
[2025-11-12 17:01:06] ? Cancelled expired booking ID=9, Customer=1, Released 0 seats
[2025-11-12 17:01:06] ? Cancelled expired booking ID=10, Customer=1, Released 1 seats
[2025-11-12 17:01:06] ? Cancelled expired booking ID=11, Customer=1, Released 0 seats
[2025-11-12 17:01:06] ? Cancelled expired booking ID=12, Customer=1, Released 2 seats
[2025-11-12 17:01:06] ? Cancelled expired booking ID=13, Customer=1, Released 1 seats
[2025-11-12 17:01:06] ? Cancelled expired booking ID=14, Customer=1, Released 2 seats
[2025-11-12 17:01:06] ? Cancelled expired booking ID=15, Customer=1, Released 0 seats
[2025-11-12 17:01:06] ? Cancelled expired booking ID=16, Customer=1, Released 0 seats
[2025-11-12 17:01:06] ? Cancelled expired booking ID=17, Customer=1, Released 0 seats
[2025-11-12 17:01:06] ? Cancelled expired booking ID=18, Customer=1, Released 0 seats
[2025-11-12 17:01:06] ? Cancelled expired booking ID=19, Customer=1, Released 1 seats
[2025-11-12 17:01:06] ? Cancelled expired booking ID=20, Customer=1, Released 0 seats
[2025-11-12 17:01:06] ? Cancelled expired booking ID=21, Customer=1, Released 0 seats
[2025-11-12 17:01:06] ? Cancelled expired booking ID=22, Customer=1, Released 0 seats
[2025-11-12 17:01:06] ? Cancelled expired booking ID=23, Customer=1, Released 0 seats
[2025-11-12 17:01:06] ? Cancelled expired booking ID=24, Customer=1, Released 0 seats
[2025-11-12 17:01:06] ? Cancelled expired booking ID=25, Customer=1, Released 0 seats
[2025-11-12 17:01:06] ? Cancelled expired booking ID=26, Customer=1, Released 2 seats
[2025-11-12 17:01:06] ? Cancelled expired booking ID=27, Customer=1, Released 0 seats
[2025-11-12 17:01:06] ? Cancelled expired booking ID=28, Customer=1, Released 0 seats
[2025-11-12 17:01:06] ? Cancelled expired booking ID=29, Customer=1, Released 0 seats
[2025-11-12 17:01:06] ? Cancelled expired booking ID=30, Customer=1, Released 0 seats
[2025-11-12 17:01:06] ? Cancelled expired booking ID=31, Customer=1, Released 1 seats
[2025-11-12 17:01:06] ? Cancelled expired booking ID=32, Customer=1, Released 2 seats
[2025-11-12 17:01:06] ? Cancelled expired booking ID=33, Customer=1, Released 2 seats
[2025-11-12 17:01:06] ? Cancelled expired booking ID=34, Customer=1, Released 2 seats
[2025-11-12 17:01:06] ? Cancelled expired booking ID=35, Customer=1, Released 0 seats
[2025-11-12 17:01:06] ? Cancelled expired booking ID=36, Customer=1, Released 2 seats
[2025-11-12 17:01:06] ? Cancelled expired booking ID=37, Customer=1, Released 1 seats
[2025-11-12 17:01:07] ? Cancelled expired booking ID=38, Customer=1, Released 0 seats
[2025-11-12 17:01:07] ? Cancelled expired booking ID=39, Customer=1, Released 2 seats
[2025-11-12 17:01:07] ? Cancelled expired booking ID=40, Customer=1, Released 2 seats
[2025-11-12 17:01:07] ? Cancelled expired booking ID=41, Customer=1, Released 1 seats
[2025-11-12 17:01:07] ? Cancelled expired booking ID=42, Customer=1, Released 2 seats
[2025-11-12 17:02:54] ? BookingExpirationService started
[2025-11-12 17:03:42] ✅ Staff tạo phiếu nhập: Supplier=Công ty CP Đồ uống Miền Nam
[2025-11-12 17:03:54] ? Found 37 expired bookings to cancel
[2025-11-12 17:03:54] ? Cancelled expired booking ID=6, Customer=1, Released 0 seats
[2025-11-12 17:03:54] ? Cancelled expired booking ID=7, Customer=1, Released 0 seats
[2025-11-12 17:03:54] ? Cancelled expired booking ID=8, Customer=1, Released 0 seats
[2025-11-12 17:03:54] ? Cancelled expired booking ID=9, Customer=1, Released 0 seats
[2025-11-12 17:03:54] ? Cancelled expired booking ID=10, Customer=1, Released 1 seats
[2025-11-12 17:03:54] ? Cancelled expired booking ID=11, Customer=1, Released 0 seats
[2025-11-12 17:03:54] ? Cancelled expired booking ID=12, Customer=1, Released 2 seats
[2025-11-12 17:03:54] ? Cancelled expired booking ID=13, Customer=1, Released 1 seats
[2025-11-12 17:03:54] ? Cancelled expired booking ID=14, Customer=1, Released 2 seats
[2025-11-12 17:03:54] ? Cancelled expired booking ID=15, Customer=1, Released 0 seats
[2025-11-12 17:03:54] ? Cancelled expired booking ID=16, Customer=1, Released 0 seats
[2025-11-12 17:03:54] ? Cancelled expired booking ID=17, Customer=1, Released 0 seats
[2025-11-12 17:03:54] ? Cancelled expired booking ID=18, Customer=1, Released 0 seats
[2025-11-12 17:03:54] ? Cancelled expired booking ID=19, Customer=1, Released 1 seats
[2025-11-12 17:03:54] ? Cancelled expired booking ID=20, Customer=1, Released 0 seats
[2025-11-12 17:03:54] ? Cancelled expired booking ID=21, Customer=1, Released 0 seats
[2025-11-12 17:03:54] ? Cancelled expired booking ID=22, Customer=1, Released 0 seats
[2025-11-12 17:03:54] ? Cancelled expired booking ID=23, Customer=1, Released 0 seats
[2025-11-12 17:03:54] ? Cancelled expired booking ID=24, Customer=1, Released 0 seats
[2025-11-12 17:03:54] ? Cancelled expired booking ID=25, Customer=1, Released 0 seats
[2025-11-12 17:03:54] ? Cancelled expired booking ID=26, Customer=1, Released 2 seats
[2025-11-12 17:03:54] ? Cancelled expired booking ID=27, Customer=1, Released 0 seats
[2025-11-12 17:03:54] ? Cancelled expired booking ID=28, Customer=1, Released 0 seats
[2025-11-12 17:03:54] ? Cancelled expired booking ID=29, Customer=1, Released 0 seats
[2025-11-12 17:03:54] ? Cancelled expired booking ID=30, Customer=1, Released 0 seats
[2025-11-12 17:03:54] ? Cancelled expired booking ID=31, Customer=1, Released 1 seats
[2025-11-12 17:03:54] ? Cancelled expired booking ID=32, Customer=1, Released 2 seats
[2025-11-12 17:03:54] ? Cancelled expired booking ID=33, Customer=1, Released 2 seats
[2025-11-12 17:03:54] ? Cancelled expired booking ID=34, Customer=1, Released 2 seats
[2025-11-12 17:03:54] ? Cancelled expired booking ID=35, Customer=1, Released 0 seats
[2025-11-12 17:03:54] ? Cancelled expired booking ID=36, Customer=1, Released 2 seats
[2025-11-12 17:03:54] ? Cancelled expired booking ID=37, Customer=1, Released 1 seats
[2025-11-12 17:03:54] ? Cancelled expired booking ID=38, Customer=1, Released 0 seats
[2025-11-12 17:03:54] ? Cancelled expired booking ID=39, Customer=1, Released 2 seats
[2025-11-12 17:03:54] ? Cancelled expired booking ID=40, Customer=1, Released 2 seats
[2025-11-12 17:03:54] ? Cancelled expired booking ID=41, Customer=1, Released 1 seats
[2025-11-12 17:03:54] ? Cancelled expired booking ID=42, Customer=1, Released 2 seats
[2025-11-12 17:04:54] ? Found 37 expired bookings to cancel
[2025-11-12 17:04:54] ? Cancelled expired booking ID=6, Customer=1, Released 0 seats
[2025-11-12 17:04:54] ? Cancelled expired booking ID=7, Customer=1, Released 0 seats
[2025-11-12 17:04:54] ? Cancelled expired booking ID=8, Customer=1, Released 0 seats
[2025-11-12 17:04:54] ? Cancelled expired booking ID=9, Customer=1, Released 0 seats
[2025-11-12 17:04:54] ? Cancelled expired booking ID=10, Customer=1, Released 1 seats
[2025-11-12 17:04:54] ? Cancelled expired booking ID=11, Customer=1, Released 0 seats
[2025-11-12 17:04:54] ? Cancelled expired booking ID=12, Customer=1, Released 2 seats
[2025-11-12 17:04:54] ? Cancelled expired booking ID=13, Customer=1, Released 1 seats
[2025-11-12 17:04:54] ? Cancelled expired booking ID=14, Customer=1, Released 2 seats
[2025-11-12 17:04:54] ? Cancelled expired booking ID=15, Customer=1, Released 0 seats
[2025-11-12 17:04:54] ? Cancelled expired booking ID=16, Customer=1, Released 0 seats
[2025-11-12 17:04:54] ? Cancelled expired booking ID=17, Customer=1, Released 0 seats
[2025-11-12 17:04:54] ? Cancelled expired booking ID=18, Customer=1, Released 0 seats
[2025-11-12 17:04:54] ? Cancelled expired booking ID=19, Customer=1, Released 1 seats
[2025-11-12 17:04:54] ? Cancelled expired booking ID=20, Customer=1, Released 0 seats
[2025-11-12 17:04:54] ? Cancelled expired booking ID=21, Customer=1, Released 0 seats
[2025-11-12 17:04:54] ? Cancelled expired booking ID=22, Customer=1, Released 0 seats
[2025-11-12 17:04:54] ? Cancelled expired booking ID=23, Customer=1, Released 0 seats
[2025-11-12 17:04:54] ? Cancelled expired booking ID=24, Customer=1, Released 0 seats
[2025-11-12 17:04:54] ? Cancelled expired booking ID=25, Customer=1, Released 0 seats
[2025-11-12 17:04:54] ? Cancelled expired booking ID=26, Customer=1, Released 2 seats
[2025-11-12 17:04:54] ? Cancelled expired booking ID=27, Customer=1, Released 0 seats
[2025-11-12 17:04:54] ? Cancelled expired booking ID=28, Customer=1, Released 0 seats
[2025-11-12 17:04:54] ? Cancelled expired booking ID=29, Customer=1, Released 0 seats
[2025-11-12 17:04:54] ? Cancelled expired booking ID=30, Customer=1, Released 0 seats
[2025-11-12 17:04:54] ? Cancelled expired booking ID=31, Customer=1, Released 1 seats
[2025-11-12 17:04:54] ? Cancelled expired booking ID=32, Customer=1, Released 2 seats
[2025-11-12 17:04:54] ? Cancelled expired booking ID=33, Customer=1, Released 2 seats
[2025-11-12 17:04:54] ? Cancelled expired booking ID=34, Customer=1, Released 2 seats
[2025-11-12 17:04:54] ? Cancelled expired booking ID=35, Customer=1, Released 0 seats
[2025-11-12 17:04:54] ? Cancelled expired booking ID=36, Customer=1, Released 2 seats
[2025-11-12 17:04:54] ? Cancelled expired booking ID=37, Customer=1, Released 1 seats
[2025-11-12 17:04:54] ? Cancelled expired booking ID=38, Customer=1, Released 0 seats
[2025-11-12 17:04:54] ? Cancelled expired booking ID=39, Customer=1, Released 2 seats
[2025-11-12 17:04:54] ? Cancelled expired booking ID=40, Customer=1, Released 2 seats
[2025-11-12 17:04:54] ? Cancelled expired booking ID=41, Customer=1, Released 1 seats
[2025-11-12 17:04:54] ? Cancelled expired booking ID=42, Customer=1, Released 2 seats
[2025-11-12 17:05:54] ? Found 37 expired bookings to cancel
[2025-11-12 17:05:54] ? Cancelled expired booking ID=6, Customer=1, Released 0 seats
[2025-11-12 17:05:54] ? Cancelled expired booking ID=7, Customer=1, Released 0 seats
[2025-11-12 17:05:54] ? Cancelled expired booking ID=8, Customer=1, Released 0 seats
[2025-11-12 17:05:54] ? Cancelled expired booking ID=9, Customer=1, Released 0 seats
[2025-11-12 17:05:54] ? Cancelled expired booking ID=10, Customer=1, Released 1 seats
[2025-11-12 17:05:54] ? Cancelled expired booking ID=11, Customer=1, Released 0 seats
[2025-11-12 17:05:54] ? Cancelled expired booking ID=12, Customer=1, Released 2 seats
[2025-11-12 17:05:54] ? Cancelled expired booking ID=13, Customer=1, Released 1 seats
[2025-11-12 17:05:54] ? Cancelled expired booking ID=14, Customer=1, Released 2 seats
[2025-11-12 17:05:54] ? Cancelled expired booking ID=15, Customer=1, Released 0 seats
[2025-11-12 17:05:54] ? Cancelled expired booking ID=16, Customer=1, Released 0 seats
[2025-11-12 17:05:54] ? Cancelled expired booking ID=17, Customer=1, Released 0 seats
[2025-11-12 17:05:54] ? Cancelled expired booking ID=18, Customer=1, Released 0 seats
[2025-11-12 17:05:54] ? Cancelled expired booking ID=19, Customer=1, Released 1 seats
[2025-11-12 17:05:54] ? Cancelled expired booking ID=20, Customer=1, Released 0 seats
[2025-11-12 17:05:54] ? Cancelled expired booking ID=21, Customer=1, Released 0 seats
[2025-11-12 17:05:54] ? Cancelled expired booking ID=22, Customer=1, Released 0 seats
[2025-11-12 17:05:54] ? Cancelled expired booking ID=23, Customer=1, Released 0 seats
[2025-11-12 17:05:54] ? Cancelled expired booking ID=24, Customer=1, Released 0 seats
[2025-11-12 17:05:54] ? Cancelled expired booking ID=25, Customer=1, Released 0 seats
[2025-11-12 17:05:54] ? Cancelled expired booking ID=26, Customer=1, Released 2 seats
[2025-11-12 17:05:54] ? Cancelled expired booking ID=27, Customer=1, Released 0 seats
[2025-11-12 17:05:54] ? Cancelled expired booking ID=28, Customer=1, Released 0 seats
[2025-11-12 17:05:54] ? Cancelled expired booking ID=29, Customer=1, Released 0 seats
[2025-11-12 17:05:54] ? Cancelled expired booking ID=30, Customer=1, Released 0 seats
[2025-11-12 17:05:54] ? Cancelled expired booking ID=31, Customer=1, Released 1 seats
[2025-11-12 17:05:54] ? Cancelled expired booking ID=32, Customer=1, Released 2 seats
[2025-11-12 17:05:54] ? Cancelled expired booking ID=33, Customer=1, Released 2 seats
[2025-11-12 17:05:54] ? Cancelled expired booking ID=34, Customer=1, Released 2 seats
[2025-11-12 17:05:54] ? Cancelled expired booking ID=35, Customer=1, Released 0 seats
[2025-11-12 17:05:54] ? Cancelled expired booking ID=36, Customer=1, Released 2 seats
[2025-11-12 17:05:54] ? Cancelled expired booking ID=37, Customer=1, Released 1 seats
[2025-11-12 17:05:54] ? Cancelled expired booking ID=38, Customer=1, Released 0 seats
[2025-11-12 17:05:54] ? Cancelled expired booking ID=39, Customer=1, Released 2 seats
[2025-11-12 17:05:54] ? Cancelled expired booking ID=40, Customer=1, Released 2 seats
[2025-11-12 17:05:54] ? Cancelled expired booking ID=41, Customer=1, Released 1 seats
[2025-11-12 17:05:54] ? Cancelled expired booking ID=42, Customer=1, Released 2 seats
[2025-11-12 17:06:54] ? Found 37 expired bookings to cancel
[2025-11-12 17:06:54] ? Cancelled expired booking ID=6, Customer=1, Released 0 seats
[2025-11-12 17:06:54] ? Cancelled expired booking ID=7, Customer=1, Released 0 seats
[2025-11-12 17:06:54] ? Cancelled expired booking ID=8, Customer=1, Released 0 seats
[2025-11-12 17:06:54] ? Cancelled expired booking ID=9, Customer=1, Released 0 seats
[2025-11-12 17:06:54] ? Cancelled expired booking ID=10, Customer=1, Released 1 seats
[2025-11-12 17:06:54] ? Cancelled expired booking ID=11, Customer=1, Released 0 seats
[2025-11-12 17:06:54] ? Cancelled expired booking ID=12, Customer=1, Released 2 seats
[2025-11-12 17:06:54] ? Cancelled expired booking ID=13, Customer=1, Released 1 seats
[2025-11-12 17:06:54] ? Cancelled expired booking ID=14, Customer=1, Released 2 seats
[2025-11-12 17:06:54] ? Cancelled expired booking ID=15, Customer=1, Released 0 seats
[2025-11-12 17:06:54] ? Cancelled expired booking ID=16, Customer=1, Released 0 seats
[2025-11-12 17:06:54] ? Cancelled expired booking ID=17, Customer=1, Released 0 seats
[2025-11-12 17:06:54] ? Cancelled expired booking ID=18, Customer=1, Released 0 seats
[2025-11-12 17:06:54] ? Cancelled expired booking ID=19, Customer=1, Released 1 seats
[2025-11-12 17:06:54] ? Cancelled expired booking ID=20, Customer=1, Released 0 seats
[2025-11-12 17:06:54] ? Cancelled expired booking ID=21, Customer=1, Released 0 seats
[2025-11-12 17:06:54] ? Cancelled expired booking ID=22, Customer=1, Released 0 seats
[2025-11-12 17:06:54] ? Cancelled expired booking ID=23, Customer=1, Released 0 seats
[2025-11-12 17:06:54] ? Cancelled expired booking ID=24, Customer=1, Released 0 seats
[2025-11-12 17:06:54] ? Cancelled expired booking ID=25, Customer=1, Released 0 seats
[2025-11-12 17:06:54] ? Cancelled expired booking ID=26, Customer=1, Released 2 seats
[2025-11-12 17:06:54] ? Cancelled expired booking ID=27, Customer=1, Released 0 seats
[2025-11-12 17:06:54] ? Cancelled expired booking ID=28, Customer=1, Released 0 seats
[2025-11-12 17:06:54] ? Cancelled expired booking ID=29, Customer=1, Released 0 seats
[2025-11-12 17:06:54] ? Cancelled expired booking ID=30, Customer=1, Released 0 seats
[2025-11-12 17:06:54] ? Cancelled expired booking ID=31, Customer=1, Released 1 seats
[2025-11-12 17:06:54] ? Cancelled expired booking ID=32, Customer=1, Released 2 seats
[2025-11-12 17:06:54] ? Cancelled expired booking ID=33, Customer=1, Released 2 seats
[2025-11-12 17:06:54] ? Cancelled expired booking ID=34, Customer=1, Released 2 seats
[2025-11-12 17:06:54] ? Cancelled expired booking ID=35, Customer=1, Released 0 seats
[2025-11-12 17:06:54] ? Cancelled expired booking ID=36, Customer=1, Released 2 seats
[2025-11-12 17:06:54] ? Cancelled expired booking ID=37, Customer=1, Released 1 seats
[2025-11-12 17:06:54] ? Cancelled expired booking ID=38, Customer=1, Released 0 seats
[2025-11-12 17:06:54] ? Cancelled expired booking ID=39, Customer=1, Released 2 seats
[2025-11-12 17:06:54] ? Cancelled expired booking ID=40, Customer=1, Released 2 seats
[2025-11-12 17:06:54] ? Cancelled expired booking ID=41, Customer=1, Released 1 seats
[2025-11-12 17:06:54] ? Cancelled expired booking ID=42, Customer=1, Released 2 seats
[2025-11-12 17:15:20] ? BookingExpirationService started
[2025-11-12 17:16:21] ? Found 37 expired bookings to cancel
[2025-11-12 17:16:21] ? Cancelled expired booking ID=6, Customer=1, Released 0 seats
[2025-11-12 17:16:21] ? Cancelled expired booking ID=7, Customer=1, Released 0 seats
[2025-11-12 17:16:21] ? Cancelled expired booking ID=8, Customer=1, Released 0 seats
[2025-11-12 17:16:21] ? Cancelled expired booking ID=9, Customer=1, Released 0 seats
[2025-11-12 17:16:21] ? Cancelled expired booking ID=10, Customer=1, Released 1 seats
[2025-11-12 17:16:21] ? Cancelled expired booking ID=11, Customer=1, Released 0 seats
[2025-11-12 17:16:21] ? Cancelled expired booking ID=12, Customer=1, Released 2 seats
[2025-11-12 17:16:21] ? Cancelled expired booking ID=13, Customer=1, Released 1 seats
[2025-11-12 17:16:21] ? Cancelled expired booking ID=14, Customer=1, Released 2 seats
[2025-11-12 17:16:21] ? Cancelled expired booking ID=15, Customer=1, Released 0 seats
[2025-11-12 17:16:21] ? Cancelled expired booking ID=16, Customer=1, Released 0 seats
[2025-11-12 17:16:21] ? Cancelled expired booking ID=17, Customer=1, Released 0 seats
[2025-11-12 17:16:21] ? Cancelled expired booking ID=18, Customer=1, Released 0 seats
[2025-11-12 17:16:21] ? Cancelled expired booking ID=19, Customer=1, Released 1 seats
[2025-11-12 17:16:21] ? Cancelled expired booking ID=20, Customer=1, Released 0 seats
[2025-11-12 17:16:21] ? Cancelled expired booking ID=21, Customer=1, Released 0 seats
[2025-11-12 17:16:21] ? Cancelled expired booking ID=22, Customer=1, Released 0 seats
[2025-11-12 17:16:21] ? Cancelled expired booking ID=23, Customer=1, Released 0 seats
[2025-11-12 17:16:21] ? Cancelled expired booking ID=24, Customer=1, Released 0 seats
[2025-11-12 17:16:21] ? Cancelled expired booking ID=25, Customer=1, Released 0 seats
[2025-11-12 17:16:21] ? Cancelled expired booking ID=26, Customer=1, Released 2 seats
[2025-11-12 17:16:21] ? Cancelled expired booking ID=27, Customer=1, Released 0 seats
[2025-11-12 17:16:21] ? Cancelled expired booking ID=28, Customer=1, Released 0 seats
[2025-11-12 17:16:21] ? Cancelled expired booking ID=29, Customer=1, Released 0 seats
[2025-11-12 17:16:21] ? Cancelled expired booking ID=30, Customer=1, Released 0 seats
[2025-11-12 17:16:21] ? Cancelled expired booking ID=31, Customer=1, Released 1 seats
[2025-11-12 17:16:21] ? Cancelled expired booking ID=32, Customer=1, Released 2 seats
[2025-11-12 17:16:21] ? Cancelled expired booking ID=33, Customer=1, Released 2 seats
[2025-11-12 17:16:21] ? Cancelled expired booking ID=34, Customer=1, Released 2 seats
[2025-11-12 17:16:21] ? Cancelled expired booking ID=35, Customer=1, Released 0 seats
[2025-11-12 17:16:21] ? Cancelled expired booking ID=36, Customer=1, Released 2 seats
[2025-11-12 17:16:21] ? Cancelled expired booking ID=37, Customer=1, Released 1 seats
[2025-11-12 17:16:21] ? Cancelled expired booking ID=38, Customer=1, Released 0 seats
[2025-11-12 17:16:21] ? Cancelled expired booking ID=39, Customer=1, Released 2 seats
[2025-11-12 17:16:21] ? Cancelled expired booking ID=40, Customer=1, Released 2 seats
[2025-11-12 17:16:21] ? Cancelled expired booking ID=41, Customer=1, Released 1 seats
[2025-11-12 17:16:21] ? Cancelled expired booking ID=42, Customer=1, Released 2 seats
[2025-11-12 17:17:20] ? Found 37 expired bookings to cancel
[2025-11-12 17:17:20] ? Cancelled expired booking ID=6, Customer=1, Released 0 seats
[2025-11-12 17:17:20] ? Cancelled expired booking ID=7, Customer=1, Released 0 seats
[2025-11-12 17:17:20] ? Cancelled expired booking ID=8, Customer=1, Released 0 seats
[2025-11-12 17:17:20] ? Cancelled expired booking ID=9, Customer=1, Released 0 seats
[2025-11-12 17:17:20] ? Cancelled expired booking ID=10, Customer=1, Released 1 seats
[2025-11-12 17:17:20] ? Cancelled expired booking ID=11, Customer=1, Released 0 seats
[2025-11-12 17:17:20] ? Cancelled expired booking ID=12, Customer=1, Released 2 seats
[2025-11-12 17:17:21] ? Cancelled expired booking ID=13, Customer=1, Released 1 seats
[2025-11-12 17:17:21] ? Cancelled expired booking ID=14, Customer=1, Released 2 seats
[2025-11-12 17:17:21] ? Cancelled expired booking ID=15, Customer=1, Released 0 seats
[2025-11-12 17:17:21] ? Cancelled expired booking ID=16, Customer=1, Released 0 seats
[2025-11-12 17:17:21] ? Cancelled expired booking ID=17, Customer=1, Released 0 seats
[2025-11-12 17:17:21] ? Cancelled expired booking ID=18, Customer=1, Released 0 seats
[2025-11-12 17:17:21] ? Cancelled expired booking ID=19, Customer=1, Released 1 seats
[2025-11-12 17:17:21] ? Cancelled expired booking ID=20, Customer=1, Released 0 seats
[2025-11-12 17:17:21] ? Cancelled expired booking ID=21, Customer=1, Released 0 seats
[2025-11-12 17:17:21] ? Cancelled expired booking ID=22, Customer=1, Released 0 seats
[2025-11-12 17:17:21] ? Cancelled expired booking ID=23, Customer=1, Released 0 seats
[2025-11-12 17:17:21] ? Cancelled expired booking ID=24, Customer=1, Released 0 seats
[2025-11-12 17:17:21] ? Cancelled expired booking ID=25, Customer=1, Released 0 seats
[2025-11-12 17:17:21] ? Cancelled expired booking ID=26, Customer=1, Released 2 seats
[2025-11-12 17:17:21] ? Cancelled expired booking ID=27, Customer=1, Released 0 seats
[2025-11-12 17:17:21] ? Cancelled expired booking ID=28, Customer=1, Released 0 seats
[2025-11-12 17:17:21] ? Cancelled expired booking ID=29, Customer=1, Released 0 seats
[2025-11-12 17:17:21] ? Cancelled expired booking ID=30, Customer=1, Released 0 seats
[2025-11-12 17:17:21] ? Cancelled expired booking ID=31, Customer=1, Released 1 seats
[2025-11-12 17:17:21] ? Cancelled expired booking ID=32, Customer=1, Released 2 seats
[2025-11-12 17:17:21] ? Cancelled expired booking ID=33, Customer=1, Released 2 seats
[2025-11-12 17:17:21] ? Cancelled expired booking ID=34, Customer=1, Released 2 seats
[2025-11-12 17:17:21] ? Cancelled expired booking ID=35, Customer=1, Released 0 seats
[2025-11-12 17:17:21] ? Cancelled expired booking ID=36, Customer=1, Released 2 seats
[2025-11-12 17:17:21] ? Cancelled expired booking ID=37, Customer=1, Released 1 seats
[2025-11-12 17:17:21] ? Cancelled expired booking ID=38, Customer=1, Released 0 seats
[2025-11-12 17:17:21] ? Cancelled expired booking ID=39, Customer=1, Released 2 seats
[2025-11-12 17:17:21] ? Cancelled expired booking ID=40, Customer=1, Released 2 seats
[2025-11-12 17:17:21] ? Cancelled expired booking ID=41, Customer=1, Released 1 seats
[2025-11-12 17:17:21] ? Cancelled expired booking ID=42, Customer=1, Released 2 seats
[2025-11-12 17:17:53] ✅ Staff tạo phiếu nhập (lưu DB): Supplier=Công ty CP Đồ uống Miền Nam, PhieuId=4
[2025-11-12 17:18:20] ? Found 37 expired bookings to cancel
[2025-11-12 17:18:20] ? Cancelled expired booking ID=6, Customer=1, Released 0 seats
[2025-11-12 17:18:20] ? Cancelled expired booking ID=7, Customer=1, Released 0 seats
[2025-11-12 17:18:20] ? Cancelled expired booking ID=8, Customer=1, Released 0 seats
[2025-11-12 17:18:20] ? Cancelled expired booking ID=9, Customer=1, Released 0 seats
[2025-11-12 17:18:20] ? Cancelled expired booking ID=10, Customer=1, Released 1 seats
[2025-11-12 17:18:20] ? Cancelled expired booking ID=11, Customer=1, Released 0 seats
[2025-11-12 17:18:20] ? Cancelled expired booking ID=12, Customer=1, Released 2 seats
[2025-11-12 17:18:20] ? Cancelled expired booking ID=13, Customer=1, Released 1 seats
[2025-11-12 17:18:20] ? Cancelled expired booking ID=14, Customer=1, Released 2 seats
[2025-11-12 17:18:20] ? Cancelled expired booking ID=15, Customer=1, Released 0 seats
[2025-11-12 17:18:20] ? Cancelled expired booking ID=16, Customer=1, Released 0 seats
[2025-11-12 17:18:20] ? Cancelled expired booking ID=17, Customer=1, Released 0 seats
[2025-11-12 17:18:20] ? Cancelled expired booking ID=18, Customer=1, Released 0 seats
[2025-11-12 17:18:20] ? Cancelled expired booking ID=19, Customer=1, Released 1 seats
[2025-11-12 17:18:20] ? Cancelled expired booking ID=20, Customer=1, Released 0 seats
[2025-11-12 17:18:20] ? Cancelled expired booking ID=21, Customer=1, Released 0 seats
[2025-11-12 17:18:20] ? Cancelled expired booking ID=22, Customer=1, Released 0 seats
[2025-11-12 17:18:21] ? Cancelled expired booking ID=23, Customer=1, Released 0 seats
[2025-11-12 17:18:21] ? Cancelled expired booking ID=24, Customer=1, Released 0 seats
[2025-11-12 17:18:21] ? Cancelled expired booking ID=25, Customer=1, Released 0 seats
[2025-11-12 17:18:21] ? Cancelled expired booking ID=26, Customer=1, Released 2 seats
[2025-11-12 17:18:21] ? Cancelled expired booking ID=27, Customer=1, Released 0 seats
[2025-11-12 17:18:21] ? Cancelled expired booking ID=28, Customer=1, Released 0 seats
[2025-11-12 17:18:21] ? Cancelled expired booking ID=29, Customer=1, Released 0 seats
[2025-11-12 17:18:21] ? Cancelled expired booking ID=30, Customer=1, Released 0 seats
[2025-11-12 17:18:21] ? Cancelled expired booking ID=31, Customer=1, Released 1 seats
[2025-11-12 17:18:21] ? Cancelled expired booking ID=32, Customer=1, Released 2 seats
[2025-11-12 17:18:21] ? Cancelled expired booking ID=33, Customer=1, Released 2 seats
[2025-11-12 17:18:21] ? Cancelled expired booking ID=34, Customer=1, Released 2 seats
[2025-11-12 17:18:21] ? Cancelled expired booking ID=35, Customer=1, Released 0 seats
[2025-11-12 17:18:21] ? Cancelled expired booking ID=36, Customer=1, Released 2 seats
[2025-11-12 17:18:21] ? Cancelled expired booking ID=37, Customer=1, Released 1 seats
[2025-11-12 17:18:21] ? Cancelled expired booking ID=38, Customer=1, Released 0 seats
[2025-11-12 17:18:21] ? Cancelled expired booking ID=39, Customer=1, Released 2 seats
[2025-11-12 17:18:21] ? Cancelled expired booking ID=40, Customer=1, Released 2 seats
[2025-11-12 17:18:21] ? Cancelled expired booking ID=41, Customer=1, Released 1 seats
[2025-11-12 17:18:21] ? Cancelled expired booking ID=42, Customer=1, Released 2 seats
[2025-11-12 17:19:20] ? Found 37 expired bookings to cancel
[2025-11-12 17:19:20] ? Cancelled expired booking ID=6, Customer=1, Released 0 seats
[2025-11-12 17:19:20] ? Cancelled expired booking ID=7, Customer=1, Released 0 seats
[2025-11-12 17:19:20] ? Cancelled expired booking ID=8, Customer=1, Released 0 seats
[2025-11-12 17:19:20] ? Cancelled expired booking ID=9, Customer=1, Released 0 seats
[2025-11-12 17:19:20] ? Cancelled expired booking ID=10, Customer=1, Released 1 seats
[2025-11-12 17:19:20] ? Cancelled expired booking ID=11, Customer=1, Released 0 seats
[2025-11-12 17:19:20] ? Cancelled expired booking ID=12, Customer=1, Released 2 seats
[2025-11-12 17:19:20] ? Cancelled expired booking ID=13, Customer=1, Released 1 seats
[2025-11-12 17:19:20] ? Cancelled expired booking ID=14, Customer=1, Released 2 seats
[2025-11-12 17:19:20] ? Cancelled expired booking ID=15, Customer=1, Released 0 seats
[2025-11-12 17:19:20] ? Cancelled expired booking ID=16, Customer=1, Released 0 seats
[2025-11-12 17:19:20] ? Cancelled expired booking ID=17, Customer=1, Released 0 seats
[2025-11-12 17:19:20] ? Cancelled expired booking ID=18, Customer=1, Released 0 seats
[2025-11-12 17:19:20] ? Cancelled expired booking ID=19, Customer=1, Released 1 seats
[2025-11-12 17:19:20] ? Cancelled expired booking ID=20, Customer=1, Released 0 seats
[2025-11-12 17:19:21] ? Cancelled expired booking ID=21, Customer=1, Released 0 seats
[2025-11-12 17:19:21] ? Cancelled expired booking ID=22, Customer=1, Released 0 seats
[2025-11-12 17:19:21] ? Cancelled expired booking ID=23, Customer=1, Released 0 seats
[2025-11-12 17:19:21] ? Cancelled expired booking ID=24, Customer=1, Released 0 seats
[2025-11-12 17:19:21] ? Cancelled expired booking ID=25, Customer=1, Released 0 seats
[2025-11-12 17:19:21] ? Cancelled expired booking ID=26, Customer=1, Released 2 seats
[2025-11-12 17:19:21] ? Cancelled expired booking ID=27, Customer=1, Released 0 seats
[2025-11-12 17:19:21] ? Cancelled expired booking ID=28, Customer=1, Released 0 seats
[2025-11-12 17:19:21] ? Cancelled expired booking ID=29, Customer=1, Released 0 seats
[2025-11-12 17:19:21] ? Cancelled expired booking ID=30, Customer=1, Released 0 seats
[2025-11-12 17:19:21] ? Cancelled expired booking ID=31, Customer=1, Released 1 seats
[2025-11-12 17:19:21] ? Cancelled expired booking ID=32, Customer=1, Released 2 seats
[2025-11-12 17:19:21] ? Cancelled expired booking ID=33, Customer=1, Released 2 seats
[2025-11-12 17:19:21] ? Cancelled expired booking ID=34, Customer=1, Released 2 seats
[2025-11-12 17:19:21] ? Cancelled expired booking ID=35, Customer=1, Released 0 seats
[2025-11-12 17:19:21] ? Cancelled expired booking ID=36, Customer=1, Released 2 seats
[2025-11-12 17:19:21] ? Cancelled expired booking ID=37, Customer=1, Released 1 seats
[2025-11-12 17:19:21] ? Cancelled expired booking ID=38, Customer=1, Released 0 seats
[2025-11-12 17:19:21] ? Cancelled expired booking ID=39, Customer=1, Released 2 seats
[2025-11-12 17:19:21] ? Cancelled expired booking ID=40, Customer=1, Released 2 seats
[2025-11-12 17:19:21] ? Cancelled expired booking ID=41, Customer=1, Released 1 seats
[2025-11-12 17:19:21] ? Cancelled expired booking ID=42, Customer=1, Released 2 seats
[2025-11-12 17:26:26] ? BookingExpirationService started
[2025-11-12 17:27:26] ? Found 37 expired bookings to cancel
[2025-11-12 17:27:26] ? Cancelled expired booking ID=6, Customer=1, Released 0 seats
[2025-11-12 17:27:26] ? Cancelled expired booking ID=7, Customer=1, Released 0 seats
[2025-11-12 17:27:26] ? Cancelled expired booking ID=8, Customer=1, Released 0 seats
[2025-11-12 17:27:26] ? Cancelled expired booking ID=9, Customer=1, Released 0 seats
[2025-11-12 17:27:26] ? Cancelled expired booking ID=10, Customer=1, Released 1 seats
[2025-11-12 17:27:26] ? Cancelled expired booking ID=11, Customer=1, Released 0 seats
[2025-11-12 17:27:26] ? Cancelled expired booking ID=12, Customer=1, Released 2 seats
[2025-11-12 17:27:26] ? Cancelled expired booking ID=13, Customer=1, Released 1 seats
[2025-11-12 17:27:26] ? Cancelled expired booking ID=14, Customer=1, Released 2 seats
[2025-11-12 17:27:26] ? Cancelled expired booking ID=15, Customer=1, Released 0 seats
[2025-11-12 17:27:26] ? Cancelled expired booking ID=16, Customer=1, Released 0 seats
[2025-11-12 17:27:26] ? Cancelled expired booking ID=17, Customer=1, Released 0 seats
[2025-11-12 17:27:26] ? Cancelled expired booking ID=18, Customer=1, Released 0 seats
[2025-11-12 17:27:26] ? Cancelled expired booking ID=19, Customer=1, Released 1 seats
[2025-11-12 17:27:26] ? Cancelled expired booking ID=20, Customer=1, Released 0 seats
[2025-11-12 17:27:26] ? Cancelled expired booking ID=21, Customer=1, Released 0 seats
[2025-11-12 17:27:26] ? Cancelled expired booking ID=22, Customer=1, Released 0 seats
[2025-11-12 17:27:26] ? Cancelled expired booking ID=23, Customer=1, Released 0 seats
[2025-11-12 17:27:26] ? Cancelled expired booking ID=24, Customer=1, Released 0 seats
[2025-11-12 17:27:26] ? Cancelled expired booking ID=25, Customer=1, Released 0 seats
[2025-11-12 17:27:26] ? Cancelled expired booking ID=26, Customer=1, Released 2 seats
[2025-11-12 17:27:26] ? Cancelled expired booking ID=27, Customer=1, Released 0 seats
[2025-11-12 17:27:26] ? Cancelled expired booking ID=28, Customer=1, Released 0 seats
[2025-11-12 17:27:26] ? Cancelled expired booking ID=29, Customer=1, Released 0 seats
[2025-11-12 17:27:26] ? Cancelled expired booking ID=30, Customer=1, Released 0 seats
[2025-11-12 17:27:26] ? Cancelled expired booking ID=31, Customer=1, Released 1 seats
[2025-11-12 17:27:26] ? Cancelled expired booking ID=32, Customer=1, Released 2 seats
[2025-11-12 17:27:26] ? Cancelled expired booking ID=33, Customer=1, Released 2 seats
[2025-11-12 17:27:26] ? Cancelled expired booking ID=34, Customer=1, Released 2 seats
[2025-11-12 17:27:26] ? Cancelled expired booking ID=35, Customer=1, Released 0 seats
[2025-11-12 17:27:26] ? Cancelled expired booking ID=36, Customer=1, Released 2 seats
[2025-11-12 17:27:26] ? Cancelled expired booking ID=37, Customer=1, Released 1 seats
[2025-11-12 17:27:26] ? Cancelled expired booking ID=38, Customer=1, Released 0 seats
[2025-11-12 17:27:26] ? Cancelled expired booking ID=39, Customer=1, Released 2 seats
[2025-11-12 17:27:26] ? Cancelled expired booking ID=40, Customer=1, Released 2 seats
[2025-11-12 17:27:26] ? Cancelled expired booking ID=41, Customer=1, Released 1 seats
[2025-11-12 17:27:26] ? Cancelled expired booking ID=42, Customer=1, Released 2 seats
[2025-11-12 17:28:26] ? Found 37 expired bookings to cancel
[2025-11-12 17:28:26] ? Cancelled expired booking ID=6, Customer=1, Released 0 seats
[2025-11-12 17:28:26] ? Cancelled expired booking ID=7, Customer=1, Released 0 seats
[2025-11-12 17:28:26] ? Cancelled expired booking ID=8, Customer=1, Released 0 seats
[2025-11-12 17:28:26] ? Cancelled expired booking ID=9, Customer=1, Released 0 seats
[2025-11-12 17:28:26] ? Cancelled expired booking ID=10, Customer=1, Released 1 seats
[2025-11-12 17:28:26] ? Cancelled expired booking ID=11, Customer=1, Released 0 seats
[2025-11-12 17:28:26] ? Cancelled expired booking ID=12, Customer=1, Released 2 seats
[2025-11-12 17:28:26] ? Cancelled expired booking ID=13, Customer=1, Released 1 seats
[2025-11-12 17:28:26] ? Cancelled expired booking ID=14, Customer=1, Released 2 seats
[2025-11-12 17:28:26] ? Cancelled expired booking ID=15, Customer=1, Released 0 seats
[2025-11-12 17:28:26] ? Cancelled expired booking ID=16, Customer=1, Released 0 seats
[2025-11-12 17:28:26] ? Cancelled expired booking ID=17, Customer=1, Released 0 seats
[2025-11-12 17:28:26] ? Cancelled expired booking ID=18, Customer=1, Released 0 seats
[2025-11-12 17:28:26] ? Cancelled expired booking ID=19, Customer=1, Released 1 seats
[2025-11-12 17:28:26] ? Cancelled expired booking ID=20, Customer=1, Released 0 seats
[2025-11-12 17:28:26] ? Cancelled expired booking ID=21, Customer=1, Released 0 seats
[2025-11-12 17:28:26] ? Cancelled expired booking ID=22, Customer=1, Released 0 seats
[2025-11-12 17:28:26] ? Cancelled expired booking ID=23, Customer=1, Released 0 seats
[2025-11-12 17:28:26] ? Cancelled expired booking ID=24, Customer=1, Released 0 seats
[2025-11-12 17:28:26] ? Cancelled expired booking ID=25, Customer=1, Released 0 seats
[2025-11-12 17:28:26] ? Cancelled expired booking ID=26, Customer=1, Released 2 seats
[2025-11-12 17:28:26] ? Cancelled expired booking ID=27, Customer=1, Released 0 seats
[2025-11-12 17:28:26] ? Cancelled expired booking ID=28, Customer=1, Released 0 seats
[2025-11-12 17:28:26] ? Cancelled expired booking ID=29, Customer=1, Released 0 seats
[2025-11-12 17:28:26] ? Cancelled expired booking ID=30, Customer=1, Released 0 seats
[2025-11-12 17:28:26] ? Cancelled expired booking ID=31, Customer=1, Released 1 seats
[2025-11-12 17:28:26] ? Cancelled expired booking ID=32, Customer=1, Released 2 seats
[2025-11-12 17:28:26] ? Cancelled expired booking ID=33, Customer=1, Released 2 seats
[2025-11-12 17:28:26] ? Cancelled expired booking ID=34, Customer=1, Released 2 seats
[2025-11-12 17:28:26] ? Cancelled expired booking ID=35, Customer=1, Released 0 seats
[2025-11-12 17:28:26] ? Cancelled expired booking ID=36, Customer=1, Released 2 seats
[2025-11-12 17:28:26] ? Cancelled expired booking ID=37, Customer=1, Released 1 seats
[2025-11-12 17:28:26] ? Cancelled expired booking ID=38, Customer=1, Released 0 seats
[2025-11-12 17:28:26] ? Cancelled expired booking ID=39, Customer=1, Released 2 seats
[2025-11-12 17:28:26] ? Cancelled expired booking ID=40, Customer=1, Released 2 seats
[2025-11-12 17:28:26] ? Cancelled expired booking ID=41, Customer=1, Released 1 seats
[2025-11-12 17:28:26] ? Cancelled expired booking ID=42, Customer=1, Released 2 seats
[2025-11-12 17:29:26] ? Found 37 expired bookings to cancel
[2025-11-12 17:29:26] ? Cancelled expired booking ID=6, Customer=1, Released 0 seats
[2025-11-12 17:29:26] ? Cancelled expired booking ID=7, Customer=1, Released 0 seats
[2025-11-12 17:29:26] ? Cancelled expired booking ID=8, Customer=1, Released 0 seats
[2025-11-12 17:29:26] ? Cancelled expired booking ID=9, Customer=1, Released 0 seats
[2025-11-12 17:29:26] ? Cancelled expired booking ID=10, Customer=1, Released 1 seats
[2025-11-12 17:29:26] ? Cancelled expired booking ID=11, Customer=1, Released 0 seats
[2025-11-12 17:29:26] ? Cancelled expired booking ID=12, Customer=1, Released 2 seats
[2025-11-12 17:29:26] ? Cancelled expired booking ID=13, Customer=1, Released 1 seats
[2025-11-12 17:29:26] ? Cancelled expired booking ID=14, Customer=1, Released 2 seats
[2025-11-12 17:29:26] ? Cancelled expired booking ID=15, Customer=1, Released 0 seats
[2025-11-12 17:29:26] ? Cancelled expired booking ID=16, Customer=1, Released 0 seats
[2025-11-12 17:29:26] ? Cancelled expired booking ID=17, Customer=1, Released 0 seats
[2025-11-12 17:29:26] ? Cancelled expired booking ID=18, Customer=1, Released 0 seats
[2025-11-12 17:29:26] ? Cancelled expired booking ID=19, Customer=1, Released 1 seats
[2025-11-12 17:29:26] ? Cancelled expired booking ID=20, Customer=1, Released 0 seats
[2025-11-12 17:29:26] ? Cancelled expired booking ID=21, Customer=1, Released 0 seats
[2025-11-12 17:29:26] ? Cancelled expired booking ID=22, Customer=1, Released 0 seats
[2025-11-12 17:29:26] ? Cancelled expired booking ID=23, Customer=1, Released 0 seats
[2025-11-12 17:29:26] ? Cancelled expired booking ID=24, Customer=1, Released 0 seats
[2025-11-12 17:29:26] ? Cancelled expired booking ID=25, Customer=1, Released 0 seats
[2025-11-12 17:29:26] ? Cancelled expired booking ID=26, Customer=1, Released 2 seats
[2025-11-12 17:29:26] ? Cancelled expired booking ID=27, Customer=1, Released 0 seats
[2025-11-12 17:29:26] ? Cancelled expired booking ID=28, Customer=1, Released 0 seats
[2025-11-12 17:29:26] ? Cancelled expired booking ID=29, Customer=1, Released 0 seats
[2025-11-12 17:29:26] ? Cancelled expired booking ID=30, Customer=1, Released 0 seats
[2025-11-12 17:29:26] ? Cancelled expired booking ID=31, Customer=1, Released 1 seats
[2025-11-12 17:29:26] ? Cancelled expired booking ID=32, Customer=1, Released 2 seats
[2025-11-12 17:29:26] ? Cancelled expired booking ID=33, Customer=1, Released 2 seats
[2025-11-12 17:29:26] ? Cancelled expired booking ID=34, Customer=1, Released 2 seats
[2025-11-12 17:29:26] ? Cancelled expired booking ID=35, Customer=1, Released 0 seats
[2025-11-12 17:29:26] ? Cancelled expired booking ID=36, Customer=1, Released 2 seats
[2025-11-12 17:29:26] ? Cancelled expired booking ID=37, Customer=1, Released 1 seats
[2025-11-12 17:29:26] ? Cancelled expired booking ID=38, Customer=1, Released 0 seats
[2025-11-12 17:29:26] ? Cancelled expired booking ID=39, Customer=1, Released 2 seats
[2025-11-12 17:29:26] ? Cancelled expired booking ID=40, Customer=1, Released 2 seats
[2025-11-12 17:29:26] ? Cancelled expired booking ID=41, Customer=1, Released 1 seats
[2025-11-12 17:29:26] ? Cancelled expired booking ID=42, Customer=1, Released 2 seats
[2025-11-12 17:30:26] ? Found 37 expired bookings to cancel
[2025-11-12 17:30:26] ? Cancelled expired booking ID=6, Customer=1, Released 0 seats
[2025-11-12 17:30:26] ? Cancelled expired booking ID=7, Customer=1, Released 0 seats
[2025-11-12 17:30:26] ? Cancelled expired booking ID=8, Customer=1, Released 0 seats
[2025-11-12 17:30:26] ? Cancelled expired booking ID=9, Customer=1, Released 0 seats
[2025-11-12 17:30:26] ? Cancelled expired booking ID=10, Customer=1, Released 1 seats
[2025-11-12 17:30:26] ? Cancelled expired booking ID=11, Customer=1, Released 0 seats
[2025-11-12 17:30:26] ? Cancelled expired booking ID=12, Customer=1, Released 2 seats
[2025-11-12 17:30:26] ? Cancelled expired booking ID=13, Customer=1, Released 1 seats
[2025-11-12 17:30:26] ? Cancelled expired booking ID=14, Customer=1, Released 2 seats
[2025-11-12 17:30:26] ? Cancelled expired booking ID=15, Customer=1, Released 0 seats
[2025-11-12 17:30:26] ? Cancelled expired booking ID=16, Customer=1, Released 0 seats
[2025-11-12 17:30:26] ? Cancelled expired booking ID=17, Customer=1, Released 0 seats
[2025-11-12 17:30:26] ? Cancelled expired booking ID=18, Customer=1, Released 0 seats
[2025-11-12 17:30:26] ? Cancelled expired booking ID=19, Customer=1, Released 1 seats
[2025-11-12 17:30:26] ? Cancelled expired booking ID=20, Customer=1, Released 0 seats
[2025-11-12 17:30:26] ? Cancelled expired booking ID=21, Customer=1, Released 0 seats
[2025-11-12 17:30:26] ? Cancelled expired booking ID=22, Customer=1, Released 0 seats
[2025-11-12 17:30:26] ? Cancelled expired booking ID=23, Customer=1, Released 0 seats
[2025-11-12 17:30:26] ? Cancelled expired booking ID=24, Customer=1, Released 0 seats
[2025-11-12 17:30:26] ? Cancelled expired booking ID=25, Customer=1, Released 0 seats
[2025-11-12 17:30:26] ? Cancelled expired booking ID=26, Customer=1, Released 2 seats
[2025-11-12 17:30:26] ? Cancelled expired booking ID=27, Customer=1, Released 0 seats
[2025-11-12 17:30:26] ? Cancelled expired booking ID=28, Customer=1, Released 0 seats
[2025-11-12 17:30:26] ? Cancelled expired booking ID=29, Customer=1, Released 0 seats
[2025-11-12 17:30:26] ? Cancelled expired booking ID=30, Customer=1, Released 0 seats
[2025-11-12 17:30:26] ? Cancelled expired booking ID=31, Customer=1, Released 1 seats
[2025-11-12 17:30:26] ? Cancelled expired booking ID=32, Customer=1, Released 2 seats
[2025-11-12 17:30:26] ? Cancelled expired booking ID=33, Customer=1, Released 2 seats
[2025-11-12 17:30:26] ? Cancelled expired booking ID=34, Customer=1, Released 2 seats
[2025-11-12 17:30:26] ? Cancelled expired booking ID=35, Customer=1, Released 0 seats
[2025-11-12 17:30:26] ? Cancelled expired booking ID=36, Customer=1, Released 2 seats
[2025-11-12 17:30:26] ? Cancelled expired booking ID=37, Customer=1, Released 1 seats
[2025-11-12 17:30:26] ? Cancelled expired booking ID=38, Customer=1, Released 0 seats
[2025-11-12 17:30:26] ? Cancelled expired booking ID=39, Customer=1, Released 2 seats
[2025-11-12 17:30:26] ? Cancelled expired booking ID=40, Customer=1, Released 2 seats
[2025-11-12 17:30:26] ? Cancelled expired booking ID=41, Customer=1, Released 1 seats
[2025-11-12 17:30:26] ? Cancelled expired booking ID=42, Customer=1, Released 2 seats
[2025-11-12 17:31:26] ? Found 37 expired bookings to cancel
[2025-11-12 17:31:26] ? Cancelled expired booking ID=6, Customer=1, Released 0 seats
[2025-11-12 17:31:26] ? Cancelled expired booking ID=7, Customer=1, Released 0 seats
[2025-11-12 17:31:26] ? Cancelled expired booking ID=8, Customer=1, Released 0 seats
[2025-11-12 17:31:26] ? Cancelled expired booking ID=9, Customer=1, Released 0 seats
[2025-11-12 17:31:26] ? Cancelled expired booking ID=10, Customer=1, Released 1 seats
[2025-11-12 17:31:26] ? Cancelled expired booking ID=11, Customer=1, Released 0 seats
[2025-11-12 17:31:26] ? Cancelled expired booking ID=12, Customer=1, Released 2 seats
[2025-11-12 17:31:26] ? Cancelled expired booking ID=13, Customer=1, Released 1 seats
[2025-11-12 17:31:26] ? Cancelled expired booking ID=14, Customer=1, Released 2 seats
[2025-11-12 17:31:26] ? Cancelled expired booking ID=15, Customer=1, Released 0 seats
[2025-11-12 17:31:26] ? Cancelled expired booking ID=16, Customer=1, Released 0 seats
[2025-11-12 17:31:26] ? Cancelled expired booking ID=17, Customer=1, Released 0 seats
[2025-11-12 17:31:26] ? Cancelled expired booking ID=18, Customer=1, Released 0 seats
[2025-11-12 17:31:26] ? Cancelled expired booking ID=19, Customer=1, Released 1 seats
[2025-11-12 17:31:26] ? Cancelled expired booking ID=20, Customer=1, Released 0 seats
[2025-11-12 17:31:26] ? Cancelled expired booking ID=21, Customer=1, Released 0 seats
[2025-11-12 17:31:26] ? Cancelled expired booking ID=22, Customer=1, Released 0 seats
[2025-11-12 17:31:26] ? Cancelled expired booking ID=23, Customer=1, Released 0 seats
[2025-11-12 17:31:26] ? Cancelled expired booking ID=24, Customer=1, Released 0 seats
[2025-11-12 17:31:26] ? Cancelled expired booking ID=25, Customer=1, Released 0 seats
[2025-11-12 17:31:26] ? Cancelled expired booking ID=26, Customer=1, Released 2 seats
[2025-11-12 17:31:26] ? Cancelled expired booking ID=27, Customer=1, Released 0 seats
[2025-11-12 17:31:26] ? Cancelled expired booking ID=28, Customer=1, Released 0 seats
[2025-11-12 17:31:26] ? Cancelled expired booking ID=29, Customer=1, Released 0 seats
[2025-11-12 17:31:26] ? Cancelled expired booking ID=30, Customer=1, Released 0 seats
[2025-11-12 17:31:26] ? Cancelled expired booking ID=31, Customer=1, Released 1 seats
[2025-11-12 17:31:26] ? Cancelled expired booking ID=32, Customer=1, Released 2 seats
[2025-11-12 17:31:26] ? Cancelled expired booking ID=33, Customer=1, Released 2 seats
[2025-11-12 17:31:26] ? Cancelled expired booking ID=34, Customer=1, Released 2 seats
[2025-11-12 17:31:26] ? Cancelled expired booking ID=35, Customer=1, Released 0 seats
[2025-11-12 17:31:26] ? Cancelled expired booking ID=36, Customer=1, Released 2 seats
[2025-11-12 17:31:26] ? Cancelled expired booking ID=37, Customer=1, Released 1 seats
[2025-11-12 17:31:26] ? Cancelled expired booking ID=38, Customer=1, Released 0 seats
[2025-11-12 17:31:26] ? Cancelled expired booking ID=39, Customer=1, Released 2 seats
[2025-11-12 17:31:26] ? Cancelled expired booking ID=40, Customer=1, Released 2 seats
[2025-11-12 17:31:26] ? Cancelled expired booking ID=41, Customer=1, Released 1 seats
[2025-11-12 17:31:26] ? Cancelled expired booking ID=42, Customer=1, Released 2 seats
[2025-11-12 17:32:45] ? BookingExpirationService started
